{"players": [{"player_slot": 0, "team_number": 0, "team_slot": 0, "hero_id": 44, "hero_variant": 2, "item_0": 156, "item_1": 116, "item_2": 123, "item_3": 63, "item_4": 160, "item_5": 168, "backpack_0": 0, "backpack_1": 0, "backpack_2": 0, "item_neutral": 2097, "item_neutral2": 1594, "kills": 5, "deaths": 7, "assists": 13, "leaver_status": 0, "last_hits": 344, "denies": 10, "gold_per_min": 558, "xp_per_min": 826, "level": 26, "net_worth": 26540, "aghanims_scepter": 0, "aghanims_shard": 0, "moonshard": 0, "hero_damage": 28189, "tower_damage": 8662, "hero_healing": 0, "gold": 1740, "gold_spent": 26445, "ability_upgrades_arr": [5191, 5190, 5190, 1287, 5191, 5193, 5191, 5190, 5190, 5191, 483, 1287, 5193, 1287, 1287, 491, 5193, 490, 6192], "is_subscriber": false, "radiant_win": true, "start_time": 1774140643, "duration": 2951, "cluster": 381, "lobby_type": 0, "game_mode": 22, "is_contributor": false, "patch": 59, "isRadiant": true, "win": 1, "lose": 0, "total_gold": 27444, "total_xp": 40625, "kills_per_min": 0.10166045408336158, "kda": 2.25, "abandons": 0, "benchmarks": {"gold_per_min": {"raw": 558, "pct": 0.4971581410899365}, "xp_per_min": {"raw": 826, "pct": 0.5356068204613842}, "kills_per_min": {"raw": 0.10166045408336158, "pct": 0.1761952524239385}, "last_hits_per_min": {"raw": 6.994239240935276, "pct": 0.5025075225677031}, "hero_damage_per_min": {"raw": 573.1413080311759, "pct": 0.47876964226011365}, "hero_healing_per_min": {"raw": 0, "pct": 0.9562019391507857}, "tower_damage": {"raw": 8662, "pct": 0.8207957204948177}}}, {"account_id": 184490235, "player_slot": 1, "team_number": 0, "team_slot": 1, "hero_id": 22, "hero_variant": 2, "item_0": 254, "item_1": 37, "item_2": 180, "item_3": 244, "item_4": 108, "item_5": 259, "backpack_0": 218, "backpack_1": 0, "backpack_2": 0, "item_neutral": 1604, "item_neutral2": 1577, "kills": 10, "deaths": 12, "assists": 23, "leaver_status": 0, "last_hits": 95, "denies": 5, "gold_per_min": 400, "xp_per_min": 605, "level": 23, "net_worth": 16912, "aghanims_scepter": 0, "aghanims_shard": 0, "moonshard": 0, "hero_damage": 34936, "tower_damage": 1232, "hero_healing": 0, "gold": 5137, "gold_spent": 14025, "ability_upgrades_arr": [5111, 641, 5111, 641, 5111, 5113, 5111, 641, 5110, 641, 5959, 5110, 5113, 5110, 5110, 611, 5113, 6518], "personaname": "sweetdream", "name": null, "last_login": null, "rank_tier": 53, "computed_mmr": null, "is_subscriber": false, "radiant_win": true, "start_time": 1774140643, "duration": 2951, "cluster": 381, "lobby_type": 0, "game_mode": 22, "is_contributor": false, "patch": 59, "isRadiant": true, "win": 1, "lose": 0, "total_gold": 19673, "total_xp": 29755, "kills_per_min": 0.20332090816672316, "kda": 2.54, "abandons": 0, "benchmarks": {"gold_per_min": {"raw": 400, "pct": 0.3398226260004326}, "xp_per_min": {"raw": 605, "pct": 0.41769413800562405}, "kills_per_min": {"raw": 0.20332090816672316, "pct": 0.5483452303698897}, "last_hits_per_min": {"raw": 1.93154862758387, "pct": 0.19705818732424832}, "hero_damage_per_min": {"raw": 710.321924771264, "pct": 0.24940514817218257}, "hero_healing_per_min": {"raw": 0, "pct": 0.8239238589660394}, "tower_damage": {"raw": 1232, "pct": 0.7594635518061864}}}, {"player_slot": 2, "team_number": 0, "team_slot": 2, "hero_id": 32, "hero_variant": 3, "item_0": 168, "item_1": 208, "item_2": 174, "item_3": 154, "item_4": 57, "item_5": 63, "backpack_0": 0, "backpack_1": 0, "backpack_2": 0, "item_neutral": 1601, "item_neutral2": 1594, "kills": 7, "deaths": 10, "assists": 16, "leaver_status": 0, "last_hits": 280, "denies": 3, "gold_per_min": 489, "xp_per_min": 822, "level": 26, "net_worth": 22554, "aghanims_scepter": 0, "aghanims_shard": 1, "moonshard": 0, "hero_damage": 32675, "tower_damage": 3711, "hero_healing": 0, "gold": 2604, "gold_spent": 21690, "ability_upgrades_arr": [5143, 5145, 5142, 5145, 5145, 5144, 5145, 5143, 5143, 5143, 474, 5142, 5144, 5142, 5142, 6865, 5144, 6330, 795], "is_subscriber": false, "radiant_win": true, "start_time": 1774140643, "duration": 2951, "cluster": 381, "lobby_type": 0, "game_mode": 22, "is_contributor": false, "patch": 59, "isRadiant": true, "win": 1, "lose": 0, "total_gold": 24050, "total_xp": 40428, "kills_per_min": 0.1423246357167062, "kda": 2.09, "abandons": 0, "benchmarks": {"gold_per_min": {"raw": 489, "pct": 0.5020576131687243}, "xp_per_min": {"raw": 822, "pct": 0.4656084656084656}, "kills_per_min": {"raw": 0.1423246357167062, "pct": 0.23574368018812464}, "last_hits_per_min": {"raw": 5.692985428668248, "pct": 0.8142269253380364}, "hero_damage_per_min": {"raw": 664.3510674347679, "pct": 0.5255731922398589}, "hero_healing_per_min": {"raw": 0, "pct": 0.9106407995296885}, "tower_damage": {"raw": 3711, "pct": 0.7354497354497355}}}, {"player_slot": 3, "team_number": 0, "team_slot": 3, "hero_id": 74, "hero_variant": 3, "item_0": 96, "item_1": 108, "item_2": 40, "item_3": 48, "item_4": 223, "item_5": 123, "backpack_0": 4206, "backpack_1": 0, "backpack_2": 0, "item_neutral": 1719, "item_neutral2": 1577, "kills": 14, "deaths": 4, "assists": 17, "leaver_status": 0, "last_hits": 286, "denies": 10, "gold_per_min": 584, "xp_per_min": 842, "level": 26, "net_worth": 24263, "aghanims_scepter": 0, "aghanims_shard": 0, "moonshard": 0, "hero_damage": 47457, "tower_damage": 14413, "hero_healing": 0, "gold": 4533, "gold_spent": 23105, "ability_upgrades_arr": [5372, 5370, 5372, 5370, 5371, 5372, 5372, 5370, 5372, 5370, 5761, 5372, 5371, 5372, 5370, 5370, 1654, 5371, 5370, 5371, 5371, 5762, 5371, 5371, 6098], "is_subscriber": false, "radiant_win": true, "start_time": 1774140643, "duration": 2951, "cluster": 381, "lobby_type": 0, "game_mode": 22, "is_contributor": false, "patch": 59, "isRadiant": true, "win": 1, "lose": 0, "total_gold": 28723, "total_xp": 41412, "kills_per_min": 0.2846492714334124, "kda": 6.2, "abandons": 0, "benchmarks": {"gold_per_min": {"raw": 584, "pct": 0.7960526315789473}, "xp_per_min": {"raw": 842, "pct": 0.7860902255639097}, "kills_per_min": {"raw": 0.2846492714334124, "pct": 0.7763157894736842}, "last_hits_per_min": {"raw": 5.814977973568282, "pct": 0.8212406015037594}, "hero_damage_per_min": {"raw": 964.900033886818, "pct": 0.8627819548872181}, "hero_healing_per_min": {"raw": 0, "pct": 0.8231203007518797}, "tower_damage": {"raw": 14413, "pct": 0.987406015037594}}}, {"player_slot": 4, "team_number": 0, "team_slot": 4, "hero_id": 110, "hero_variant": 1, "item_0": 119, "item_1": 73, "item_2": 214, "item_3": 96, "item_4": 123, "item_5": 0, "backpack_0": 0, "backpack_1": 0, "backpack_2": 0, "item_neutral": 1720, "item_neutral2": 1592, "kills": 5, "deaths": 4, "assists": 29, "leaver_status": 0, "last_hits": 136, "denies": 4, "gold_per_min": 412, "xp_per_min": 782, "level": 26, "net_worth": 19579, "aghanims_scepter": 0, "aghanims_shard": 0, "moonshard": 0, "hero_damage": 25712, "tower_damage": 639, "hero_healing": 3435, "gold": 2999, "gold_spent": 17420, "ability_upgrades_arr": [5625, 5623, 5625, 5623, 5623, 5630, 5625, 5625, 5623, 5626, 1566, 5626, 5630, 5626, 5626, 6401, 5630, 6085, 6852], "is_subscriber": false, "radiant_win": true, "start_time": 1774140643, "duration": 2951, "cluster": 381, "lobby_type": 0, "game_mode": 22, "is_contributor": false, "patch": 59, "isRadiant": true, "win": 1, "lose": 0, "total_gold": 20263, "total_xp": 38461, "kills_per_min": 0.10166045408336158, "kda": 6.8, "abandons": 0, "benchmarks": {"gold_per_min": {"raw": 412, "pct": 0.4835511491662911}, "xp_per_min": {"raw": 782, "pct": 0.7850383055430374}, "kills_per_min": {"raw": 0.10166045408336158, "pct": 0.26408292023433977}, "last_hits_per_min": {"raw": 2.7651643510674346, "pct": 0.4601171698963497}, "hero_damage_per_min": {"raw": 522.7787190782785, "pct": 0.23479044614691302}, "hero_healing_per_min": {"raw": 69.8407319552694, "pct": 0.5844975214060387}, "tower_damage": {"raw": 639, "pct": 0.5678233438485805}}}, {"player_slot": 128, "team_number": 1, "team_slot": 0, "hero_id": 14, "hero_variant": 1, "item_0": 214, "item_1": 90, "item_2": 1, "item_3": 73,