{"players": [{"account_id": 115184637, "player_slot": 0, "team_number": 0, "team_slot": 0, "hero_id": 16, "hero_variant": 4, "item_0": 90, "item_1": 1, "item_2": 73, "item_3": 190, "item_4": 73, "item_5": 50, "backpack_0": 0, "backpack_1": 0, "backpack_2": 0, "item_neutral": 840, "item_neutral2": 1583, "kills": 5, "deaths": 16, "assists": 14, "leaver_status": 0, "last_hits": 121, "denies": 4, "gold_per_min": 412, "xp_per_min": 571, "level": 20, "net_worth": 12021, "aghanims_scepter": 0, "aghanims_shard": 0, "moonshard": 0, "hero_damage": 31204, "tower_damage": 340, "hero_healing": 0, "gold": 1811, "gold_spent": 11085, "ability_upgrades_arr": [5102, 5103, 5102, 1229, 5102, 5105, 5103, 5102, 1229, 5103, 6530, 1229, 5103, 5105, 1229, 890, 5105, 498], "personaname": "Rashec", "name": null, "last_login": null, "rank_tier": 33, "computed_mmr": 4019.16, "is_subscriber": false, "radiant_win": false, "start_time": 1774313495, "duration": 2285, "cluster": 241, "lobby_type": 0, "game_mode": 22, "is_contributor": false, "patch": 60, "region": 14, "isRadiant": true, "win": 0, "lose": 1, "total_gold": 15690, "total_xp": 21745, "kills_per_min": 0.13129102844638948, "kda": 1.12, "abandons": 0, "benchmarks": {"gold_per_min": {"raw": 412, "pct": 0.244322960470984}, "xp_per_min": {"raw": 571, "pct": 0.27207737594617326}, "kills_per_min": {"raw": 0.13129102844638948, "pct": 0.3149705634987384}, "last_hits_per_min": {"raw": 3.177242888402626, "pct": 0.1400336417157275}, "hero_damage_per_min": {"raw": 819.3610503282275, "pct": 0.6585365853658537}, "hero_healing_per_min": {"raw": 0, "pct": 0.8990748528174937}, "tower_damage": {"raw": 340, "pct": 0.4587888982338099}}}, {"account_id": 78917434, "player_slot": 1, "team_number": 0, "team_slot": 1, "hero_id": 14, "hero_variant": 1, "item_0": 1, "item_1": 931, "item_2": 43, "item_3": 36, "item_4": 86, "item_5": 0, "backpack_0": 0, "backpack_1": 0, "backpack_2": 0, "item_neutral": 565, "item_neutral2": 1585, "kills": 4, "deaths": 14, "assists": 13, "leaver_status": 0, "last_hits": 73, "denies": 6, "gold_per_min": 292, "xp_per_min": 440, "level": 17, "net_worth": 8738, "aghanims_scepter": 0, "aghanims_shard": 0, "moonshard": 0, "hero_damage": 17321, "tower_damage": 110, "hero_healing": 0, "gold": 1228, "gold_spent": 8240, "ability_upgrades_arr": [5075, 5076, 5076, 5074, 5076, 5077, 5076, 5074, 5074, 5074, 5932, 5075, 5077, 5075, 5075, 6565], "personaname": "Flipsorry", "name": null, "last_login": null, "rank_tier": 45, "computed_mmr": 4214.12, "is_subscriber": false, "radiant_win": false, "start_time": 1774313495, "duration": 2285, "cluster": 241, "lobby_type": 0, "game_mode": 22, "is_contributor": false, "patch": 60, "region": 14, "isRadiant": true, "win": 0, "lose": 1, "total_gold": 11120, "total_xp": 16756, "kills_per_min": 0.1050328227571116, "kda": 1.13, "abandons": 0, "benchmarks": {"gold_per_min": {"raw": 292, "pct": 0.15864820464679652}, "xp_per_min": {"raw": 440, "pct": 0.20628960337948837}, "kills_per_min": {"raw": 0.10503282275711161, "pct": 0.2709457873738559}, "last_hits_per_min": {"raw": 1.9168490153172866, "pct": 0.40178361886881014}, "hero_damage_per_min": {"raw": 454.8183807439825, "pct": 0.427951185167801}, "hero_healing_per_min": {"raw": 0, "pct": 0.7529922553391223}, "tower_damage": {"raw": 110, "pct": 0.36247359774700777}}}, {"player_slot": 2, "team_number": 0, "team_slot": 2, "hero_id": 35, "hero_variant": 2, "item_0": 166, "item_1": 63, "item_2": 168, "item_3": 75, "item_4": 75, "item_5": 149, "backpack_0": 0, "backpack_1": 0, "backpack_2": 0, "item_neutral": 1605, "item_neutral2": 1576, "kills": 10, "deaths": 16, "assists": 12, "leaver_status": 0, "last_hits": 152, "denies": 6, "gold_per_min": 465, "xp_per_min": 622, "level": 21, "net_worth": 14468, "aghanims_scepter": 0, "aghanims_shard": 1, "moonshard": 0, "hero_damage": 33691, "tower_damage": 109, "hero_healing": 0, "gold": 2208, "gold_spent": 13105, "ability_upgrades_arr": [5154, 5155, 5154, 5156, 5154, 5157, 5154, 5155, 5155, 5155, 7396, 5156, 5157, 5156, 5156, 6305, 5157, 1455], "is_subscriber": false, "radiant_win": false, "start_time": 1774313495, "duration": 2285, "cluster": 241, "lobby_type": 0, "game_mode": 22, "is_contributor": false, "patch": 60, "region": 14, "isRadiant": true, "win": 0, "lose": 1, "total_gold": 17708, "total_xp": 23687, "kills_per_min": 0.26258205689277897, "kda": 1.29, "abandons": 0, "benchmarks": {"gold_per_min": {"raw": 465, "pct": 0.26766917293233083}, "xp_per_min": {"raw": 622, "pct": 0.3396992481203008}, "kills_per_min": {"raw": 0.26258205689277897, "pct": 0.5583458646616541}, "last_hits_per_min": {"raw": 3.991247264770241, "pct": 0.1756390977443609}, "hero_damage_per_min": {"raw": 884.6652078774616, "pct": 0.5670676691729323}, "hero_healing_per_min": {"raw": 0, "pct": 0.9406015037593985}, "tower_damage": {"raw": 109, "pct": 0.1269172932330827}}}, {"account_id": 113085552, "player_slot": 3, "team_number": 0, "team_slot": 3, "hero_id": 27, "hero_variant": 2, "item_0": 1, "item_1": 254, "item_2": 0, "item_3": 0, "item_4": 27, "item_5": 180, "backpack_0": 0, "backpack_1": 0, "backpack_2": 0, "item_neutral": 71, "item_neutral2": 1586, "kills": 3, "deaths": 14, "assists": 16, "leaver_status": 0, "last_hits": 50, "denies": 6, "gold_per_min": 298, "xp_per_min": 547, "level": 19, "net_worth": 9386, "aghanims_scepter": 0, "aghanims_shard": 0, "moonshard": 0, "hero_damage": 13961, "tower_damage": 0, "hero_healing": 390, "gold": 3411, "gold_spent": 7715, "ability_upgrades_arr": [5080, 5079, 5078, 5078, 5078, 5081, 5078, 5080, 5080, 5080, 468, 5079, 5081, 5079, 5079, 760, 5081], "personaname": "SirUtz", "name": null, "last_login": null, "rank_tier": 43, "computed_mmr": 4106.91, "is_subscriber": false, "radiant_win": false, "start_time": 1774313495, "duration": 2285, "cluster": 241, "lobby_type": 0, "game_mode": 22, "is_contributor": false, "patch": 60, "region": 14, "isRadiant": true, "win": 0, "lose": 1, "total_gold": 11348, "total_xp": 20831, "kills_per_min": 0.07877461706783369, "kda": 1.27, "abandons": 0, "benchmarks": {"gold_per_min": {"raw": 298, "pct": 0.22823529411764706}, "xp_per_min": {"raw": 547, "pct": 0.5178431372549019}, "kills_per_min": {"raw": 0.0787746170678337, "pct": 0.3888235294117647}, "last_hits_per_min": {"raw": 1.312910284463895, "pct": 0.2654901960784314}, "hero_damage_per_min": {"raw": 366.59080962800874, "pct": 0.4931372549019608}, "hero_healing_per_min": {"raw": 10.24070021881838, "pct": 0.8990196078431373}, "tower_damage": {"raw": 0, "pct": 0.1115686274509804}}}, {"player_slot": 4, "team_number": 0, "team_slot": 4, "hero_id": 18, "hero_variant": 2, "item_0": 149, "item_1": 172, "item_2": 63, "item_3": 116, "item_4": 0, "item_5": 98, "backpack_0": 0, "backpack_1": 42, "backpack_2": 0, "item_neutral": 1598, "item_neutral2": 1576, "kills": 3, "deaths": 11, "assists": 9, "leaver_status": 0, "last_hits": 273, "denies": 8, "gold_per_min": 474, "xp_per_min": 627, "level": 21, "net_worth": 14421, "aghanims_scepter": 0, "aghanims_shard": 0, "moonshard": 0, "hero_damage": 11803, "tower_damage": 248, "hero_healing": 0, "gold": 1696, "gold_spent": 14970, "ability_upgrades_arr": [5094, 5096, 5095, 5095, 5095, 5097, 5095, 5096, 5094, 5094, 673, 5096, 5097, 5094, 5096, 6911, 5097, 1188], "is_subscriber": false, "radiant_win": false, "start_time": 1774313495, "duration": 2285, "cluster": 241, "lobby_type": 0, "game_mode": 22, "is_contributor": false, "patch": 60, "region": 14, "isRadiant": true, "win": 0, "lose": 1, "total_gold": 18051, "total_xp": 23878, "kills_per_min": 0.07877461706783369, "kda": 1, "abandons": 0, "benchmarks": {"gold_per_min": {"raw": 474, "pct": 0.26319396847155585}, "xp_per_min": {"raw": 627, "pct": 0.2590815627141878}, "kills_per_min": {"raw": 0.0787746170678337, "pct": 0.16175462645647704}, "last_hits_per_min": {"raw": 7.168490153172867, "pct": 0.3550376970527759}, "hero_damage_per_min": {"raw": 309.925601750547, "pct": 0.1487320082248115}, "hero_healing_per_min": {"raw": 0,