{"players": [{"account_id": 95171828, "player_slot": 0, "team_number": 0, "team_slot": 0, "hero_id": 8, "hero_variant": 2, "item_0": 147, "item_1": 63, "item_2": 0, "item_3": 0, "item_4": 158, "item_5": 139, "backpack_0": 0, "backpack_1": 0, "backpack_2": 77, "item_neutral": 1605, "item_neutral2": 1584, "kills": 12, "deaths": 3, "assists": 14, "leaver_status": 0, "last_hits": 417, "denies": 2, "gold_per_min": 723, "xp_per_min": 953, "level": 27, "net_worth": 33102, "aghanims_scepter": 1, "aghanims_shard": 0, "moonshard": 0, "hero_damage": 40243, "tower_damage": 20763, "hero_healing": 13540, "gold": 9797, "gold_spent": 24095, "ability_upgrades_arr": [5028, 5027, 5028, 5029, 5028, 5030, 5028, 5029, 5029, 7021, 5027, 5030, 5027, 5027, 1192, 5029, 5030, 6105, 1013], "personaname": "Anteparo", "name": null, "last_login": "2018-07-17T12:18:23.610Z", "rank_tier": 32, "computed_mmr": 3980.8, "is_subscriber": false, "radiant_win": true, "start_time": 1750386741, "duration": 2842, "cluster": 241, "lobby_type": 0, "game_mode": 22, "is_contributor": false, "patch": 58, "region": 14, "isRadiant": true, "win": 1, "lose": 0, "total_gold": 34246, "total_xp": 45140, "kills_per_min": 0.2533427163969036, "kda": 6.5, "abandons": 0, "benchmarks": {"gold_per_min": {"raw": 723, "pct": 0.8261735419630156}, "xp_per_min": {"raw": 953, "pct": 0.7129445234708393}, "kills_per_min": {"raw": 0.2533427163969036, "pct": 0.6694167852062589}, "last_hits_per_min": {"raw": 8.8036593947924, "pct": 0.6335704125177809}, "hero_damage_per_min": {"raw": 849.6059113300493, "pct": 0.7911806543385491}, "hero_healing_per_min": {"raw": 285.8550316678395, "pct": 0.8532005689900427}, "tower_damage": {"raw": 20763, "pct": 0.9655761024182077}}}, {"player_slot": 1, "team_number": 0, "team_slot": 1, "hero_id": 14, "hero_variant": 3, "item_0": 1, "item_1": 50, "item_2": 226, "item_3": 37, "item_4": 108, "item_5": 30, "backpack_0": 0, "backpack_1": 0, "backpack_2": 0, "item_neutral": 1608, "item_neutral2": 1594, "kills": 6, "deaths": 11, "assists": 18, "leaver_status": 0, "last_hits": 84, "denies": 1, "gold_per_min": 396, "xp_per_min": 658, "level": 23, "net_worth": 15328, "aghanims_scepter": 0, "aghanims_shard": 0, "moonshard": 0, "hero_damage": 21222, "tower_damage": 1589, "hero_healing": 400, "gold": 1928, "gold_spent": 15020, "ability_upgrades_arr": [5075, 5076, 5076, 5075, 5076, 5077, 5075, 5075, 5074, 5076, 5074, 5077, 5074, 5074, 7142, 6565, 5077, 408], "is_subscriber": false, "radiant_win": true, "start_time": 1750386741, "duration": 2842, "cluster": 241, "lobby_type": 0, "game_mode": 22, "is_contributor": false, "patch": 58, "region": 14, "isRadiant": true, "win": 1, "lose": 0, "total_gold": 18757, "total_xp": 31167, "kills_per_min": 0.1266713581984518, "kda": 2, "abandons": 0, "benchmarks": {"gold_per_min": {"raw": 396, "pct": 0.556713237035283}, "xp_per_min": {"raw": 658, "pct": 0.6238456073881127}, "kills_per_min": {"raw": 0.1266713581984518, "pct": 0.3514089509827137}, "last_hits_per_min": {"raw": 1.773399014778325, "pct": 0.3620648827847502}, "hero_damage_per_min": {"raw": 448.036593947924, "pct": 0.4160549372484016}, "hero_healing_per_min": {"raw": 8.444757213230119, "pct": 0.8981766516694293}, "tower_damage": {"raw": 1589, "pct": 0.8149419843713}}}, {"player_slot": 2, "team_number": 0, "team_slot": 2, "hero_id": 59, "hero_variant": 3, "item_0": 156, "item_1": 73, "item_2": 210, "item_3": 108, "item_4": 73, "item_5": 63, "backpack_0": 237, "backpack_1": 9, "backpack_2": 0, "item_neutral": 1607, "item_neutral2": 1589, "kills": 11, "deaths": 10, "assists": 13, "leaver_status": 0, "last_hits": 131, "denies": 26, "gold_per_min": 481, "xp_per_min": 776, "level": 25, "net_worth": 18968, "aghanims_scepter": 0, "aghanims_shard": 1, "moonshard": 0, "hero_damage": 27940, "tower_damage": 4024, "hero_healing": 0, "gold": 1743, "gold_spent": 17390, "ability_upgrades_arr": [5272, 5273, 5272, 5273, 5272, 5274, 7300, 5273, 7300, 5272, 5273, 5274, 7300, 7140, 7300, 6289, 5274, 462, 6204], "is_subscriber": false, "radiant_win": true, "start_time": 1750386741, "duration": 2842, "cluster": 241, "lobby_type": 0, "game_mode": 22, "is_contributor": false, "patch": 58, "region": 14, "isRadiant": true, "win": 1, "lose": 0, "total_gold": 22783, "total_xp": 36756, "kills_per_min": 0.23223082336382828, "kda": 2.18, "abandons": 0, "benchmarks": {"gold_per_min": {"raw": 481, "pct": 0.5095541401273885}, "xp_per_min": {"raw": 776, "pct": 0.6781316348195329}, "kills_per_min": {"raw": 0.23223082336382828, "pct": 0.40467091295116775}, "last_hits_per_min": {"raw": 2.7656579873328644, "pct": 0.20849256900212315}, "hero_damage_per_min": {"raw": 589.8662913441239, "pct": 0.3235668789808917}, "hero_healing_per_min": {"raw": 0, "pct": 0.9685774946921444}, "tower_damage": {"raw": 4024, "pct": 0.613588110403397}}}, {"player_slot": 3, "team_number": 0, "team_slot": 3, "hero_id": 119, "hero_variant": 1, "item_0": 180, "item_1": 102, "item_2": 188, "item_3": 135, "item_4": 108, "item_5": 40, "backpack_0": 0, "backpack_1": 0, "backpack_2": 0, "item_neutral": 1643, "item_neutral2": 1584, "kills": 6, "deaths": 6, "assists": 27, "leaver_status": 0, "last_hits": 45, "denies": 4, "gold_per_min": 357, "xp_per_min": 665, "level": 24, "net_worth": 15217, "aghanims_scepter": 0, "aghanims_shard": 1, "moonshard": 0, "hero_damage": 26506, "tower_damage": 1508, "hero_healing": 0, "gold": 937, "gold_spent": 14695, "ability_upgrades_arr": [6339, 6341, 6342, 6341, 6341, 8340, 6341, 6339, 6342, 6339, 6342, 8340, 6339, 515, 6342, 7655, 8340, 6464], "is_subscriber": false, "radiant_win": true, "start_time": 1750386741, "duration": 2842, "cluster": 241, "lobby_type": 0, "game_mode": 22, "is_contributor": false, "patch": 58, "region": 14, "isRadiant": true, "win": 1, "lose": 0, "total_gold": 16909, "total_xp": 31498, "kills_per_min": 0.1266713581984518, "kda": 4.71, "abandons": 0, "benchmarks": {"gold_per_min": {"raw": 357, "pct": 0.5363881401617251}, "xp_per_min": {"raw": 665, "pct": 0.6745283018867925}, "kills_per_min": {"raw": 0.1266713581984518, "pct": 0.42654986522911054}, "last_hits_per_min": {"raw": 0.9500351864883885, "pct": 0.22911051212938005}, "hero_damage_per_min": {"raw": 559.5918367346939, "pct": 0.6826145552560647}, "hero_healing_per_min": {"raw": 0, "pct": 0.6725067385444744}, "tower_damage": {"raw": 1508, "pct": 0.7466307277628033}}}, {"player_slot": 4, "team_number": 0, "team_slot": 4, "hero_id": 104, "hero_variant": 2, "item_0": 1, "item_1": 116, "item_2": 73, "item_3": 50, "item_4": 141, "item_5": 127, "backpack_0": 0, "backpack_1": 0, "backpack_2": 0, "item_neutral": 828, "item_neutral2": 1577, "kills": 11, "deaths": 7, "assists": 18, "leaver_status": 0, "last_hits": 242, "denies": 3, "gold_per_min": 562, "xp_per_min": 683, "level": 24, "net_worth": 24592, "aghanims_scepter": 0, "aghanims_shard": 0, "moonshard": 1, "hero_damage": 28074, "tower_damage": 7936, "hero_healing": 4948, "gold": 3037, "gold_spent": 22465, "ability_upgrades_arr": [5597, 5595, 5596, 5597, 5597, 5598, 5597, 5595, 5595, 1113, 5595, 5598, 5596, 5596, 463, 5596, 5598, 6526], "is_subscriber": false, "radiant_win": true, "start_time": 1750386741, "duration": 2842, "cluster": 241, "lobby_type": 0, "game_mode": 22, "is_contributor": false, "patch": 58, "region": 14, "isRadiant": true, "win": 1, "lose": 0, "total_gold": 26620, "total_xp": 32351, "kills_per_min": 0.23223082336382828, "kda": 3.63, "abandons": 0, "benchmarks": {"gold_per_min": {"raw": 562, "pct": 0.7412763281986796}, "xp_per_min": {"raw": 683, "pct": 0.4619616472807293}, "kills_per_min": {"raw": 0.23223082336382828, "pct": 0.5216912920465262}, "last_hits_per_min": {"raw": 5.109078114004222, "pct": 0.6406790317510217}, "hero_damage_per_min": {"raw": 592.695285010556, "pct": 0.3552342030807922}, "hero_healing_per_min": {"raw": 104.46164672765657, "pct": 0.8396730587865451}, "tower_damage": {"raw": 7936, "pct": 0.8654511160012575}}}, {"player_slot": 128, "team_number": 1, "team_slot": 0, "hero_id": 93,