{"players": [{"player_slot": 0, "team_number": 0, "team_slot": 0, "hero_id": 19, "hero_variant": 2, "item_0": 63, "item_1": 11, "item_2": 112, "item_3": 1, "item_4": 178, "item_5": 0, "backpack_0": 0, "backpack_1": 0, "backpack_2": 0, "item_neutral": 947, "item_neutral2": 1585, "kills": 3, "deaths": 7, "assists": 15, "leaver_status": 0, "last_hits": 119, "denies": 6, "gold_per_min": 428, "xp_per_min": 554, "level": 18, "net_worth": 13001, "aghanims_scepter": 0, "aghanims_shard": 0, "moonshard": 0, "hero_damage": 17239, "tower_damage": 3439, "hero_healing": 125, "gold": 3321, "gold_spent": 10305, "ability_upgrades_arr": [5106, 5108, 5106, 5107, 5107, 5109, 5106, 5108, 5106, 6934, 5107, 5109, 5107, 6937, 5108, 6153, 5109], "is_subscriber": false, "radiant_win": true, "start_time": 1746714061, "duration": 1911, "cluster": 241, "lobby_type": 7, "game_mode": 22, "is_contributor": false, "patch": 57, "region": 14, "isRadiant": true, "win": 1, "lose": 0, "total_gold": 13631, "total_xp": 17644, "kills_per_min": 0.09419152276295133, "kda": 2.25, "abandons": 0, "benchmarks": {"gold_per_min": {"raw": 428, "pct": 0.5778263244128892}, "xp_per_min": {"raw": 554, "pct": 0.3888585472419443}, "kills_per_min": {"raw": 0.09419152276295134, "pct": 0.3156744948115784}, "last_hits_per_min": {"raw": 3.7362637362637363, "pct": 0.5690879300928454}, "hero_damage_per_min": {"raw": 541.2558869701727, "pct": 0.5636264336428182}, "hero_healing_per_min": {"raw": 3.9246467817896384, "pct": 0.8973238667394866}, "tower_damage": {"raw": 3439, "pct": 0.8055707263790278}}}, {"account_id": 213849015, "player_slot": 1, "team_number": 0, "team_slot": 1, "hero_id": 86, "hero_variant": 2, "item_0": 232, "item_1": 180, "item_2": 43, "item_3": 1, "item_4": 38, "item_5": 36, "backpack_0": 44, "backpack_1": 0, "backpack_2": 188, "item_neutral": 947, "item_neutral2": 1577, "kills": 8, "deaths": 11, "assists": 8, "leaver_status": 0, "last_hits": 67, "denies": 0, "gold_per_min": 369, "xp_per_min": 449, "level": 16, "net_worth": 9982, "aghanims_scepter": 0, "aghanims_shard": 0, "moonshard": 0, "hero_damage": 17298, "tower_damage": 838, "hero_healing": 192, "gold": 3367, "gold_spent": 8585, "ability_upgrades_arr": [5450, 5448, 5450, 7320, 5450, 5452, 5450, 7320, 7320, 7320, 5448, 5452, 5448, 5448, 787, 897], "personaname": "Sifer", "name": null, "last_login": null, "rank_tier": 15, "computed_mmr": 4109.83, "is_subscriber": false, "radiant_win": true, "start_time": 1746714061, "duration": 1911, "cluster": 241, "lobby_type": 7, "game_mode": 22, "is_contributor": false, "patch": 57, "region": 14, "isRadiant": true, "win": 1, "lose": 0, "total_gold": 11752, "total_xp": 14300, "kills_per_min": 0.25117739403453687, "kda": 1.33, "abandons": 0, "benchmarks": {"gold_per_min": {"raw": 369, "pct": 0.3624454148471616}, "xp_per_min": {"raw": 449, "pct": 0.18609338259993283}, "kills_per_min": {"raw": 0.2511773940345369, "pct": 0.8276788713469936}, "last_hits_per_min": {"raw": 2.1036106750392465, "pct": 0.3307020490426604}, "hero_damage_per_min": {"raw": 543.1083202511774, "pct": 0.48034934497816595}, "hero_healing_per_min": {"raw": 6.028257456828886, "pct": 0.6538461538461539}, "tower_damage": {"raw": 838, "pct": 0.6073228081961707}}}, {"account_id": 281500696, "player_slot": 2, "team_number": 0, "team_slot": 2, "hero_id": 32, "hero_variant": 2, "item_0": 569, "item_1": 208, "item_2": 75, "item_3": 174, "item_4": 147, "item_5": 63, "backpack_0": 0, "backpack_1": 0, "backpack_2": 0, "item_neutral": 1604, "item_neutral2": 1594, "kills": 11, "deaths": 2, "assists": 18, "leaver_status": 0, "last_hits": 148, "denies": 8, "gold_per_min": 561, "xp_per_min": 819, "level": 22, "net_worth": 17418, "aghanims_scepter": 0, "aghanims_shard": 0, "moonshard": 0, "hero_damage": 24036, "tower_damage": 7278, "hero_healing": 0, "gold": 1113, "gold_spent": 16895, "ability_upgrades_arr": [5143, 5145, 5142, 5145, 5145, 5144, 5145, 5143, 5143, 5143, 5142, 5144, 5142, 5142, 782, 6193, 5144, 795], "personaname": "VASCODAMORTE", "name": null, "last_login": null, "rank_tier": 24, "computed_mmr": 4034.57, "is_subscriber": false, "radiant_win": true, "start_time": 1746714061, "duration": 1911, "cluster": 241, "lobby_type": 7, "game_mode": 22, "is_contributor": false, "patch": 57, "region": 14, "isRadiant": true, "win": 1, "lose": 0, "total_gold": 17867, "total_xp": 26085, "kills_per_min": 0.3453689167974882, "kda": 9.67, "abandons": 0, "benchmarks": {"gold_per_min": {"raw": 561, "pct": 0.7001239157372986}, "xp_per_min": {"raw": 819, "pct": 0.46220570012391576}, "kills_per_min": {"raw": 0.3453689167974882, "pct": 0.6641883519206939}, "last_hits_per_min": {"raw": 4.646781789638933, "pct": 0.6573729863692689}, "hero_damage_per_min": {"raw": 754.6624803767661, "pct": 0.6338289962825279}, "hero_healing_per_min": {"raw": 0, "pct": 0.9281288723667905}, "tower_damage": {"raw": 7278, "pct": 0.9355638166047088}}}, {"account_id": 397047749, "player_slot": 3, "team_number": 0, "team_slot": 3, "hero_id": 15, "hero_variant": 1, "item_0": 50, "item_1": 147, "item_2": 116, "item_3": 36, "item_4": 75, "item_5": 112, "backpack_0": 0, "backpack_1": 0, "backpack_2": 0, "item_neutral": 828, "item_neutral2": 1594, "kills": 15, "deaths": 2, "assists": 11, "leaver_status": 0, "last_hits": 185, "denies": 7, "gold_per_min": 663, "xp_per_min": 908, "level": 23, "net_worth": 20505, "aghanims_scepter": 0, "aghanims_shard": 1, "moonshard": 0, "hero_damage": 41947, "tower_damage": 10531, "hero_healing": 192, "gold": 2825, "gold_spent": 18450, "ability_upgrades_arr": [5083, 5082, 5083, 1224, 1224, 5085, 5083, 1224, 5083, 1224, 6564, 5085, 5082, 5082, 5928, 5082, 5085, 6408], "personaname": "Lapiss1", "name": null, "last_login": null, "rank_tier": 44, "computed_mmr": 3921.78, "is_subscriber": false, "radiant_win": true, "start_time": 1746714061, "duration": 1911, "cluster": 241, "lobby_type": 7, "game_mode": 22, "is_contributor": false, "patch": 57, "region": 14, "isRadiant": true, "win": 1, "lose": 0, "total_gold": 21116, "total_xp": 28919, "kills_per_min": 0.47095761381475665, "kda": 8.67, "abandons": 0, "benchmarks": {"gold_per_min": {"raw": 663, "pct": 0.9064124783362218}, "xp_per_min": {"raw": 908, "pct": 0.8027729636048527}, "kills_per_min": {"raw": 0.47095761381475665, "pct": 0.9365684575389948}, "last_hits_per_min": {"raw": 5.808477237048666, "pct": 0.6221837088388215}, "hero_damage_per_min": {"raw": 1317.01726844584, "pct": 0.9559792027729636}, "hero_healing_per_min": {"raw": 6.028257456828886, "pct": 0.6613518197573657}, "tower_damage": {"raw": 10531, "pct": 0.949740034662045}}}, {"account_id": 37467834, "player_slot": 4, "team_number": 0, "team_slot": 4, "hero_id": 5, "hero_variant": 4, "item_0": 102, "item_1": 36, "item_2": 254, "item_3": 218, "item_4": 214, "item_5": 0, "backpack_0": 0, "backpack_1": 0, "backpack_2": 0, "item_neutral": 0, "item_neutral2": 0, "kills": 3, "deaths": 11, "assists": 22, "leaver_status": 0, "last_hits": 26, "denies": 3, "gold_per_min": 318, "xp_per_min": 411, "level": 15, "net_worth": 8470, "aghanims_scepter": 0, "aghanims_shard": 0, "moonshard": 0, "hero_damage": 11843, "tower_damage": 610, "hero_healing": 0, "gold": 2720, "gold_spent": 6940, "ability_upgrades_arr": [5127, 5128, 5127, 5128, 5127, 5129, 5127, 5126, 5128, 5959, 5128, 5129, 5126, 5126, 5126], "personaname": "ExtremoDiaz", "name": null, "last_login": null, "rank_tier": 22, "computed_mmr": 3968.35, "is_subscriber": false, "radiant_win": true, "start_time": 1746714061, "duration": 1911, "cluster": 241, "lobby_type": 7, "game_mode": 22, "is_contributor": false, "patch": 57, "region": 14, "isRadiant": true, "win": 1, "lose": 0, "total_gold": 10128, "total_xp": 13090, "kills_per_min": 0.09419152276295133, "kda": 2.08, "abandons": 0, "benchmarks": {"gold_per_min": {"raw": 318, "pct": 0.33698330139611277}, "xp_per_min": {"raw": 411, "pct": 0.1951820421571311}, "kills_per_min": {"raw": 0.09419152276295134, "pct": 0.40624144538735285},