{"players": [{"player_slot": 0, "team_number": 0, "team_slot": 0, "hero_id": 104, "hero_variant": 1, "item_0": 168, "item_1": 0, "item_2": 127, "item_3": 50, "item_4": 1, "item_5": 9, "backpack_0": 8, "backpack_1": 21, "backpack_2": 0, "item_neutral": 2097, "item_neutral2": 1584, "kills": 8, "deaths": 10, "assists": 5, "leaver_status": 0, "last_hits": 198, "denies": 7, "gold_per_min": 438, "xp_per_min": 576, "level": 21, "net_worth": 14499, "aghanims_scepter": 0, "aghanims_shard": 0, "moonshard": 0, "hero_damage": 32239, "tower_damage": 1419, "hero_healing": 1564, "gold": 949, "gold_spent": 16900, "ability_upgrades_arr": [5595, 5597, 5596, 5595, 5595, 5598, 5597, 5595, 5597, 1113, 730, 5597, 5598, 5596, 5596, 5596, 463, 5598, 6526], "is_subscriber": false, "radiant_win": false, "start_time": 1766867038, "duration": 2511, "cluster": 412, "lobby_type": 0, "game_mode": 22, "is_contributor": false, "patch": 59, "isRadiant": true, "win": 0, "lose": 1, "total_gold": 18330, "total_xp": 24105, "kills_per_min": 0.19115890083632017, "kda": 1.18, "abandons": 0, "benchmarks": {"gold_per_min": {"raw": 438, "pct": 0.32129783693843594}, "xp_per_min": {"raw": 576, "pct": 0.2870216306156406}, "kills_per_min": {"raw": 0.1911589008363202, "pct": 0.41547420965058235}, "last_hits_per_min": {"raw": 4.731182795698924, "pct": 0.5033277870216306}, "hero_damage_per_min": {"raw": 770.3464755077658, "pct": 0.6440931780366057}, "hero_healing_per_min": {"raw": 37.371565113500594, "pct": 0.5336106489184692}, "tower_damage": {"raw": 1419, "pct": 0.4425956738768719}}}, {"account_id": 65137360, "player_slot": 1, "team_number": 0, "team_slot": 1, "hero_id": 85, "hero_variant": 1, "item_0": 252, "item_1": 11, "item_2": 114, "item_3": 178, "item_4": 50, "item_5": 127, "backpack_0": 0, "backpack_1": 16, "backpack_2": 0, "item_neutral": 1603, "item_neutral2": 1586, "kills": 6, "deaths": 14, "assists": 13, "leaver_status": 1, "last_hits": 172, "denies": 7, "gold_per_min": 389, "xp_per_min": 565, "level": 21, "net_worth": 14143, "aghanims_scepter": 0, "aghanims_shard": 0, "moonshard": 0, "hero_damage": 27059, "tower_damage": 834, "hero_healing": 364, "gold": 1583, "gold_spent": 12870, "ability_upgrades_arr": [5442, 5444, 5442, 5443, 5444, 5447, 5442, 5442, 5444, 5444, 813, 5447, 5443, 5443, 5443, 616, 5447, 6420], "personaname": "PatoDeGoma", "name": null, "last_login": "2021-02-10T20:32:57.535Z", "rank_tier": 45, "computed_mmr": null, "is_subscriber": false, "radiant_win": false, "start_time": 1766867038, "duration": 2511, "cluster": 412, "lobby_type": 0, "game_mode": 22, "is_contributor": false, "patch": 59, "isRadiant": true, "win": 0, "lose": 1, "total_gold": 16279, "total_xp": 23645, "kills_per_min": 0.14336917562724014, "kda": 1.27, "abandons": 0, "benchmarks": {"gold_per_min": {"raw": 389, "pct": 0.4337400084139672}, "xp_per_min": {"raw": 565, "pct": 0.43037442153975597}, "kills_per_min": {"raw": 0.14336917562724014, "pct": 0.39671855279764406}, "last_hits_per_min": {"raw": 4.109916367980884, "pct": 0.794278502313841}, "hero_damage_per_min": {"raw": 646.5710872162485, "pct": 0.850231384097602}, "hero_healing_per_min": {"raw": 8.697729988052568, "pct": 0.10938157341186369}, "tower_damage": {"raw": 834, "pct": 0.5532183424484645}}}, {"account_id": 37467834, "player_slot": 2, "team_number": 0, "team_slot": 2, "hero_id": 54, "hero_variant": 5, "item_0": 8, "item_1": 36, "item_2": 50, "item_3": 143, "item_4": 137, "item_5": 154, "backpack_0": 0, "backpack_1": 0, "backpack_2": 0, "item_neutral": 2097, "item_neutral2": 1594, "kills": 4, "deaths": 13, "assists": 10, "leaver_status": 0, "last_hits": 210, "denies": 14, "gold_per_min": 439, "xp_per_min": 517, "level": 20, "net_worth": 15957, "aghanims_scepter": 0, "aghanims_shard": 0, "moonshard": 0, "hero_damage": 26633, "tower_damage": 141, "hero_healing": 1543, "gold": 522, "gold_spent": 16120, "ability_upgrades_arr": [631, 5251, 631, 5249, 631, 5252, 631, 5249, 5249, 5249, 5920, 5251, 5252, 5251, 5251, 499, 5252, 709], "personaname": "ExtremoDiaz", "name": null, "last_login": null, "rank_tier": 22, "computed_mmr": 3968.35, "is_subscriber": false, "radiant_win": false, "start_time": 1766867038, "duration": 2511, "cluster": 412, "lobby_type": 0, "game_mode": 22, "is_contributor": false, "patch": 59, "isRadiant": true, "win": 0, "lose": 1, "total_gold": 18372, "total_xp": 21636, "kills_per_min": 0.09557945041816009, "kda": 1, "abandons": 0, "benchmarks": {"gold_per_min": {"raw": 439, "pct": 0.1429533818377796}, "xp_per_min": {"raw": 517, "pct": 0.09822150363783347}, "kills_per_min": {"raw": 0.0955794504181601, "pct": 0.1575047157100512}, "last_hits_per_min": {"raw": 5.017921146953404, "pct": 0.10293721368903261}, "hero_damage_per_min": {"raw": 636.3918757467145, "pct": 0.4180813796820264}, "hero_healing_per_min": {"raw": 36.86977299880525, "pct": 0.4816760980867691}, "tower_damage": {"raw": 141, "pct": 0.14201023982753974}}}, {"player_slot": 3, "team_number": 0, "team_slot": 3, "hero_id": 57, "hero_variant": 1, "item_0": 36, "item_1": 77, "item_2": 108, "item_3": 0, "item_4": 218, "item_5": 180, "backpack_0": 188, "backpack_1": 40, "backpack_2": 0, "item_neutral": 71, "item_neutral2": 1585, "kills": 4, "deaths": 8, "assists": 11, "leaver_status": 0, "last_hits": 62, "denies": 1, "gold_per_min": 238, "xp_per_min": 381, "level": 17, "net_worth": 8736, "aghanims_scepter": 0, "aghanims_shard": 1, "moonshard": 0, "hero_damage": 16855, "tower_damage": 0, "hero_healing": 13285, "gold": 491, "gold_spent": 9235, "ability_upgrades_arr": [656, 5263, 5263, 656, 5263, 895, 5266, 5263, 895, 656, 1488, 656, 5266, 895, 895, 501], "is_subscriber": false, "radiant_win": false, "start_time": 1766867038, "duration": 2511, "cluster": 412, "lobby_type": 0, "game_mode": 22, "is_contributor": false, "patch": 59, "isRadiant": true, "win": 0, "lose": 1, "total_gold": 9960, "total_xp": 15944, "kills_per_min": 0.09557945041816009, "kda": 1.67, "abandons": 0, "benchmarks": {"gold_per_min": {"raw": 238, "pct": 0.09397024275646046}, "xp_per_min": {"raw": 381, "pct": 0.18715740015661708}, "kills_per_min": {"raw": 0.0955794504181601, "pct": 0.47611589663273296}, "last_hits_per_min": {"raw": 1.4814814814814814, "pct": 0.2341425215348473}, "hero_damage_per_min": {"raw": 402.7479091995221, "pct": 0.5661707126076743}, "hero_healing_per_min": {"raw": 317.44324970131424, "pct": 0.9177760375880971}, "tower_damage": {"raw": 0, "pct": 0.21299921691464369}}}, {"player_slot": 4, "team_number": 0, "team_slot": 4, "hero_id": 30, "hero_variant": 3, "item_0": 36, "item_1": 180, "item_2": 21, "item_3": 254, "item_4": 8, "item_5": 0, "backpack_0": 0, "backpack_1": 0, "backpack_2": 0, "item_neutral": 950, "item_neutral2": 1583, "kills": 3, "deaths": 15, "assists": 7, "leaver_status": 0, "last_hits": 25, "denies": 3, "gold_per_min": 246, "xp_per_min": 436, "level": 18, "net_worth": 8493, "aghanims_scepter": 0, "aghanims_shard": 1, "moonshard": 0, "hero_damage": 12896, "tower_damage": 75, "hero_healing": 3884, "gold": 483, "gold_spent": 9185, "ability_upgrades_arr": [5138, 5140, 5140, 5139, 5140, 5141, 5140, 5138, 5138, 5139, 6995, 5139, 5141, 5138, 5139, 555, 5141], "is_subscriber": false, "radiant_win": false, "start_time": 1766867038, "duration": 2511, "cluster": 412, "lobby_type": 0, "game_mode": 22, "is_contributor": false, "patch": 59, "isRadiant": true, "win": 0, "lose": 1, "total_gold": 10295, "total_xp": 18246, "kills_per_min": 0.07168458781362007, "kda": 0.63, "abandons": 0, "benchmarks": {"gold_per_min": {"raw": 246, "pct": 0.05983839266215331}, "xp_per_min": {"raw": 436, "pct": 0.26883599039091505}, "kills_per_min": {"raw": 0.07168458781362007, "pct": 0.08233238698405765}, "last_hits_per_min": {"raw": 0.5973715651135005, "pct": 0.1301594234549028}, "hero_damage_per_min": {"raw": 308.14814814814815, "pct": 0.08342432845599476}, "hero_healing_per_min": {"raw": 92.80764635603344, "pct": 0.38130596200043676}, "tower_damage": {"raw": 75,