{"players": [{"account_id": 45421382, "player_slot": 0, "team_number": 0, "team_slot": 0, "hero_id": 28, "hero_variant": 2, "item_0": 135, "item_1": 692, "item_2": 939, "item_3": 116, "item_4": 1, "item_5": 63, "backpack_0": 0, "backpack_1": 0, "backpack_2": 0, "item_neutral": 1643, "item_neutral2": 1585, "kills": 15, "deaths": 19, "assists": 20, "leaver_status": 0, "last_hits": 336, "denies": 8, "gold_per_min": 548, "xp_per_min": 933, "level": 29, "net_worth": 24038, "aghanims_scepter": 0, "aghanims_shard": 1, "moonshard": 0, "hero_damage": 43673, "tower_damage": 2750, "hero_healing": 0, "gold": 1738, "gold_spent": 32555, "ability_upgrades_arr": [5116, 5115, 5116, 5114, 5116, 5117, 5116, 5114, 5115, 695, 5115, 5117, 5114, 5115, 5114, 5993, 5117, 504, 6890, 852, 6889, 6211], "personaname": "La Chaucha", "name": null, "last_login": "2026-03-03T14:36:01.200Z", "rank_tier": 42, "computed_mmr": 4031.51, "is_subscriber": false, "radiant_win": false, "start_time": 1757466652, "duration": 3903, "cluster": 346, "lobby_type": 0, "game_mode": 22, "is_contributor": false, "patch": 58, "region": 38, "isRadiant": true, "win": 0, "lose": 1, "total_gold": 35647, "total_xp": 60691, "kills_per_min": 0.23059185242121447, "kda": 1.75, "abandons": 0, "benchmarks": {"gold_per_min": {"raw": 548, "pct": 0.7735268249780123}, "xp_per_min": {"raw": 933, "pct": 0.8447669305189094}, "kills_per_min": {"raw": 0.23059185242121444, "pct": 0.6675461741424802}, "last_hits_per_min": {"raw": 5.165257494235204, "pct": 0.689094107299912}, "hero_damage_per_min": {"raw": 671.3758647194466, "pct": 0.8003518029903254}, "hero_healing_per_min": {"raw": 0, "pct": 0.9481090589270009}, "tower_damage": {"raw": 2750, "pct": 0.7075637642919965}}}, {"account_id": 65137360, "player_slot": 1, "team_number": 0, "team_slot": 1, "hero_id": 101, "hero_variant": 2, "item_0": 180, "item_1": 259, "item_2": 0, "item_3": 96, "item_4": 206, "item_5": 102, "backpack_0": 36, "backpack_1": 4204, "backpack_2": 0, "item_neutral": 1607, "item_neutral2": 1577, "kills": 15, "deaths": 14, "assists": 27, "leaver_status": 0, "last_hits": 57, "denies": 5, "gold_per_min": 379, "xp_per_min": 720, "level": 27, "net_worth": 19501, "aghanims_scepter": 0, "aghanims_shard": 0, "moonshard": 0, "hero_damage": 36862, "tower_damage": 958, "hero_healing": 900, "gold": 5801, "gold_spent": 14815, "ability_upgrades_arr": [5582, 5581, 5582, 5583, 5582, 5584, 5582, 5583, 5583, 5583, 5581, 5584, 5581, 411, 5581, 6181, 5584, 6885, 6921, 7132], "personaname": "PatoDeGoma", "name": null, "last_login": "2021-02-10T20:32:57.535Z", "rank_tier": 45, "computed_mmr": null, "is_subscriber": false, "radiant_win": false, "start_time": 1757466652, "duration": 3903, "cluster": 346, "lobby_type": 0, "game_mode": 22, "is_contributor": false, "patch": 58, "region": 38, "isRadiant": true, "win": 0, "lose": 1, "total_gold": 24653, "total_xp": 46836, "kills_per_min": 0.23059185242121447, "kda": 2.8, "abandons": 0, "benchmarks": {"gold_per_min": {"raw": 379, "pct": 0.5406797116374872}, "xp_per_min": {"raw": 720, "pct": 0.7384140061791967}, "kills_per_min": {"raw": 0.23059185242121444, "pct": 0.6588568486096807}, "last_hits_per_min": {"raw": 0.8762490392006149, "pct": 0.196961894953656}, "hero_damage_per_min": {"raw": 566.6717909300538, "pct": 0.41580844490216273}, "hero_healing_per_min": {"raw": 13.835511145272866, "pct": 0.9634397528321318}, "tower_damage": {"raw": 958, "pct": 0.7283728115345005}}}, {"account_id": 150977635, "player_slot": 2, "team_number": 0, "team_slot": 2, "hero_id": 21, "hero_variant": 4, "item_0": 48, "item_1": 6, "item_2": 141, "item_3": 116, "item_4": 158, "item_5": 1, "backpack_0": 75, "backpack_1": 0, "backpack_2": 36, "item_neutral": 1605, "item_neutral2": 1594, "kills": 19, "deaths": 13, "assists": 15, "leaver_status": 0, "last_hits": 178, "denies": 3, "gold_per_min": 479, "xp_per_min": 946, "level": 29, "net_worth": 21640, "aghanims_scepter": 0, "aghanims_shard": 0, "moonshard": 0, "hero_damage": 51529, "tower_damage": 6278, "hero_healing": 0, "gold": 110, "gold_spent": 24625, "ability_upgrades_arr": [5131, 5132, 5131, 5130, 5131, 5133, 5131, 5132, 5130, 5130, 5130, 5133, 5132, 5920, 5132, 6992, 5133, 7889, 6413, 1195, 6562, 7062], "personaname": "one piece", "name": null, "last_login": null, "rank_tier": 33, "computed_mmr": 3977.77, "is_subscriber": false, "radiant_win": false, "start_time": 1757466652, "duration": 3903, "cluster": 346, "lobby_type": 0, "game_mode": 22, "is_contributor": false, "patch": 58, "region": 38, "isRadiant": true, "win": 0, "lose": 1, "total_gold": 31158, "total_xp": 61537, "kills_per_min": 0.2920830130668717, "kda": 2.43, "abandons": 0, "benchmarks": {"gold_per_min": {"raw": 479, "pct": 0.6416690160699182}, "xp_per_min": {"raw": 946, "pct": 0.8897659994361432}, "kills_per_min": {"raw": 0.2920830130668716, "pct": 0.7933464899915421}, "last_hits_per_min": {"raw": 2.7363566487317446, "pct": 0.31604172540174796}, "hero_damage_per_min": {"raw": 792.1445042275172, "pct": 0.8483225260783761}, "hero_healing_per_min": {"raw": 0, "pct": 0.8449393853961094}, "tower_damage": {"raw": 6278, "pct": 0.8040597688187201}}}, {"player_slot": 3, "team_number": 0, "team_slot": 3, "hero_id": 36, "hero_variant": 2, "item_0": 96, "item_1": 119, "item_2": 127, "item_3": 137, "item_4": 48, "item_5": 114, "backpack_0": 218, "backpack_1": 180, "backpack_2": 0, "item_neutral": 1642, "item_neutral2": 1594, "kills": 13, "deaths": 11, "assists": 17, "leaver_status": 0, "last_hits": 479, "denies": 1, "gold_per_min": 620, "xp_per_min": 1101, "level": 30, "net_worth": 34998, "aghanims_scepter": 1, "aghanims_shard": 1, "moonshard": 0, "hero_damage": 45301, "tower_damage": 355, "hero_healing": 5570, "gold": 1073, "gold_spent": 35775, "ability_upgrades_arr": [5158, 5159, 5158, 5159, 5158, 5161, 5158, 5159, 5159, 1049, 1270, 5161, 1270, 1270, 7110, 1270, 5161, 350, 6703, 820, 1050, 7111, 6010], "is_subscriber": false, "radiant_win": false, "start_time": 1757466652, "duration": 3903, "cluster": 346, "lobby_type": 0, "game_mode": 22, "is_contributor": false, "patch": 58, "region": 38, "isRadiant": true, "win": 0, "lose": 1, "total_gold": 40331, "total_xp": 71620, "kills_per_min": 0.19984627209838587, "kda": 2.5, "abandons": 0, "benchmarks": {"gold_per_min": {"raw": 620, "pct": 0.6392096484475237}, "xp_per_min": {"raw": 1101, "pct": 0.8883756735950731}, "kills_per_min": {"raw": 0.19984627209838585, "pct": 0.3274313574544521}, "last_hits_per_min": {"raw": 7.363566487317448, "pct": 0.6235565819861432}, "hero_damage_per_min": {"raw": 696.4027671022291, "pct": 0.33410315627405696}, "hero_healing_per_min": {"raw": 85.62644119907763, "pct": 0.2807287657172184}, "tower_damage": {"raw": 355, "pct": 0.24300744162176033}}}, {"player_slot": 4, "team_number": 0, "team_slot": 4, "hero_id": 42, "hero_variant": 2, "item_0": 137, "item_1": 600, "item_2": 208, "item_3": 158, "item_4": 141, "item_5": 135, "backpack_0": 0, "backpack_1": 0, "backpack_2": 0, "item_neutral": 1645, "item_neutral2": 0, "kills": 16, "deaths": 7, "assists": 28, "leaver_status": 0, "last_hits": 574, "denies": 9, "gold_per_min": 754, "xp_per_min": 1313, "level": 30, "net_worth": 37308, "aghanims_scepter": 0, "aghanims_shard": 0, "moonshard": 1, "hero_damage": 76567, "tower_damage": 6455, "hero_healing": 0, "gold": 158, "gold_spent": 47395, "ability_upgrades_arr": [5088, 1282, 5086, 5088, 5088, 5089, 5088, 1282, 1282, 1545, 1282, 5089, 5086, 5086, 809, 5086, 5089, 5908, 6566, 6088, 5976, 1547, 741], "is_subscriber": false, "radiant_win": false, "start_time": 1757466652, "duration": 3903, "cluster": 346, "lobby_type": 0, "game_mode": 22, "is_contributor": false, "patch": 58, "region": 38, "isRadiant": true, "win": 0, "lose": 1, "total_gold": 49047, "total_xp": 85410, "kills_per_min": 0.24596464258262876, "kda": 5.5, "abandons": 0, "benchmarks": {"gold_per_min": {"raw": 754, "pct": 0.9108247422680412}, "xp_per_min": {"raw": 1313, "pct": 0.9824742268041237},