{"players": [{"player_slot": 0, "team_number": 0, "team_slot": 0, "hero_id": 4, "hero_variant": 1, "item_0": 208, "item_1": 116, "item_2": 158, "item_3": 50, "item_4": 135, "item_5": 127, "backpack_0": 108, "backpack_1": 0, "backpack_2": 0, "item_neutral": 1643, "item_neutral2": 1594, "kills": 13, "deaths": 9, "assists": 18, "leaver_status": 0, "last_hits": 267, "denies": 7, "gold_per_min": 574, "xp_per_min": 990, "level": 29, "net_worth": 31667, "aghanims_scepter": 0, "aghanims_shard": 0, "moonshard": 0, "hero_damage": 41858, "tower_damage": 9336, "hero_healing": 0, "gold": 3167, "gold_spent": 30495, "ability_upgrades_arr": [5016, 5017, 5015, 5017, 5016, 5018, 5017, 5015, 5017, 5015, 5016, 5018, 818, 5015, 819, 5016, 5018, 6357, 905, 6034, 6356], "is_subscriber": false, "radiant_win": true, "start_time": 1747966129, "duration": 3510, "cluster": 241, "lobby_type": 0, "game_mode": 22, "is_contributor": false, "patch": 58, "region": 14, "isRadiant": true, "win": 1, "lose": 0, "total_gold": 33579, "total_xp": 57915, "kills_per_min": 0.2222222222222222, "kda": 3.1, "abandons": 0, "benchmarks": {"gold_per_min": {"raw": 574, "pct": 0.48580786026200873}, "xp_per_min": {"raw": 990, "pct": 0.7145196506550219}, "kills_per_min": {"raw": 0.22222222222222224, "pct": 0.40338427947598254}, "last_hits_per_min": {"raw": 4.564102564102564, "pct": 0.2450873362445415}, "hero_damage_per_min": {"raw": 715.5213675213676, "pct": 0.4874454148471616}, "hero_healing_per_min": {"raw": 0, "pct": 0.9546943231441049}, "tower_damage": {"raw": 9336, "pct": 0.7390829694323144}}}, {"player_slot": 1, "team_number": 0, "team_slot": 1, "hero_id": 121, "hero_variant": 1, "item_0": 176, "item_1": 96, "item_2": 0, "item_3": 123, "item_4": 180, "item_5": 0, "backpack_0": 0, "backpack_1": 0, "backpack_2": 0, "item_neutral": 1642, "item_neutral2": 1594, "kills": 3, "deaths": 17, "assists": 43, "leaver_status": 0, "last_hits": 113, "denies": 0, "gold_per_min": 399, "xp_per_min": 554, "level": 24, "net_worth": 18620, "aghanims_scepter": 0, "aghanims_shard": 0, "moonshard": 0, "hero_damage": 14910, "tower_damage": 1138, "hero_healing": 0, "gold": 945, "gold_spent": 19745, "ability_upgrades_arr": [8000, 8007, 8006, 8000, 8000, 6491, 8006, 8000, 8007, 8007, 8007, 6491, 8006, 8006, 705, 1019, 6491, 8002], "is_subscriber": false, "radiant_win": true, "start_time": 1747966129, "duration": 3510, "cluster": 241, "lobby_type": 0, "game_mode": 22, "is_contributor": false, "patch": 58, "region": 14, "isRadiant": true, "win": 1, "lose": 0, "total_gold": 23341, "total_xp": 32409, "kills_per_min": 0.05128205128205128, "kda": 2.56, "abandons": 0, "benchmarks": {"gold_per_min": {"raw": 399, "pct": 0.7439024390243902}, "xp_per_min": {"raw": 554, "pct": 0.4869918699186992}, "kills_per_min": {"raw": 0.05128205128205128, "pct": 0.15691056910569107}, "last_hits_per_min": {"raw": 1.9316239316239316, "pct": 0.651219512195122}, "hero_damage_per_min": {"raw": 254.87179487179486, "pct": 0.11951219512195121}, "hero_healing_per_min": {"raw": 0, "pct": 0.42520325203252035}, "tower_damage": {"raw": 1138, "pct": 0.7837398373983739}}}, {"player_slot": 2, "team_number": 0, "team_slot": 2, "hero_id": 35, "hero_variant": 1, "item_0": 141, "item_1": 158, "item_2": 116, "item_3": 156, "item_4": 139, "item_5": 135, "backpack_0": 0, "backpack_1": 0, "backpack_2": 0, "item_neutral": 1607, "item_neutral2": 1589, "kills": 26, "deaths": 12, "assists": 19, "leaver_status": 0, "last_hits": 346, "denies": 21, "gold_per_min": 688, "xp_per_min": 733, "level": 26, "net_worth": 34159, "aghanims_scepter": 0, "aghanims_shard": 1, "moonshard": 0, "hero_damage": 72305, "tower_damage": 10253, "hero_healing": 0, "gold": 2809, "gold_spent": 37885, "ability_upgrades_arr": [5154, 5155, 5156, 5154, 5156, 5157, 5156, 5156, 5155, 7396, 5155, 5157, 5154, 5154, 5155, 7892, 5157, 6897, 6896], "is_subscriber": false, "radiant_win": true, "start_time": 1747966129, "duration": 3510, "cluster": 241, "lobby_type": 0, "game_mode": 22, "is_contributor": false, "patch": 58, "region": 14, "isRadiant": true, "win": 1, "lose": 0, "total_gold": 40248, "total_xp": 42880, "kills_per_min": 0.4444444444444444, "kda": 3.46, "abandons": 0, "benchmarks": {"gold_per_min": {"raw": 688, "pct": 0.8020785572367416}, "xp_per_min": {"raw": 733, "pct": 0.514595751184472}, "kills_per_min": {"raw": 0.4444444444444445, "pct": 0.8716185236130215}, "last_hits_per_min": {"raw": 5.914529914529915, "pct": 0.4368026898976005}, "hero_damage_per_min": {"raw": 1235.9829059829058, "pct": 0.8549594987009017}, "hero_healing_per_min": {"raw": 0, "pct": 0.9301543634418462}, "tower_damage": {"raw": 10253, "pct": 0.7521014825003821}}}, {"player_slot": 3, "team_number": 0, "team_slot": 3, "hero_id": 99, "hero_variant": 2, "item_0": 30, "item_1": 121, "item_2": 127, "item_3": 114, "item_4": 108, "item_5": 226, "backpack_0": 63, "backpack_1": 0, "backpack_2": 0, "item_neutral": 1641, "item_neutral2": 1597, "kills": 12, "deaths": 11, "assists": 29, "leaver_status": 0, "last_hits": 207, "denies": 21, "gold_per_min": 498, "xp_per_min": 1062, "level": 29, "net_worth": 26487, "aghanims_scepter": 0, "aghanims_shard": 1, "moonshard": 0, "hero_damage": 47450, "tower_damage": 8008, "hero_healing": 0, "gold": 3737, "gold_spent": 23860, "ability_upgrades_arr": [5549, 5550, 5548, 5549, 5549, 5551, 5549, 5550, 5550, 5550, 5548, 5551, 730, 5548, 6016, 1079, 5548, 5551, 6360, 6615, 7132, 1078, 6308], "is_subscriber": false, "radiant_win": true, "start_time": 1747966129, "duration": 3510, "cluster": 241, "lobby_type": 0, "game_mode": 22, "is_contributor": false, "patch": 58, "region": 14, "isRadiant": true, "win": 1, "lose": 0, "total_gold": 29133, "total_xp": 62127, "kills_per_min": 0.20512820512820512, "kda": 3.42, "abandons": 0, "benchmarks": {"gold_per_min": {"raw": 498, "pct": 0.5076440611524892}, "xp_per_min": {"raw": 1062, "pct": 0.9051352410819287}, "kills_per_min": {"raw": 0.20512820512820512, "pct": 0.5785966287730302}, "last_hits_per_min": {"raw": 3.5384615384615383, "pct": 0.17091336730693846}, "hero_damage_per_min": {"raw": 811.1111111111111, "pct": 0.520188161505292}, "hero_healing_per_min": {"raw": 0, "pct": 0.9051352410819287}, "tower_damage": {"raw": 8008, "pct": 0.8482947863582909}}}, {"player_slot": 4, "team_number": 0, "team_slot": 4, "hero_id": 5, "hero_variant": 3, "item_0": 214, "item_1": 256, "item_2": 42, "item_3": 1466, "item_4": 108, "item_5": 4205, "backpack_0": 8, "backpack_1": 0, "backpack_2": 0, "item_neutral": 1607, "item_neutral2": 1583, "kills": 6, "deaths": 13, "assists": 37, "leaver_status": 0, "last_hits": 63, "denies": 0, "gold_per_min": 379, "xp_per_min": 668, "level": 26, "net_worth": 19146, "aghanims_scepter": 0, "aghanims_shard": 0, "moonshard": 0, "hero_damage": 23695, "tower_damage": 2059, "hero_healing": 125, "gold": 2446, "gold_spent": 18930, "ability_upgrades_arr": [5127, 5126, 5127, 5128, 5127, 5129, 5126, 5127, 5128, 5959, 5126, 5129, 5126, 5128, 956, 5128, 5129, 6623, 6072], "is_subscriber": false, "radiant_win": true, "start_time": 1747966129, "duration": 3510, "cluster": 241, "lobby_type": 0, "game_mode": 22, "is_contributor": false, "patch": 58, "region": 14, "isRadiant": true, "win": 1, "lose": 0, "total_gold": 22171, "total_xp": 39078, "kills_per_min": 0.10256410256410256, "kda": 3.07, "abandons": 0, "benchmarks": {"gold_per_min": {"raw": 379, "pct": 0.6377665544332211}, "xp_per_min": {"raw": 668, "pct": 0.7045454545454546}, "kills_per_min": {"raw": 0.10256410256410256, "pct": 0.45819304152637486}, "last_hits_per_min": {"raw": 1.0769230769230769, "pct": 0.21717171717171718}, "hero_damage_per_min": {"raw": 405.04273504273505, "pct": 0.4225589225589226}, "hero_healing_per_min": {"raw": 2.1367521367521367, "pct": 0.7432659932659933}, "tower_damage": {"raw": 2059, "pct": 0.9396745230078564}}}, {"player_slot": 128, "team_number": 1, "team_slot": 0, "hero_id": 104, "hero_variant": 1, "item_0": 1, "item_1": 127, "item_2": 939, "item_3": 50, "item_4": 116, "item_5": 249,