{"players": [{"player_slot": 0, "team_number": 0, "team_slot": 0, "hero_id": 68, "hero_variant": 2, "item_0": 254, "item_1": 180, "item_2": 37, "item_3": 36, "item_4": 188, "item_5": 60, "backpack_0": 22, "backpack_1": 43, "backpack_2": 0, "item_neutral": 1643, "item_neutral2": 1577, "kills": 2, "deaths": 14, "assists": 16, "leaver_status": 0, "last_hits": 77, "denies": 11, "gold_per_min": 316, "xp_per_min": 456, "level": 19, "net_worth": 11234, "aghanims_scepter": 0, "aghanims_shard": 1, "moonshard": 0, "hero_damage": 14633, "tower_damage": 318, "hero_healing": 0, "gold": 1884, "gold_spent": 10590, "ability_upgrades_arr": [5345, 5347, 5346, 5345, 5346, 5348, 5345, 5346, 5345, 7652, 5347, 5348, 5347, 5346, 6214, 5347, 5348], "is_subscriber": false, "radiant_win": false, "start_time": 1763087858, "duration": 2785, "cluster": 241, "lobby_type": 0, "game_mode": 22, "is_contributor": false, "patch": 58, "region": 14, "isRadiant": true, "win": 0, "lose": 1, "total_gold": 14667, "total_xp": 21166, "kills_per_min": 0.04308797127468582, "kda": 1.2, "abandons": 0, "benchmarks": {"gold_per_min": {"raw": 316, "pct": 0.3397612488521579}, "xp_per_min": {"raw": 456, "pct": 0.30624426078971534}, "kills_per_min": {"raw": 0.04308797127468582, "pct": 0.13085399449035812}, "last_hits_per_min": {"raw": 1.658886894075404, "pct": 0.6111111111111112}, "hero_damage_per_min": {"raw": 315.2531418312388, "pct": 0.22543617998163454}, "hero_healing_per_min": {"raw": 0, "pct": 0.6882460973370065}, "tower_damage": {"raw": 318, "pct": 0.527089072543618}}}, {"player_slot": 1, "team_number": 0, "team_slot": 1, "hero_id": 104, "hero_variant": 1, "item_0": 939, "item_1": 127, "item_2": 141, "item_3": 1, "item_4": 63, "item_5": 108, "backpack_0": 188, "backpack_1": 0, "backpack_2": 216, "item_neutral": 565, "item_neutral2": 1584, "kills": 4, "deaths": 11, "assists": 14, "leaver_status": 0, "last_hits": 293, "denies": 28, "gold_per_min": 512, "xp_per_min": 600, "level": 22, "net_worth": 20923, "aghanims_scepter": 0, "aghanims_shard": 0, "moonshard": 0, "hero_damage": 35790, "tower_damage": 403, "hero_healing": 180, "gold": 708, "gold_spent": 21555, "ability_upgrades_arr": [5595, 5597, 5595, 5597, 5595, 5598, 5595, 5597, 5597, 5596, 5596, 5598, 5596, 5596, 6671, 1113, 5598, 7395], "is_subscriber": false, "radiant_win": false, "start_time": 1763087858, "duration": 2785, "cluster": 241, "lobby_type": 0, "game_mode": 22, "is_contributor": false, "patch": 58, "region": 14, "isRadiant": true, "win": 0, "lose": 1, "total_gold": 23765, "total_xp": 27850, "kills_per_min": 0.08617594254937164, "kda": 1.5, "abandons": 0, "benchmarks": {"gold_per_min": {"raw": 512, "pct": 0.5782029950083195}, "xp_per_min": {"raw": 600, "pct": 0.33044925124792013}, "kills_per_min": {"raw": 0.08617594254937164, "pct": 0.11846921797004992}, "last_hits_per_min": {"raw": 6.312387791741472, "pct": 0.8672212978369385}, "hero_damage_per_min": {"raw": 771.0592459605026, "pct": 0.6454242928452579}, "hero_healing_per_min": {"raw": 3.8779174147217232, "pct": 0.1211314475873544}, "tower_damage": {"raw": 403, "pct": 0.3086522462562396}}}, {"account_id": 41915264, "player_slot": 2, "team_number": 0, "team_slot": 2, "hero_id": 36, "hero_variant": 1, "item_0": 100, "item_1": 116, "item_2": 36, "item_3": 137, "item_4": 29, "item_5": 692, "backpack_0": 0, "backpack_1": 0, "backpack_2": 0, "item_neutral": 1607, "item_neutral2": 1594, "kills": 11, "deaths": 10, "assists": 7, "leaver_status": 0, "last_hits": 255, "denies": 4, "gold_per_min": 537, "xp_per_min": 764, "level": 25, "net_worth": 19693, "aghanims_scepter": 0, "aghanims_shard": 1, "moonshard": 0, "hero_damage": 38250, "tower_damage": 503, "hero_healing": 2535, "gold": 2293, "gold_spent": 18660, "ability_upgrades_arr": [5158, 5159, 5158, 5159, 5158, 5161, 1270, 5158, 5159, 1049, 5159, 5161, 1270, 1270, 7110, 1270, 5161, 350], "personaname": "DonaldSh0n", "name": null, "last_login": null, "rank_tier": 41, "computed_mmr": 3943.5, "is_subscriber": false, "radiant_win": false, "start_time": 1763087858, "duration": 2785, "cluster": 241, "lobby_type": 0, "game_mode": 22, "is_contributor": false, "patch": 58, "region": 14, "isRadiant": true, "win": 0, "lose": 1, "total_gold": 24925, "total_xp": 35462, "kills_per_min": 0.236983842010772, "kda": 1.64, "abandons": 0, "benchmarks": {"gold_per_min": {"raw": 537, "pct": 0.41570438799076215}, "xp_per_min": {"raw": 764, "pct": 0.4693353861945086}, "kills_per_min": {"raw": 0.23698384201077202, "pct": 0.4472671285604311}, "last_hits_per_min": {"raw": 5.493716337522441, "pct": 0.3097254298178086}, "hero_damage_per_min": {"raw": 824.0574506283663, "pct": 0.47780343854246854}, "hero_healing_per_min": {"raw": 54.614003590664275, "pct": 0.13497562227354376}, "tower_damage": {"raw": 503, "pct": 0.2979214780600462}}}, {"account_id": 69634011, "player_slot": 3, "team_number": 0, "team_slot": 3, "hero_id": 135, "hero_variant": 3, "item_0": 127, "item_1": 50, "item_2": 242, "item_3": 8, "item_4": 108, "item_5": 21, "backpack_0": 0, "backpack_1": 42, "backpack_2": 0, "item_neutral": 1643, "item_neutral2": 1585, "kills": 3, "deaths": 6, "assists": 12, "leaver_status": 0, "last_hits": 203, "denies": 15, "gold_per_min": 429, "xp_per_min": 648, "level": 23, "net_worth": 17923, "aghanims_scepter": 0, "aghanims_shard": 1, "moonshard": 0, "hero_damage": 21041, "tower_damage": 208, "hero_healing": 3357, "gold": 1898, "gold_spent": 17315, "ability_upgrades_arr": [7902, 7914, 7902, 7918, 7902, 7906, 7902, 7914, 7914, 7942, 7914, 7906, 7918, 7918, 7938, 7918, 7906, 7930], "personaname": "Barri", "name": null, "last_login": null, "rank_tier": 24, "computed_mmr": 3990.14, "is_subscriber": false, "radiant_win": false, "start_time": 1763087858, "duration": 2785, "cluster": 241, "lobby_type": 0, "game_mode": 22, "is_contributor": false, "patch": 58, "region": 14, "isRadiant": true, "win": 0, "lose": 1, "total_gold": 19912, "total_xp": 30078, "kills_per_min": 0.06463195691202873, "kda": 2.14, "abandons": 0, "benchmarks": {"gold_per_min": {"raw": 429, "pct": 0.29915134370579916}, "xp_per_min": {"raw": 648, "pct": 0.4391796322489392}, "kills_per_min": {"raw": 0.06463195691202872, "pct": 0.0876944837340877}, "last_hits_per_min": {"raw": 4.373429084380611, "pct": 0.27722772277227725}, "hero_damage_per_min": {"raw": 453.30700179533216, "pct": 0.2072135785007072}, "hero_healing_per_min": {"raw": 72.32315978456013, "pct": 0.24045261669024046}, "tower_damage": {"raw": 208, "pct": 0.2581329561527581}}}, {"account_id": 162617916, "player_slot": 4, "team_number": 0, "team_slot": 4, "hero_id": 75, "hero_variant": 4, "item_0": 263, "item_1": 63, "item_2": 0, "item_3": 108, "item_4": 77, "item_5": 77, "backpack_0": 0, "backpack_1": 0, "backpack_2": 0, "item_neutral": 1607, "item_neutral2": 1584, "kills": 4, "deaths": 10, "assists": 13, "leaver_status": 0, "last_hits": 115, "denies": 6, "gold_per_min": 343, "xp_per_min": 702, "level": 24, "net_worth": 13512, "aghanims_scepter": 0, "aghanims_shard": 0, "moonshard": 0, "hero_damage": 17727, "tower_damage": 525, "hero_healing": 37, "gold": 2352, "gold_spent": 13150, "ability_upgrades_arr": [5377, 5379, 5377, 5379, 5379, 5380, 5379, 5377, 5377, 5378, 5906, 5380, 5378, 5378, 721, 5378, 5380, 7048], "personaname": "KRAZH", "name": null, "last_login": null, "rank_tier": 62, "computed_mmr": 4015.53, "is_subscriber": false, "radiant_win": false, "start_time": 1763087858, "duration": 2785, "cluster": 241, "lobby_type": 0, "game_mode": 22, "is_contributor": false, "patch": 58, "region": 14, "isRadiant": true, "win": 0, "lose": 1, "total_gold": 15920, "total_xp": 32584, "kills_per_min": 0.08617594254937164, "kda": 1.55, "abandons": 0, "benchmarks": {"gold_per_min": {"raw": 343, "pct": 0.39539347408829173}, "xp_per_min": {"raw": 702, "pct": 0.7821497120921305}, "kills_per_min": {"raw": 0.08617594254937164, "pct": 0.27863083813179784}, "last_hits_per_min": {"raw": 2.4775583482944348, "pct": 0.6477927063339731},