{"players": [{"player_slot": 0, "team_number": 0, "team_slot": 0, "hero_id": 41, "hero_variant": 2, "item_0": 145, "item_1": 147, "item_2": 160, "item_3": 63, "item_4": 135, "item_5": 139, "backpack_0": 0, "backpack_1": 0, "backpack_2": 0, "item_neutral": 1721, "item_neutral2": 1586, "kills": 13, "deaths": 7, "assists": 13, "leaver_status": 0, "last_hits": 487, "denies": 4, "gold_per_min": 679, "xp_per_min": 996, "level": 27, "net_worth": 28567, "aghanims_scepter": 0, "aghanims_shard": 1, "moonshard": 0, "hero_damage": 45071, "tower_damage": 996, "hero_healing": 0, "gold": 1067, "gold_spent": 28160, "ability_upgrades_arr": [5182, 5184, 5691, 5182, 5182, 5185, 5182, 5184, 5184, 5184, 867, 5691, 5185, 5691, 5691, 6807, 5185, 6128, 6651, 856], "is_subscriber": false, "radiant_win": false, "start_time": 1766807128, "duration": 2743, "cluster": 251, "lobby_type": 7, "game_mode": 22, "is_contributor": false, "patch": 59, "region": 15, "isRadiant": true, "win": 0, "lose": 1, "total_gold": 31041, "total_xp": 45533, "kills_per_min": 0.2843601895734597, "kda": 3.25, "abandons": 0, "benchmarks": {"gold_per_min": {"raw": 679, "pct": 0.7890922959572845}, "xp_per_min": {"raw": 996, "pct": 0.7688787185354691}, "kills_per_min": {"raw": 0.28436018957345977, "pct": 0.7448512585812357}, "last_hits_per_min": {"raw": 10.65257017863653, "pct": 0.959954233409611}, "hero_damage_per_min": {"raw": 985.8767772511848, "pct": 0.9080854309687262}, "hero_healing_per_min": {"raw": 0, "pct": 0.9462242562929062}, "tower_damage": {"raw": 996, "pct": 0.4241037376048818}}}, {"player_slot": 1, "team_number": 0, "team_slot": 1, "hero_id": 26, "hero_variant": 2, "item_0": 214, "item_1": 218, "item_2": 108, "item_3": 37, "item_4": 1, "item_5": 256, "backpack_0": 0, "backpack_1": 0, "backpack_2": 0, "item_neutral": 1720, "item_neutral2": 1592, "kills": 6, "deaths": 20, "assists": 20, "leaver_status": 0, "last_hits": 83, "denies": 1, "gold_per_min": 337, "xp_per_min": 518, "level": 21, "net_worth": 12601, "aghanims_scepter": 0, "aghanims_shard": 0, "moonshard": 0, "hero_damage": 14229, "tower_damage": 0, "hero_healing": 195, "gold": 701, "gold_spent": 13410, "ability_upgrades_arr": [5044, 5046, 5046, 5045, 5044, 5047, 5046, 5044, 5044, 465, 5045, 5045, 5047, 5045, 5046, 401, 5047, 777], "is_subscriber": false, "radiant_win": false, "start_time": 1766807128, "duration": 2743, "cluster": 251, "lobby_type": 7, "game_mode": 22, "is_contributor": false, "patch": 59, "region": 15, "isRadiant": true, "win": 0, "lose": 1, "total_gold": 15406, "total_xp": 23681, "kills_per_min": 0.13124316441851985, "kda": 1.24, "abandons": 0, "benchmarks": {"gold_per_min": {"raw": 337, "pct": 0.5236449115044248}, "xp_per_min": {"raw": 518, "pct": 0.43017146017699115}, "kills_per_min": {"raw": 0.13124316441851988, "pct": 0.4911504424778761}, "last_hits_per_min": {"raw": 1.815530441122858, "pct": 0.7547013274336283}, "hero_damage_per_min": {"raw": 311.2431644185198, "pct": 0.46543141592920356}, "hero_healing_per_min": {"raw": 4.265402843601896, "pct": 0.8971238938053098}, "tower_damage": {"raw": 0, "pct": 0.265625}}}, {"account_id": 37467834, "player_slot": 2, "team_number": 0, "team_slot": 2, "hero_id": 29, "hero_variant": 1, "item_0": 73, "item_1": 1, "item_2": 50, "item_3": 81, "item_4": 149, "item_5": 36, "backpack_0": 0, "backpack_1": 0, "backpack_2": 0, "item_neutral": 1168, "item_neutral2": 1594, "kills": 1, "deaths": 11, "assists": 11, "leaver_status": 0, "last_hits": 100, "denies": 2, "gold_per_min": 263, "xp_per_min": 390, "level": 18, "net_worth": 11441, "aghanims_scepter": 0, "aghanims_shard": 1, "moonshard": 0, "hero_damage": 7887, "tower_damage": 151, "hero_healing": 661, "gold": 1126, "gold_spent": 10315, "ability_upgrades_arr": [5118, 5119, 5120, 5120, 5120, 5121, 5120, 5119, 5119, 6946, 5119, 5118, 5121, 5118, 5118, 6945, 5121], "personaname": "ExtremoDiaz", "name": null, "last_login": null, "rank_tier": 22, "computed_mmr": 3968.35, "is_subscriber": false, "radiant_win": false, "start_time": 1766807128, "duration": 2743, "cluster": 251, "lobby_type": 7, "game_mode": 22, "is_contributor": false, "patch": 59, "region": 15, "isRadiant": true, "win": 0, "lose": 1, "total_gold": 12023, "total_xp": 17829, "kills_per_min": 0.021873860736419976, "kda": 1, "abandons": 0, "benchmarks": {"gold_per_min": {"raw": 263, "pct": 0.03347416314592135}, "xp_per_min": {"raw": 390, "pct": 0.07897302567435814}, "kills_per_min": {"raw": 0.021873860736419976, "pct": 0.05329866753331167}, "last_hits_per_min": {"raw": 2.187386073641998, "pct": 0.049723756906077346}, "hero_damage_per_min": {"raw": 172.51913962814436, "pct": 0.022099447513812154}, "hero_healing_per_min": {"raw": 14.458621946773606, "pct": 0.501462463438414}, "tower_damage": {"raw": 151, "pct": 0.23269418264543387}}}, {"account_id": 418208507, "player_slot": 3, "team_number": 0, "team_slot": 3, "hero_id": 25, "hero_variant": 2, "item_0": 63, "item_1": 98, "item_2": 135, "item_3": 249, "item_4": 149, "item_5": 43, "backpack_0": 140, "backpack_1": 0, "backpack_2": 0, "item_neutral": 1605, "item_neutral2": 1584, "kills": 10, "deaths": 15, "assists": 8, "leaver_status": 0, "last_hits": 306, "denies": 19, "gold_per_min": 544, "xp_per_min": 743, "level": 24, "net_worth": 19659, "aghanims_scepter": 0, "aghanims_shard": 0, "moonshard": 0, "hero_damage": 48175, "tower_damage": 5251, "hero_healing": 0, "gold": 1534, "gold_spent": 18625, "ability_upgrades_arr": [5041, 5040, 5041, 5040, 5040, 5043, 5040, 5041, 5041, 5042, 6009, 5042, 5043, 5042, 5042, 6388, 5043, 844], "personaname": "Desesperado x novia", "name": null, "last_login": null, "rank_tier": 22, "computed_mmr": 3966.61, "is_subscriber": false, "radiant_win": false, "start_time": 1766807128, "duration": 2743, "cluster": 251, "lobby_type": 7, "game_mode": 22, "is_contributor": false, "patch": 59, "region": 15, "isRadiant": true, "win": 0, "lose": 1, "total_gold": 24869, "total_xp": 33967, "kills_per_min": 0.21873860736419978, "kda": 1.13, "abandons": 0, "benchmarks": {"gold_per_min": {"raw": 544, "pct": 0.5200650759219089}, "xp_per_min": {"raw": 743, "pct": 0.4631236442516269}, "kills_per_min": {"raw": 0.21873860736419978, "pct": 0.44549891540130154}, "last_hits_per_min": {"raw": 6.693401385344513, "pct": 0.5745661605206074}, "hero_damage_per_min": {"raw": 1053.7732409770324, "pct": 0.8627982646420824}, "hero_healing_per_min": {"raw": 0, "pct": 0.868763557483731}, "tower_damage": {"raw": 5251, "pct": 0.6372017353579176}}}, {"player_slot": 4, "team_number": 0, "team_slot": 4, "hero_id": 101, "hero_variant": 2, "item_0": 23, "item_1": 180, "item_2": 232, "item_3": 42, "item_4": 37, "item_5": 206, "backpack_0": 77, "backpack_1": 19, "backpack_2": 0, "item_neutral": 71, "item_neutral2": 1595, "kills": 7, "deaths": 12, "assists": 15, "leaver_status": 0, "last_hits": 30, "denies": 0, "gold_per_min": 240, "xp_per_min": 455, "level": 19, "net_worth": 9686, "aghanims_scepter": 0, "aghanims_shard": 0, "moonshard": 0, "hero_damage": 24349, "tower_damage": 0, "hero_healing": 0, "gold": 206, "gold_spent": 10845, "ability_upgrades_arr": [5581, 5582, 5583, 5581, 5581, 5584, 5581, 5582, 5583, 5583, 411, 5583, 5584, 5582, 5582, 6181, 5584], "is_subscriber": false, "radiant_win": false, "start_time": 1766807128, "duration": 2743, "cluster": 251, "lobby_type": 7, "game_mode": 22, "is_contributor": false, "patch": 59, "region": 15, "isRadiant": true, "win": 0, "lose": 1, "total_gold": 10972, "total_xp": 20801, "kills_per_min": 0.15311702515493983, "kda": 1.69, "abandons": 0, "benchmarks": {"gold_per_min": {"raw": 240, "pct": 0.07260556127703399}, "xp_per_min": {"raw": 455, "pct": 0.23583934088568487}, "kills_per_min": {"raw": 0.15311702515493986, "pct": 0.375643666323378}, "last_hits_per_min": {"raw": 0.6562158220925993, "pct": 0.10942327497425335}, "hero_damage_per_min": {"raw": 532.6066350710901, "pct": 0.34938208032955714}, "hero_healing_per_min": {"raw": 0, "pct": 0.7868177136972193}, "tower_damage": {"raw": 0,