{"players": [{"player_slot": 0, "team_number": 0, "team_slot": 0, "hero_id": 98, "hero_variant": 2, "item_0": 273, "item_1": 180, "item_2": 178, "item_3": 123, "item_4": 0, "item_5": 108, "backpack_0": 0, "backpack_1": 0, "backpack_2": 0, "item_neutral": 1608, "item_neutral2": 1585, "kills": 8, "deaths": 4, "assists": 19, "leaver_status": 0, "last_hits": 208, "denies": 2, "gold_per_min": 509, "xp_per_min": 711, "level": 23, "net_worth": 19863, "aghanims_scepter": 0, "aghanims_shard": 1, "moonshard": 0, "hero_damage": 25050, "tower_damage": 4573, "hero_healing": 0, "gold": 1258, "gold_spent": 20175, "ability_upgrades_arr": [5524, 5526, 5525, 5526, 5524, 5527, 5524, 5524, 5525, 5525, 5525, 5527, 1185, 5526, 5526, 8482, 5527, 1563], "is_subscriber": false, "radiant_win": true, "start_time": 1743646333, "duration": 2503, "cluster": 346, "lobby_type": 0, "game_mode": 22, "is_contributor": false, "patch": 57, "region": 38, "isRadiant": true, "win": 1, "lose": 0, "total_gold": 21233, "total_xp": 29660, "kills_per_min": 0.19176987614862165, "kda": 5.4, "abandons": 0, "benchmarks": {"gold_per_min": {"raw": 509, "pct": 0.6436893203883495}, "xp_per_min": {"raw": 711, "pct": 0.5728155339805825}, "kills_per_min": {"raw": 0.19176987614862165, "pct": 0.5466019417475728}, "last_hits_per_min": {"raw": 4.986016779864163, "pct": 0.5699029126213592}, "hero_damage_per_min": {"raw": 600.4794246903715, "pct": 0.5184466019417475}, "hero_healing_per_min": {"raw": 0, "pct": 0.8805825242718447}, "tower_damage": {"raw": 4573, "pct": 0.9466019417475728}}}, {"player_slot": 1, "team_number": 0, "team_slot": 1, "hero_id": 2, "hero_variant": 1, "item_0": 127, "item_1": 50, "item_2": 242, "item_3": 1, "item_4": 21, "item_5": 114, "backpack_0": 0, "backpack_1": 0, "backpack_2": 0, "item_neutral": 949, "item_neutral2": 1585, "kills": 16, "deaths": 4, "assists": 17, "leaver_status": 0, "last_hits": 262, "denies": 10, "gold_per_min": 644, "xp_per_min": 884, "level": 25, "net_worth": 25715, "aghanims_scepter": 1, "aghanims_shard": 1, "moonshard": 0, "hero_damage": 31103, "tower_damage": 7481, "hero_healing": 0, "gold": 2540, "gold_spent": 24020, "ability_upgrades_arr": [5008, 5009, 5007, 5009, 5009, 5010, 5009, 5007, 5007, 5007, 1189, 5010, 5008, 5008, 974, 5008, 5010, 6991], "is_subscriber": false, "radiant_win": true, "start_time": 1743646333, "duration": 2503, "cluster": 346, "lobby_type": 0, "game_mode": 22, "is_contributor": false, "patch": 57, "region": 38, "isRadiant": true, "win": 1, "lose": 0, "total_gold": 26865, "total_xp": 36877, "kills_per_min": 0.3835397522972433, "kda": 6.6, "abandons": 0, "benchmarks": {"gold_per_min": {"raw": 644, "pct": 0.9404973357015985}, "xp_per_min": {"raw": 884, "pct": 0.8028419182948491}, "kills_per_min": {"raw": 0.3835397522972433, "pct": 0.8063943161634103}, "last_hits_per_min": {"raw": 6.280463443867359, "pct": 0.8643428063943162}, "hero_damage_per_min": {"raw": 745.5773072313225, "pct": 0.5750444049733571}, "hero_healing_per_min": {"raw": 0, "pct": 0.9231793960923623}, "tower_damage": {"raw": 7481, "pct": 0.9980017761989343}}}, {"player_slot": 2, "team_number": 0, "team_slot": 2, "hero_id": 70, "hero_variant": 2, "item_0": 50, "item_1": 1, "item_2": 123, "item_3": 135, "item_4": 145, "item_5": 26, "backpack_0": 4205, "backpack_1": 0, "backpack_2": 0, "item_neutral": 828, "item_neutral2": 1586, "kills": 18, "deaths": 8, "assists": 9, "leaver_status": 0, "last_hits": 315, "denies": 2, "gold_per_min": 665, "xp_per_min": 812, "level": 24, "net_worth": 24718, "aghanims_scepter": 0, "aghanims_shard": 1, "moonshard": 0, "hero_damage": 34124, "tower_damage": 10072, "hero_healing": 0, "gold": 5268, "gold_spent": 21990, "ability_upgrades_arr": [5359, 5357, 5358, 5359, 5358, 5360, 5359, 5357, 5359, 5358, 5358, 5360, 5357, 5357, 6132, 6926, 5360, 6973], "is_subscriber": false, "radiant_win": true, "start_time": 1743646333, "duration": 2503, "cluster": 346, "lobby_type": 0, "game_mode": 22, "is_contributor": false, "patch": 57, "region": 38, "isRadiant": true, "win": 1, "lose": 0, "total_gold": 27741, "total_xp": 33873, "kills_per_min": 0.4314822213343987, "kda": 3, "abandons": 0, "benchmarks": {"gold_per_min": {"raw": 665, "pct": 0.715531561461794}, "xp_per_min": {"raw": 812, "pct": 0.48588039867109634}, "kills_per_min": {"raw": 0.43148222133439873, "pct": 0.7977574750830565}, "last_hits_per_min": {"raw": 7.550938873351978, "pct": 0.6054817275747508}, "hero_damage_per_min": {"raw": 817.9944067119457, "pct": 0.645764119601329}, "hero_healing_per_min": {"raw": 0, "pct": 0.949750830564784}, "tower_damage": {"raw": 10072, "pct": 0.8824750830564784}}}, {"player_slot": 3, "team_number": 0, "team_slot": 3, "hero_id": 65, "hero_variant": 1, "item_0": 1, "item_1": 29, "item_2": 108, "item_3": 40, "item_4": 102, "item_5": 28, "backpack_0": 8, "backpack_1": 0, "backpack_2": 0, "item_neutral": 362, "item_neutral2": 1583, "kills": 1, "deaths": 9, "assists": 23, "leaver_status": 0, "last_hits": 85, "denies": 0, "gold_per_min": 352, "xp_per_min": 611, "level": 21, "net_worth": 13356, "aghanims_scepter": 0, "aghanims_shard": 0, "moonshard": 0, "hero_damage": 11629, "tower_damage": 465, "hero_healing": 0, "gold": 1351, "gold_spent": 13255, "ability_upgrades_arr": [5320, 5322, 5321, 5320, 5322, 5323, 5320, 5322, 5320, 5322, 6610, 5323, 5321, 5321, 658, 5321, 5323, 1496], "is_subscriber": false, "radiant_win": true, "start_time": 1743646333, "duration": 2503, "cluster": 346, "lobby_type": 0, "game_mode": 22, "is_contributor": false, "patch": 57, "region": 38, "isRadiant": true, "win": 1, "lose": 0, "total_gold": 14684, "total_xp": 25488, "kills_per_min": 0.023971234518577706, "kda": 2.4, "abandons": 0, "benchmarks": {"gold_per_min": {"raw": 352, "pct": 0.24248704663212436}, "xp_per_min": {"raw": 611, "pct": 0.41347150259067356}, "kills_per_min": {"raw": 0.023971234518577706, "pct": 0.02694300518134715}, "last_hits_per_min": {"raw": 2.0375549340791053, "pct": 0.23937823834196892}, "hero_damage_per_min": {"raw": 278.76148621654016, "pct": 0.06528497409326425}, "hero_healing_per_min": {"raw": 0, "pct": 0.8538860103626943}, "tower_damage": {"raw": 465, "pct": 0.40310880829015544}}}, {"player_slot": 4, "team_number": 0, "team_slot": 4, "hero_id": 102, "hero_variant": 2, "item_0": 269, "item_1": 254, "item_2": 23, "item_3": 232, "item_4": 60, "item_5": 180, "backpack_0": 0, "backpack_1": 0, "backpack_2": 0, "item_neutral": 1599, "item_neutral2": 1594, "kills": 1, "deaths": 3, "assists": 25, "leaver_status": 0, "last_hits": 58, "denies": 3, "gold_per_min": 336, "xp_per_min": 585, "level": 21, "net_worth": 11853, "aghanims_scepter": 0, "aghanims_shard": 0, "moonshard": 0, "hero_damage": 8023, "tower_damage": 1165, "hero_healing": 14349, "gold": 1578, "gold_spent": 12610, "ability_upgrades_arr": [5586, 5585, 5586, 5585, 5586, 5588, 5586, 5585, 5585, 1165, 5587, 5588, 5587, 5587, 6601, 5587, 5588], "is_subscriber": false, "radiant_win": true, "start_time": 1743646333, "duration": 2503, "cluster": 346, "lobby_type": 0, "game_mode": 22, "is_contributor": false, "patch": 57, "region": 38, "isRadiant": true, "win": 1, "lose": 0, "total_gold": 14016, "total_xp": 24404, "kills_per_min": 0.023971234518577706, "kda": 6.5, "abandons": 0, "benchmarks": {"gold_per_min": {"raw": 336, "pct": 0.3783783783783784}, "xp_per_min": {"raw": 585, "pct": 0.5036036036036036}, "kills_per_min": {"raw": 0.023971234518577706, "pct": 0.0972972972972973}, "last_hits_per_min": {"raw": 1.390331602077507, "pct": 0.30180180180180183}, "hero_damage_per_min": {"raw": 192.32121454254894, "pct": 0.14234234234234233}, "hero_healing_per_min": {"raw": 343.96324410707155, "pct": 0.8396396396396396}, "tower_damage": {"raw": 1165, "pct": 0.5873873873873874}}}, {"player_slot": 128, "team_number": 1, "team_slot": 0, "hero_id": 59, "hero_variant": 3, "item_0": 73, "item_1": 36, "item_2": 263, "item_3": 73, "item_4": 63, "item_5": 151, "backpack_0": 0, "backpack_1": 0, "backpack_2": 0, "item_neutral": 1606,