{"players": [{"player_slot": 0, "team_number": 0, "team_slot": 0, "hero_id": 8, "hero_variant": 1, "item_0": 36, "item_1": 1, "item_2": 50, "item_3": 166, "item_4": 75, "item_5": 11, "backpack_0": 0, "backpack_1": 0, "backpack_2": 0, "item_neutral": 1638, "item_neutral2": 1576, "kills": 5, "deaths": 8, "assists": 9, "leaver_status": 0, "last_hits": 131, "denies": 2, "gold_per_min": 363, "xp_per_min": 516, "level": 17, "net_worth": 10810, "aghanims_scepter": 0, "aghanims_shard": 0, "moonshard": 0, "hero_damage": 12364, "tower_damage": 32, "hero_healing": 2156, "gold": 3045, "gold_spent": 8095, "ability_upgrades_arr": [5028, 5029, 5028, 5027, 5028, 5030, 5028, 5027, 5027, 5027, 7021, 5029, 5030, 5029, 5029, 1192], "is_subscriber": false, "radiant_win": false, "start_time": 1768854569, "duration": 1900, "cluster": 251, "lobby_type": 7, "game_mode": 22, "is_contributor": false, "patch": 59, "region": 15, "isRadiant": true, "win": 0, "lose": 1, "total_gold": 11495, "total_xp": 16340, "kills_per_min": 0.15789473684210525, "kda": 1.56, "abandons": 0, "benchmarks": {"gold_per_min": {"raw": 363, "pct": 0.09368070953436806}, "xp_per_min": {"raw": 516, "pct": 0.14994456762749445}, "kills_per_min": {"raw": 0.15789473684210525, "pct": 0.380820399113082}, "last_hits_per_min": {"raw": 4.136842105263158, "pct": 0.0889689578713969}, "hero_damage_per_min": {"raw": 390.4421052631579, "pct": 0.23392461197339245}, "hero_healing_per_min": {"raw": 68.0842105263158, "pct": 0.3068181818181818}, "tower_damage": {"raw": 32, "pct": 0.1629711751662971}}}, {"player_slot": 1, "team_number": 0, "team_slot": 1, "hero_id": 35, "hero_variant": 1, "item_0": 263, "item_1": 172, "item_2": 75, "item_3": 485, "item_4": 63, "item_5": 51, "backpack_0": 0, "backpack_1": 0, "backpack_2": 0, "item_neutral": 71, "item_neutral2": 1577, "kills": 5, "deaths": 6, "assists": 11, "leaver_status": 0, "last_hits": 152, "denies": 2, "gold_per_min": 429, "xp_per_min": 527, "level": 17, "net_worth": 12453, "aghanims_scepter": 0, "aghanims_shard": 0, "moonshard": 0, "hero_damage": 22065, "tower_damage": 2104, "hero_healing": 0, "gold": 798, "gold_spent": 12415, "ability_upgrades_arr": [5154, 5155, 5154, 5155, 5155, 5157, 5155, 5156, 5154, 928, 5154, 5156, 5157, 5156, 5156, 6305], "is_subscriber": false, "radiant_win": false, "start_time": 1768854569, "duration": 1900, "cluster": 251, "lobby_type": 7, "game_mode": 22, "is_contributor": false, "patch": 59, "region": 15, "isRadiant": true, "win": 0, "lose": 1, "total_gold": 13585, "total_xp": 16688, "kills_per_min": 0.15789473684210525, "kda": 2.29, "abandons": 0, "benchmarks": {"gold_per_min": {"raw": 429, "pct": 0.2054954204829309}, "xp_per_min": {"raw": 527, "pct": 0.20166527893422148}, "kills_per_min": {"raw": 0.15789473684210525, "pct": 0.2686094920899251}, "last_hits_per_min": {"raw": 4.8, "pct": 0.27094088259783516}, "hero_damage_per_min": {"raw": 696.7894736842105, "pct": 0.3172356369691923}, "hero_healing_per_min": {"raw": 0, "pct": 0.9365528726061615}, "tower_damage": {"raw": 2104, "pct": 0.4076602830974188}}}, {"player_slot": 2, "team_number": 0, "team_slot": 2, "hero_id": 59, "hero_variant": 3, "item_0": 154, "item_1": 63, "item_2": 151, "item_3": 0, "item_4": 0, "item_5": 0, "backpack_0": 0, "backpack_1": 0, "backpack_2": 0, "item_neutral": 565, "item_neutral2": 1585, "kills": 7, "deaths": 14, "assists": 7, "leaver_status": 0, "last_hits": 66, "denies": 2, "gold_per_min": 296, "xp_per_min": 334, "level": 13, "net_worth": 8551, "aghanims_scepter": 0, "aghanims_shard": 0, "moonshard": 0, "hero_damage": 21653, "tower_damage": 0, "hero_healing": 0, "gold": 451, "gold_spent": 8150, "ability_upgrades_arr": [5272, 5273, 5272, 7300, 5272, 5274, 5272, 5273, 7300, 5273, 7140, 5273, 5274, 7300], "is_subscriber": false, "radiant_win": false, "start_time": 1768854569, "duration": 1900, "cluster": 251, "lobby_type": 7, "game_mode": 22, "is_contributor": false, "patch": 59, "region": 15, "isRadiant": true, "win": 0, "lose": 1, "total_gold": 9373, "total_xp": 10576, "kills_per_min": 0.22105263157894736, "kda": 0.93, "abandons": 0, "benchmarks": {"gold_per_min": {"raw": 296, "pct": 0.08101629913710451}, "xp_per_min": {"raw": 334, "pct": 0.0685522531160115}, "kills_per_min": {"raw": 0.22105263157894736, "pct": 0.3911792905081496}, "last_hits_per_min": {"raw": 2.0842105263157893, "pct": 0.12128475551294343}, "hero_damage_per_min": {"raw": 683.7789473684211, "pct": 0.4597315436241611}, "hero_healing_per_min": {"raw": 0, "pct": 0.9645254074784276}, "tower_damage": {"raw": 0, "pct": 0.11409395973154363}}}, {"player_slot": 3, "team_number": 0, "team_slot": 3, "hero_id": 123, "hero_variant": 1, "item_0": 77, "item_1": 214, "item_2": 77, "item_3": 36, "item_4": 277, "item_5": 0, "backpack_0": 0, "backpack_1": 0, "backpack_2": 0, "item_neutral": 1638, "item_neutral2": 1595, "kills": 5, "deaths": 8, "assists": 7, "leaver_status": 0, "last_hits": 67, "denies": 8, "gold_per_min": 292, "xp_per_min": 407, "level": 15, "net_worth": 8592, "aghanims_scepter": 0, "aghanims_shard": 1, "moonshard": 0, "hero_damage": 12973, "tower_damage": 0, "hero_healing": 0, "gold": 522, "gold_spent": 8905, "ability_upgrades_arr": [8429, 8158, 8158, 8429, 8158, 8106, 8429, 8429, 8158, 9511, 9501, 9501, 8106, 9501, 9501, 9513], "is_subscriber": false, "radiant_win": false, "start_time": 1768854569, "duration": 1900, "cluster": 251, "lobby_type": 7, "game_mode": 22, "is_contributor": false, "patch": 59, "region": 15, "isRadiant": true, "win": 0, "lose": 1, "total_gold": 9246, "total_xp": 12888, "kills_per_min": 0.15789473684210525, "kda": 1.33, "abandons": 0, "benchmarks": {"gold_per_min": {"raw": 292, "pct": 0.16775777414075285}, "xp_per_min": {"raw": 407, "pct": 0.1681669394435352}, "kills_per_min": {"raw": 0.15789473684210525, "pct": 0.5781505728314239}, "last_hits_per_min": {"raw": 2.1157894736842104, "pct": 0.44967266775777415}, "hero_damage_per_min": {"raw": 409.6736842105263, "pct": 0.33387888707037644}, "hero_healing_per_min": {"raw": 0, "pct": 0.6239770867430442}, "tower_damage": {"raw": 0, "pct": 0.1988543371522095}}}, {"account_id": 37467834, "player_slot": 4, "team_number": 0, "team_slot": 4, "hero_id": 87, "hero_variant": 1, "item_0": 254, "item_1": 180, "item_2": 36, "item_3": 188, "item_4": 218, "item_5": 0, "backpack_0": 0, "backpack_1": 0, "backpack_2": 0, "item_neutral": 1637, "item_neutral2": 1583, "kills": 3, "deaths": 11, "assists": 14, "leaver_status": 0, "last_hits": 13, "denies": 1, "gold_per_min": 234, "xp_per_min": 360, "level": 14, "net_worth": 5702, "aghanims_scepter": 0, "aghanims_shard": 0, "moonshard": 0, "hero_damage": 9477, "tower_damage": 0, "hero_healing": 125, "gold": 1342, "gold_spent": 5130, "ability_upgrades_arr": [5458, 5459, 5458, 5460, 5458, 5461, 5459, 5459, 5459, 5458, 5460, 5918, 5461, 5460], "personaname": "ExtremoDiaz", "name": null, "last_login": null, "rank_tier": 22, "computed_mmr": 3968.35, "is_subscriber": false, "radiant_win": false, "start_time": 1768854569, "duration": 1900, "cluster": 251, "lobby_type": 7, "game_mode": 22, "is_contributor": false, "patch": 59, "region": 15, "isRadiant": true, "win": 0, "lose": 1, "total_gold": 7410, "total_xp": 11400, "kills_per_min": 0.09473684210526316, "kda": 1.42, "abandons": 0, "benchmarks": {"gold_per_min": {"raw": 234, "pct": 0.09971374045801527}, "xp_per_min": {"raw": 360, "pct": 0.15553435114503816}, "kills_per_min": {"raw": 0.09473684210526316, "pct": 0.5324427480916031}, "last_hits_per_min": {"raw": 0.4105263157894737, "pct": 0.04580152671755725}, "hero_damage_per_min": {"raw": 299.2736842105263, "pct": 0.24188931297709923}, "hero_healing_per_min": {"raw": 3.9473684210526314, "pct": 0.7590648854961832}, "tower_damage": {"raw": 0, "pct": 0.2619274809160305}}}, {"account_id": 157153635, "player_slot": 128, "team_number": 1, "team_slot": 0, "hero_id": 9, "hero_variant": 3, "item_0": 63, "item_1": 41, "item_2": 36, "item_3": 158, "item_4": 135, "item_5": 244, "backpack_0": 0, "backpack_1": 0,