{"match_id": 8773204248, "players": [{"account_id": 45421382, "player_slot": 0, "party_id": 0, "permanent_buffs": [{"permanent_buff": 5, "stack_count": 150, "grant_time": 835}], "party_size": 1, "team_number": 0, "team_slot": 0, "hero_id": 104, "hero_variant": 0, "item_0": 168, "item_1": 7, "item_2": 127, "item_3": 50, "item_4": 1, "item_5": 485, "backpack_0": 86, "backpack_1": 0, "backpack_2": 0, "item_neutral": 574, "item_neutral2": 1585, "kills": 5, "deaths": 12, "assists": 14, "leaver_status": 0, "last_hits": 155, "denies": 0, "gold_per_min": 381, "xp_per_min": 558, "level": 20, "net_worth": 13326, "aghanims_scepter": 0, "aghanims_shard": 0, "moonshard": 0, "hero_damage": 19856, "tower_damage": 718, "hero_healing": 1833, "gold": 1401, "gold_spent": 13120, "ability_upgrades_arr": [5596, 5595, 5597, 5597, 5595, 5598, 5597, 5595, 5596, 1113, 730, 5597, 5598, 5595, 5596, 6671, 730, 5596, 5598, 6526], "personaname": "La Chaucha", "name": null, "last_login": "2026-03-03T14:36:01.200Z", "rank_tier": 44, "computed_mmr": 4147.59, "is_subscriber": false, "radiant_win": false, "start_time": 1776298183, "duration": 2442, "cluster": 251, "lobby_type": 7, "game_mode": 22, "is_contributor": false, "patch": 60, "region": 15, "isRadiant": true, "win": 0, "lose": 1, "total_gold": 15506, "total_xp": 22710, "kills_per_min": 0.12285012285012284, "kda": 1.46, "abandons": 0, "benchmarks": {"gold_per_min": {"raw": 381, "pct": 0.18167330677290836}, "xp_per_min": {"raw": 558, "pct": 0.2613545816733068}, "kills_per_min": {"raw": 0.12285012285012285, "pct": 0.21115537848605578}, "last_hits_per_min": {"raw": 3.808353808353808, "pct": 0.29601593625498007}, "hero_damage_per_min": {"raw": 487.86240786240785, "pct": 0.22629482071713147}, "hero_healing_per_min": {"raw": 45.03685503685504, "pct": 0.6764940239043825}, "tower_damage": {"raw": 718, "pct": 0.36932270916334664}}}, {"account_id": 279421194, "player_slot": 1, "party_id": 1, "permanent_buffs": [{"permanent_buff": 13, "stack_count": 7, "grant_time": 835}], "party_size": 1, "team_number": 0, "team_slot": 1, "hero_id": 2, "hero_variant": 0, "item_0": 50, "item_1": 4204, "item_2": 127, "item_3": 1107, "item_4": 1, "item_5": 273, "backpack_0": 0, "backpack_1": 0, "backpack_2": 0, "item_neutral": 574, "item_neutral2": 1585, "kills": 20, "deaths": 11, "assists": 11, "leaver_status": 0, "last_hits": 129, "denies": 1, "gold_per_min": 507, "xp_per_min": 702, "level": 22, "net_worth": 15826, "aghanims_scepter": 0, "aghanims_shard": 0, "moonshard": 0, "hero_damage": 34810, "tower_damage": 0, "hero_healing": 62, "gold": 2826, "gold_spent": 14970, "ability_upgrades_arr": [5008, 5009, 5008, 5007, 5008, 5010, 5009, 5009, 5009, 5007, 5007, 1189, 5010, 5007, 5008, 6102, 5010, 6991], "personaname": "MaDara .S.C.", "name": null, "last_login": null, "rank_tier": 44, "computed_mmr": 4013.07, "is_subscriber": false, "radiant_win": false, "start_time": 1776298183, "duration": 2442, "cluster": 251, "lobby_type": 7, "game_mode": 22, "is_contributor": false, "patch": 60, "region": 15, "isRadiant": true, "win": 0, "lose": 1, "total_gold": 20634, "total_xp": 28571, "kills_per_min": 0.49140049140049136, "kda": 2.58, "abandons": 0, "benchmarks": {"gold_per_min": {"raw": 507, "pct": 0.5508379888268157}, "xp_per_min": {"raw": 702, "pct": 0.4782122905027933}, "kills_per_min": {"raw": 0.4914004914004914, "pct": 0.9270018621973929}, "last_hits_per_min": {"raw": 3.1695331695331697, "pct": 0.12513966480446928}, "hero_damage_per_min": {"raw": 855.2825552825552, "pct": 0.719925512104283}, "hero_healing_per_min": {"raw": 1.5233415233415233, "pct": 0.9288640595903166}, "tower_damage": {"raw": 0, "pct": 0.1590316573556797}}}, {"account_id": 389103756, "player_slot": 2, "party_id": 2, "permanent_buffs": [], "party_size": 1, "team_number": 0, "team_slot": 2, "hero_id": 48, "hero_variant": 0, "item_0": 22, "item_1": 172, "item_2": 21, "item_3": 63, "item_4": 147, "item_5": 263, "backpack_0": 23, "backpack_1": 0, "backpack_2": 0, "item_neutral": 1603, "item_neutral2": 1584, "kills": 5, "deaths": 13, "assists": 22, "leaver_status": 0, "last_hits": 309, "denies": 1, "gold_per_min": 534, "xp_per_min": 744, "level": 23, "net_worth": 16358, "aghanims_scepter": 0, "aghanims_shard": 0, "moonshard": 0, "hero_damage": 25607, "tower_damage": 711, "hero_healing": 0, "gold": 958, "gold_spent": 17775, "ability_upgrades_arr": [5222, 5223, 5222, 1462, 5222, 5225, 5223, 5222, 1462, 7047, 5223, 5223, 5225, 1462, 1462, 6180, 5225, 770], "personaname": "violeytor", "name": null, "last_login": null, "rank_tier": 43, "computed_mmr": 4240.94, "is_subscriber": false, "radiant_win": false, "start_time": 1776298183, "duration": 2442, "cluster": 251, "lobby_type": 7, "game_mode": 22, "is_contributor": false, "patch": 60, "region": 15, "isRadiant": true, "win": 0, "lose": 1, "total_gold": 21733, "total_xp": 30280, "kills_per_min": 0.12285012285012284, "kda": 1.93, "abandons": 0, "benchmarks": {"gold_per_min": {"raw": 534, "pct": 0.26473099914602904}, "xp_per_min": {"raw": 744, "pct": 0.35269000853970967}, "kills_per_min": {"raw": 0.12285012285012285, "pct": 0.2519214346712212}, "last_hits_per_min": {"raw": 7.5921375921375915, "pct": 0.2630230572160547}, "hero_damage_per_min": {"raw": 629.1646191646191, "pct": 0.4099060631938514}, "hero_healing_per_min": {"raw": 0, "pct": 0.964133219470538}, "tower_damage": {"raw": 711, "pct": 0.19299743808710504}}}, {"account_id": 341434492, "player_slot": 3, "party_id": 3, "permanent_buffs": [{"permanent_buff": 12, "stack_count": 0, "grant_time": 2162}], "party_size": 1, "team_number": 0, "team_slot": 3, "hero_id": 28, "hero_variant": 0, "item_0": 939, "item_1": 50, "item_2": 1, "item_3": 218, "item_4": 116, "item_5": 240, "backpack_0": 134, "backpack_1": 4204, "backpack_2": 0, "item_neutral": 1077, "item_neutral2": 1586, "kills": 10, "deaths": 8, "assists": 8, "leaver_status": 0, "last_hits": 241, "denies": 7, "gold_per_min": 512, "xp_per_min": 1033, "level": 26, "net_worth": 17400, "aghanims_scepter": 0, "aghanims_shard": 1, "moonshard": 0, "hero_damage": 22779, "tower_damage": 33, "hero_healing": 0, "gold": 300, "gold_spent": 20170, "ability_upgrades_arr": [5115, 5116, 5115, 5116, 5116, 5117, 5116, 5114, 5115, 5115, 6889, 5114, 5117, 5114, 5114, 504, 5117, 6211, 7871], "personaname": "Que hay perros", "name": null, "last_login": null, "rank_tier": 42, "computed_mmr": 4053.24, "is_subscriber": false, "radiant_win": false, "start_time": 1776298183, "duration": 2442, "cluster": 251, "lobby_type": 7, "game_mode": 22, "is_contributor": false, "patch": 60, "region": 15, "isRadiant": true, "win": 0, "lose": 1, "total_gold": 20838, "total_xp": 42043, "kills_per_min": 0.24570024570024568, "kda": 2, "abandons": 0, "benchmarks": {"gold_per_min": {"raw": 512, "pct": 0.6539087947882736}, "xp_per_min": {"raw": 1033, "pct": 0.8998371335504886}, "kills_per_min": {"raw": 0.2457002457002457, "pct": 0.6742671009771987}, "last_hits_per_min": {"raw": 5.921375921375922, "pct": 0.8257328990228013}, "hero_damage_per_min": {"raw": 559.6805896805896, "pct": 0.6221498371335505}, "hero_healing_per_min": {"raw": 0, "pct": 0.9340390879478827}, "tower_damage": {"raw": 33, "pct": 0.16938110749185667}}}, {"account_id": 863801417, "player_slot": 4, "party_id": 4, "permanent_buffs": [], "party_size": 1, "team_number": 0, "team_slot": 4, "hero_id": 31, "hero_variant": 0, "item_0": 1854, "item_1": 125, "item_2": 0, "item_3": 180, "item_4": 254, "item_5": 0, "backpack_0": 0, "backpack_1": 0, "backpack_2": 0, "item_neutral": 1604, "item_neutral2": 1577, "kills": 4, "deaths": 12, "assists": 22, "leaver_status": 0, "last_hits": 98, "denies": 10, "gold_per_min": 322, "xp_per_min": 575, "level": 20, "net_worth": 9186, "aghanims_scepter": 0, "aghanims_shard": 0, "moonshard": 0, "hero_damage": 28332, "tower_damage": 0, "hero_healing": 0, "gold": 1236, "gold_spent": 10210,