{"players": [{"account_id": 89026444, "player_slot": 0, "team_number": 0, "team_slot": 0, "hero_id": 35, "hero_variant": 1, "item_0": 166, "item_1": 263, "item_2": 63, "item_3": 75, "item_4": 75, "item_5": 55, "backpack_0": 0, "backpack_1": 0, "backpack_2": 0, "item_neutral": 1604, "item_neutral2": 1586, "kills": 3, "deaths": 1, "assists": 14, "leaver_status": 0, "last_hits": 229, "denies": 4, "gold_per_min": 526, "xp_per_min": 585, "level": 18, "net_worth": 17135, "aghanims_scepter": 0, "aghanims_shard": 0, "moonshard": 0, "hero_damage": 12565, "tower_damage": 8198, "hero_healing": 0, "gold": 5325, "gold_spent": 12085, "ability_upgrades_arr": [5154, 5155, 5155, 5154, 5154, 5157, 5154, 5155, 5155, 5156, 928, 5156, 5157, 5156, 5156, 7892, 5157], "personaname": "Durotan", "name": null, "last_login": null, "rank_tier": 41, "computed_mmr": 3927.53, "is_subscriber": false, "radiant_win": true, "start_time": 1767354213, "duration": 1929, "cluster": 181, "lobby_type": 7, "game_mode": 22, "is_contributor": false, "patch": 59, "region": 8, "isRadiant": true, "win": 1, "lose": 0, "total_gold": 16910, "total_xp": 18807, "kills_per_min": 0.09331259720062209, "kda": 8.5, "abandons": 0, "benchmarks": {"gold_per_min": {"raw": 526, "pct": 0.5438895517300153}, "xp_per_min": {"raw": 585, "pct": 0.35299130731208456}, "kills_per_min": {"raw": 0.09331259720062209, "pct": 0.11658428498380774}, "last_hits_per_min": {"raw": 7.122861586314152, "pct": 0.7796147946139423}, "hero_damage_per_min": {"raw": 390.82426127527214, "pct": 0.04482699846599625}, "hero_healing_per_min": {"raw": 0, "pct": 0.9202318050110789}, "tower_damage": {"raw": 8198, "pct": 0.7905232657235385}}}, {"player_slot": 1, "team_number": 0, "team_slot": 1, "hero_id": 10, "hero_variant": 1, "item_0": 263, "item_1": 63, "item_2": 176, "item_3": 147, "item_4": 139, "item_5": 81, "backpack_0": 0, "backpack_1": 0, "backpack_2": 0, "item_neutral": 950, "item_neutral2": 1576, "kills": 14, "deaths": 1, "assists": 11, "leaver_status": 0, "last_hits": 356, "denies": 25, "gold_per_min": 818, "xp_per_min": 841, "level": 22, "net_worth": 25737, "aghanims_scepter": 0, "aghanims_shard": 1, "moonshard": 0, "hero_damage": 21477, "tower_damage": 17818, "hero_healing": 731, "gold": 887, "gold_spent": 26570, "ability_upgrades_arr": [5055, 5052, 5055, 5052, 5052, 5057, 5052, 730, 730, 730, 7060, 730, 730, 730, 730, 6062, 5057, 5053, 5053, 5053, 5053, 5929, 5057, 5055, 5055], "is_subscriber": false, "radiant_win": true, "start_time": 1767354213, "duration": 1929, "cluster": 181, "lobby_type": 7, "game_mode": 22, "is_contributor": false, "patch": 59, "region": 8, "isRadiant": true, "win": 1, "lose": 0, "total_gold": 26298, "total_xp": 27038, "kills_per_min": 0.4354587869362364, "kda": 12.5, "abandons": 0, "benchmarks": {"gold_per_min": {"raw": 818, "pct": 0.9577464788732394}, "xp_per_min": {"raw": 841, "pct": 0.6270667483159829}, "kills_per_min": {"raw": 0.4354587869362364, "pct": 0.9216166564605022}, "last_hits_per_min": {"raw": 11.073094867807155, "pct": 0.9583588487446417}, "hero_damage_per_min": {"raw": 668.0248833592535, "pct": 0.6858542559706062}, "hero_healing_per_min": {"raw": 22.73716951788491, "pct": 0.5609308022045315}, "tower_damage": {"raw": 17818, "pct": 0.8542559706062461}}}, {"player_slot": 2, "team_number": 0, "team_slot": 2, "hero_id": 2, "hero_variant": 2, "item_0": 50, "item_1": 92, "item_2": 1, "item_3": 127, "item_4": 116, "item_5": 12, "backpack_0": 12, "backpack_1": 22, "backpack_2": 23, "item_neutral": 1603, "item_neutral2": 1583, "kills": 17, "deaths": 5, "assists": 19, "leaver_status": 0, "last_hits": 140, "denies": 9, "gold_per_min": 550, "xp_per_min": 619, "level": 19, "net_worth": 17148, "aghanims_scepter": 0, "aghanims_shard": 1, "moonshard": 0, "hero_damage": 23102, "tower_damage": 1517, "hero_healing": 423, "gold": 1373, "gold_spent": 15965, "ability_upgrades_arr": [5008, 5009, 5009, 5007, 5009, 5010, 5009, 5007, 5007, 5007, 9401, 5008, 5010, 5008, 5008, 974, 5010], "is_subscriber": false, "radiant_win": true, "start_time": 1767354213, "duration": 1929, "cluster": 181, "lobby_type": 7, "game_mode": 22, "is_contributor": false, "patch": 59, "region": 8, "isRadiant": true, "win": 1, "lose": 0, "total_gold": 17682, "total_xp": 19900, "kills_per_min": 0.5287713841368585, "kda": 6, "abandons": 0, "benchmarks": {"gold_per_min": {"raw": 550, "pct": 0.7815909541757587}, "xp_per_min": {"raw": 619, "pct": 0.3923824637968657}, "kills_per_min": {"raw": 0.5287713841368585, "pct": 0.9543741321166436}, "last_hits_per_min": {"raw": 4.354587869362364, "pct": 0.46320174568537986}, "hero_damage_per_min": {"raw": 718.5692068429238, "pct": 0.5836143622297163}, "hero_healing_per_min": {"raw": 13.157076205287714, "pct": 0.9813529061694108}, "tower_damage": {"raw": 1517, "pct": 0.6812140448323746}}}, {"player_slot": 3, "team_number": 0, "team_slot": 3, "hero_id": 101, "hero_variant": 1, "item_0": 37, "item_1": 180, "item_2": 259, "item_3": 0, "item_4": 77, "item_5": 206, "backpack_0": 0, "backpack_1": 0, "backpack_2": 0, "item_neutral": 1604, "item_neutral2": 1583, "kills": 10, "deaths": 2, "assists": 22, "leaver_status": 0, "last_hits": 36, "denies": 0, "gold_per_min": 382, "xp_per_min": 604, "level": 19, "net_worth": 11357, "aghanims_scepter": 0, "aghanims_shard": 1, "moonshard": 0, "hero_damage": 22092, "tower_damage": 1962, "hero_healing": 125, "gold": 2202, "gold_spent": 10455, "ability_upgrades_arr": [5582, 5581, 5582, 5583, 5582, 5584, 5582, 5581, 5583, 5583, 411, 5583, 5584, 5581, 5581, 6181, 5584], "is_subscriber": false, "radiant_win": true, "start_time": 1767354213, "duration": 1929, "cluster": 181, "lobby_type": 7, "game_mode": 22, "is_contributor": false, "patch": 59, "region": 8, "isRadiant": true, "win": 1, "lose": 0, "total_gold": 12281, "total_xp": 19418, "kills_per_min": 0.3110419906687403, "kda": 10.67, "abandons": 0, "benchmarks": {"gold_per_min": {"raw": 382, "pct": 0.5351579884290165}, "xp_per_min": {"raw": 604, "pct": 0.49043168669336895}, "kills_per_min": {"raw": 0.3110419906687403, "pct": 0.7963951935914553}, "last_hits_per_min": {"raw": 1.119751166407465, "pct": 0.2734757454383623}, "hero_damage_per_min": {"raw": 687.1539657853809, "pct": 0.57543391188251}, "hero_healing_per_min": {"raw": 3.888024883359254, "pct": 0.8738317757009346}, "tower_damage": {"raw": 1962, "pct": 0.8820649755229194}}}, {"account_id": 115042800, "player_slot": 4, "team_number": 0, "team_slot": 4, "hero_id": 75, "hero_variant": 4, "item_0": 65, "item_1": 254, "item_2": 36, "item_3": 108, "item_4": 265, "item_5": 180, "backpack_0": 4204, "backpack_1": 0, "backpack_2": 0, "item_neutral": 1158, "item_neutral2": 1583, "kills": 2, "deaths": 4, "assists": 22, "leaver_status": 0, "last_hits": 52, "denies": 8, "gold_per_min": 397, "xp_per_min": 552, "level": 18, "net_worth": 12015, "aghanims_scepter": 0, "aghanims_shard": 0, "moonshard": 0, "hero_damage": 7965, "tower_damage": 2432, "hero_healing": 0, "gold": 1355, "gold_spent": 11970, "ability_upgrades_arr": [5377, 5379, 5377, 5379, 5377, 5380, 5377, 5379, 5379, 6184, 5378, 5378, 5380, 5378, 5378, 721, 5380], "personaname": "hot_space1", "name": null, "last_login": null, "rank_tier": 45, "computed_mmr": 4012.77, "is_subscriber": false, "radiant_win": true, "start_time": 1767354213, "duration": 1929, "cluster": 181, "lobby_type": 7, "game_mode": 22, "is_contributor": false, "patch": 59, "region": 8, "isRadiant": true, "win": 1, "lose": 0, "total_gold": 12763, "total_xp": 17746, "kills_per_min": 0.06220839813374806, "kda": 4.8, "abandons": 0, "benchmarks": {"gold_per_min": {"raw": 397, "pct": 0.7048556013963821}, "xp_per_min": {"raw": 552, "pct": 0.5388765471278959}, "kills_per_min": {"raw": 0.06220839813374805, "pct": 0.2148524278006982}, "last_hits_per_min": {"raw": 1.6174183514774496, "pct": 0.44430339574738176}, "hero_damage_per_min": {"raw": 247.74494556765165, "pct": 0.07616629641383688}, "hero_healing_per_min": {"raw": 0, "pct": 0.7397651539193907},