{"players": [{"account_id": 115213433, "player_slot": 0, "team_number": 0, "team_slot": 0, "hero_id": 2, "hero_variant": 2, "item_0": 90, "item_1": 1, "item_2": 226, "item_3": 50, "item_4": 127, "item_5": 36, "backpack_0": 0, "backpack_1": 0, "backpack_2": 0, "item_neutral": 1605, "item_neutral2": 1594, "kills": 7, "deaths": 8, "assists": 11, "leaver_status": 0, "last_hits": 183, "denies": 6, "gold_per_min": 461, "xp_per_min": 790, "level": 25, "net_worth": 18402, "aghanims_scepter": 0, "aghanims_shard": 1, "moonshard": 0, "hero_damage": 21860, "tower_damage": 1711, "hero_healing": 21, "gold": 2727, "gold_spent": 17185, "ability_upgrades_arr": [5008, 5009, 5007, 5008, 5009, 5010, 5009, 5009, 5008, 5008, 5007, 5010, 5007, 5007, 9401, 670, 5010, 562], "personaname": "Getsuga Tensho *~", "name": null, "last_login": null, "rank_tier": null, "computed_mmr": null, "is_subscriber": false, "radiant_win": true, "start_time": 1760581527, "duration": 2639, "cluster": 251, "lobby_type": 0, "game_mode": 22, "is_contributor": false, "patch": 58, "region": 15, "isRadiant": true, "win": 1, "lose": 0, "total_gold": 20276, "total_xp": 34746, "kills_per_min": 0.15915119363395225, "kda": 2, "abandons": 0, "benchmarks": {"gold_per_min": {"raw": 461, "pct": 0.4300325430032543}, "xp_per_min": {"raw": 790, "pct": 0.697582519758252}, "kills_per_min": {"raw": 0.15915119363395225, "pct": 0.24918642491864249}, "last_hits_per_min": {"raw": 4.16066691928761, "pct": 0.3702928870292887}, "hero_damage_per_min": {"raw": 497.006441834028, "pct": 0.198977219897722}, "hero_healing_per_min": {"raw": 0.47745358090185674, "pct": 0.9256159925615992}, "tower_damage": {"raw": 1711, "pct": 0.7164109716410971}}}, {"player_slot": 1, "team_number": 0, "team_slot": 1, "hero_id": 35, "hero_variant": 2, "item_0": 152, "item_1": 168, "item_2": 236, "item_3": 135, "item_4": 141, "item_5": 63, "backpack_0": 0, "backpack_1": 0, "backpack_2": 0, "item_neutral": 828, "item_neutral2": 1576, "kills": 5, "deaths": 5, "assists": 18, "leaver_status": 0, "last_hits": 213, "denies": 8, "gold_per_min": 507, "xp_per_min": 656, "level": 23, "net_worth": 21553, "aghanims_scepter": 0, "aghanims_shard": 0, "moonshard": 0, "hero_damage": 22065, "tower_damage": 9172, "hero_healing": 0, "gold": 998, "gold_spent": 21200, "ability_upgrades_arr": [5154, 5155, 5154, 5155, 5154, 5157, 5155, 5154, 5155, 5156, 5156, 5157, 5156, 5156, 928, 6305, 5157, 1455], "is_subscriber": false, "radiant_win": true, "start_time": 1760581527, "duration": 2639, "cluster": 251, "lobby_type": 0, "game_mode": 22, "is_contributor": false, "patch": 58, "region": 15, "isRadiant": true, "win": 1, "lose": 0, "total_gold": 22299, "total_xp": 28853, "kills_per_min": 0.1136794240242516, "kda": 3.83, "abandons": 0, "benchmarks": {"gold_per_min": {"raw": 507, "pct": 0.37835137385512074}, "xp_per_min": {"raw": 656, "pct": 0.41199000832639465}, "kills_per_min": {"raw": 0.11367942402425162, "pct": 0.15420482930890925}, "last_hits_per_min": {"raw": 4.842743463433118, "pct": 0.2769358867610325}, "hero_damage_per_min": {"raw": 501.6672982190223, "pct": 0.1064113238967527}, "hero_healing_per_min": {"raw": 0, "pct": 0.9365528726061615}, "tower_damage": {"raw": 9172, "pct": 0.7052456286427977}}}, {"player_slot": 2, "team_number": 0, "team_slot": 2, "hero_id": 53, "hero_variant": 1, "item_0": 37, "item_1": 98, "item_2": 63, "item_3": 158, "item_4": 152, "item_5": 7, "backpack_0": 0, "backpack_1": 0, "backpack_2": 11, "item_neutral": 1605, "item_neutral2": 1576, "kills": 4, "deaths": 10, "assists": 19, "leaver_status": 0, "last_hits": 194, "denies": 0, "gold_per_min": 470, "xp_per_min": 567, "level": 21, "net_worth": 18248, "aghanims_scepter": 0, "aghanims_shard": 0, "moonshard": 0, "hero_damage": 12722, "tower_damage": 8083, "hero_healing": 579, "gold": 2223, "gold_spent": 18240, "ability_upgrades_arr": [5245, 5246, 5245, 5246, 5245, 5248, 5245, 5246, 5247, 5247, 5247, 5248, 5247, 5246, 470, 1620, 5248, 927], "is_subscriber": false, "radiant_win": true, "start_time": 1760581527, "duration": 2639, "cluster": 251, "lobby_type": 0, "game_mode": 22, "is_contributor": false, "patch": 58, "region": 15, "isRadiant": true, "win": 1, "lose": 0, "total_gold": 20672, "total_xp": 24938, "kills_per_min": 0.09094353921940129, "kda": 2.09, "abandons": 0, "benchmarks": {"gold_per_min": {"raw": 470, "pct": 0.3453482708231856}, "xp_per_min": {"raw": 567, "pct": 0.3546030199707745}, "kills_per_min": {"raw": 0.09094353921940129, "pct": 0.19873356064296152}, "last_hits_per_min": {"raw": 4.4107616521409625, "pct": 0.26156843643448613}, "hero_damage_per_min": {"raw": 289.2459264873058, "pct": 0.04968339016074038}, "hero_healing_per_min": {"raw": 13.164077302008337, "pct": 0.8981977593765221}, "tower_damage": {"raw": 8083, "pct": 0.7637603507062835}}}, {"player_slot": 3, "team_number": 0, "team_slot": 3, "hero_id": 26, "hero_variant": 2, "item_0": 108, "item_1": 218, "item_2": 48, "item_3": 939, "item_4": 188, "item_5": 1, "backpack_0": 36, "backpack_1": 40, "backpack_2": 0, "item_neutral": 675, "item_neutral2": 1577, "kills": 13, "deaths": 11, "assists": 25, "leaver_status": 0, "last_hits": 38, "denies": 1, "gold_per_min": 440, "xp_per_min": 608, "level": 22, "net_worth": 16022, "aghanims_scepter": 0, "aghanims_shard": 0, "moonshard": 0, "hero_damage": 30953, "tower_damage": 1079, "hero_healing": 0, "gold": 1112, "gold_spent": 17690, "ability_upgrades_arr": [5044, 5046, 5045, 5046, 5046, 5047, 5046, 5044, 5044, 5044, 5918, 5047, 5045, 5045, 401, 5045, 5047, 541], "is_subscriber": false, "radiant_win": true, "start_time": 1760581527, "duration": 2639, "cluster": 251, "lobby_type": 0, "game_mode": 22, "is_contributor": false, "patch": 58, "region": 15, "isRadiant": true, "win": 1, "lose": 0, "total_gold": 19352, "total_xp": 26741, "kills_per_min": 0.29556650246305416, "kda": 3.17, "abandons": 0, "benchmarks": {"gold_per_min": {"raw": 440, "pct": 0.8826050884955752}, "xp_per_min": {"raw": 608, "pct": 0.6126935840707964}, "kills_per_min": {"raw": 0.2955665024630542, "pct": 0.8986449115044248}, "last_hits_per_min": {"raw": 0.8639636225843123, "pct": 0.30517146017699115}, "hero_damage_per_min": {"raw": 703.743842364532, "pct": 0.9341814159292036}, "hero_healing_per_min": {"raw": 0, "pct": 0.7679756637168141}, "tower_damage": {"raw": 1079, "pct": 0.7689435840707964}}}, {"player_slot": 4, "team_number": 0, "team_slot": 4, "hero_id": 14, "hero_variant": 1, "item_0": 1, "item_1": 176, "item_2": 114, "item_3": 108, "item_4": 137, "item_5": 48, "backpack_0": 0, "backpack_1": 0, "backpack_2": 0, "item_neutral": 1158, "item_neutral2": 1583, "kills": 21, "deaths": 11, "assists": 24, "leaver_status": 0, "last_hits": 164, "denies": 11, "gold_per_min": 674, "xp_per_min": 1208, "level": 28, "net_worth": 27984, "aghanims_scepter": 0, "aghanims_shard": 0, "moonshard": 0, "hero_damage": 57037, "tower_damage": 4284, "hero_healing": 0, "gold": 3759, "gold_spent": 24515, "ability_upgrades_arr": [5075, 5076, 5075, 5076, 5075, 5077, 5075, 5076, 5074, 7142, 5076, 5077, 5074, 5074, 507, 5074, 5077, 408, 6023, 5932, 6565], "is_subscriber": false, "radiant_win": true, "start_time": 1760581527, "duration": 2639, "cluster": 251, "lobby_type": 0, "game_mode": 22, "is_contributor": false, "patch": 58, "region": 15, "isRadiant": true, "win": 1, "lose": 0, "total_gold": 29644, "total_xp": 53131, "kills_per_min": 0.47745358090185674, "kda": 3.75, "abandons": 0, "benchmarks": {"gold_per_min": {"raw": 674, "pct": 0.9873902831005069}, "xp_per_min": {"raw": 1208, "pct": 0.9946841389541352}, "kills_per_min": {"raw": 0.47745358090185674, "pct": 0.9662504635925331}, "last_hits_per_min": {"raw": 3.728685107995453, "pct": 0.7703053529484485}, "hero_damage_per_min": {"raw": 1296.7866616142478, "pct": 0.990728149338608}, "hero_healing_per_min": {"raw": 0, "pct": 0.7490419087649894}, "tower_damage": {"raw": 4284, "pct": 0.9725553220422797}}}, {"player_slot": 128, "team_number": 1, "team_slot": 0, "hero_id": 81, "hero_variant": 4,