{"players": [{"account_id": 37467834, "player_slot": 0, "team_number": 0, "team_slot": 0, "hero_id": 54, "hero_variant": 4, "item_0": 154, "item_1": 0, "item_2": 50, "item_3": 137, "item_4": 168, "item_5": 143, "backpack_0": 36, "backpack_1": 73, "backpack_2": 11, "item_neutral": 362, "item_neutral2": 1577, "kills": 9, "deaths": 8, "assists": 11, "leaver_status": 0, "last_hits": 243, "denies": 7, "gold_per_min": 521, "xp_per_min": 751, "level": 24, "net_worth": 18940, "aghanims_scepter": 0, "aghanims_shard": 0, "moonshard": 0, "hero_damage": 16956, "tower_damage": 3031, "hero_healing": 1601, "gold": 1110, "gold_spent": 18170, "ability_upgrades_arr": [631, 5251, 631, 5249, 631, 5252, 631, 5249, 5249, 5249, 5252, 5251, 5251, 5251, 5920, 499, 5252, 709], "personaname": "ExtremoDiaz", "name": null, "last_login": null, "rank_tier": 22, "computed_mmr": 3968.35, "is_subscriber": false, "radiant_win": false, "start_time": 1745718397, "duration": 2586, "cluster": 346, "lobby_type": 0, "game_mode": 22, "is_contributor": false, "patch": 57, "region": 38, "isRadiant": true, "win": 0, "lose": 1, "total_gold": 22455, "total_xp": 32368, "kills_per_min": 0.2088167053364269, "kda": 2.22, "abandons": 0, "benchmarks": {"gold_per_min": {"raw": 521, "pct": 0.27233615373583825}, "xp_per_min": {"raw": 751, "pct": 0.32869640040154885}, "kills_per_min": {"raw": 0.2088167053364269, "pct": 0.44270758640470387}, "last_hits_per_min": {"raw": 5.638051044083527, "pct": 0.16391796931019648}, "hero_damage_per_min": {"raw": 393.4106728538283, "pct": 0.15473971031120035}, "hero_healing_per_min": {"raw": 37.1461716937355, "pct": 0.4956259859457909}, "tower_damage": {"raw": 3031, "pct": 0.35967302452316074}}}, {"account_id": 65137360, "player_slot": 1, "team_number": 0, "team_slot": 1, "hero_id": 45, "hero_variant": 2, "item_0": 4206, "item_1": 180, "item_2": 218, "item_3": 36, "item_4": 100, "item_5": 254, "backpack_0": 4205, "backpack_1": 1575, "backpack_2": 38, "item_neutral": 2193, "item_neutral2": 1583, "kills": 5, "deaths": 6, "assists": 19, "leaver_status": 0, "last_hits": 55, "denies": 7, "gold_per_min": 334, "xp_per_min": 581, "level": 21, "net_worth": 13056, "aghanims_scepter": 0, "aghanims_shard": 0, "moonshard": 0, "hero_damage": 19632, "tower_damage": 3598, "hero_healing": 7335, "gold": 5716, "gold_spent": 9640, "ability_upgrades_arr": [5186, 5188, 5186, 5187, 5186, 5189, 5186, 5188, 5188, 5187, 5188, 5189, 5187, 5187, 6859, 6195, 5189, 6220], "personaname": "PatoDeGoma", "name": null, "last_login": "2021-02-10T20:32:57.535Z", "rank_tier": 45, "computed_mmr": null, "is_subscriber": false, "radiant_win": false, "start_time": 1745718397, "duration": 2586, "cluster": 346, "lobby_type": 0, "game_mode": 22, "is_contributor": false, "patch": 57, "region": 38, "isRadiant": true, "win": 0, "lose": 1, "total_gold": 14395, "total_xp": 25041, "kills_per_min": 0.11600928074245939, "kda": 3.43, "abandons": 0, "benchmarks": {"gold_per_min": {"raw": 334, "pct": 0.3368940016433854}, "xp_per_min": {"raw": 581, "pct": 0.5636811832374692}, "kills_per_min": {"raw": 0.11600928074245939, "pct": 0.4231717337715694}, "last_hits_per_min": {"raw": 1.2761020881670535, "pct": 0.17337715694330322}, "hero_damage_per_min": {"raw": 455.4988399071926, "pct": 0.24897288414133115}, "hero_healing_per_min": {"raw": 170.18561484918794, "pct": 0.7502054231717338}, "tower_damage": {"raw": 3598, "pct": 0.5390304026294166}}}, {"account_id": 45421382, "player_slot": 2, "team_number": 0, "team_slot": 2, "hero_id": 7, "hero_variant": 2, "item_0": 7, "item_1": 108, "item_2": 100, "item_3": 48, "item_4": 1, "item_5": 90, "backpack_0": 485, "backpack_1": 0, "backpack_2": 0, "item_neutral": 378, "item_neutral2": 1584, "kills": 16, "deaths": 8, "assists": 18, "leaver_status": 0, "last_hits": 206, "denies": 5, "gold_per_min": 544, "xp_per_min": 773, "level": 24, "net_worth": 19352, "aghanims_scepter": 0, "aghanims_shard": 1, "moonshard": 0, "hero_damage": 33342, "tower_damage": 2812, "hero_healing": 0, "gold": 777, "gold_spent": 23025, "ability_upgrades_arr": [5024, 5025, 5025, 5023, 5024, 5026, 5024, 5024, 5023, 5025, 5025, 5026, 450, 5023, 5023, 858, 5026, 6425], "personaname": "La Chaucha", "name": null, "last_login": "2026-03-03T14:36:01.200Z", "rank_tier": 42, "computed_mmr": 4031.51, "is_subscriber": false, "radiant_win": false, "start_time": 1745718397, "duration": 2586, "cluster": 346, "lobby_type": 0, "game_mode": 22, "is_contributor": false, "patch": 57, "region": 38, "isRadiant": true, "win": 0, "lose": 1, "total_gold": 23446, "total_xp": 33316, "kills_per_min": 0.37122969837587005, "kda": 3.78, "abandons": 0, "benchmarks": {"gold_per_min": {"raw": 544, "pct": 0.766794101583834}, "xp_per_min": {"raw": 773, "pct": 0.686783178590934}, "kills_per_min": {"raw": 0.3712296983758701, "pct": 0.905789186237029}, "last_hits_per_min": {"raw": 4.779582366589327, "pct": 0.6253413435281268}, "hero_damage_per_min": {"raw": 773.5962877030162, "pct": 0.7515019115237576}, "hero_healing_per_min": {"raw": 0, "pct": 0.835608956854178}, "tower_damage": {"raw": 2812, "pct": 0.8148552703440742}}}, {"account_id": 128519696, "player_slot": 3, "team_number": 0, "team_slot": 3, "hero_id": 22, "hero_variant": 2, "item_0": 180, "item_1": 235, "item_2": 100, "item_3": 108, "item_4": 77, "item_5": 77, "backpack_0": 0, "backpack_1": 0, "backpack_2": 0, "item_neutral": 359, "item_neutral2": 1585, "kills": 8, "deaths": 8, "assists": 21, "leaver_status": 0, "last_hits": 135, "denies": 6, "gold_per_min": 445, "xp_per_min": 605, "level": 22, "net_worth": 17091, "aghanims_scepter": 0, "aghanims_shard": 0, "moonshard": 0, "hero_damage": 33761, "tower_damage": 0, "hero_healing": 0, "gold": 3081, "gold_spent": 15980, "ability_upgrades_arr": [5111, 5110, 641, 5110, 5110, 5113, 5111, 5111, 5111, 5110, 6926, 5113, 641, 641, 611, 641, 5113, 6501], "personaname": "Nameless", "name": null, "last_login": null, "rank_tier": 33, "computed_mmr": 3926.16, "is_subscriber": false, "radiant_win": false, "start_time": 1745718397, "duration": 2586, "cluster": 346, "lobby_type": 0, "game_mode": 22, "is_contributor": false, "patch": 57, "region": 38, "isRadiant": true, "win": 0, "lose": 1, "total_gold": 19179, "total_xp": 26075, "kills_per_min": 0.18561484918793503, "kda": 3.22, "abandons": 0, "benchmarks": {"gold_per_min": {"raw": 445, "pct": 0.46807500593401374}, "xp_per_min": {"raw": 605, "pct": 0.3885592214573938}, "kills_per_min": {"raw": 0.18561484918793505, "pct": 0.4381675765487776}, "last_hits_per_min": {"raw": 3.1322505800464038, "pct": 0.4255874673629243}, "hero_damage_per_min": {"raw": 783.3178654292343, "pct": 0.33705198196059816}, "hero_healing_per_min": {"raw": 0, "pct": 0.815096131023024}, "tower_damage": {"raw": 0, "pct": 0.21243769285544742}}}, {"player_slot": 4, "team_number": 0, "team_slot": 4, "hero_id": 85, "hero_variant": 1, "item_0": 931, "item_1": 178, "item_2": 21, "item_3": 125, "item_4": 31, "item_5": 939, "backpack_0": 61, "backpack_1": 0, "backpack_2": 0, "item_neutral": 1602, "item_neutral2": 1586, "kills": 3, "deaths": 11, "assists": 17, "leaver_status": 0, "last_hits": 182, "denies": 0, "gold_per_min": 388, "xp_per_min": 549, "level": 21, "net_worth": 15423, "aghanims_scepter": 0, "aghanims_shard": 0, "moonshard": 0, "hero_damage": 7531, "tower_damage": 356, "hero_healing": 1005, "gold": 1193, "gold_spent": 14530, "ability_upgrades_arr": [5444, 5442, 5442, 5444, 5444, 5447, 5442, 5442, 5444, 5443, 807, 5447, 5443, 5443, 6155, 5443, 5447, 6546], "is_subscriber": false, "radiant_win": false, "start_time": 1745718397, "duration": 2586, "cluster": 346, "lobby_type": 0, "game_mode": 22, "is_contributor": false, "patch": 57, "region": 38, "isRadiant": true, "win": 0, "lose": 1, "total_gold": 16722, "total_xp": 23661, "kills_per_min": 0.06960556844547564, "kda": 1.67, "abandons": 0, "benchmarks": {"gold_per_min": {"raw": 388, "pct": 0.4190056134723336}, "xp_per_min": {"raw": 549, "pct": 0.36046511627906974},