{"players": [{"player_slot": 0, "team_number": 0, "team_slot": 0, "hero_id": 84, "hero_variant": 1, "item_0": 65, "item_1": 1, "item_2": 180, "item_3": 232, "item_4": 108, "item_5": 11, "backpack_0": 40, "backpack_1": 0, "backpack_2": 0, "item_neutral": 1604, "item_neutral2": 1577, "kills": 6, "deaths": 10, "assists": 14, "leaver_status": 0, "last_hits": 110, "denies": 7, "gold_per_min": 491, "xp_per_min": 642, "level": 19, "net_worth": 15065, "aghanims_scepter": 0, "aghanims_shard": 0, "moonshard": 0, "hero_damage": 16608, "tower_damage": 30, "hero_healing": 0, "gold": 2460, "gold_spent": 12795, "ability_upgrades_arr": [5439, 5438, 5439, 5438, 5439, 5441, 5439, 5438, 5438, 5440, 403, 5440, 5441, 5440, 5440, 1181, 5441], "is_subscriber": false, "radiant_win": false, "start_time": 1771937959, "duration": 1956, "cluster": 412, "lobby_type": 7, "game_mode": 22, "is_contributor": false, "patch": 59, "isRadiant": true, "win": 0, "lose": 1, "total_gold": 16006, "total_xp": 20929, "kills_per_min": 0.18404907975460122, "kda": 1.82, "abandons": 0, "benchmarks": {"gold_per_min": {"raw": 491, "pct": 0.641372351160444}, "xp_per_min": {"raw": 642, "pct": 0.581029263370333}, "kills_per_min": {"raw": 0.18404907975460122, "pct": 0.7600403632694248}, "last_hits_per_min": {"raw": 3.3742331288343554, "pct": 0.717255297679112}, "hero_damage_per_min": {"raw": 509.4478527607362, "pct": 0.47265388496468214}, "hero_healing_per_min": {"raw": 0, "pct": 0.6779011099899092}, "tower_damage": {"raw": 30, "pct": 0.25368314833501515}}}, {"player_slot": 1, "team_number": 0, "team_slot": 1, "hero_id": 25, "hero_variant": 1, "item_0": 158, "item_1": 8, "item_2": 41, "item_3": 596, "item_4": 48, "item_5": 263, "backpack_0": 188, "backpack_1": 216, "backpack_2": 0, "item_neutral": 1638, "item_neutral2": 1594, "kills": 12, "deaths": 5, "assists": 7, "leaver_status": 0, "last_hits": 287, "denies": 11, "gold_per_min": 602, "xp_per_min": 783, "level": 21, "net_worth": 18246, "aghanims_scepter": 0, "aghanims_shard": 1, "moonshard": 0, "hero_damage": 29355, "tower_damage": 4833, "hero_healing": 0, "gold": 731, "gold_spent": 18205, "ability_upgrades_arr": [5041, 5040, 5040, 5042, 5040, 5043, 5040, 5042, 5042, 5042, 6009, 5041, 5043, 5041, 5041, 6509, 5043, 6313], "is_subscriber": false, "radiant_win": false, "start_time": 1771937959, "duration": 1956, "cluster": 412, "lobby_type": 7, "game_mode": 22, "is_contributor": false, "patch": 59, "isRadiant": true, "win": 0, "lose": 1, "total_gold": 19625, "total_xp": 25525, "kills_per_min": 0.36809815950920244, "kda": 3.17, "abandons": 0, "benchmarks": {"gold_per_min": {"raw": 602, "pct": 0.6491323210412148}, "xp_per_min": {"raw": 783, "pct": 0.5244034707158352}, "kills_per_min": {"raw": 0.36809815950920244, "pct": 0.8031453362255966}, "last_hits_per_min": {"raw": 8.803680981595091, "pct": 0.8676789587852495}, "hero_damage_per_min": {"raw": 900.4601226993865, "pct": 0.7415943600867679}, "hero_healing_per_min": {"raw": 0, "pct": 0.868763557483731}, "tower_damage": {"raw": 4833, "pct": 0.6127982646420824}}}, {"player_slot": 2, "team_number": 0, "team_slot": 2, "hero_id": 1, "hero_variant": 2, "item_0": 569, "item_1": 135, "item_2": 63, "item_3": 145, "item_4": 0, "item_5": 36, "backpack_0": 0, "backpack_1": 0, "backpack_2": 0, "item_neutral": 1605, "item_neutral2": 1583, "kills": 4, "deaths": 9, "assists": 10, "leaver_status": 0, "last_hits": 158, "denies": 13, "gold_per_min": 379, "xp_per_min": 503, "level": 17, "net_worth": 11896, "aghanims_scepter": 0, "aghanims_shard": 0, "moonshard": 0, "hero_damage": 7989, "tower_damage": 271, "hero_healing": 194, "gold": 386, "gold_spent": 11950, "ability_upgrades_arr": [5003, 5004, 7314, 5004, 7314, 5006, 5004, 5004, 5003, 7314, 1495, 7314, 5006, 5003, 5003, 666], "is_subscriber": false, "radiant_win": false, "start_time": 1771937959, "duration": 1956, "cluster": 412, "lobby_type": 7, "game_mode": 22, "is_contributor": false, "patch": 59, "isRadiant": true, "win": 0, "lose": 1, "total_gold": 12355, "total_xp": 16397, "kills_per_min": 0.12269938650306748, "kda": 1.4, "abandons": 0, "benchmarks": {"gold_per_min": {"raw": 379, "pct": 0.10529868376645292}, "xp_per_min": {"raw": 503, "pct": 0.12284846439419507}, "kills_per_min": {"raw": 0.1226993865030675, "pct": 0.27404657441781977}, "last_hits_per_min": {"raw": 4.846625766871166, "pct": 0.12183597705028687}, "hero_damage_per_min": {"raw": 245.06134969325151, "pct": 0.16976037799527505}, "hero_healing_per_min": {"raw": 5.950920245398773, "pct": 0.9838002024974688}, "tower_damage": {"raw": 271, "pct": 0.20553493081336482}}}, {"player_slot": 3, "team_number": 0, "team_slot": 3, "hero_id": 35, "hero_variant": 2, "item_0": 36, "item_1": 172, "item_2": 102, "item_3": 240, "item_4": 75, "item_5": 63, "backpack_0": 0, "backpack_1": 0, "backpack_2": 0, "item_neutral": 1603, "item_neutral2": 1594, "kills": 6, "deaths": 10, "assists": 15, "leaver_status": 0, "last_hits": 100, "denies": 6, "gold_per_min": 354, "xp_per_min": 481, "level": 16, "net_worth": 8282, "aghanims_scepter": 0, "aghanims_shard": 0, "moonshard": 0, "hero_damage": 23703, "tower_damage": 445, "hero_healing": 0, "gold": 1317, "gold_spent": 8235, "ability_upgrades_arr": [5154, 5156, 5154, 5155, 5154, 5157, 5154, 5155, 5155, 5156, 928, 5155, 5156, 5157, 5156, 7892], "is_subscriber": false, "radiant_win": false, "start_time": 1771937959, "duration": 1956, "cluster": 412, "lobby_type": 7, "game_mode": 22, "is_contributor": false, "patch": 59, "isRadiant": true, "win": 0, "lose": 1, "total_gold": 11540, "total_xp": 15680, "kills_per_min": 0.18404907975460122, "kda": 1.91, "abandons": 0, "benchmarks": {"gold_per_min": {"raw": 354, "pct": 0.0845961698584513}, "xp_per_min": {"raw": 481, "pct": 0.142714404662781}, "kills_per_min": {"raw": 0.18404907975460122, "pct": 0.34604496253122397}, "last_hits_per_min": {"raw": 3.067484662576687, "pct": 0.106744379683597}, "hero_damage_per_min": {"raw": 727.0858895705521, "pct": 0.35903413821815156}, "hero_healing_per_min": {"raw": 0, "pct": 0.9365528726061615}, "tower_damage": {"raw": 445, "pct": 0.2206494587843464}}}, {"player_slot": 4, "team_number": 0, "team_slot": 4, "hero_id": 21, "hero_variant": 5, "item_0": 180, "item_1": 100, "item_2": 102, "item_3": 22, "item_4": 44, "item_5": 0, "backpack_0": 0, "backpack_1": 0, "backpack_2": 0, "item_neutral": 1716, "item_neutral2": 1585, "kills": 5, "deaths": 14, "assists": 15, "leaver_status": 0, "last_hits": 60, "denies": 3, "gold_per_min": 320, "xp_per_min": 414, "level": 15, "net_worth": 7678, "aghanims_scepter": 0, "aghanims_shard": 0, "moonshard": 0, "hero_damage": 13370, "tower_damage": 459, "hero_healing": 0, "gold": 448, "gold_spent": 8070, "ability_upgrades_arr": [5131, 5130, 5131, 5132, 5131, 5133, 5131, 5130, 5132, 1195, 5132, 5132, 5133, 5130, 5130, 6992], "is_subscriber": false, "radiant_win": false, "start_time": 1771937959, "duration": 1956, "cluster": 412, "lobby_type": 7, "game_mode": 22, "is_contributor": false, "patch": 59, "isRadiant": true, "win": 0, "lose": 1, "total_gold": 10432, "total_xp": 13496, "kills_per_min": 0.15337423312883436, "kda": 1.33, "abandons": 0, "benchmarks": {"gold_per_min": {"raw": 320, "pct": 0.16492810826050183}, "xp_per_min": {"raw": 414, "pct": 0.14321962221595716}, "kills_per_min": {"raw": 0.15337423312883436, "pct": 0.39695517338596}, "last_hits_per_min": {"raw": 1.8404907975460123, "pct": 0.14068226670425713}, "hero_damage_per_min": {"raw": 410.1226993865031, "pct": 0.2799548914575698}, "hero_healing_per_min": {"raw": 0, "pct": 0.8449393853961094}, "tower_damage": {"raw": 459, "pct": 0.2850296024809698}}}, {"account_id": 37467834, "player_slot": 128, "team_number": 1, "team_slot": 0, "hero_id": 42, "hero_variant": 1, "item_0": 116, "item_1": 1, "item_2": 50, "item_3": 36, "item_4": 11, "item_5": 137, "backpack_0": 0, "backpack_1": 0, "backpack_2": 0, "item_neutral": 1717, "item_neutral2": 1585, "kills": 8, "deaths": 6, "assists": 20, "leaver_status": 0, "last_hits": 171,