{"players": [{"player_slot": 0, "team_number": 0, "team_slot": 0, "hero_id": 41, "hero_variant": 2, "item_0": 51, "item_1": 29, "item_2": 166, "item_3": 75, "item_4": 485, "item_5": 172, "backpack_0": 11, "backpack_1": 0, "backpack_2": 0, "item_neutral": 1599, "item_neutral2": 1586, "kills": 3, "deaths": 7, "assists": 6, "leaver_status": 0, "last_hits": 113, "denies": 5, "gold_per_min": 340, "xp_per_min": 505, "level": 16, "net_worth": 9804, "aghanims_scepter": 0, "aghanims_shard": 0, "moonshard": 0, "hero_damage": 8301, "tower_damage": 775, "hero_healing": 0, "gold": 649, "gold_spent": 9155, "ability_upgrades_arr": [5182, 5184, 5184, 5182, 5184, 5185, 5691, 5184, 5182, 856, 5185, 5182, 5691, 5691, 6807, 5691], "is_subscriber": false, "radiant_win": false, "start_time": 1749262358, "duration": 1782, "cluster": 346, "lobby_type": 7, "game_mode": 22, "is_contributor": false, "patch": 58, "region": 38, "isRadiant": true, "win": 0, "lose": 1, "total_gold": 10098, "total_xp": 14998, "kills_per_min": 0.10101010101010101, "kda": 1.13, "abandons": 0, "benchmarks": {"gold_per_min": {"raw": 340, "pct": 0.09075283602612581}, "xp_per_min": {"raw": 505, "pct": 0.15881746304572017}, "kills_per_min": {"raw": 0.10101010101010101, "pct": 0.21863183224475766}, "last_hits_per_min": {"raw": 3.804713804713805, "pct": 0.10381574424200757}, "hero_damage_per_min": {"raw": 279.4949494949495, "pct": 0.17428669645926434}, "hero_healing_per_min": {"raw": 0, "pct": 0.9491234101065659}, "tower_damage": {"raw": 775, "pct": 0.3626675833619801}}}, {"player_slot": 1, "team_number": 0, "team_slot": 1, "hero_id": 35, "hero_variant": 1, "item_0": 236, "item_1": 75, "item_2": 152, "item_3": 63, "item_4": 75, "item_5": 166, "backpack_0": 0, "backpack_1": 0, "backpack_2": 0, "item_neutral": 828, "item_neutral2": 1594, "kills": 5, "deaths": 3, "assists": 7, "leaver_status": 0, "last_hits": 180, "denies": 36, "gold_per_min": 493, "xp_per_min": 662, "level": 19, "net_worth": 13643, "aghanims_scepter": 0, "aghanims_shard": 0, "moonshard": 0, "hero_damage": 33327, "tower_damage": 586, "hero_healing": 0, "gold": 3033, "gold_spent": 11525, "ability_upgrades_arr": [5154, 5155, 5156, 5155, 5155, 5157, 5155, 5156, 5154, 928, 5156, 5157, 5154, 5154, 7892, 5156, 5157], "is_subscriber": false, "radiant_win": false, "start_time": 1749262358, "duration": 1782, "cluster": 346, "lobby_type": 7, "game_mode": 22, "is_contributor": false, "patch": 58, "region": 38, "isRadiant": true, "win": 0, "lose": 1, "total_gold": 14642, "total_xp": 19661, "kills_per_min": 0.16835016835016836, "kda": 3, "abandons": 0, "benchmarks": {"gold_per_min": {"raw": 493, "pct": 0.34441589844340337}, "xp_per_min": {"raw": 662, "pct": 0.4039594982620523}, "kills_per_min": {"raw": 0.16835016835016833, "pct": 0.30149614628985943}, "last_hits_per_min": {"raw": 6.0606060606060606, "pct": 0.453982167145232}, "hero_damage_per_min": {"raw": 1122.121212121212, "pct": 0.7964334290463957}, "hero_healing_per_min": {"raw": 0, "pct": 0.9321444763487986}, "tower_damage": {"raw": 586, "pct": 0.2404412875925646}}}, {"player_slot": 2, "team_number": 0, "team_slot": 2, "hero_id": 18, "hero_variant": 2, "item_0": 252, "item_1": 149, "item_2": 20, "item_3": 63, "item_4": 38, "item_5": 51, "backpack_0": 0, "backpack_1": 0, "backpack_2": 0, "item_neutral": 1606, "item_neutral2": 1584, "kills": 1, "deaths": 13, "assists": 5, "leaver_status": 0, "last_hits": 91, "denies": 4, "gold_per_min": 338, "xp_per_min": 374, "level": 14, "net_worth": 9074, "aghanims_scepter": 0, "aghanims_shard": 0, "moonshard": 0, "hero_damage": 9112, "tower_damage": 0, "hero_healing": 0, "gold": 569, "gold_spent": 8980, "ability_upgrades_arr": [5094, 5095, 5096, 5094, 5095, 5097, 5095, 5095, 5094, 6045, 5094, 5096, 5097], "is_subscriber": false, "radiant_win": false, "start_time": 1749262358, "duration": 1782, "cluster": 346, "lobby_type": 7, "game_mode": 22, "is_contributor": false, "patch": 58, "region": 38, "isRadiant": true, "win": 0, "lose": 1, "total_gold": 10038, "total_xp": 11107, "kills_per_min": 0.03367003367003367, "kda": 0.43, "abandons": 0, "benchmarks": {"gold_per_min": {"raw": 338, "pct": 0.07284299858557285}, "xp_per_min": {"raw": 374, "pct": 0.06647807637906648}, "kills_per_min": {"raw": 0.03367003367003367, "pct": 0.055162659123055166}, "last_hits_per_min": {"raw": 3.0639730639730636, "pct": 0.07567185289957568}, "hero_damage_per_min": {"raw": 306.8013468013468, "pct": 0.12234794908062235}, "hero_healing_per_min": {"raw": 0, "pct": 0.9596888260254597}, "tower_damage": {"raw": 0, "pct": 0.15417256011315417}}}, {"account_id": 336746156, "player_slot": 3, "team_number": 0, "team_slot": 3, "hero_id": 65, "hero_variant": 2, "item_0": 50, "item_1": 206, "item_2": 218, "item_3": 593, "item_4": 188, "item_5": 1575, "backpack_0": 0, "backpack_1": 0, "backpack_2": 0, "item_neutral": 1604, "item_neutral2": 1584, "kills": 4, "deaths": 15, "assists": 6, "leaver_status": 0, "last_hits": 31, "denies": 4, "gold_per_min": 267, "xp_per_min": 365, "level": 13, "net_worth": 5568, "aghanims_scepter": 0, "aghanims_shard": 0, "moonshard": 0, "hero_damage": 13861, "tower_damage": 0, "hero_healing": 0, "gold": 968, "gold_spent": 5925, "ability_upgrades_arr": [5320, 5322, 5320, 5321, 5320, 5323, 5320, 5321, 5320, 5322, 5322, 5323, 5321], "personaname": "Lo-lo", "name": null, "last_login": null, "rank_tier": 24, "computed_mmr": null, "is_subscriber": false, "radiant_win": false, "start_time": 1749262358, "duration": 1782, "cluster": 346, "lobby_type": 7, "game_mode": 22, "is_contributor": false, "patch": 58, "region": 38, "isRadiant": true, "win": 0, "lose": 1, "total_gold": 7929, "total_xp": 10840, "kills_per_min": 0.13468013468013468, "kda": 0.63, "abandons": 0, "benchmarks": {"gold_per_min": {"raw": 267, "pct": 0.06448412698412699}, "xp_per_min": {"raw": 365, "pct": 0.1001984126984127}, "kills_per_min": {"raw": 0.13468013468013468, "pct": 0.3521825396825397}, "last_hits_per_min": {"raw": 1.043771043771044, "pct": 0.03968253968253968}, "hero_damage_per_min": {"raw": 466.70033670033666, "pct": 0.32142857142857145}, "hero_healing_per_min": {"raw": 0, "pct": 0.8799603174603174}, "tower_damage": {"raw": 0, "pct": 0.19444444444444445}}}, {"account_id": 483516224, "player_slot": 4, "team_number": 0, "team_slot": 4, "hero_id": 14, "hero_variant": 3, "item_0": 94, "item_1": 36, "item_2": 31, "item_3": 1123, "item_4": 50, "item_5": 92, "backpack_0": 40, "backpack_1": 1123, "backpack_2": 43, "item_neutral": 71, "item_neutral2": 1594, "kills": 0, "deaths": 13, "assists": 8, "leaver_status": 0, "last_hits": 26, "denies": 0, "gold_per_min": 221, "xp_per_min": 352, "level": 13, "net_worth": 5108, "aghanims_scepter": 0, "aghanims_shard": 0, "moonshard": 0, "hero_damage": 7667, "tower_damage": 0, "hero_healing": 0, "gold": 668, "gold_spent": 5080, "ability_upgrades_arr": [5075, 5076, 5074, 5074, 5076, 5077, 5075, 5076, 5075, 5075, 5076, 5074, 7142], "personaname": "ʎʌı uooʇxɐɹq ʎzzıl", "name": null, "last_login": null, "rank_tier": 22, "computed_mmr": 3872.74, "is_subscriber": false, "radiant_win": false, "start_time": 1749262358, "duration": 1782, "cluster": 346, "lobby_type": 7, "game_mode": 22, "is_contributor": false, "patch": 58, "region": 38, "isRadiant": true, "win": 0, "lose": 1, "total_gold": 6563, "total_xp": 10454, "kda": 0.57, "abandons": 0, "benchmarks": {"gold_per_min": {"raw": 221, "pct": 0.025578983753888698}, "xp_per_min": {"raw": 352, "pct": 0.08699158889272958}, "kills_per_min": {"raw": 0, "pct": 0.017513538426085953}, "last_hits_per_min": {"raw": 0.8754208754208754, "pct": 0.0841110727042286}, "hero_damage_per_min": {"raw": 258.14814814814815, "pct": 0.07189768406498445}, "hero_healing_per_min": {"raw": 0, "pct": 0.7495103122479548}, "tower_damage": {"raw": 0, "pct": 0.2768752160387141}}}, {"account_id": 37467834, "player_slot": 128, "team_number": 1, "team_slot": 0, "hero_id": 38, "hero_variant": 1, "item_0": 108, "item_1": 180, "item_2": 36, "item_3": 116, "item_4": 0, "item_5": 0,