{"match_id": 8691533559, "players": [{"account_id": 349274909, "player_slot": 0, "party_id": 0, "permanent_buffs": [], "party_size": 1, "team_number": 0, "team_slot": 0, "hero_id": 74, "hero_variant": 3, "item_0": 235, "item_1": 232, "item_2": 1466, "item_3": 259, "item_4": 100, "item_5": 29, "backpack_0": 77, "backpack_1": 612, "backpack_2": 0, "item_neutral": 1601, "item_neutral2": 1583, "kills": 5, "deaths": 12, "assists": 20, "leaver_status": 0, "last_hits": 166, "denies": 9, "gold_per_min": 418, "xp_per_min": 760, "level": 26, "net_worth": 21952, "aghanims_scepter": 0, "aghanims_shard": 0, "moonshard": 0, "hero_damage": 27216, "tower_damage": 2471, "hero_healing": 0, "gold": 322, "gold_spent": 22185, "ability_upgrades_arr": [5372, 5370, 5372, 5371, 5372, 5370, 5372, 5371, 5372, 5371, 6099, 5372, 5371, 5370, 5372, 5371, 5370, 1654, 5370, 5371, 5371, 5762, 5370, 5370, 6098], "personaname": "Pontius004", "name": null, "last_login": null, "rank_tier": 51, "computed_mmr": 3949.15, "is_subscriber": false, "radiant_win": true, "start_time": 1771118533, "duration": 3295, "cluster": 381, "lobby_type": 7, "game_mode": 22, "is_contributor": false, "patch": 59, "isRadiant": true, "win": 1, "lose": 0, "total_gold": 22955, "total_xp": 41736, "kills_per_min": 0.09104704097116845, "kda": 1.92, "abandons": 0, "benchmarks": {"gold_per_min": {"raw": 418, "pct": 0.38099747474747475}, "xp_per_min": {"raw": 760, "pct": 0.6758207070707071}, "kills_per_min": {"raw": 0.09104704097116845, "pct": 0.17803030303030304}, "last_hits_per_min": {"raw": 3.0227617602427923, "pct": 0.34501262626262624}, "hero_damage_per_min": {"raw": 495.58725341426407, "pct": 0.32954545454545453}, "hero_healing_per_min": {"raw": 0, "pct": 0.83364898989899}, "tower_damage": {"raw": 2471, "pct": 0.561395202020202}}}, {"account_id": 110184760, "player_slot": 1, "party_id": 1, "permanent_buffs": [], "party_size": 1, "team_number": 0, "team_slot": 1, "hero_id": 59, "hero_variant": 3, "item_0": 151, "item_1": 116, "item_2": 29, "item_3": 154, "item_4": 108, "item_5": 1, "backpack_0": 4206, "backpack_1": 4204, "backpack_2": 0, "item_neutral": 1719, "item_neutral2": 1585, "kills": 8, "deaths": 12, "assists": 10, "leaver_status": 0, "last_hits": 236, "denies": 4, "gold_per_min": 435, "xp_per_min": 759, "level": 26, "net_worth": 22394, "aghanims_scepter": 0, "aghanims_shard": 0, "moonshard": 0, "hero_damage": 32258, "tower_damage": 3594, "hero_healing": 0, "gold": 4694, "gold_spent": 19150, "ability_upgrades_arr": [5272, 5273, 5273, 5272, 7300, 5274, 5273, 5273, 5272, 5272, 6655, 7300, 5274, 7300, 7300, 6380, 5274, 462, 7143], "personaname": "Die For You", "name": null, "last_login": null, "rank_tier": 52, "computed_mmr": 4051.83, "is_subscriber": false, "radiant_win": true, "start_time": 1771118533, "duration": 3295, "cluster": 381, "lobby_type": 7, "game_mode": 22, "is_contributor": false, "patch": 59, "isRadiant": true, "win": 1, "lose": 0, "total_gold": 23888, "total_xp": 41681, "kills_per_min": 0.1456752655538695, "kda": 1.38, "abandons": 0, "benchmarks": {"gold_per_min": {"raw": 435, "pct": 0.3808894760017613}, "xp_per_min": {"raw": 759, "pct": 0.6653456627036548}, "kills_per_min": {"raw": 0.1456752655538695, "pct": 0.17745486569793043}, "last_hits_per_min": {"raw": 4.297420333839151, "pct": 0.515631880228974}, "hero_damage_per_min": {"raw": 587.3990895295902, "pct": 0.31792162043152794}, "hero_healing_per_min": {"raw": 0, "pct": 0.9766622633201233}, "tower_damage": {"raw": 3594, "pct": 0.5979744605900484}}}, {"account_id": 153303735, "player_slot": 2, "party_id": 2, "permanent_buffs": [], "party_size": 1, "team_number": 0, "team_slot": 2, "hero_id": 1, "hero_variant": 2, "item_0": 147, "item_1": 208, "item_2": 139, "item_3": 114, "item_4": 145, "item_5": 160, "backpack_0": 0, "backpack_1": 4206, "backpack_2": 4206, "item_neutral": 1643, "item_neutral2": 1597, "kills": 5, "deaths": 7, "assists": 8, "leaver_status": 0, "last_hits": 617, "denies": 5, "gold_per_min": 699, "xp_per_min": 1087, "level": 29, "net_worth": 35258, "aghanims_scepter": 0, "aghanims_shard": 0, "moonshard": 0, "hero_damage": 15147, "tower_damage": 4158, "hero_healing": 0, "gold": 3808, "gold_spent": 34485, "ability_upgrades_arr": [5003, 5004, 5003, 5004, 5004, 5006, 5004, 7314, 5003, 1495, 5003, 7314, 5006, 7314, 7314, 666, 5006, 665, 6353, 966, 6800, 735], "personaname": "Alf - BooM", "name": null, "last_login": null, "rank_tier": 52, "computed_mmr": 3996.97, "is_subscriber": false, "radiant_win": true, "start_time": 1771118533, "duration": 3295, "cluster": 381, "lobby_type": 7, "game_mode": 22, "is_contributor": false, "patch": 59, "isRadiant": true, "win": 1, "lose": 0, "total_gold": 38386, "total_xp": 59694, "kills_per_min": 0.09104704097116845, "kda": 1.63, "abandons": 0, "benchmarks": {"gold_per_min": {"raw": 699, "pct": 0.7155322862129145}, "xp_per_min": {"raw": 1087, "pct": 0.7818499127399651}, "kills_per_min": {"raw": 0.09104704097116845, "pct": 0.17422920302501455}, "last_hits_per_min": {"raw": 11.235204855842184, "pct": 0.8708551483420593}, "hero_damage_per_min": {"raw": 275.81790591805765, "pct": 0.19575334496800464}, "hero_healing_per_min": {"raw": 0, "pct": 0.9426992437463642}, "tower_damage": {"raw": 4158, "pct": 0.5017452006980803}}}, {"account_id": 335699596, "player_slot": 3, "party_id": 3, "permanent_buffs": [{"permanent_buff": 7, "stack_count": 10, "grant_time": 960}, {"permanent_buff": 12, "stack_count": 0, "grant_time": 2672}], "party_size": 1, "team_number": 0, "team_slot": 3, "hero_id": 26, "hero_variant": 1, "item_0": 1, "item_1": 610, "item_2": 254, "item_3": 214, "item_4": 40, "item_5": 232, "backpack_0": 0, "backpack_1": 0, "backpack_2": 36, "item_neutral": 1168, "item_neutral2": 1583, "kills": 7, "deaths": 8, "assists": 17, "leaver_status": 0, "last_hits": 43, "denies": 2, "gold_per_min": 370, "xp_per_min": 685, "level": 25, "net_worth": 16978, "aghanims_scepter": 0, "aghanims_shard": 1, "moonshard": 0, "hero_damage": 15614, "tower_damage": 52, "hero_healing": 194, "gold": 663, "gold_spent": 19130, "ability_upgrades_arr": [5044, 5046, 5045, 5044, 5044, 5047, 5044, 5046, 5046, 5918, 5046, 5045, 5047, 5045, 5045, 781, 5047, 777, 6389], "personaname": "dindin", "name": null, "last_login": null, "rank_tier": 45, "computed_mmr": 4131.01, "is_subscriber": false, "radiant_win": true, "start_time": 1771118533, "duration": 3295, "cluster": 381, "lobby_type": 7, "game_mode": 22, "is_contributor": false, "patch": 59, "isRadiant": true, "win": 1, "lose": 0, "total_gold": 20319, "total_xp": 37617, "kills_per_min": 0.1274658573596358, "kda": 2.67, "abandons": 0, "benchmarks": {"gold_per_min": {"raw": 370, "pct": 0.6825396825396826}, "xp_per_min": {"raw": 685, "pct": 0.7378432854623331}, "kills_per_min": {"raw": 0.1274658573596358, "pct": 0.46800201562106325}, "last_hits_per_min": {"raw": 0.7830045523520486, "pct": 0.25107079868984633}, "hero_damage_per_min": {"raw": 284.3216995447648, "pct": 0.3726379440665155}, "hero_healing_per_min": {"raw": 3.5326251896813354, "pct": 0.8609221466364324}, "tower_damage": {"raw": 52, "pct": 0.3242630385487528}}}, {"account_id": 45421382, "player_slot": 4, "party_id": 4, "permanent_buffs": [{"permanent_buff": 2, "stack_count": 0, "grant_time": 3470}], "party_size": 1, "team_number": 0, "team_slot": 4, "hero_id": 21, "hero_variant": 4, "item_0": 166, "item_1": 0, "item_2": 116, "item_3": 135, "item_4": 63, "item_5": 168, "backpack_0": 0, "backpack_1": 0, "backpack_2": 0, "item_neutral": 1604, "item_neutral2": 1597, "kills": 10, "deaths": 7, "assists": 17, "leaver_status": 0, "last_hits": 283, "denies": 5, "gold_per_min": 543, "xp_per_min": 902, "level": 28, "net_worth": 25613, "aghanims_scepter": 1, "aghanims_shard": 0, "moonshard": 0, "hero_damage": 36371, "tower_damage": 10481, "hero_healing": 0, "gold": 2313, "gold_spent": 27485, "ability_upgrades_arr": [5132, 5131, 5131, 5130, 5131, 5133, 5132, 5130, 5132, 5130, 5920, 5130, 5133, 5132, 5131, 6992, 5133, 7889, 6413, 1195, 6562],