{"players": [{"account_id": 45421382, "player_slot": 0, "team_number": 0, "team_slot": 0, "hero_id": 98, "hero_variant": 1, "item_0": 127, "item_1": 0, "item_2": 226, "item_3": 180, "item_4": 90, "item_5": 190, "backpack_0": 4206, "backpack_1": 0, "backpack_2": 118, "item_neutral": 675, "item_neutral2": 1583, "kills": 8, "deaths": 11, "assists": 16, "leaver_status": 0, "last_hits": 167, "denies": 2, "gold_per_min": 431, "xp_per_min": 683, "level": 23, "net_worth": 15959, "aghanims_scepter": 0, "aghanims_shard": 0, "moonshard": 0, "hero_damage": 34277, "tower_damage": 309, "hero_healing": 0, "gold": 809, "gold_spent": 18895, "ability_upgrades_arr": [5526, 5524, 5526, 5525, 5526, 5527, 5526, 5525, 5525, 5524, 7132, 5527, 5524, 5524, 8482, 5525, 5527, 1563], "personaname": "La Chaucha", "name": null, "last_login": "2026-03-03T14:36:01.200Z", "rank_tier": 42, "computed_mmr": 4031.51, "is_subscriber": false, "radiant_win": false, "start_time": 1750214426, "duration": 2672, "cluster": 381, "lobby_type": 0, "game_mode": 22, "is_contributor": false, "patch": 58, "isRadiant": true, "win": 0, "lose": 1, "total_gold": 19193, "total_xp": 30416, "kills_per_min": 0.17964071856287425, "kda": 2, "abandons": 0, "benchmarks": {"gold_per_min": {"raw": 431, "pct": 0.39611650485436894}, "xp_per_min": {"raw": 683, "pct": 0.5330097087378641}, "kills_per_min": {"raw": 0.17964071856287425, "pct": 0.4961165048543689}, "last_hits_per_min": {"raw": 3.75, "pct": 0.30194174757281556}, "hero_damage_per_min": {"raw": 769.6931137724551, "pct": 0.7689320388349514}, "hero_healing_per_min": {"raw": 0, "pct": 0.8805825242718447}, "tower_damage": {"raw": 309, "pct": 0.4388349514563107}}}, {"player_slot": 1, "team_number": 0, "team_slot": 1, "hero_id": 26, "hero_variant": 1, "item_0": 100, "item_1": 37, "item_2": 102, "item_3": 1, "item_4": 0, "item_5": 214, "backpack_0": 0, "backpack_1": 36, "backpack_2": 44, "item_neutral": 1158, "item_neutral2": 1594, "kills": 2, "deaths": 17, "assists": 14, "leaver_status": 0, "last_hits": 36, "denies": 0, "gold_per_min": 257, "xp_per_min": 395, "level": 18, "net_worth": 10305, "aghanims_scepter": 0, "aghanims_shard": 0, "moonshard": 0, "hero_damage": 8961, "tower_damage": 288, "hero_healing": 192, "gold": 115, "gold_spent": 10690, "ability_upgrades_arr": [5044, 5046, 5045, 5046, 5046, 5047, 5046, 5044, 5044, 465, 5044, 5047, 5045, 5045, 5045, 401, 5047], "is_subscriber": false, "radiant_win": false, "start_time": 1750214426, "duration": 2672, "cluster": 381, "lobby_type": 0, "game_mode": 22, "is_contributor": false, "patch": 58, "isRadiant": true, "win": 0, "lose": 1, "total_gold": 11445, "total_xp": 17590, "kills_per_min": 0.04491017964071856, "kda": 0.89, "abandons": 0, "benchmarks": {"gold_per_min": {"raw": 257, "pct": 0.14999339236156997}, "xp_per_min": {"raw": 395, "pct": 0.17708470992467293}, "kills_per_min": {"raw": 0.04491017964071856, "pct": 0.090524646491344}, "last_hits_per_min": {"raw": 0.8083832335329342, "pct": 0.26853442579622044}, "hero_damage_per_min": {"raw": 201.22005988023952, "pct": 0.09290339632615303}, "hero_healing_per_min": {"raw": 4.311377245508982, "pct": 0.8842341747059601}, "tower_damage": {"raw": 288, "pct": 0.5078630897317299}}}, {"account_id": 65137360, "player_slot": 2, "team_number": 0, "team_slot": 2, "hero_id": 131, "hero_variant": 2, "item_0": 180, "item_1": 218, "item_2": 232, "item_3": 40, "item_4": 254, "item_5": 37, "backpack_0": 0, "backpack_1": 0, "backpack_2": 0, "item_neutral": 1607, "item_neutral2": 1577, "kills": 5, "deaths": 13, "assists": 21, "leaver_status": 0, "last_hits": 17, "denies": 1, "gold_per_min": 305, "xp_per_min": 405, "level": 18, "net_worth": 10319, "aghanims_scepter": 0, "aghanims_shard": 0, "moonshard": 0, "hero_damage": 22458, "tower_damage": 109, "hero_healing": 0, "gold": 2584, "gold_spent": 10450, "ability_upgrades_arr": [352, 386, 383, 386, 352, 385, 386, 386, 352, 383, 352, 385, 1630, 383, 383, 707, 385], "personaname": "PatoDeGoma", "name": null, "last_login": "2021-02-10T20:32:57.535Z", "rank_tier": 45, "computed_mmr": null, "is_subscriber": false, "radiant_win": false, "start_time": 1750214426, "duration": 2672, "cluster": 381, "lobby_type": 0, "game_mode": 22, "is_contributor": false, "patch": 58, "isRadiant": true, "win": 0, "lose": 1, "total_gold": 13582, "total_xp": 18036, "kills_per_min": 0.11227544910179642, "kda": 1.86, "abandons": 0, "benchmarks": {"gold_per_min": {"raw": 305, "pct": 0.320962888665998}, "xp_per_min": {"raw": 405, "pct": 0.2316950852557673}, "kills_per_min": {"raw": 0.1122754491017964, "pct": 0.5045135406218656}, "last_hits_per_min": {"raw": 0.38173652694610777, "pct": 0.017051153460381142}, "hero_damage_per_min": {"raw": 504.2964071856287, "pct": 0.6589769307923772}, "hero_healing_per_min": {"raw": 0, "pct": 0.5436308926780341}, "tower_damage": {"raw": 109, "pct": 0.40722166499498497}}}, {"account_id": 37467834, "player_slot": 3, "team_number": 0, "team_slot": 3, "hero_id": 114, "hero_variant": 2, "item_0": 36, "item_1": 116, "item_2": 174, "item_3": 154, "item_4": 0, "item_5": 63, "backpack_0": 40, "backpack_1": 11, "backpack_2": 75, "item_neutral": 1603, "item_neutral2": 1577, "kills": 9, "deaths": 12, "assists": 14, "leaver_status": 0, "last_hits": 146, "denies": 13, "gold_per_min": 417, "xp_per_min": 598, "level": 22, "net_worth": 15811, "aghanims_scepter": 0, "aghanims_shard": 1, "moonshard": 0, "hero_damage": 26589, "tower_damage": 1403, "hero_healing": 0, "gold": 666, "gold_spent": 15685, "ability_upgrades_arr": [5716, 5723, 5723, 5716, 5723, 5716, 5725, 5721, 5723, 5716, 5721, 5725, 5721, 5721, 6696, 6421, 5721, 5725, 802], "personaname": "ExtremoDiaz", "name": null, "last_login": null, "rank_tier": 22, "computed_mmr": 3968.35, "is_subscriber": false, "radiant_win": false, "start_time": 1750214426, "duration": 2672, "cluster": 381, "lobby_type": 0, "game_mode": 22, "is_contributor": false, "patch": 58, "isRadiant": true, "win": 0, "lose": 1, "total_gold": 18570, "total_xp": 26630, "kills_per_min": 0.20209580838323354, "kda": 1.77, "abandons": 0, "benchmarks": {"gold_per_min": {"raw": 417, "pct": 0.31560636182902585}, "xp_per_min": {"raw": 598, "pct": 0.33697813121272363}, "kills_per_min": {"raw": 0.20209580838323354, "pct": 0.48111332007952284}, "last_hits_per_min": {"raw": 3.2784431137724552, "pct": 0.2147117296222664}, "hero_damage_per_min": {"raw": 597.0583832335329, "pct": 0.4552683896620278}, "hero_healing_per_min": {"raw": 0, "pct": 0.9383697813121272}, "tower_damage": {"raw": 1403, "pct": 0.44781312127236583}}}, {"player_slot": 4, "team_number": 0, "team_slot": 4, "hero_id": 8, "hero_variant": 1, "item_0": 50, "item_1": 147, "item_2": 158, "item_3": 65, "item_4": 108, "item_5": 145, "backpack_0": 0, "backpack_1": 0, "backpack_2": 0, "item_neutral": 828, "item_neutral2": 1594, "kills": 11, "deaths": 14, "assists": 20, "leaver_status": 0, "last_hits": 236, "denies": 9, "gold_per_min": 587, "xp_per_min": 910, "level": 26, "net_worth": 22996, "aghanims_scepter": 0, "aghanims_shard": 0, "moonshard": 0, "hero_damage": 36666, "tower_damage": 954, "hero_healing": 11336, "gold": 946, "gold_spent": 22765, "ability_upgrades_arr": [5028, 5027, 5028, 5027, 5029, 5029, 5029, 5030, 5028, 5028, 5027, 5027, 5030, 5029, 628, 1192, 5030, 6105, 1013], "is_subscriber": false, "radiant_win": false, "start_time": 1750214426, "duration": 2672, "cluster": 381, "lobby_type": 0, "game_mode": 22, "is_contributor": false, "patch": 58, "isRadiant": true, "win": 0, "lose": 1, "total_gold": 26141, "total_xp": 40525, "kills_per_min": 0.2470059880239521, "kda": 2.07, "abandons": 0, "benchmarks": {"gold_per_min": {"raw": 587, "pct": 0.5115220483641536}, "xp_per_min": {"raw": 910, "pct": 0.6688477951635846}, "kills_per_min": {"raw": 0.24700598802395213, "pct": 0.654054054054054}, "last_hits_per_min": {"raw": 5.299401197604791, "pct": 0.14822190611664296}, "hero_damage_per_min": {"raw": 823.3383233532934, "pct": 0.7681365576102418},