{"players": [{"player_slot": 0, "team_number": 0, "team_slot": 0, "hero_id": 93, "hero_variant": 2, "item_0": 36, "item_1": 100, "item_2": 96, "item_3": 43, "item_4": 0, "item_5": 63, "backpack_0": 0, "backpack_1": 0, "backpack_2": 0, "item_neutral": 1603, "item_neutral2": 1577, "kills": 4, "deaths": 7, "assists": 15, "leaver_status": 0, "last_hits": 72, "denies": 7, "gold_per_min": 331, "xp_per_min": 526, "level": 19, "net_worth": 11989, "aghanims_scepter": 0, "aghanims_shard": 1, "moonshard": 0, "hero_damage": 10431, "tower_damage": 872, "hero_healing": 400, "gold": 889, "gold_spent": 11590, "ability_upgrades_arr": [5496, 5495, 5494, 5495, 5495, 5497, 5495, 5496, 5494, 6147, 5496, 5494, 5496, 5497, 5494, 921, 5497], "is_subscriber": false, "radiant_win": true, "start_time": 1746923507, "duration": 2333, "cluster": 346, "lobby_type": 0, "game_mode": 22, "is_contributor": false, "patch": 57, "region": 38, "isRadiant": true, "win": 1, "lose": 0, "total_gold": 12870, "total_xp": 20452, "kills_per_min": 0.10287183883411916, "kda": 2.38, "abandons": 0, "benchmarks": {"gold_per_min": {"raw": 331, "pct": 0.06825469537333945}, "xp_per_min": {"raw": 526, "pct": 0.15895556573522676}, "kills_per_min": {"raw": 0.10287183883411916, "pct": 0.16422354557947777}, "last_hits_per_min": {"raw": 1.851693099014145, "pct": 0.031149793861658268}, "hero_damage_per_min": {"raw": 268.26403771967426, "pct": 0.1168117269812185}, "hero_healing_per_min": {"raw": 10.287183883411917, "pct": 0.9954191479615209}, "tower_damage": {"raw": 872, "pct": 0.3321117727897389}}}, {"account_id": 65137360, "player_slot": 1, "team_number": 0, "team_slot": 1, "hero_id": 112, "hero_variant": 3, "item_0": 232, "item_1": 31, "item_2": 4204, "item_3": 218, "item_4": 269, "item_5": 231, "backpack_0": 1575, "backpack_1": 0, "backpack_2": 0, "item_neutral": 1158, "item_neutral2": 1595, "kills": 2, "deaths": 7, "assists": 24, "leaver_status": 0, "last_hits": 66, "denies": 2, "gold_per_min": 350, "xp_per_min": 556, "level": 20, "net_worth": 12192, "aghanims_scepter": 0, "aghanims_shard": 0, "moonshard": 0, "hero_damage": 14845, "tower_damage": 1186, "hero_healing": 15485, "gold": 1317, "gold_spent": 11815, "ability_upgrades_arr": [5651, 5652, 5653, 5651, 5651, 5654, 5651, 5653, 5652, 5652, 418, 5654, 5652, 5653, 5653, 6297, 5654], "personaname": "PatoDeGoma", "name": null, "last_login": "2021-02-10T20:32:57.535Z", "rank_tier": 45, "computed_mmr": null, "is_subscriber": false, "radiant_win": true, "start_time": 1746923507, "duration": 2333, "cluster": 346, "lobby_type": 0, "game_mode": 22, "is_contributor": false, "patch": 57, "region": 38, "isRadiant": true, "win": 1, "lose": 0, "total_gold": 13609, "total_xp": 21619, "kills_per_min": 0.05143591941705958, "kda": 3.25, "abandons": 0, "benchmarks": {"gold_per_min": {"raw": 350, "pct": 0.5011764705882353}, "xp_per_min": {"raw": 556, "pct": 0.48784313725490197}, "kills_per_min": {"raw": 0.05143591941705958, "pct": 0.17490196078431372}, "last_hits_per_min": {"raw": 1.6973853407629662, "pct": 0.476078431372549}, "hero_damage_per_min": {"raw": 381.78311187312477, "pct": 0.28862745098039216}, "hero_healing_per_min": {"raw": 398.2426060865838, "pct": 0.9568627450980393}, "tower_damage": {"raw": 1186, "pct": 0.7082352941176471}}}, {"account_id": 45421382, "player_slot": 2, "team_number": 0, "team_slot": 2, "hero_id": 47, "hero_variant": 1, "item_0": 166, "item_1": 692, "item_2": 263, "item_3": 180, "item_4": 206, "item_5": 34, "backpack_0": 0, "backpack_1": 0, "backpack_2": 0, "item_neutral": 1602, "item_neutral2": 1583, "kills": 14, "deaths": 7, "assists": 20, "leaver_status": 0, "last_hits": 145, "denies": 2, "gold_per_min": 543, "xp_per_min": 807, "level": 23, "net_worth": 18958, "aghanims_scepter": 0, "aghanims_shard": 1, "moonshard": 0, "hero_damage": 50269, "tower_damage": 6189, "hero_healing": 0, "gold": 2608, "gold_spent": 18785, "ability_upgrades_arr": [5218, 5219, 5218, 5220, 5218, 5221, 5220, 5220, 5220, 5218, 5219, 5221, 6156, 5219, 5219, 984, 5221, 1540], "personaname": "La Chaucha", "name": null, "last_login": "2026-03-03T14:36:01.200Z", "rank_tier": 42, "computed_mmr": 4031.51, "is_subscriber": false, "radiant_win": true, "start_time": 1746923507, "duration": 2333, "cluster": 346, "lobby_type": 0, "game_mode": 22, "is_contributor": false, "patch": 57, "region": 38, "isRadiant": true, "win": 1, "lose": 0, "total_gold": 21113, "total_xp": 31378, "kills_per_min": 0.3600514359194171, "kda": 4.25, "abandons": 0, "benchmarks": {"gold_per_min": {"raw": 543, "pct": 0.6918693009118541}, "xp_per_min": {"raw": 807, "pct": 0.7070668693009119}, "kills_per_min": {"raw": 0.360051435919417, "pct": 0.8028115501519757}, "last_hits_per_min": {"raw": 3.7291041577368196, "pct": 0.32750759878419455}, "hero_damage_per_min": {"raw": 1292.816116588084, "pct": 0.9696048632218845}, "hero_healing_per_min": {"raw": 0, "pct": 0.8674012158054711}, "tower_damage": {"raw": 6189, "pct": 0.7887537993920972}}}, {"account_id": 37467834, "player_slot": 3, "team_number": 0, "team_slot": 3, "hero_id": 29, "hero_variant": 1, "item_0": 90, "item_1": 1, "item_2": 50, "item_3": 178, "item_4": 81, "item_5": 36, "backpack_0": 73, "backpack_1": 0, "backpack_2": 0, "item_neutral": 378, "item_neutral2": 1586, "kills": 13, "deaths": 4, "assists": 23, "leaver_status": 0, "last_hits": 135, "denies": 12, "gold_per_min": 494, "xp_per_min": 734, "level": 22, "net_worth": 18236, "aghanims_scepter": 0, "aghanims_shard": 1, "moonshard": 0, "hero_damage": 26708, "tower_damage": 2760, "hero_healing": 4889, "gold": 5351, "gold_spent": 13175, "ability_upgrades_arr": [5118, 5120, 5120, 5119, 5120, 5121, 5120, 5119, 5119, 963, 5119, 5121, 5118, 5118, 6946, 5118, 5121, 964], "personaname": "ExtremoDiaz", "name": null, "last_login": null, "rank_tier": 22, "computed_mmr": 3968.35, "is_subscriber": false, "radiant_win": true, "start_time": 1746923507, "duration": 2333, "cluster": 346, "lobby_type": 0, "game_mode": 22, "is_contributor": false, "patch": 57, "region": 38, "isRadiant": true, "win": 1, "lose": 0, "total_gold": 19208, "total_xp": 28540, "kills_per_min": 0.33433347621088727, "kda": 7.2, "abandons": 0, "benchmarks": {"gold_per_min": {"raw": 494, "pct": 0.5763281775386685}, "xp_per_min": {"raw": 734, "pct": 0.5894418291862811}, "kills_per_min": {"raw": 0.33433347621088727, "pct": 0.9418291862811029}, "last_hits_per_min": {"raw": 3.4719245606515217, "pct": 0.17350369872225957}, "hero_damage_per_min": {"raw": 686.8752678954137, "pct": 0.7057834566240753}, "hero_healing_per_min": {"raw": 125.73510501500213, "pct": 0.9119031607262945}, "tower_damage": {"raw": 2760, "pct": 0.691324815063887}}}, {"player_slot": 4, "team_number": 0, "team_slot": 4, "hero_id": 53, "hero_variant": 1, "item_0": 158, "item_1": 141, "item_2": 168, "item_3": 250, "item_4": 133, "item_5": 48, "backpack_0": 4205, "backpack_1": 1123, "backpack_2": 0, "item_neutral": 309, "item_neutral2": 1584, "kills": 15, "deaths": 4, "assists": 10, "leaver_status": 0, "last_hits": 407, "denies": 13, "gold_per_min": 877, "xp_per_min": 1036, "level": 26, "net_worth": 32022, "aghanims_scepter": 0, "aghanims_shard": 0, "moonshard": 0, "hero_damage": 49515, "tower_damage": 14687, "hero_healing": 243, "gold": 3147, "gold_spent": 32130, "ability_upgrades_arr": [5246, 5245, 5245, 5246, 5245, 5248, 730, 5245, 5246, 5246, 470, 5248, 730, 730, 1300, 730, 730, 730, 5248, 927, 730, 5247, 5247, 5247, 6539], "is_subscriber": false, "radiant_win": true, "start_time": 1746923507, "duration": 2333, "cluster": 346, "lobby_type": 0, "game_mode": 22, "is_contributor": false, "patch": 57, "region": 38, "isRadiant": true, "win": 1, "lose": 0, "total_gold": 34100, "total_xp": 40283, "kills_per_min": 0.3857693956279469, "kda": 5, "abandons": 0, "benchmarks": {"gold_per_min": {"raw": 877, "pct": 0.9760376551133932}, "xp_per_min": {"raw": 1036, "pct": 0.9114249037227214}, "kills_per_min": {"raw": 0.3857693956279468, "pct": 0.9002995293110826},