{"players": [{"account_id": 1185257662, "player_slot": 0, "team_number": 0, "team_slot": 0, "hero_id": 63, "hero_variant": 1, "item_0": 63, "item_1": 158, "item_2": 263, "item_3": 135, "item_4": 26, "item_5": 123, "backpack_0": 0, "backpack_1": 0, "backpack_2": 0, "item_neutral": 1643, "item_neutral2": 1585, "kills": 8, "deaths": 10, "assists": 18, "leaver_status": 0, "last_hits": 327, "denies": 4, "gold_per_min": 523, "xp_per_min": 838, "level": 27, "net_worth": 25274, "aghanims_scepter": 0, "aghanims_shard": 0, "moonshard": 0, "hero_damage": 24023, "tower_damage": 6571, "hero_healing": 0, "gold": 2074, "gold_spent": 26790, "ability_upgrades_arr": [5290, 5291, 5291, 5289, 5290, 5292, 5291, 5290, 5290, 5291, 5289, 5292, 5289, 5289, 6115, 6987, 5292, 6131, 6990, 6200], "personaname": "Hisoka", "name": null, "last_login": null, "rank_tier": 34, "computed_mmr": 3945.01, "is_subscriber": false, "radiant_win": true, "start_time": 1748204198, "duration": 3193, "cluster": 346, "lobby_type": 0, "game_mode": 22, "is_contributor": false, "patch": 58, "region": 38, "isRadiant": true, "win": 1, "lose": 0, "total_gold": 27832, "total_xp": 44595, "kills_per_min": 0.15032884434700908, "kda": 2.36, "abandons": 0, "benchmarks": {"gold_per_min": {"raw": 523, "pct": 0.5344779059949338}, "xp_per_min": {"raw": 838, "pct": 0.6307345904869125}, "kills_per_min": {"raw": 0.15032884434700908, "pct": 0.3087531663383057}, "last_hits_per_min": {"raw": 6.1446915126839965, "pct": 0.5865465803546299}, "hero_damage_per_min": {"raw": 451.4187284685249, "pct": 0.26456515620602306}, "hero_healing_per_min": {"raw": 0, "pct": 0.8041092034900085}, "tower_damage": {"raw": 6571, "pct": 0.6692935547424711}}}, {"account_id": 301191887, "player_slot": 1, "team_number": 0, "team_slot": 1, "hero_id": 68, "hero_variant": 2, "item_0": 96, "item_1": 254, "item_2": 218, "item_3": 4206, "item_4": 37, "item_5": 180, "backpack_0": 188, "backpack_1": 4205, "backpack_2": 0, "item_neutral": 1642, "item_neutral2": 1592, "kills": 8, "deaths": 7, "assists": 22, "leaver_status": 0, "last_hits": 130, "denies": 6, "gold_per_min": 425, "xp_per_min": 641, "level": 24, "net_worth": 18768, "aghanims_scepter": 0, "aghanims_shard": 1, "moonshard": 0, "hero_damage": 31417, "tower_damage": 827, "hero_healing": 0, "gold": 6818, "gold_spent": 14565, "ability_upgrades_arr": [5347, 5345, 5346, 5346, 5346, 5348, 5346, 5345, 5345, 973, 5345, 5348, 5347, 5347, 5347, 6352, 5348, 1141], "personaname": "kentor86", "name": null, "last_login": null, "rank_tier": null, "computed_mmr": 4011.84, "is_subscriber": false, "radiant_win": true, "start_time": 1748204198, "duration": 3193, "cluster": 346, "lobby_type": 0, "game_mode": 22, "is_contributor": false, "patch": 58, "region": 38, "isRadiant": true, "win": 1, "lose": 0, "total_gold": 22617, "total_xp": 34111, "kills_per_min": 0.15032884434700908, "kda": 3.75, "abandons": 0, "benchmarks": {"gold_per_min": {"raw": 425, "pct": 0.836417157275021}, "xp_per_min": {"raw": 641, "pct": 0.6934398654331371}, "kills_per_min": {"raw": 0.15032884434700908, "pct": 0.6808242220353238}, "last_hits_per_min": {"raw": 2.4428437206388973, "pct": 0.8250630782169891}, "hero_damage_per_min": {"raw": 590.360162856248, "pct": 0.8658536585365854}, "hero_healing_per_min": {"raw": 0, "pct": 0.6665264928511354}, "tower_damage": {"raw": 827, "pct": 0.7375946173254836}}}, {"player_slot": 2, "team_number": 0, "team_slot": 2, "hero_id": 93, "hero_variant": 1, "item_0": 116, "item_1": 250, "item_2": 249, "item_3": 208, "item_4": 63, "item_5": 252, "backpack_0": 0, "backpack_1": 0, "backpack_2": 0, "item_neutral": 1643, "item_neutral2": 1597, "kills": 16, "deaths": 11, "assists": 14, "leaver_status": 0, "last_hits": 336, "denies": 7, "gold_per_min": 620, "xp_per_min": 810, "level": 26, "net_worth": 29515, "aghanims_scepter": 0, "aghanims_shard": 0, "moonshard": 0, "hero_damage": 29956, "tower_damage": 7245, "hero_healing": 0, "gold": 2590, "gold_spent": 30820, "ability_upgrades_arr": [5496, 5495, 5494, 5496, 5496, 5497, 5496, 5495, 5495, 6147, 5494, 5497, 5495, 5494, 6892, 5494, 5497, 892, 6894], "is_subscriber": false, "radiant_win": true, "start_time": 1748204198, "duration": 3193, "cluster": 346, "lobby_type": 0, "game_mode": 22, "is_contributor": false, "patch": 58, "region": 38, "isRadiant": true, "win": 1, "lose": 0, "total_gold": 32994, "total_xp": 43105, "kills_per_min": 0.30065768869401815, "kda": 2.5, "abandons": 0, "benchmarks": {"gold_per_min": {"raw": 620, "pct": 0.744617498854787}, "xp_per_min": {"raw": 810, "pct": 0.5361887311039853}, "kills_per_min": {"raw": 0.30065768869401815, "pct": 0.6289509848831882}, "last_hits_per_min": {"raw": 6.313811462574382, "pct": 0.6825469537333944}, "hero_damage_per_min": {"raw": 562.9063576573756, "pct": 0.5135135135135135}, "hero_healing_per_min": {"raw": 0, "pct": 0.9654145671094824}, "tower_damage": {"raw": 7245, "pct": 0.6832340815391663}}}, {"player_slot": 3, "team_number": 0, "team_slot": 3, "hero_id": 27, "hero_variant": 2, "item_0": 214, "item_1": 108, "item_2": 232, "item_3": 256, "item_4": 43, "item_5": 36, "backpack_0": 0, "backpack_1": 0, "backpack_2": 0, "item_neutral": 1642, "item_neutral2": 1586, "kills": 5, "deaths": 10, "assists": 19, "leaver_status": 0, "last_hits": 113, "denies": 1, "gold_per_min": 348, "xp_per_min": 707, "level": 25, "net_worth": 17784, "aghanims_scepter": 0, "aghanims_shard": 0, "moonshard": 0, "hero_damage": 15033, "tower_damage": 2958, "hero_healing": 0, "gold": 6859, "gold_spent": 11355, "ability_upgrades_arr": [5080, 5078, 5079, 5080, 5078, 5081, 5080, 5078, 5080, 468, 5078, 5081, 5079, 5079, 793, 5079, 5081, 6052, 6502], "is_subscriber": false, "radiant_win": true, "start_time": 1748204198, "duration": 3193, "cluster": 346, "lobby_type": 0, "game_mode": 22, "is_contributor": false, "patch": 58, "region": 38, "isRadiant": true, "win": 1, "lose": 0, "total_gold": 18519, "total_xp": 37624, "kills_per_min": 0.09395552771688068, "kda": 2.18, "abandons": 0, "benchmarks": {"gold_per_min": {"raw": 348, "pct": 0.4584093396570595}, "xp_per_min": {"raw": 707, "pct": 0.8507843852608536}, "kills_per_min": {"raw": 0.09395552771688068, "pct": 0.495439620576432}, "last_hits_per_min": {"raw": 2.1233949264015033, "pct": 0.6683692083181321}, "hero_damage_per_min": {"raw": 282.48668963357346, "pct": 0.24863188617292958}, "hero_healing_per_min": {"raw": 0, "pct": 0.6541408245165998}, "tower_damage": {"raw": 2958, "pct": 0.5326523166727472}}}, {"player_slot": 4, "team_number": 0, "team_slot": 4, "hero_id": 99, "hero_variant": 2, "item_0": 210, "item_1": 112, "item_2": 226, "item_3": 63, "item_4": 114, "item_5": 154, "backpack_0": 0, "backpack_1": 0, "backpack_2": 0, "item_neutral": 1608, "item_neutral2": 1589, "kills": 10, "deaths": 5, "assists": 12, "leaver_status": 0, "last_hits": 433, "denies": 24, "gold_per_min": 612, "xp_per_min": 888, "level": 27, "net_worth": 31040, "aghanims_scepter": 0, "aghanims_shard": 1, "moonshard": 0, "hero_damage": 27938, "tower_damage": 10175, "hero_healing": 125, "gold": 7265, "gold_spent": 25775, "ability_upgrades_arr": [5549, 5550, 5548, 5549, 5549, 5551, 5549, 5548, 5548, 5548, 6016, 5550, 5550, 5550, 1079, 5551, 5551, 6360, 6615, 7132], "is_subscriber": false, "radiant_win": true, "start_time": 1748204198, "duration": 3193, "cluster": 346, "lobby_type": 0, "game_mode": 22, "is_contributor": false, "patch": 58, "region": 38, "isRadiant": true, "win": 1, "lose": 0, "total_gold": 32568, "total_xp": 47256, "kills_per_min": 0.18791105543376135, "kda": 3.67, "abandons": 0, "benchmarks": {"gold_per_min": {"raw": 612, "pct": 0.8200705605644845}, "xp_per_min": {"raw": 888, "pct": 0.7569580556644453}, "kills_per_min": {"raw": 0.18791105543376135, "pct": 0.5295962367698942}, "last_hits_per_min": {"raw": 8.136548700281867, "pct": 0.9313994511956095}, "hero_damage_per_min": {"raw": 524.9859066708425, "pct": 0.18110544884359076}, "hero_healing_per_min": {"raw": 2.3488881929220167, "pct": 0.9180713445707566},