{"players": [{"account_id": 390286702, "player_slot": 0, "team_number": 0, "team_slot": 0, "hero_id": 119, "hero_variant": 3, "item_0": 214, "item_1": 100, "item_2": 77, "item_3": 108, "item_4": 77, "item_5": 36, "backpack_0": 41, "backpack_1": 0, "backpack_2": 0, "item_neutral": 1603, "item_neutral2": 1586, "kills": 5, "deaths": 10, "assists": 9, "leaver_status": 0, "last_hits": 95, "denies": 7, "gold_per_min": 350, "xp_per_min": 549, "level": 19, "net_worth": 11397, "aghanims_scepter": 0, "aghanims_shard": 1, "moonshard": 0, "hero_damage": 17735, "tower_damage": 0, "hero_healing": 0, "gold": 152, "gold_spent": 12495, "ability_upgrades_arr": [6341, 6339, 6341, 6342, 6341, 8340, 6341, 6339, 6339, 6339, 5965, 6342, 8340, 6342, 6342, 7655, 8340], "personaname": "54", "name": null, "last_login": null, "rank_tier": 45, "computed_mmr": 3944.15, "is_subscriber": false, "radiant_win": false, "start_time": 1766800847, "duration": 2306, "cluster": 251, "lobby_type": 0, "game_mode": 22, "is_contributor": false, "patch": 59, "region": 15, "isRadiant": true, "win": 0, "lose": 1, "total_gold": 13451, "total_xp": 21099, "kills_per_min": 0.13009540329575023, "kda": 1.27, "abandons": 0, "benchmarks": {"gold_per_min": {"raw": 350, "pct": 0.5043478260869565}, "xp_per_min": {"raw": 549, "pct": 0.4789297658862876}, "kills_per_min": {"raw": 0.1300954032957502, "pct": 0.4280936454849498}, "last_hits_per_min": {"raw": 2.471812662619254, "pct": 0.7993311036789298}, "hero_damage_per_min": {"raw": 461.44839549002603, "pct": 0.5010033444816053}, "hero_healing_per_min": {"raw": 0, "pct": 0.6702341137123746}, "tower_damage": {"raw": 0, "pct": 0.2093645484949833}}}, {"account_id": 837372260, "player_slot": 1, "team_number": 0, "team_slot": 1, "hero_id": 49, "hero_variant": 1, "item_0": 63, "item_1": 178, "item_2": 1, "item_3": 36, "item_4": 73, "item_5": 21, "backpack_0": 0, "backpack_1": 0, "backpack_2": 0, "item_neutral": 359, "item_neutral2": 1577, "kills": 1, "deaths": 16, "assists": 10, "leaver_status": 0, "last_hits": 113, "denies": 4, "gold_per_min": 278, "xp_per_min": 433, "level": 17, "net_worth": 8807, "aghanims_scepter": 0, "aghanims_shard": 1, "moonshard": 0, "hero_damage": 10619, "tower_damage": 0, "hero_healing": 0, "gold": 987, "gold_spent": 8370, "ability_upgrades_arr": [5226, 5227, 5228, 5228, 5228, 5229, 5228, 5226, 5227, 5226, 5938, 5227, 5229, 5227, 5226, 5993], "personaname": "88 :D Pzkvg IV", "name": null, "last_login": null, "rank_tier": 34, "computed_mmr": 3999.86, "is_subscriber": false, "radiant_win": false, "start_time": 1766800847, "duration": 2306, "cluster": 251, "lobby_type": 0, "game_mode": 22, "is_contributor": false, "patch": 59, "region": 15, "isRadiant": true, "win": 0, "lose": 1, "total_gold": 10684, "total_xp": 16641, "kills_per_min": 0.026019080659150047, "kda": 0.65, "abandons": 0, "benchmarks": {"gold_per_min": {"raw": 278, "pct": 0.035412474849094565}, "xp_per_min": {"raw": 433, "pct": 0.11267605633802817}, "kills_per_min": {"raw": 0.026019080659150044, "pct": 0.03943661971830986}, "last_hits_per_min": {"raw": 2.9401561144839548, "pct": 0.07847082494969819}, "hero_damage_per_min": {"raw": 276.2966175195143, "pct": 0.07042253521126761}, "hero_healing_per_min": {"raw": 0, "pct": 0.9613682092555332}, "tower_damage": {"raw": 0, "pct": 0.09617706237424548}}}, {"player_slot": 2, "team_number": 0, "team_slot": 2, "hero_id": 51, "hero_variant": 1, "item_0": 29, "item_1": 34, "item_2": 267, "item_3": 127, "item_4": 9, "item_5": 73, "backpack_0": 55, "backpack_1": 0, "backpack_2": 0, "item_neutral": 840, "item_neutral2": 1585, "kills": 9, "deaths": 10, "assists": 10, "leaver_status": 0, "last_hits": 61, "denies": 7, "gold_per_min": 337, "xp_per_min": 414, "level": 17, "net_worth": 10749, "aghanims_scepter": 0, "aghanims_shard": 0, "moonshard": 0, "hero_damage": 26922, "tower_damage": 0, "hero_healing": 569, "gold": 594, "gold_spent": 11205, "ability_upgrades_arr": [5237, 5239, 5239, 5238, 5239, 5240, 5239, 5237, 5238, 5237, 8290, 5240, 5237, 5238, 5238, 502], "is_subscriber": false, "radiant_win": false, "start_time": 1766800847, "duration": 2306, "cluster": 251, "lobby_type": 0, "game_mode": 22, "is_contributor": false, "patch": 59, "region": 15, "isRadiant": true, "win": 0, "lose": 1, "total_gold": 12952, "total_xp": 15911, "kills_per_min": 0.23417172593235042, "kda": 1.73, "abandons": 0, "benchmarks": {"gold_per_min": {"raw": 337, "pct": 0.5}, "xp_per_min": {"raw": 414, "pct": 0.2986111111111111}, "kills_per_min": {"raw": 0.2341717259323504, "pct": 0.876984126984127}, "last_hits_per_min": {"raw": 1.5871639202081527, "pct": 0.49603174603174605}, "hero_damage_per_min": {"raw": 700.4856895056375, "pct": 0.7916666666666666}, "hero_healing_per_min": {"raw": 14.804856895056375, "pct": 0.8561507936507936}, "tower_damage": {"raw": 0, "pct": 0.3343253968253968}}}, {"player_slot": 3, "team_number": 0, "team_slot": 3, "hero_id": 44, "hero_variant": 3, "item_0": 168, "item_1": 569, "item_2": 116, "item_3": 63, "item_4": 143, "item_5": 26, "backpack_0": 21, "backpack_1": 17, "backpack_2": 0, "item_neutral": 1605, "item_neutral2": 1576, "kills": 6, "deaths": 10, "assists": 5, "leaver_status": 0, "last_hits": 252, "denies": 4, "gold_per_min": 474, "xp_per_min": 637, "level": 21, "net_worth": 16132, "aghanims_scepter": 0, "aghanims_shard": 0, "moonshard": 0, "hero_damage": 15881, "tower_damage": 388, "hero_healing": 125, "gold": 907, "gold_spent": 16345, "ability_upgrades_arr": [5190, 5191, 5190, 1287, 5190, 5193, 1287, 1287, 1287, 483, 730, 5191, 5193, 5190, 5191, 491, 5191, 5193, 490], "is_subscriber": false, "radiant_win": false, "start_time": 1766800847, "duration": 2306, "cluster": 251, "lobby_type": 0, "game_mode": 22, "is_contributor": false, "patch": 59, "region": 15, "isRadiant": true, "win": 0, "lose": 1, "total_gold": 18217, "total_xp": 24482, "kills_per_min": 0.15611448395490027, "kda": 1, "abandons": 0, "benchmarks": {"gold_per_min": {"raw": 474, "pct": 0.3349946600213599}, "xp_per_min": {"raw": 637, "pct": 0.32217871128515485}, "kills_per_min": {"raw": 0.15611448395490027, "pct": 0.3214667141331435}, "last_hits_per_min": {"raw": 6.556808326105811, "pct": 0.44499822000711997}, "hero_damage_per_min": {"raw": 413.20901994796185, "pct": 0.3040227839088644}, "hero_healing_per_min": {"raw": 3.2523850823937557, "pct": 0.9729441082235671}, "tower_damage": {"raw": 388, "pct": 0.3716625133499466}}}, {"account_id": 65137360, "player_slot": 4, "team_number": 0, "team_slot": 4, "hero_id": 39, "hero_variant": 2, "item_0": 0, "item_1": 0, "item_2": 240, "item_3": 36, "item_4": 100, "item_5": 180, "backpack_0": 0, "backpack_1": 0, "backpack_2": 44, "item_neutral": 1604, "item_neutral2": 1593, "kills": 2, "deaths": 11, "assists": 12, "leaver_status": 1, "last_hits": 101, "denies": 5, "gold_per_min": 310, "xp_per_min": 502, "level": 18, "net_worth": 9815, "aghanims_scepter": 0, "aghanims_shard": 1, "moonshard": 0, "hero_damage": 20616, "tower_damage": 21, "hero_healing": 0, "gold": 3565, "gold_spent": 7150, "ability_upgrades_arr": [5173, 5175, 5174, 5175, 5175, 5176, 5174, 5175, 5174, 5174, 5173, 6115, 5176, 5173, 5173, 5939, 5176], "personaname": "PatoDeGoma", "name": null, "last_login": "2021-02-10T20:32:57.535Z", "rank_tier": 45, "computed_mmr": null, "is_subscriber": false, "radiant_win": false, "start_time": 1766800847, "duration": 2306, "cluster": 251, "lobby_type": 0, "game_mode": 22, "is_contributor": false, "patch": 59, "region": 15, "isRadiant": true, "win": 0, "lose": 1, "total_gold": 11914, "total_xp": 19293, "kills_per_min": 0.052038161318300094, "kda": 1.17, "abandons": 0, "benchmarks": {"gold_per_min": {"raw": 310, "pct": 0.060382165605095545}, "xp_per_min": {"raw": 502, "pct": 0.14063694267515925}, "kills_per_min": {"raw": 0.05203816131830009, "pct": 0.03337579617834395}, "last_hits_per_min": {"raw": 2.6279271465741547, "pct": 0.1113375796178344}, "hero_damage_per_min": {"raw": 536.4093668690373, "pct": 0.18802547770700637},