{"players": [{"account_id": 122315133, "player_slot": 0, "team_number": 0, "team_slot": 0, "hero_id": 4, "hero_variant": 1, "item_0": 114, "item_1": 36, "item_2": 127, "item_3": 50, "item_4": 143, "item_5": 569, "backpack_0": 38, "backpack_1": 0, "backpack_2": 0, "item_neutral": 828, "item_neutral2": 1576, "kills": 4, "deaths": 19, "assists": 25, "leaver_status": 0, "last_hits": 125, "denies": 8, "gold_per_min": 414, "xp_per_min": 793, "level": 25, "net_worth": 14658, "aghanims_scepter": 0, "aghanims_shard": 0, "moonshard": 0, "hero_damage": 20691, "tower_damage": 28, "hero_healing": 0, "gold": 1133, "gold_spent": 14805, "ability_upgrades_arr": [5016, 5017, 5015, 5015, 5015, 5018, 5015, 5016, 5016, 5016, 818, 5018, 5017, 5017, 819, 5017, 5018, 6357], "personaname": "ᶲᶲ ﴾InÐꬲx﴿ ᶲᶲ", "name": null, "last_login": null, "rank_tier": 43, "computed_mmr": 3908.13, "is_subscriber": false, "radiant_win": false, "start_time": 1751506066, "duration": 2771, "cluster": 241, "lobby_type": 0, "game_mode": 22, "is_contributor": false, "patch": 58, "region": 14, "isRadiant": true, "win": 0, "lose": 1, "total_gold": 19119, "total_xp": 36623, "kills_per_min": 0.08661133164922412, "kda": 1.45, "abandons": 0, "benchmarks": {"gold_per_min": {"raw": 414, "pct": 0.1721218961625282}, "xp_per_min": {"raw": 793, "pct": 0.4762979683972912}, "kills_per_min": {"raw": 0.0866113316492241, "pct": 0.10214446952595936}, "last_hits_per_min": {"raw": 2.706604114038253, "pct": 0.0981941309255079}, "hero_damage_per_min": {"raw": 448.01876578852404, "pct": 0.18284424379232506}, "hero_healing_per_min": {"raw": 0, "pct": 0.9571106094808126}, "tower_damage": {"raw": 28, "pct": 0.1455981941309255}}}, {"account_id": 132126838, "player_slot": 1, "team_number": 0, "team_slot": 1, "hero_id": 47, "hero_variant": 1, "item_0": 263, "item_1": 96, "item_2": 114, "item_3": 48, "item_4": 9, "item_5": 65, "backpack_0": 0, "backpack_1": 0, "backpack_2": 0, "item_neutral": 1603, "item_neutral2": 1586, "kills": 18, "deaths": 11, "assists": 14, "leaver_status": 0, "last_hits": 304, "denies": 31, "gold_per_min": 686, "xp_per_min": 995, "level": 27, "net_worth": 25067, "aghanims_scepter": 0, "aghanims_shard": 1, "moonshard": 0, "hero_damage": 45223, "tower_damage": 1055, "hero_healing": 0, "gold": 2717, "gold_spent": 24820, "ability_upgrades_arr": [5218, 5220, 5218, 5220, 5218, 5221, 5218, 5220, 5220, 5219, 5219, 5221, 5219, 5219, 984, 6156, 5221, 1540, 985, 6820], "personaname": "ElProductor", "name": null, "last_login": null, "rank_tier": 55, "computed_mmr": 3829.54, "is_subscriber": false, "radiant_win": false, "start_time": 1751506066, "duration": 2771, "cluster": 241, "lobby_type": 0, "game_mode": 22, "is_contributor": false, "patch": 58, "region": 14, "isRadiant": true, "win": 0, "lose": 1, "total_gold": 31681, "total_xp": 45952, "kills_per_min": 0.3897509924215085, "kda": 2.67, "abandons": 0, "benchmarks": {"gold_per_min": {"raw": 686, "pct": 0.961327982488143}, "xp_per_min": {"raw": 995, "pct": 0.9146296971908062}, "kills_per_min": {"raw": 0.38975099242150846, "pct": 0.8464064210142284}, "last_hits_per_min": {"raw": 6.5824612053410325, "pct": 0.8599051441079898}, "hero_damage_per_min": {"raw": 979.2060627932156, "pct": 0.8288945640277271}, "hero_healing_per_min": {"raw": 0, "pct": 0.8858080992338563}, "tower_damage": {"raw": 1055, "pct": 0.36300620211601603}}}, {"player_slot": 2, "team_number": 0, "team_slot": 2, "hero_id": 26, "hero_variant": 2, "item_0": 214, "item_1": 108, "item_2": 1, "item_3": 232, "item_4": 0, "item_5": 0, "backpack_0": 0, "backpack_1": 0, "backpack_2": 0, "item_neutral": 1124, "item_neutral2": 1584, "kills": 6, "deaths": 13, "assists": 17, "leaver_status": 0, "last_hits": 77, "denies": 7, "gold_per_min": 367, "xp_per_min": 566, "level": 22, "net_worth": 11855, "aghanims_scepter": 0, "aghanims_shard": 0, "moonshard": 0, "hero_damage": 18896, "tower_damage": 30, "hero_healing": 0, "gold": 2230, "gold_spent": 11390, "ability_upgrades_arr": [5044, 5045, 5044, 5045, 5044, 5047, 5044, 5045, 5045, 5918, 5046, 5047, 5046, 5046, 5046, 781, 5047, 541], "is_subscriber": false, "radiant_win": false, "start_time": 1751506066, "duration": 2771, "cluster": 241, "lobby_type": 0, "game_mode": 22, "is_contributor": false, "patch": 58, "region": 14, "isRadiant": true, "win": 0, "lose": 1, "total_gold": 16949, "total_xp": 26139, "kills_per_min": 0.12991699747383617, "kda": 1.64, "abandons": 0, "benchmarks": {"gold_per_min": {"raw": 367, "pct": 0.6690602166792643}, "xp_per_min": {"raw": 566, "pct": 0.5115898211136306}, "kills_per_min": {"raw": 0.12991699747383617, "pct": 0.47719828672209624}, "last_hits_per_min": {"raw": 1.667268134247564, "pct": 0.7113882590073066}, "hero_damage_per_min": {"raw": 409.15193071093466, "pct": 0.7301587301587301}, "hero_healing_per_min": {"raw": 0, "pct": 0.754976064499874}, "tower_damage": {"raw": 30, "pct": 0.29365079365079366}}}, {"account_id": 65137360, "player_slot": 3, "team_number": 0, "team_slot": 3, "hero_id": 30, "hero_variant": 3, "item_0": 69, "item_1": 42, "item_2": 0, "item_3": 231, "item_4": 100, "item_5": 40, "backpack_0": 16, "backpack_1": 1575, "backpack_2": 0, "item_neutral": 1637, "item_neutral2": 1583, "kills": 7, "deaths": 9, "assists": 19, "leaver_status": 0, "last_hits": 33, "denies": 12, "gold_per_min": 325, "xp_per_min": 533, "level": 21, "net_worth": 12746, "aghanims_scepter": 0, "aghanims_shard": 1, "moonshard": 0, "hero_damage": 18818, "tower_damage": 0, "hero_healing": 8452, "gold": 1666, "gold_spent": 12430, "ability_upgrades_arr": [5138, 5140, 5140, 5139, 5139, 5141, 5138, 5140, 5138, 5138, 5139, 5141, 5140, 5139, 5959, 417, 5141, 5998], "personaname": "PatoDeGoma", "name": null, "last_login": "2021-02-10T20:32:57.535Z", "rank_tier": 45, "computed_mmr": null, "is_subscriber": false, "radiant_win": false, "start_time": 1751506066, "duration": 2771, "cluster": 241, "lobby_type": 0, "game_mode": 22, "is_contributor": false, "patch": 58, "region": 14, "isRadiant": true, "win": 0, "lose": 1, "total_gold": 15009, "total_xp": 24615, "kills_per_min": 0.1515698303861422, "kda": 2.6, "abandons": 0, "benchmarks": {"gold_per_min": {"raw": 325, "pct": 0.29135661133371493}, "xp_per_min": {"raw": 533, "pct": 0.4703300896775425}, "kills_per_min": {"raw": 0.1515698303861422, "pct": 0.39114672772371684}, "last_hits_per_min": {"raw": 0.7145434861060989, "pct": 0.20492272467086434}, "hero_damage_per_min": {"raw": 407.4630097437748, "pct": 0.23888570883419194}, "hero_healing_per_min": {"raw": 183.00974377481054, "pct": 0.6433886662850601}, "tower_damage": {"raw": 0, "pct": 0.21102842968899066}}}, {"account_id": 37467834, "player_slot": 4, "team_number": 0, "team_slot": 4, "hero_id": 44, "hero_variant": 3, "item_0": 168, "item_1": 116, "item_2": 172, "item_3": 569, "item_4": 63, "item_5": 143, "backpack_0": 4205, "backpack_1": 0, "backpack_2": 0, "item_neutral": 1605, "item_neutral2": 1597, "kills": 4, "deaths": 12, "assists": 8, "leaver_status": 0, "last_hits": 222, "denies": 11, "gold_per_min": 415, "xp_per_min": 555, "level": 21, "net_worth": 16254, "aghanims_scepter": 0, "aghanims_shard": 0, "moonshard": 0, "hero_damage": 12563, "tower_damage": 1113, "hero_healing": 0, "gold": 1279, "gold_spent": 15705, "ability_upgrades_arr": [5190, 5191, 1287, 5191, 5191, 5193, 5191, 5190, 5190, 5190, 559, 5193, 1287, 1287, 491, 1287, 5193, 1074], "personaname": "ExtremoDiaz", "name": null, "last_login": null, "rank_tier": 22, "computed_mmr": 3968.35, "is_subscriber": false, "radiant_win": false, "start_time": 1751506066, "duration": 2771, "cluster": 241, "lobby_type": 0, "game_mode": 22, "is_contributor": false, "patch": 58, "region": 14, "isRadiant": true, "win": 0, "lose": 1, "total_gold": 19166, "total_xp": 25631, "kills_per_min": 0.08661133164922412, "kda": 0.92, "abandons": 0, "benchmarks": {"gold_per_min": {"raw": 415, "pct": 0.20787746170678337}, "xp_per_min": {"raw": 555, "pct": 0.20912785245389184}, "kills_per_min": {"raw": 0.0866113316492241,