{"players": [{"player_slot": 0, "team_number": 0, "team_slot": 0, "hero_id": 105, "hero_variant": 2, "item_0": 102, "item_1": 42, "item_2": 178, "item_3": 94, "item_4": 100, "item_5": 180, "backpack_0": 0, "backpack_1": 0, "backpack_2": 0, "item_neutral": 359, "item_neutral2": 1585, "kills": 7, "deaths": 20, "assists": 17, "leaver_status": 0, "last_hits": 69, "denies": 0, "gold_per_min": 340, "xp_per_min": 316, "level": 15, "net_worth": 10591, "aghanims_scepter": 0, "aghanims_shard": 1, "moonshard": 0, "hero_damage": 33532, "tower_damage": 110, "hero_healing": 0, "gold": 1761, "gold_spent": 10700, "ability_upgrades_arr": [886, 5601, 886, 879, 5601, 5599, 5601, 5601, 879, 879, 879, 5599, 6997, 886, 886], "is_subscriber": false, "radiant_win": false, "start_time": 1763408741, "duration": 2492, "cluster": 412, "lobby_type": 7, "game_mode": 22, "is_contributor": false, "patch": 58, "isRadiant": true, "win": 0, "lose": 1, "total_gold": 14121, "total_xp": 13124, "kills_per_min": 0.16853932584269662, "kda": 1.14, "abandons": 0, "benchmarks": {"gold_per_min": {"raw": 340, "pct": 0.1816598955310505}, "xp_per_min": {"raw": 316, "pct": 0.0713871154962275}, "kills_per_min": {"raw": 0.16853932584269662, "pct": 0.4306442251886245}, "last_hits_per_min": {"raw": 1.6613162118780096, "pct": 0.15089959373186304}, "hero_damage_per_min": {"raw": 807.3515248796148, "pct": 0.4274521183981428}, "hero_healing_per_min": {"raw": 0, "pct": 0.7576900754497968}, "tower_damage": {"raw": 110, "pct": 0.2341845618107951}}}, {"player_slot": 1, "team_number": 0, "team_slot": 1, "hero_id": 104, "hero_variant": 1, "item_0": 50, "item_1": 127, "item_2": 116, "item_3": 73, "item_4": 1, "item_5": 108, "backpack_0": 42, "backpack_1": 36, "backpack_2": 38, "item_neutral": 1603, "item_neutral2": 1586, "kills": 9, "deaths": 12, "assists": 11, "leaver_status": 0, "last_hits": 178, "denies": 3, "gold_per_min": 460, "xp_per_min": 901, "level": 25, "net_worth": 17338, "aghanims_scepter": 0, "aghanims_shard": 0, "moonshard": 0, "hero_damage": 31323, "tower_damage": 314, "hero_healing": 648, "gold": 1933, "gold_spent": 15745, "ability_upgrades_arr": [5595, 5597, 5596, 5595, 5595, 5598, 5597, 5595, 5597, 1113, 5597, 5596, 5596, 5598, 6671, 5596, 5598, 7395, 925], "is_subscriber": false, "radiant_win": false, "start_time": 1763408741, "duration": 2492, "cluster": 412, "lobby_type": 7, "game_mode": 22, "is_contributor": false, "patch": 58, "isRadiant": true, "win": 0, "lose": 1, "total_gold": 19105, "total_xp": 37421, "kills_per_min": 0.21669341894060995, "kda": 1.54, "abandons": 0, "benchmarks": {"gold_per_min": {"raw": 460, "pct": 0.3903494176372712}, "xp_per_min": {"raw": 901, "pct": 0.8104825291181365}, "kills_per_min": {"raw": 0.21669341894060995, "pct": 0.4925124792013311}, "last_hits_per_min": {"raw": 4.285714285714286, "pct": 0.3625623960066556}, "hero_damage_per_min": {"raw": 754.1653290529696, "pct": 0.6186356073211314}, "hero_healing_per_min": {"raw": 15.601926163723917, "pct": 0.291846921797005}, "tower_damage": {"raw": 314, "pct": 0.2821963394342762}}}, {"player_slot": 2, "team_number": 0, "team_slot": 2, "hero_id": 35, "hero_variant": 1, "item_0": 158, "item_1": 172, "item_2": 149, "item_3": 75, "item_4": 263, "item_5": 63, "backpack_0": 0, "backpack_1": 0, "backpack_2": 0, "item_neutral": 1605, "item_neutral2": 1583, "kills": 13, "deaths": 12, "assists": 15, "leaver_status": 0, "last_hits": 223, "denies": 18, "gold_per_min": 581, "xp_per_min": 753, "level": 23, "net_worth": 19316, "aghanims_scepter": 0, "aghanims_shard": 1, "moonshard": 0, "hero_damage": 47317, "tower_damage": 0, "hero_healing": 0, "gold": 1961, "gold_spent": 18550, "ability_upgrades_arr": [5155, 5154, 5155, 5156, 5155, 5157, 5155, 5156, 5156, 5156, 928, 5157, 5154, 5154, 7892, 5154, 5157, 6897], "is_subscriber": false, "radiant_win": false, "start_time": 1763408741, "duration": 2492, "cluster": 412, "lobby_type": 7, "game_mode": 22, "is_contributor": false, "patch": 58, "isRadiant": true, "win": 0, "lose": 1, "total_gold": 24130, "total_xp": 31274, "kills_per_min": 0.3130016051364366, "kda": 2.15, "abandons": 0, "benchmarks": {"gold_per_min": {"raw": 581, "pct": 0.5643630308076603}, "xp_per_min": {"raw": 753, "pct": 0.5830141548709409}, "kills_per_min": {"raw": 0.3130016051364366, "pct": 0.6849292256452956}, "last_hits_per_min": {"raw": 5.369181380417335, "pct": 0.3405495420482931}, "hero_damage_per_min": {"raw": 1139.2536115569824, "pct": 0.808992506244796}, "hero_healing_per_min": {"raw": 0, "pct": 0.9365528726061615}, "tower_damage": {"raw": 0, "pct": 0.09458784346378019}}}, {"player_slot": 3, "team_number": 0, "team_slot": 3, "hero_id": 30, "hero_variant": 4, "item_0": 180, "item_1": 1, "item_2": 1441, "item_3": 232, "item_4": 60, "item_5": 0, "backpack_0": 0, "backpack_1": 0, "backpack_2": 0, "item_neutral": 1599, "item_neutral2": 1577, "kills": 5, "deaths": 21, "assists": 13, "leaver_status": 0, "last_hits": 54, "denies": 0, "gold_per_min": 314, "xp_per_min": 358, "level": 16, "net_worth": 9602, "aghanims_scepter": 0, "aghanims_shard": 1, "moonshard": 0, "hero_damage": 25961, "tower_damage": 8, "hero_healing": 461, "gold": 977, "gold_spent": 9365, "ability_upgrades_arr": [5140, 5138, 5140, 5138, 5140, 5141, 5140, 5138, 5138, 6995, 5139, 5141, 5139, 5139, 6524], "is_subscriber": false, "radiant_win": false, "start_time": 1763408741, "duration": 2492, "cluster": 412, "lobby_type": 7, "game_mode": 22, "is_contributor": false, "patch": 58, "isRadiant": true, "win": 0, "lose": 1, "total_gold": 13041, "total_xp": 14868, "kills_per_min": 0.12038523274478331, "kda": 0.82, "abandons": 0, "benchmarks": {"gold_per_min": {"raw": 314, "pct": 0.2432845599475868}, "xp_per_min": {"raw": 358, "pct": 0.13168814151561475}, "kills_per_min": {"raw": 0.1203852327447833, "pct": 0.24393972483074908}, "last_hits_per_min": {"raw": 1.3001605136436596, "pct": 0.6224066390041494}, "hero_damage_per_min": {"raw": 625.0642054574639, "pct": 0.6732911115964184}, "hero_healing_per_min": {"raw": 11.09951845906902, "pct": 0.07687267962437214}, "tower_damage": {"raw": 8, "pct": 0.2242847783358812}}}, {"player_slot": 4, "team_number": 0, "team_slot": 4, "hero_id": 41, "hero_variant": 2, "item_0": 50, "item_1": 174, "item_2": 36, "item_3": 145, "item_4": 147, "item_5": 0, "backpack_0": 0, "backpack_1": 0, "backpack_2": 0, "item_neutral": 565, "item_neutral2": 1586, "kills": 7, "deaths": 10, "assists": 11, "leaver_status": 0, "last_hits": 120, "denies": 4, "gold_per_min": 350, "xp_per_min": 484, "level": 19, "net_worth": 13706, "aghanims_scepter": 0, "aghanims_shard": 0, "moonshard": 0, "hero_damage": 13325, "tower_damage": 0, "hero_healing": 0, "gold": 706, "gold_spent": 13090, "ability_upgrades_arr": [5184, 5182, 5184, 5182, 5691, 5185, 5184, 5184, 5182, 5182, 5691, 5185, 5691, 5691, 6807, 856, 5185], "is_subscriber": false, "radiant_win": false, "start_time": 1763408741, "duration": 2492, "cluster": 412, "lobby_type": 7, "game_mode": 22, "is_contributor": false, "patch": 58, "isRadiant": true, "win": 0, "lose": 1, "total_gold": 14536, "total_xp": 20102, "kills_per_min": 0.16853932584269662, "kda": 1.64, "abandons": 0, "benchmarks": {"gold_per_min": {"raw": 350, "pct": 0.11899313501144165}, "xp_per_min": {"raw": 484, "pct": 0.15560640732265446}, "kills_per_min": {"raw": 0.16853932584269662, "pct": 0.43630816170861936}, "last_hits_per_min": {"raw": 2.8892455858747996, "pct": 0.07971014492753623}, "hero_damage_per_min": {"raw": 320.8266452648475, "pct": 0.2284515636918383}, "hero_healing_per_min": {"raw": 0, "pct": 0.9462242562929062}, "tower_damage": {"raw": 0, "pct": 0.21586575133485889}}}, {"player_slot": 128, "team_number": 1, "team_slot": 0, "hero_id": 100, "hero_variant": 1, "item_0": 50, "item_1": 116, "item_2": 168, "item_3": 141, "item_4": 73, "item_5": 1, "backpack_0": 0, "backpack_1": 43, "backpack_2": 0, "item_neutral": 1639, "item_neutral2": 1586, "kills": 20, "deaths": 6, "assists": 17, "leaver_status": 0, "last_hits": 80, "denies": 7,