{"players": [{"player_slot": 0, "team_number": 0, "team_slot": 0, "hero_id": 64, "hero_variant": 3, "item_0": 100, "item_1": 37, "item_2": 180, "item_3": 0, "item_4": 108, "item_5": 1, "backpack_0": 0, "backpack_1": 42, "backpack_2": 0, "item_neutral": 838, "item_neutral2": 1577, "kills": 5, "deaths": 9, "assists": 17, "leaver_status": 0, "last_hits": 120, "denies": 1, "gold_per_min": 340, "xp_per_min": 620, "level": 22, "net_worth": 12115, "aghanims_scepter": 0, "aghanims_shard": 0, "moonshard": 0, "hero_damage": 16567, "tower_damage": 1049, "hero_healing": 1063, "gold": 165, "gold_spent": 15445, "ability_upgrades_arr": [5299, 5297, 5297, 5299, 5297, 5300, 5297, 5299, 5298, 5299, 5298, 5300, 5298, 5298, 5963, 6661, 5300, 542], "is_subscriber": false, "radiant_win": false, "start_time": 1747317084, "duration": 2633, "cluster": 241, "lobby_type": 7, "game_mode": 22, "is_contributor": false, "patch": 57, "region": 14, "isRadiant": true, "win": 0, "lose": 1, "total_gold": 14920, "total_xp": 27207, "kills_per_min": 0.1139384732244588, "kda": 2.2, "abandons": 0, "benchmarks": {"gold_per_min": {"raw": 340, "pct": 0.42755479647025335}, "xp_per_min": {"raw": 620, "pct": 0.6808995160831198}, "kills_per_min": {"raw": 0.11393847322445878, "pct": 0.5835468260745801}, "last_hits_per_min": {"raw": 2.734523357387011, "pct": 0.7469399373754626}, "hero_damage_per_min": {"raw": 377.5237371819218, "pct": 0.3743239396527185}, "hero_healing_per_min": {"raw": 24.22331940751994, "pct": 0.8118417307144891}, "tower_damage": {"raw": 1049, "pct": 0.42300028465698836}}}, {"player_slot": 1, "team_number": 0, "team_slot": 1, "hero_id": 29, "hero_variant": 1, "item_0": 692, "item_1": 36, "item_2": 1, "item_3": 119, "item_4": 127, "item_5": 180, "backpack_0": 0, "backpack_1": 0, "backpack_2": 0, "item_neutral": 1606, "item_neutral2": 1585, "kills": 8, "deaths": 15, "assists": 27, "leaver_status": 0, "last_hits": 145, "denies": 11, "gold_per_min": 446, "xp_per_min": 563, "level": 21, "net_worth": 15930, "aghanims_scepter": 0, "aghanims_shard": 0, "moonshard": 0, "hero_damage": 47571, "tower_damage": 381, "hero_healing": 0, "gold": 655, "gold_spent": 16135, "ability_upgrades_arr": [5120, 5118, 5120, 5119, 5120, 5121, 5120, 5119, 5119, 963, 5119, 5121, 5118, 5118, 6946, 5118, 5121, 6151], "is_subscriber": false, "radiant_win": false, "start_time": 1747317084, "duration": 2633, "cluster": 241, "lobby_type": 7, "game_mode": 22, "is_contributor": false, "patch": 57, "region": 14, "isRadiant": true, "win": 0, "lose": 1, "total_gold": 19571, "total_xp": 24706, "kills_per_min": 0.18230155715913407, "kda": 2.19, "abandons": 0, "benchmarks": {"gold_per_min": {"raw": 446, "pct": 0.40012311480455526}, "xp_per_min": {"raw": 563, "pct": 0.2803939673745768}, "kills_per_min": {"raw": 0.18230155715913407, "pct": 0.708833487226839}, "last_hits_per_min": {"raw": 3.304215723509305, "pct": 0.14096645121575868}, "hero_damage_per_min": {"raw": 1084.0334219521458, "pct": 0.9704524469067405}, "hero_healing_per_min": {"raw": 0, "pct": 0.4228993536472761}, "tower_damage": {"raw": 381, "pct": 0.33056325023084027}}}, {"account_id": 353681930, "player_slot": 2, "team_number": 0, "team_slot": 2, "hero_id": 32, "hero_variant": 2, "item_0": 0, "item_1": 208, "item_2": 149, "item_3": 174, "item_4": 63, "item_5": 69, "backpack_0": 122, "backpack_1": 36, "backpack_2": 0, "item_neutral": 1604, "item_neutral2": 1594, "kills": 21, "deaths": 14, "assists": 19, "leaver_status": 0, "last_hits": 55, "denies": 6, "gold_per_min": 435, "xp_per_min": 633, "level": 22, "net_worth": 15711, "aghanims_scepter": 0, "aghanims_shard": 0, "moonshard": 0, "hero_damage": 44664, "tower_damage": 174, "hero_healing": 0, "gold": 1111, "gold_spent": 17140, "ability_upgrades_arr": [5143, 5145, 5143, 5142, 5143, 5144, 5143, 5145, 5142, 474, 5145, 5144, 5142, 5142, 6193, 5145, 5144, 6330], "personaname": "TU TERROR", "name": null, "last_login": null, "rank_tier": 24, "computed_mmr": 3965.26, "is_subscriber": false, "radiant_win": false, "start_time": 1747317084, "duration": 2633, "cluster": 241, "lobby_type": 7, "game_mode": 22, "is_contributor": false, "patch": 57, "region": 14, "isRadiant": true, "win": 0, "lose": 1, "total_gold": 19089, "total_xp": 27778, "kills_per_min": 0.4785415875427269, "kda": 2.67, "abandons": 0, "benchmarks": {"gold_per_min": {"raw": 435, "pct": 0.3760842627013631}, "xp_per_min": {"raw": 633, "pct": 0.25712515489467164}, "kills_per_min": {"raw": 0.4785415875427269, "pct": 0.8407682775712515}, "last_hits_per_min": {"raw": 1.2533232054690466, "pct": 0.08426270136307311}, "hero_damage_per_min": {"raw": 1017.7895936194456, "pct": 0.8358116480793061}, "hero_healing_per_min": {"raw": 0, "pct": 0.9281288723667905}, "tower_damage": {"raw": 174, "pct": 0.2942998760842627}}}, {"player_slot": 3, "team_number": 0, "team_slot": 3, "hero_id": 22, "hero_variant": 2, "item_0": 180, "item_1": 123, "item_2": 60, "item_3": 41, "item_4": 23, "item_5": 102, "backpack_0": 21, "backpack_1": 0, "backpack_2": 0, "item_neutral": 378, "item_neutral2": 1586, "kills": 8, "deaths": 14, "assists": 22, "leaver_status": 0, "last_hits": 75, "denies": 1, "gold_per_min": 399, "xp_per_min": 607, "level": 22, "net_worth": 13180, "aghanims_scepter": 0, "aghanims_shard": 0, "moonshard": 0, "hero_damage": 34843, "tower_damage": 380, "hero_healing": 0, "gold": 905, "gold_spent": 14050, "ability_upgrades_arr": [5110, 641, 5111, 5111, 5111, 5113, 5111, 5110, 5110, 5959, 5110, 5113, 641, 641, 641, 5113, 6501], "is_subscriber": false, "radiant_win": false, "start_time": 1747317084, "duration": 2633, "cluster": 241, "lobby_type": 7, "game_mode": 22, "is_contributor": false, "patch": 57, "region": 14, "isRadiant": true, "win": 0, "lose": 1, "total_gold": 17509, "total_xp": 26637, "kills_per_min": 0.18230155715913407, "kda": 2, "abandons": 0, "benchmarks": {"gold_per_min": {"raw": 399, "pct": 0.3222972972972973}, "xp_per_min": {"raw": 607, "pct": 0.3963963963963964}, "kills_per_min": {"raw": 0.18230155715913407, "pct": 0.4412162162162162}, "last_hits_per_min": {"raw": 1.709077098366882, "pct": 0.14662162162162162}, "hero_damage_per_min": {"raw": 793.9916445119636, "pct": 0.35315315315315315}, "hero_healing_per_min": {"raw": 0, "pct": 0.8135135135135135}, "tower_damage": {"raw": 380, "pct": 0.4963963963963964}}}, {"player_slot": 4, "team_number": 0, "team_slot": 4, "hero_id": 128, "hero_variant": 2, "item_0": 166, "item_1": 37, "item_2": 152, "item_3": 102, "item_4": 149, "item_5": 180, "backpack_0": 0, "backpack_1": 0, "backpack_2": 0, "item_neutral": 947, "item_neutral2": 1585, "kills": 10, "deaths": 10, "assists": 19, "leaver_status": 0, "last_hits": 139, "denies": 2, "gold_per_min": 447, "xp_per_min": 678, "level": 23, "net_worth": 15937, "aghanims_scepter": 0, "aghanims_shard": 0, "moonshard": 0, "hero_damage": 38950, "tower_damage": 349, "hero_healing": 0, "gold": 2537, "gold_spent": 15445, "ability_upgrades_arr": [6480, 6488, 6480, 6483, 6480, 6482, 6480, 6488, 6488, 6488, 6483, 6482, 6483, 6483, 6479, 6487, 6482, 500], "is_subscriber": false, "radiant_win": false, "start_time": 1747317084, "duration": 2633, "cluster": 241, "lobby_type": 7, "game_mode": 22, "is_contributor": false, "patch": 57, "region": 14, "isRadiant": true, "win": 0, "lose": 1, "total_gold": 19615, "total_xp": 29752, "kills_per_min": 0.2278769464489176, "kda": 2.64, "abandons": 0, "benchmarks": {"gold_per_min": {"raw": 447, "pct": 0.7328891580860085}, "xp_per_min": {"raw": 678, "pct": 0.6971532404603271}, "kills_per_min": {"raw": 0.22787694644891757, "pct": 0.7801332525741974}, "last_hits_per_min": {"raw": 3.1674895556399543, "pct": 0.6499091459721381}, "hero_damage_per_min": {"raw": 887.580706418534, "pct": 0.9345850999394306}, "hero_healing_per_min": {"raw": 0, "pct": 0.3246517262265294}, "tower_damage": {"raw": 349, "pct": 0.3513022410660206}}}, {"player_slot": 128, "team_number": 1, "team_slot": 0, "hero_id": 36, "hero_variant": 1, "item_0": 214, "item_1": 235, "item_2": 102,