{"players": [{"player_slot": 0, "team_number": 0, "team_slot": 0, "hero_id": 2, "hero_variant": 1, "item_0": 127, "item_1": 1, "item_2": 90, "item_3": 125, "item_4": 36, "item_5": 50, "backpack_0": 0, "backpack_1": 0, "backpack_2": 0, "item_neutral": 1605, "item_neutral2": 1586, "kills": 4, "deaths": 5, "assists": 17, "leaver_status": 0, "last_hits": 192, "denies": 8, "gold_per_min": 429, "xp_per_min": 661, "level": 21, "net_worth": 15378, "aghanims_scepter": 0, "aghanims_shard": 0, "moonshard": 0, "hero_damage": 13862, "tower_damage": 2991, "hero_healing": 0, "gold": 1243, "gold_spent": 15435, "ability_upgrades_arr": [5008, 5009, 5009, 5007, 5009, 5010, 5009, 5007, 5007, 9401, 5008, 5007, 5010, 5008, 5008, 6102, 5010, 6991], "is_subscriber": false, "radiant_win": true, "start_time": 1768869548, "duration": 2315, "cluster": 381, "lobby_type": 0, "game_mode": 22, "is_contributor": false, "patch": 59, "isRadiant": true, "win": 1, "lose": 0, "total_gold": 16552, "total_xp": 25503, "kills_per_min": 0.10367170626349892, "kda": 3.5, "abandons": 0, "benchmarks": {"gold_per_min": {"raw": 429, "pct": 0.31078568107856813}, "xp_per_min": {"raw": 661, "pct": 0.4500232450023245}, "kills_per_min": {"raw": 0.10367170626349892, "pct": 0.11831706183170618}, "last_hits_per_min": {"raw": 4.976241900647948, "pct": 0.602045560204556}, "hero_damage_per_min": {"raw": 359.27429805615554, "pct": 0.06764295676429567}, "hero_healing_per_min": {"raw": 0, "pct": 0.9225941422594143}, "tower_damage": {"raw": 2991, "pct": 0.8737796373779637}}}, {"account_id": 161687719, "player_slot": 1, "team_number": 0, "team_slot": 1, "hero_id": 35, "hero_variant": 2, "item_0": 158, "item_1": 152, "item_2": 141, "item_3": 244, "item_4": 29, "item_5": 108, "backpack_0": 0, "backpack_1": 0, "backpack_2": 0, "item_neutral": 1643, "item_neutral2": 1584, "kills": 14, "deaths": 1, "assists": 14, "leaver_status": 0, "last_hits": 197, "denies": 0, "gold_per_min": 527, "xp_per_min": 710, "level": 22, "net_worth": 19937, "aghanims_scepter": 0, "aghanims_shard": 0, "moonshard": 0, "hero_damage": 24652, "tower_damage": 5571, "hero_healing": 0, "gold": 1062, "gold_spent": 19820, "ability_upgrades_arr": [5154, 5155, 5154, 5155, 5154, 5157, 5154, 5156, 5155, 928, 5155, 5156, 5157, 5156, 5156, 7892, 5157, 6897], "personaname": "Alxche", "name": null, "last_login": null, "rank_tier": 54, "computed_mmr": 4222.59, "is_subscriber": false, "radiant_win": true, "start_time": 1768869548, "duration": 2315, "cluster": 381, "lobby_type": 0, "game_mode": 22, "is_contributor": false, "patch": 59, "isRadiant": true, "win": 1, "lose": 0, "total_gold": 20333, "total_xp": 27394, "kills_per_min": 0.3628509719222462, "kda": 14, "abandons": 0, "benchmarks": {"gold_per_min": {"raw": 527, "pct": 0.42447960033305576}, "xp_per_min": {"raw": 710, "pct": 0.5065778517901749}, "kills_per_min": {"raw": 0.36285097192224625, "pct": 0.7766860949208992}, "last_hits_per_min": {"raw": 5.105831533477322, "pct": 0.3080766028309742}, "hero_damage_per_min": {"raw": 638.9287257019439, "pct": 0.25045795170691093}, "hero_healing_per_min": {"raw": 0, "pct": 0.9365528726061615}, "tower_damage": {"raw": 5571, "pct": 0.5676935886761032}}}, {"account_id": 103382181, "player_slot": 2, "team_number": 0, "team_slot": 2, "hero_id": 30, "hero_variant": 4, "item_0": 180, "item_1": 218, "item_2": 21, "item_3": 40, "item_4": 108, "item_5": 8, "backpack_0": 0, "backpack_1": 0, "backpack_2": 0, "item_neutral": 1604, "item_neutral2": 1585, "kills": 1, "deaths": 6, "assists": 22, "leaver_status": 0, "last_hits": 46, "denies": 4, "gold_per_min": 323, "xp_per_min": 462, "level": 18, "net_worth": 10266, "aghanims_scepter": 0, "aghanims_shard": 1, "moonshard": 0, "hero_damage": 8772, "tower_damage": 1912, "hero_healing": 12074, "gold": 456, "gold_spent": 12305, "ability_upgrades_arr": [5138, 5140, 5140, 5138, 5139, 5141, 5140, 5140, 5138, 5138, 6995, 5139, 5141, 5139, 5139, 6524, 5141], "personaname": "Ulfsarfar", "name": null, "last_login": null, "rank_tier": 31, "computed_mmr": 3695.82, "is_subscriber": false, "radiant_win": true, "start_time": 1768869548, "duration": 2315, "cluster": 381, "lobby_type": 0, "game_mode": 22, "is_contributor": false, "patch": 59, "isRadiant": true, "win": 1, "lose": 0, "total_gold": 12462, "total_xp": 17825, "kills_per_min": 0.02591792656587473, "kda": 3.29, "abandons": 0, "benchmarks": {"gold_per_min": {"raw": 323, "pct": 0.2880541602970081}, "xp_per_min": {"raw": 462, "pct": 0.3221227342214457}, "kills_per_min": {"raw": 0.02591792656587473, "pct": 0.014632015723957196}, "last_hits_per_min": {"raw": 1.1922246220302375, "pct": 0.5551430443328238}, "hero_damage_per_min": {"raw": 227.35205183585313, "pct": 0.027080148504040183}, "hero_healing_per_min": {"raw": 312.9330453563715, "pct": 0.8462546407512558}, "tower_damage": {"raw": 1912, "pct": 0.9561039528281284}}}, {"player_slot": 3, "team_number": 0, "team_slot": 3, "hero_id": 84, "hero_variant": 1, "item_0": 208, "item_1": 939, "item_2": 1, "item_3": 63, "item_4": 40, "item_5": 65, "backpack_0": 0, "backpack_1": 0, "backpack_2": 0, "item_neutral": 1605, "item_neutral2": 1584, "kills": 8, "deaths": 4, "assists": 17, "leaver_status": 0, "last_hits": 211, "denies": 7, "gold_per_min": 553, "xp_per_min": 713, "level": 22, "net_worth": 19931, "aghanims_scepter": 0, "aghanims_shard": 0, "moonshard": 0, "hero_damage": 26995, "tower_damage": 4711, "hero_healing": 0, "gold": 151, "gold_spent": 21390, "ability_upgrades_arr": [5439, 5438, 5439, 5438, 5439, 5441, 5439, 5438, 5438, 403, 5440, 5440, 5441, 5440, 5440, 442, 5441, 6708], "is_subscriber": false, "radiant_win": true, "start_time": 1768869548, "duration": 2315, "cluster": 381, "lobby_type": 0, "game_mode": 22, "is_contributor": false, "patch": 59, "isRadiant": true, "win": 1, "lose": 0, "total_gold": 21336, "total_xp": 27509, "kills_per_min": 0.20734341252699784, "kda": 5, "abandons": 0, "benchmarks": {"gold_per_min": {"raw": 553, "pct": 0.8076690211907165}, "xp_per_min": {"raw": 713, "pct": 0.7150353178607467}, "kills_per_min": {"raw": 0.20734341252699784, "pct": 0.8159434914228052}, "last_hits_per_min": {"raw": 5.468682505399568, "pct": 0.9451059535822401}, "hero_damage_per_min": {"raw": 699.6544276457884, "pct": 0.7971745711402624}, "hero_healing_per_min": {"raw": 0, "pct": 0.6779011099899092}, "tower_damage": {"raw": 4711, "pct": 0.9134207870837537}}}, {"account_id": 177291258, "player_slot": 4, "team_number": 0, "team_slot": 4, "hero_id": 104, "hero_variant": 1, "item_0": 1, "item_1": 127, "item_2": 116, "item_3": 168, "item_4": 48, "item_5": 11, "backpack_0": 0, "backpack_1": 0, "backpack_2": 0, "item_neutral": 1605, "item_neutral2": 1584, "kills": 13, "deaths": 4, "assists": 12, "leaver_status": 0, "last_hits": 195, "denies": 1, "gold_per_min": 553, "xp_per_min": 770, "level": 23, "net_worth": 20770, "aghanims_scepter": 0, "aghanims_shard": 1, "moonshard": 0, "hero_damage": 24818, "tower_damage": 8329, "hero_healing": 360, "gold": 4470, "gold_spent": 16600, "ability_upgrades_arr": [5595, 5597, 5595, 5597, 5595, 5598, 5595, 5596, 5596, 5597, 1113, 5596, 5598, 5597, 5596, 6671, 5598, 6526], "personaname": "sg9", "name": null, "last_login": null, "rank_tier": 15, "computed_mmr": 4046.65, "is_subscriber": false, "radiant_win": true, "start_time": 1768869548, "duration": 2315, "cluster": 381, "lobby_type": 0, "game_mode": 22, "is_contributor": false, "patch": 59, "isRadiant": true, "win": 1, "lose": 0, "total_gold": 21336, "total_xp": 29709, "kills_per_min": 0.3369330453563715, "kda": 5, "abandons": 0, "benchmarks": {"gold_per_min": {"raw": 553, "pct": 0.721297836938436}, "xp_per_min": {"raw": 770, "pct": 0.6301164725457571}, "kills_per_min": {"raw": 0.3369330453563715, "pct": 0.7768718801996672}, "last_hits_per_min": {"raw": 5.053995680345572, "pct": 0.6016638935108153}, "hero_damage_per_min": {"raw": 643.231101511879, "pct": 0.4509151414309484}, "hero_healing_per_min": {"raw": 9.330453563714903, "pct": 0.19866888519134776},