{"players": [{"account_id": 89026444, "player_slot": 0, "team_number": 0, "team_slot": 0, "hero_id": 25, "hero_variant": 2, "item_0": 100, "item_1": 176, "item_2": 232, "item_3": 180, "item_4": 277, "item_5": 77, "backpack_0": 0, "backpack_1": 0, "backpack_2": 0, "item_neutral": 1158, "item_neutral2": 1595, "kills": 6, "deaths": 12, "assists": 21, "leaver_status": 0, "last_hits": 337, "denies": 0, "gold_per_min": 550, "xp_per_min": 786, "level": 25, "net_worth": 25722, "aghanims_scepter": 0, "aghanims_shard": 1, "moonshard": 0, "hero_damage": 25372, "tower_damage": 6045, "hero_healing": 194, "gold": 7942, "gold_spent": 18275, "ability_upgrades_arr": [5041, 5040, 5040, 5042, 5040, 5043, 5040, 5042, 5042, 5042, 6009, 5041, 5043, 5041, 5041, 6388, 5043, 6313, 961], "personaname": "Durotan", "name": null, "last_login": null, "rank_tier": 41, "computed_mmr": 3927.53, "is_subscriber": false, "radiant_win": true, "start_time": 1767235976, "duration": 2924, "cluster": 183, "lobby_type": 7, "game_mode": 22, "is_contributor": false, "patch": 59, "region": 8, "isRadiant": true, "win": 1, "lose": 0, "total_gold": 26803, "total_xp": 38304, "kills_per_min": 0.12311901504787962, "kda": 2.08, "abandons": 0, "benchmarks": {"gold_per_min": {"raw": 550, "pct": 0.5042565266742338}, "xp_per_min": {"raw": 786, "pct": 0.5113507377979569}, "kills_per_min": {"raw": 0.12311901504787962, "pct": 0.17622020431328037}, "last_hits_per_min": {"raw": 6.9151846785225715, "pct": 0.6055618615209989}, "hero_damage_per_min": {"raw": 520.6292749658003, "pct": 0.23439273552780931}, "hero_healing_per_min": {"raw": 3.9808481532147746, "pct": 0.927639046538025}, "tower_damage": {"raw": 6045, "pct": 0.6384790011350738}}}, {"player_slot": 1, "team_number": 0, "team_slot": 1, "hero_id": 64, "hero_variant": 3, "item_0": 100, "item_1": 254, "item_2": 108, "item_3": 0, "item_4": 226, "item_5": 180, "backpack_0": 0, "backpack_1": 0, "backpack_2": 0, "item_neutral": 1719, "item_neutral2": 1583, "kills": 14, "deaths": 7, "assists": 29, "leaver_status": 0, "last_hits": 65, "denies": 2, "gold_per_min": 397, "xp_per_min": 826, "level": 26, "net_worth": 16301, "aghanims_scepter": 0, "aghanims_shard": 0, "moonshard": 0, "hero_damage": 25748, "tower_damage": 4936, "hero_healing": 125, "gold": 2101, "gold_spent": 17075, "ability_upgrades_arr": [5297, 5299, 5297, 5298, 5297, 5299, 5300, 5299, 5299, 5298, 6661, 5298, 5298, 5300, 5297, 303, 5300, 6064, 6538], "is_subscriber": false, "radiant_win": true, "start_time": 1767235976, "duration": 2924, "cluster": 183, "lobby_type": 7, "game_mode": 22, "is_contributor": false, "patch": 59, "region": 8, "isRadiant": true, "win": 1, "lose": 0, "total_gold": 19347, "total_xp": 40253, "kills_per_min": 0.28727770177838574, "kda": 5.38, "abandons": 0, "benchmarks": {"gold_per_min": {"raw": 397, "pct": 0.7282608695652174}, "xp_per_min": {"raw": 826, "pct": 0.9354914933837429}, "kills_per_min": {"raw": 0.28727770177838574, "pct": 0.9536862003780718}, "last_hits_per_min": {"raw": 1.3337893296853625, "pct": 0.22117202268431002}, "hero_damage_per_min": {"raw": 528.344733242134, "pct": 0.7237712665406427}, "hero_healing_per_min": {"raw": 2.5649794801641588, "pct": 0.5831758034026465}, "tower_damage": {"raw": 4936, "pct": 0.8078922495274102}}}, {"player_slot": 2, "team_number": 0, "team_slot": 2, "hero_id": 70, "hero_variant": 1, "item_0": 208, "item_1": 135, "item_2": 50, "item_3": 116, "item_4": 603, "item_5": 145, "backpack_0": 0, "backpack_1": 1804, "backpack_2": 0, "item_neutral": 950, "item_neutral2": 1597, "kills": 16, "deaths": 3, "assists": 12, "leaver_status": 0, "last_hits": 554, "denies": 9, "gold_per_min": 788, "xp_per_min": 1324, "level": 30, "net_worth": 35881, "aghanims_scepter": 1, "aghanims_shard": 1, "moonshard": 0, "hero_damage": 46282, "tower_damage": 7110, "hero_healing": 250, "gold": 1481, "gold_spent": 37295, "ability_upgrades_arr": [5359, 5357, 5359, 5358, 5359, 5360, 5359, 5358, 5358, 5358, 6975, 5357, 5360, 5357, 5357, 758, 5360, 6132, 424, 6926, 1706, 6973, 6974], "is_subscriber": false, "radiant_win": true, "start_time": 1767235976, "duration": 2924, "cluster": 183, "lobby_type": 7, "game_mode": 22, "is_contributor": false, "patch": 59, "region": 8, "isRadiant": true, "win": 1, "lose": 0, "total_gold": 38401, "total_xp": 64522, "kills_per_min": 0.3283173734610123, "kda": 7, "abandons": 0, "benchmarks": {"gold_per_min": {"raw": 788, "pct": 0.9320521619766644}, "xp_per_min": {"raw": 1324, "pct": 0.9725463280713795}, "kills_per_min": {"raw": 0.3283173734610123, "pct": 0.6231983527796843}, "last_hits_per_min": {"raw": 11.36798905608755, "pct": 0.9900480439258751}, "hero_damage_per_min": {"raw": 949.6990424076607, "pct": 0.7838023335621139}, "hero_healing_per_min": {"raw": 5.1299589603283176, "pct": 0.9821551132463967}, "tower_damage": {"raw": 7110, "pct": 0.7247769389155799}}}, {"account_id": 247436500, "player_slot": 3, "team_number": 0, "team_slot": 3, "hero_id": 2, "hero_variant": 2, "item_0": 50, "item_1": 108, "item_2": 1, "item_3": 116, "item_4": 96, "item_5": 127, "backpack_0": 0, "backpack_1": 0, "backpack_2": 0, "item_neutral": 359, "item_neutral2": 1594, "kills": 7, "deaths": 11, "assists": 20, "leaver_status": 0, "last_hits": 237, "denies": 2, "gold_per_min": 481, "xp_per_min": 843, "level": 26, "net_worth": 21586, "aghanims_scepter": 0, "aghanims_shard": 1, "moonshard": 0, "hero_damage": 19995, "tower_damage": 1820, "hero_healing": 0, "gold": 586, "gold_spent": 21930, "ability_upgrades_arr": [5009, 5008, 5008, 5009, 5008, 5010, 5008, 5007, 5009, 5007, 1189, 5009, 5010, 5007, 5007, 6102, 5010, 6991, 6608], "personaname": "dimonnDD", "name": null, "last_login": null, "rank_tier": 35, "computed_mmr": 3758.51, "is_subscriber": false, "radiant_win": true, "start_time": 1767235976, "duration": 2924, "cluster": 183, "lobby_type": 7, "game_mode": 22, "is_contributor": false, "patch": 59, "region": 8, "isRadiant": true, "win": 1, "lose": 0, "total_gold": 23440, "total_xp": 41082, "kills_per_min": 0.14363885088919287, "kda": 2.25, "abandons": 0, "benchmarks": {"gold_per_min": {"raw": 481, "pct": 0.5203332672088872}, "xp_per_min": {"raw": 843, "pct": 0.7805990874826423}, "kills_per_min": {"raw": 0.14363885088919287, "pct": 0.240230113072803}, "last_hits_per_min": {"raw": 4.863201094391244, "pct": 0.6163459631025591}, "hero_damage_per_min": {"raw": 410.2941176470588, "pct": 0.12557032334854196}, "hero_healing_per_min": {"raw": 0, "pct": 0.9234278912914105}, "tower_damage": {"raw": 1820, "pct": 0.7345764729220393}}}, {"player_slot": 4, "team_number": 0, "team_slot": 4, "hero_id": 26, "hero_variant": 1, "item_0": 176, "item_1": 259, "item_2": 108, "item_3": 214, "item_4": 123, "item_5": 1, "backpack_0": 0, "backpack_1": 0, "backpack_2": 0, "item_neutral": 1158, "item_neutral2": 1592, "kills": 10, "deaths": 5, "assists": 19, "leaver_status": 0, "last_hits": 263, "denies": 15, "gold_per_min": 511, "xp_per_min": 818, "level": 26, "net_worth": 22839, "aghanims_scepter": 0, "aghanims_shard": 1, "moonshard": 0, "hero_damage": 26558, "tower_damage": 3248, "hero_healing": 0, "gold": 1689, "gold_spent": 23000, "ability_upgrades_arr": [5044, 5046, 5046, 5044, 5046, 5047, 5046, 5044, 5044, 5045, 465, 5045, 5047, 5045, 5045, 401, 5047, 541, 6389], "is_subscriber": false, "radiant_win": true, "start_time": 1767235976, "duration": 2924, "cluster": 183, "lobby_type": 7, "game_mode": 22, "is_contributor": false, "patch": 59, "region": 8, "isRadiant": true, "win": 1, "lose": 0, "total_gold": 24902, "total_xp": 39863, "kills_per_min": 0.2051983584131327, "kda": 4.83, "abandons": 0, "benchmarks": {"gold_per_min": {"raw": 511, "pct": 0.954248366013072}, "xp_per_min": {"raw": 818, "pct": 0.9022275576897426}, "kills_per_min": {"raw": 0.2051983584131327, "pct": 0.7398959583833533}, "last_hits_per_min": {"raw": 5.39671682626539, "pct": 0.9899959983993597}, "hero_damage_per_min": {"raw": 544.9658002735978, "pct": 0.8722155528878218}, "hero_healing_per_min": {"raw": 0,