{"players": [{"player_slot": 0, "team_number": 0, "team_slot": 0, "hero_id": 135, "hero_variant": 1, "item_0": 50, "item_1": 127, "item_2": 73, "item_3": 36, "item_4": 90, "item_5": 11, "backpack_0": 4205, "backpack_1": 0, "backpack_2": 0, "item_neutral": 1638, "item_neutral2": 1594, "kills": 1, "deaths": 9, "assists": 5, "leaver_status": 0, "last_hits": 143, "denies": 9, "gold_per_min": 345, "xp_per_min": 379, "level": 14, "net_worth": 10360, "aghanims_scepter": 0, "aghanims_shard": 0, "moonshard": 0, "hero_damage": 15385, "tower_damage": 34, "hero_healing": 1399, "gold": 1770, "gold_spent": 8680, "ability_upgrades_arr": [7902, 7918, 7914, 7902, 7902, 7906, 7918, 7902, 7918, 7918, 7942, 7914, 7906, 7914, 7914], "is_subscriber": false, "radiant_win": false, "start_time": 1773100545, "duration": 1945, "cluster": 412, "lobby_type": 7, "game_mode": 22, "is_contributor": false, "patch": 59, "isRadiant": true, "win": 0, "lose": 1, "total_gold": 11183, "total_xp": 12285, "kills_per_min": 0.03084832904884319, "kda": 0.6, "abandons": 0, "benchmarks": {"gold_per_min": {"raw": 345, "pct": 0.13493253373313344}, "xp_per_min": {"raw": 379, "pct": 0.0937031484257871}, "kills_per_min": {"raw": 0.030848329048843187, "pct": 0.04572713643178411}, "last_hits_per_min": {"raw": 4.411311053984576, "pct": 0.3373313343328336}, "hero_damage_per_min": {"raw": 474.60154241645245, "pct": 0.34257871064467765}, "hero_healing_per_min": {"raw": 43.156812339331616, "pct": 0.1386806596701649}, "tower_damage": {"raw": 34, "pct": 0.1896551724137931}}}, {"player_slot": 1, "team_number": 0, "team_slot": 1, "hero_id": 70, "hero_variant": 1, "item_0": 40, "item_1": 1, "item_2": 50, "item_3": 36, "item_4": 174, "item_5": 244, "backpack_0": 0, "backpack_1": 188, "backpack_2": 11, "item_neutral": 1717, "item_neutral2": 1576, "kills": 4, "deaths": 15, "assists": 2, "leaver_status": 0, "last_hits": 113, "denies": 2, "gold_per_min": 334, "xp_per_min": 378, "level": 14, "net_worth": 8041, "aghanims_scepter": 0, "aghanims_shard": 0, "moonshard": 0, "hero_damage": 12666, "tower_damage": 0, "hero_healing": 0, "gold": 726, "gold_spent": 8405, "ability_upgrades_arr": [5359, 5357, 5359, 5358, 5359, 5360, 5359, 5358, 5358, 5358, 5357, 6926, 5360, 5357, 5357], "is_subscriber": false, "radiant_win": false, "start_time": 1773100545, "duration": 1945, "cluster": 412, "lobby_type": 7, "game_mode": 22, "is_contributor": false, "patch": 59, "isRadiant": true, "win": 0, "lose": 1, "total_gold": 10827, "total_xp": 12253, "kills_per_min": 0.12339331619537276, "kda": 0.38, "abandons": 0, "benchmarks": {"gold_per_min": {"raw": 334, "pct": 0.05365126676602087}, "xp_per_min": {"raw": 378, "pct": 0.05327868852459016}, "kills_per_min": {"raw": 0.12339331619537275, "pct": 0.15238450074515647}, "last_hits_per_min": {"raw": 3.4858611825192805, "pct": 0.0905365126676602}, "hero_damage_per_min": {"raw": 390.7249357326478, "pct": 0.1777198211624441}, "hero_healing_per_min": {"raw": 0, "pct": 0.9575260804769001}, "tower_damage": {"raw": 0, "pct": 0.1780923994038748}}}, {"player_slot": 2, "team_number": 0, "team_slot": 2, "hero_id": 87, "hero_variant": 1, "item_0": 180, "item_1": 102, "item_2": 36, "item_3": 43, "item_4": 77, "item_5": 77, "backpack_0": 0, "backpack_1": 0, "backpack_2": 0, "item_neutral": 1637, "item_neutral2": 1585, "kills": 1, "deaths": 11, "assists": 6, "leaver_status": 0, "last_hits": 33, "denies": 4, "gold_per_min": 200, "xp_per_min": 359, "level": 14, "net_worth": 5643, "aghanims_scepter": 0, "aghanims_shard": 0, "moonshard": 0, "hero_damage": 10430, "tower_damage": 0, "hero_healing": 0, "gold": 473, "gold_spent": 6410, "ability_upgrades_arr": [5458, 5460, 5459, 5458, 5458, 5461, 5460, 5459, 5459, 5460, 5918, 5458, 5461, 5459, 5460], "is_subscriber": false, "radiant_win": false, "start_time": 1773100545, "duration": 1945, "cluster": 412, "lobby_type": 7, "game_mode": 22, "is_contributor": false, "patch": 59, "isRadiant": true, "win": 0, "lose": 1, "total_gold": 6483, "total_xp": 11637, "kills_per_min": 0.03084832904884319, "kda": 0.58, "abandons": 0, "benchmarks": {"gold_per_min": {"raw": 200, "pct": 0.04248210023866349}, "xp_per_min": {"raw": 359, "pct": 0.158472553699284}, "kills_per_min": {"raw": 0.030848329048843187, "pct": 0.1532219570405728}, "last_hits_per_min": {"raw": 1.017994858611825, "pct": 0.4863961813842482}, "hero_damage_per_min": {"raw": 321.7480719794344, "pct": 0.3269689737470167}, "hero_healing_per_min": {"raw": 0, "pct": 0.6763723150357995}, "tower_damage": {"raw": 0, "pct": 0.26348448687350834}}}, {"player_slot": 3, "team_number": 0, "team_slot": 3, "hero_id": 23, "hero_variant": 1, "item_0": 50, "item_1": 127, "item_2": 21, "item_3": 137, "item_4": 0, "item_5": 73, "backpack_0": 0, "backpack_1": 0, "backpack_2": 0, "item_neutral": 1605, "item_neutral2": 1586, "kills": 0, "deaths": 7, "assists": 6, "leaver_status": 0, "last_hits": 199, "denies": 4, "gold_per_min": 395, "xp_per_min": 516, "level": 17, "net_worth": 11159, "aghanims_scepter": 0, "aghanims_shard": 0, "moonshard": 0, "hero_damage": 13104, "tower_damage": 317, "hero_healing": 0, "gold": 1154, "gold_spent": 11730, "ability_upgrades_arr": [5032, 5031, 5032, 5033, 5032, 5035, 5032, 5033, 5033, 5033, 6666, 730, 5035, 730, 730, 6385, 730, 730, 730], "is_subscriber": false, "radiant_win": false, "start_time": 1773100545, "duration": 1945, "cluster": 412, "lobby_type": 7, "game_mode": 22, "is_contributor": false, "patch": 59, "isRadiant": true, "win": 0, "lose": 1, "total_gold": 12804, "total_xp": 16727, "kda": 0.75, "abandons": 0, "benchmarks": {"gold_per_min": {"raw": 395, "pct": 0.17583212735166426}, "xp_per_min": {"raw": 516, "pct": 0.2011577424023155}, "kills_per_min": {"raw": 0, "pct": 0.03256150506512301}, "last_hits_per_min": {"raw": 6.138817480719794, "pct": 0.5267727930535456}, "hero_damage_per_min": {"raw": 404.2365038560411, "pct": 0.14399421128798842}, "hero_healing_per_min": {"raw": 0, "pct": 0.8791606367583212}, "tower_damage": {"raw": 317, "pct": 0.2937771345875543}}}, {"player_slot": 4, "team_number": 0, "team_slot": 4, "hero_id": 36, "hero_variant": 2, "item_0": 37, "item_1": 63, "item_2": 73, "item_3": 73, "item_4": 42, "item_5": 100, "backpack_0": 36, "backpack_1": 0, "backpack_2": 0, "item_neutral": 1604, "item_neutral2": 1577, "kills": 5, "deaths": 7, "assists": 2, "leaver_status": 0, "last_hits": 90, "denies": 8, "gold_per_min": 332, "xp_per_min": 465, "level": 16, "net_worth": 9156, "aghanims_scepter": 0, "aghanims_shard": 1, "moonshard": 0, "hero_damage": 20633, "tower_damage": 66, "hero_healing": 3897, "gold": 786, "gold_spent": 9625, "ability_upgrades_arr": [5158, 5159, 5158, 1270, 5158, 5161, 5158, 5159, 5159, 5159, 1049, 1270, 5161, 1270, 1270, 7111], "is_subscriber": false, "radiant_win": false, "start_time": 1773100545, "duration": 1945, "cluster": 412, "lobby_type": 7, "game_mode": 22, "is_contributor": false, "patch": 59, "isRadiant": true, "win": 0, "lose": 1, "total_gold": 10762, "total_xp": 15073, "kills_per_min": 0.15424164524421594, "kda": 0.88, "abandons": 0, "benchmarks": {"gold_per_min": {"raw": 332, "pct": 0.052932018681888945}, "xp_per_min": {"raw": 465, "pct": 0.09444732745199792}, "kills_per_min": {"raw": 0.15424164524421594, "pct": 0.2127659574468085}, "last_hits_per_min": {"raw": 2.776349614395887, "pct": 0.05734302023871302}, "hero_damage_per_min": {"raw": 636.4935732647815, "pct": 0.2981318111053451}, "hero_healing_per_min": {"raw": 120.2159383033419, "pct": 0.4507005708354956}, "tower_damage": {"raw": 66, "pct": 0.13207057602490918}}}, {"player_slot": 128, "team_number": 1, "team_slot": 0, "hero_id": 25, "hero_variant": 2, "item_0": 188, "item_1": 100, "item_2": 180, "item_3": 166, "item_4": 43, "item_5": 1, "backpack_0": 0, "backpack_1": 0, "backpack_2": 0, "item_neutral": 2097, "item_neutral2": 1586, "kills": 7, "deaths": 3, "assists": 20, "leaver_status": 0, "last_hits": 137, "denies": 2, "gold_per_min": 489, "xp_per_min": 649, "level": 19, "net_worth": 14313,