{"players": [{"player_slot": 0, "team_number": 0, "team_slot": 0, "hero_id": 71, "hero_variant": 1, "item_0": 939, "item_1": 152, "item_2": 235, "item_3": 11, "item_4": 73, "item_5": 63, "backpack_0": 0, "backpack_1": 0, "backpack_2": 0, "item_neutral": 1605, "item_neutral2": 1586, "kills": 8, "deaths": 8, "assists": 12, "leaver_status": 0, "last_hits": 131, "denies": 1, "gold_per_min": 419, "xp_per_min": 589, "level": 20, "net_worth": 15006, "aghanims_scepter": 0, "aghanims_shard": 0, "moonshard": 0, "hero_damage": 17516, "tower_damage": 642, "hero_healing": 0, "gold": 151, "gold_spent": 15830, "ability_upgrades_arr": [5353, 5355, 5355, 5353, 5355, 5356, 5353, 5355, 5931, 5353, 7301, 5356, 7301, 7301, 6253, 7301, 5356, 6149], "is_subscriber": false, "radiant_win": false, "start_time": 1744149363, "duration": 2333, "cluster": 241, "lobby_type": 7, "game_mode": 22, "is_contributor": false, "patch": 57, "region": 14, "isRadiant": true, "win": 0, "lose": 1, "total_gold": 16292, "total_xp": 22902, "kills_per_min": 0.2057436776682383, "kda": 2.22, "abandons": 0, "benchmarks": {"gold_per_min": {"raw": 419, "pct": 0.5825354270394485}, "xp_per_min": {"raw": 589, "pct": 0.39333588663347374}, "kills_per_min": {"raw": 0.2057436776682383, "pct": 0.6554959785522788}, "last_hits_per_min": {"raw": 3.3690527218174027, "pct": 0.7093067790118729}, "hero_damage_per_min": {"raw": 450.4757822546078, "pct": 0.39448487169666796}, "hero_healing_per_min": {"raw": 0, "pct": 0.6999234009957871}, "tower_damage": {"raw": 642, "pct": 0.5842589046342398}}}, {"account_id": 298544521, "player_slot": 1, "team_number": 0, "team_slot": 1, "hero_id": 93, "hero_variant": 1, "item_0": 252, "item_1": 98, "item_2": 249, "item_3": 63, "item_4": 17, "item_5": 75, "backpack_0": 142, "backpack_1": 216, "backpack_2": 0, "item_neutral": 1605, "item_neutral2": 1583, "kills": 6, "deaths": 7, "assists": 11, "leaver_status": 0, "last_hits": 188, "denies": 25, "gold_per_min": 441, "xp_per_min": 519, "level": 19, "net_worth": 15871, "aghanims_scepter": 0, "aghanims_shard": 0, "moonshard": 0, "hero_damage": 14519, "tower_damage": 902, "hero_healing": 0, "gold": 916, "gold_spent": 15890, "ability_upgrades_arr": [5496, 5495, 5494, 5495, 5494, 5497, 5494, 5495, 5494, 5495, 5496, 5497, 5496, 6147, 5496, 5497, 921], "personaname": "cheampi", "name": null, "last_login": null, "rank_tier": 31, "computed_mmr": null, "is_subscriber": false, "radiant_win": false, "start_time": 1744149363, "duration": 2333, "cluster": 241, "lobby_type": 7, "game_mode": 22, "is_contributor": false, "patch": 57, "region": 14, "isRadiant": true, "win": 0, "lose": 1, "total_gold": 17147, "total_xp": 20180, "kills_per_min": 0.15430775825117873, "kda": 2.13, "abandons": 0, "benchmarks": {"gold_per_min": {"raw": 441, "pct": 0.2484228844898847}, "xp_per_min": {"raw": 519, "pct": 0.14204916249728083}, "kills_per_min": {"raw": 0.15430775825117876, "pct": 0.2912769197302589}, "last_hits_per_min": {"raw": 4.8349764252036005, "pct": 0.3302153578420709}, "hero_damage_per_min": {"raw": 373.399057008144, "pct": 0.25777681096367194}, "hero_healing_per_min": {"raw": 0, "pct": 0.9543180335001088}, "tower_damage": {"raw": 902, "pct": 0.32804002610398086}}}, {"account_id": 251147827, "player_slot": 2, "team_number": 0, "team_slot": 2, "hero_id": 26, "hero_variant": 1, "item_0": 214, "item_1": 34, "item_2": 1, "item_3": 218, "item_4": 1575, "item_5": 232, "backpack_0": 215, "backpack_1": 0, "backpack_2": 0, "item_neutral": 1604, "item_neutral2": 1577, "kills": 6, "deaths": 9, "assists": 7, "leaver_status": 0, "last_hits": 25, "denies": 4, "gold_per_min": 263, "xp_per_min": 378, "level": 16, "net_worth": 8966, "aghanims_scepter": 0, "aghanims_shard": 1, "moonshard": 0, "hero_damage": 12906, "tower_damage": 457, "hero_healing": 250, "gold": 591, "gold_spent": 10770, "ability_upgrades_arr": [5046, 5044, 5045, 5046, 5046, 5047, 5044, 5046, 5044, 5044, 465, 5047, 5045, 5045, 401, 5045], "personaname": "Selv", "name": null, "last_login": null, "rank_tier": 23, "computed_mmr": null, "is_subscriber": false, "radiant_win": false, "start_time": 1744149363, "duration": 2333, "cluster": 241, "lobby_type": 7, "game_mode": 22, "is_contributor": false, "patch": 57, "region": 14, "isRadiant": true, "win": 0, "lose": 1, "total_gold": 10226, "total_xp": 14697, "kills_per_min": 0.15430775825117873, "kda": 1.3, "abandons": 0, "benchmarks": {"gold_per_min": {"raw": 263, "pct": 0.17863441672965483}, "xp_per_min": {"raw": 378, "pct": 0.16225749559082892}, "kills_per_min": {"raw": 0.15430775825117876, "pct": 0.5833963214915596}, "last_hits_per_min": {"raw": 0.6429489927132448, "pct": 0.16099773242630386}, "hero_damage_per_min": {"raw": 331.91598799828546, "pct": 0.5311161501637692}, "hero_healing_per_min": {"raw": 6.4294899271324475, "pct": 0.9440665154950869}, "tower_damage": {"raw": 457, "pct": 0.5975056689342404}}}, {"account_id": 37467834, "player_slot": 3, "team_number": 0, "team_slot": 3, "hero_id": 37, "hero_variant": 2, "item_0": 231, "item_1": 0, "item_2": 102, "item_3": 108, "item_4": 1440, "item_5": 218, "backpack_0": 0, "backpack_1": 188, "backpack_2": 216, "item_neutral": 356, "item_neutral2": 1593, "kills": 4, "deaths": 9, "assists": 18, "leaver_status": 0, "last_hits": 87, "denies": 5, "gold_per_min": 382, "xp_per_min": 405, "level": 17, "net_worth": 12658, "aghanims_scepter": 0, "aghanims_shard": 0, "moonshard": 0, "hero_damage": 17301, "tower_damage": 2952, "hero_healing": 7594, "gold": 1058, "gold_spent": 13450, "ability_upgrades_arr": [5163, 5162, 5163, 5162, 5163, 5165, 5163, 5164, 5162, 5162, 5164, 5165, 1038, 5164, 845, 5164], "personaname": "ExtremoDiaz", "name": null, "last_login": null, "rank_tier": 22, "computed_mmr": 3968.35, "is_subscriber": false, "radiant_win": false, "start_time": 1744149363, "duration": 2333, "cluster": 241, "lobby_type": 7, "game_mode": 22, "is_contributor": false, "patch": 57, "region": 14, "isRadiant": true, "win": 0, "lose": 1, "total_gold": 14853, "total_xp": 15747, "kills_per_min": 0.10287183883411916, "kda": 2.2, "abandons": 0, "benchmarks": {"gold_per_min": {"raw": 382, "pct": 0.4722386296515062}, "xp_per_min": {"raw": 405, "pct": 0.2436503248670998}, "kills_per_min": {"raw": 0.10287183883411916, "pct": 0.49793266391021856}, "last_hits_per_min": {"raw": 2.237462494642092, "pct": 0.4149438865918488}, "hero_damage_per_min": {"raw": 444.9464209172739, "pct": 0.30212640283520376}, "hero_healing_per_min": {"raw": 195.3021860265752, "pct": 0.6432368576491435}, "tower_damage": {"raw": 2952, "pct": 0.6367395156526875}}}, {"player_slot": 4, "team_number": 0, "team_slot": 4, "hero_id": 97, "hero_variant": 3, "item_0": 41, "item_1": 180, "item_2": 939, "item_3": 73, "item_4": 190, "item_5": 1, "backpack_0": 39, "backpack_1": 0, "backpack_2": 0, "item_neutral": 1605, "item_neutral2": 1586, "kills": 4, "deaths": 14, "assists": 14, "leaver_status": 0, "last_hits": 157, "denies": 9, "gold_per_min": 394, "xp_per_min": 480, "level": 18, "net_worth": 11567, "aghanims_scepter": 0, "aghanims_shard": 0, "moonshard": 0, "hero_damage": 17353, "tower_damage": 762, "hero_healing": 0, "gold": 312, "gold_spent": 12045, "ability_upgrades_arr": [5520, 5518, 5518, 5520, 5519, 5521, 5520, 5518, 5518, 7132, 5520, 5521, 5519, 5519, 712, 5519, 5521], "is_subscriber": false, "radiant_win": false, "start_time": 1744149363, "duration": 2333, "cluster": 241, "lobby_type": 7, "game_mode": 22, "is_contributor": false, "patch": 57, "region": 14, "isRadiant": true, "win": 0, "lose": 1, "total_gold": 15320, "total_xp": 18664, "kills_per_min": 0.10287183883411916, "kda": 1.2, "abandons": 0, "benchmarks": {"gold_per_min": {"raw": 394, "pct": 0.4343965800723446}, "xp_per_min": {"raw": 480, "pct": 0.2157185136468267}, "kills_per_min": {"raw": 0.10287183883411916, "pct": 0.381453469253535}, "last_hits_per_min": {"raw": 4.037719674239177, "pct": 0.5656034199276554}, "hero_damage_per_min": {"raw": 446.28375482211743, "pct": 0.5310753041762578},