{"players": [{"player_slot": 0, "team_number": 0, "team_slot": 0, "hero_id": 39, "hero_variant": 2, "item_0": 77, "item_1": 41, "item_2": 259, "item_3": 98, "item_4": 36, "item_5": 534, "backpack_0": 0, "backpack_1": 0, "backpack_2": 0, "item_neutral": 1602, "item_neutral2": 1586, "kills": 11, "deaths": 11, "assists": 14, "leaver_status": 0, "last_hits": 102, "denies": 3, "gold_per_min": 392, "xp_per_min": 475, "level": 18, "net_worth": 11980, "aghanims_scepter": 0, "aghanims_shard": 1, "moonshard": 0, "hero_damage": 40341, "tower_damage": 26, "hero_healing": 0, "gold": 800, "gold_spent": 11620, "ability_upgrades_arr": [5173, 5174, 5173, 5175, 5173, 5176, 5173, 5175, 5175, 5175, 5174, 5176, 5174, 5174, 6115, 629, 5176], "is_subscriber": false, "radiant_win": false, "start_time": 1753652845, "duration": 2355, "cluster": 241, "lobby_type": 0, "game_mode": 22, "is_contributor": false, "patch": 58, "region": 14, "isRadiant": true, "win": 0, "lose": 1, "total_gold": 15386, "total_xp": 18643, "kills_per_min": 0.2802547770700637, "kda": 2.08, "abandons": 0, "benchmarks": {"gold_per_min": {"raw": 392, "pct": 0.17124183006535948}, "xp_per_min": {"raw": 475, "pct": 0.10771241830065359}, "kills_per_min": {"raw": 0.2802547770700637, "pct": 0.5963398692810458}, "last_hits_per_min": {"raw": 2.5987261146496814, "pct": 0.105359477124183}, "hero_damage_per_min": {"raw": 1027.7961783439491, "pct": 0.7383006535947713}, "hero_healing_per_min": {"raw": 0, "pct": 0.7934640522875817}, "tower_damage": {"raw": 26, "pct": 0.10222222222222223}}}, {"player_slot": 1, "team_number": 0, "team_slot": 1, "hero_id": 66, "hero_variant": 5, "item_0": 185, "item_1": 36, "item_2": 180, "item_3": 0, "item_4": 0, "item_5": 218, "backpack_0": 0, "backpack_1": 0, "backpack_2": 0, "item_neutral": 1606, "item_neutral2": 1585, "kills": 2, "deaths": 16, "assists": 20, "leaver_status": 0, "last_hits": 25, "denies": 2, "gold_per_min": 254, "xp_per_min": 388, "level": 16, "net_worth": 6738, "aghanims_scepter": 0, "aghanims_shard": 1, "moonshard": 0, "hero_damage": 11810, "tower_damage": 57, "hero_healing": 4694, "gold": 1763, "gold_spent": 6590, "ability_upgrades_arr": [7306, 5330, 5330, 5328, 5330, 5331, 5330, 7306, 7306, 7306, 6363, 5331, 5328, 5328, 529, 5328], "is_subscriber": false, "radiant_win": false, "start_time": 1753652845, "duration": 2355, "cluster": 241, "lobby_type": 0, "game_mode": 22, "is_contributor": false, "patch": 58, "region": 14, "isRadiant": true, "win": 0, "lose": 1, "total_gold": 9969, "total_xp": 15229, "kills_per_min": 0.050955414012738856, "kda": 1.29, "abandons": 0, "benchmarks": {"gold_per_min": {"raw": 254, "pct": 0.20224719101123595}, "xp_per_min": {"raw": 388, "pct": 0.39325842696629215}, "kills_per_min": {"raw": 0.050955414012738856, "pct": 0.4344569288389513}, "last_hits_per_min": {"raw": 0.6369426751592356, "pct": 0.04119850187265917}, "hero_damage_per_min": {"raw": 300.89171974522293, "pct": 0.8389513108614233}, "hero_healing_per_min": {"raw": 119.59235668789809, "pct": 0.22846441947565543}, "tower_damage": {"raw": 57, "pct": 0.1797752808988764}}}, {"account_id": 840517604, "player_slot": 2, "team_number": 0, "team_slot": 2, "hero_id": 120, "hero_variant": 2, "item_0": 108, "item_1": 41, "item_2": 174, "item_3": 0, "item_4": 0, "item_5": 63, "backpack_0": 0, "backpack_1": 0, "backpack_2": 0, "item_neutral": 71, "item_neutral2": 1585, "kills": 4, "deaths": 16, "assists": 8, "leaver_status": 0, "last_hits": 117, "denies": 5, "gold_per_min": 354, "xp_per_min": 369, "level": 16, "net_worth": 10878, "aghanims_scepter": 0, "aghanims_shard": 1, "moonshard": 0, "hero_damage": 19532, "tower_damage": 319, "hero_healing": 0, "gold": 703, "gold_spent": 10620, "ability_upgrades_arr": [6461, 6344, 6461, 6344, 6344, 6343, 6344, 6461, 6461, 7307, 7307, 6343, 7307, 7307, 1054, 9060], "personaname": "Galeta", "name": null, "last_login": null, "rank_tier": null, "computed_mmr": null, "is_subscriber": false, "radiant_win": false, "start_time": 1753652845, "duration": 2355, "cluster": 241, "lobby_type": 0, "game_mode": 22, "is_contributor": false, "patch": 58, "region": 14, "isRadiant": true, "win": 0, "lose": 1, "total_gold": 13894, "total_xp": 14483, "kills_per_min": 0.10191082802547771, "kda": 0.71, "abandons": 0, "benchmarks": {"gold_per_min": {"raw": 354, "pct": 0.10078878177037687}, "xp_per_min": {"raw": 369, "pct": 0.06397896581945661}, "kills_per_min": {"raw": 0.10191082802547771, "pct": 0.19894829097283084}, "last_hits_per_min": {"raw": 2.980891719745223, "pct": 0.09815950920245399}, "hero_damage_per_min": {"raw": 497.6305732484077, "pct": 0.26730937773882557}, "hero_healing_per_min": {"raw": 0, "pct": 0.8255915863277826}, "tower_damage": {"raw": 319, "pct": 0.25854513584574934}}}, {"player_slot": 3, "team_number": 0, "team_slot": 3, "hero_id": 32, "hero_variant": 2, "item_0": 1097, "item_1": 36, "item_2": 108, "item_3": 11, "item_4": 141, "item_5": 63, "backpack_0": 0, "backpack_1": 0, "backpack_2": 0, "item_neutral": 1643, "item_neutral2": 1597, "kills": 12, "deaths": 11, "assists": 11, "leaver_status": 0, "last_hits": 264, "denies": 8, "gold_per_min": 543, "xp_per_min": 657, "level": 21, "net_worth": 19373, "aghanims_scepter": 0, "aghanims_shard": 1, "moonshard": 0, "hero_damage": 21883, "tower_damage": 1448, "hero_healing": 0, "gold": 423, "gold_spent": 19520, "ability_upgrades_arr": [5143, 5145, 5143, 5142, 5143, 5144, 5143, 5145, 5145, 5145, 474, 5144, 5142, 5142, 6193, 5142, 5144, 6330], "is_subscriber": false, "radiant_win": false, "start_time": 1753652845, "duration": 2355, "cluster": 241, "lobby_type": 0, "game_mode": 22, "is_contributor": false, "patch": 58, "region": 14, "isRadiant": true, "win": 0, "lose": 1, "total_gold": 21312, "total_xp": 25787, "kills_per_min": 0.3057324840764331, "kda": 1.92, "abandons": 0, "benchmarks": {"gold_per_min": {"raw": 543, "pct": 0.6848325673013789}, "xp_per_min": {"raw": 657, "pct": 0.2810242941562705}, "kills_per_min": {"raw": 0.3057324840764331, "pct": 0.6099803020354564}, "last_hits_per_min": {"raw": 6.726114649681529, "pct": 0.9494418910045962}, "hero_damage_per_min": {"raw": 557.5286624203821, "pct": 0.417596848325673}, "hero_healing_per_min": {"raw": 0, "pct": 0.9061063690085358}, "tower_damage": {"raw": 1448, "pct": 0.5659881812212738}}}, {"player_slot": 4, "team_number": 0, "team_slot": 4, "hero_id": 91, "hero_variant": 1, "item_0": 79, "item_1": 267, "item_2": 269, "item_3": 244, "item_4": 23, "item_5": 57, "backpack_0": 0, "backpack_1": 0, "backpack_2": 0, "item_neutral": 1640, "item_neutral2": 1595, "kills": 2, "deaths": 12, "assists": 27, "leaver_status": 0, "last_hits": 29, "denies": 2, "gold_per_min": 295, "xp_per_min": 374, "level": 16, "net_worth": 10601, "aghanims_scepter": 0, "aghanims_shard": 1, "moonshard": 0, "hero_damage": 13915, "tower_damage": 640, "hero_healing": 15279, "gold": 526, "gold_spent": 10815, "ability_upgrades_arr": [5485, 5487, 5489, 5486, 5489, 5488, 5485, 5487, 5487, 5487, 1559, 5486, 5488, 5486, 6265, 5486], "is_subscriber": false, "radiant_win": false, "start_time": 1753652845, "duration": 2355, "cluster": 241, "lobby_type": 0, "game_mode": 22, "is_contributor": false, "patch": 58, "region": 14, "isRadiant": true, "win": 0, "lose": 1, "total_gold": 11578, "total_xp": 14679, "kills_per_min": 0.050955414012738856, "kda": 2.23, "abandons": 0, "benchmarks": {"gold_per_min": {"raw": 295, "pct": 0.4793388429752066}, "xp_per_min": {"raw": 374, "pct": 0.1990984222389181}, "kills_per_min": {"raw": 0.050955414012738856, "pct": 0.5056348610067618}, "last_hits_per_min": {"raw": 0.7388535031847134, "pct": 0.526671675432006}, "hero_damage_per_min": {"raw": 354.5222929936306, "pct": 0.8640120210368144}, "hero_healing_per_min": {"raw": 389.27388535031844, "pct": 0.4507888805409467}, "tower_damage": {"raw": 640, "pct": 0.4838467317806161}}}, {"account_id": 65137360, "player_slot": 128, "team_number": 1, "team_slot": 0, "hero_id": 123, "hero_variant": 1, "item_0": 40, "item_1": 231, "item_2": 1575,