{"players": [{"account_id": 37467834, "player_slot": 0, "team_number": 0, "team_slot": 0, "hero_id": 8, "hero_variant": 1, "item_0": 147, "item_1": 1, "item_2": 50, "item_3": 158, "item_4": 75, "item_5": 36, "backpack_0": 0, "backpack_1": 0, "backpack_2": 0, "item_neutral": 828, "item_neutral2": 1576, "kills": 6, "deaths": 8, "assists": 12, "leaver_status": 0, "last_hits": 213, "denies": 11, "gold_per_min": 533, "xp_per_min": 677, "level": 21, "net_worth": 18372, "aghanims_scepter": 0, "aghanims_shard": 0, "moonshard": 0, "hero_damage": 17336, "tower_damage": 12018, "hero_healing": 7922, "gold": 3317, "gold_spent": 15335, "ability_upgrades_arr": [5028, 5027, 5028, 5027, 5028, 5030, 5028, 5029, 5027, 5027, 7021, 5030, 5029, 5029, 5029, 1192, 5030, 6105], "personaname": "ExtremoDiaz", "name": null, "last_login": null, "rank_tier": 22, "computed_mmr": 3968.35, "is_subscriber": false, "radiant_win": true, "start_time": 1750383706, "duration": 2164, "cluster": 251, "lobby_type": 0, "game_mode": 22, "is_contributor": false, "patch": 58, "region": 15, "isRadiant": true, "win": 1, "lose": 0, "total_gold": 19223, "total_xp": 24417, "kills_per_min": 0.16635859519408502, "kda": 2, "abandons": 0, "benchmarks": {"gold_per_min": {"raw": 533, "pct": 0.3849217638691323}, "xp_per_min": {"raw": 677, "pct": 0.33314366998577527}, "kills_per_min": {"raw": 0.16635859519408502, "pct": 0.40341394025604554}, "last_hits_per_min": {"raw": 5.905730129390018, "pct": 0.20540540540540542}, "hero_damage_per_min": {"raw": 480.6654343807764, "pct": 0.34167852062588905}, "hero_healing_per_min": {"raw": 219.64879852125694, "pct": 0.7578947368421053}, "tower_damage": {"raw": 12018, "pct": 0.7687055476529161}}}, {"account_id": 45421382, "player_slot": 1, "team_number": 0, "team_slot": 1, "hero_id": 21, "hero_variant": 5, "item_0": 166, "item_1": 160, "item_2": 116, "item_3": 50, "item_4": 1, "item_5": 218, "backpack_0": 0, "backpack_1": 0, "backpack_2": 0, "item_neutral": 828, "item_neutral2": 1577, "kills": 14, "deaths": 2, "assists": 13, "leaver_status": 0, "last_hits": 208, "denies": 19, "gold_per_min": 611, "xp_per_min": 779, "level": 22, "net_worth": 21096, "aghanims_scepter": 0, "aghanims_shard": 0, "moonshard": 0, "hero_damage": 21460, "tower_damage": 8824, "hero_healing": 0, "gold": 4196, "gold_spent": 18005, "ability_upgrades_arr": [5131, 5132, 5131, 5132, 5132, 5133, 5131, 5130, 5131, 5132, 5130, 5133, 5130, 5130, 1195, 6562, 5133, 7889], "personaname": "La Chaucha", "name": null, "last_login": "2026-03-03T14:36:01.200Z", "rank_tier": 42, "computed_mmr": 4031.51, "is_subscriber": false, "radiant_win": true, "start_time": 1750383706, "duration": 2164, "cluster": 251, "lobby_type": 0, "game_mode": 22, "is_contributor": false, "patch": 58, "region": 15, "isRadiant": true, "win": 1, "lose": 0, "total_gold": 22036, "total_xp": 28095, "kills_per_min": 0.38817005545286504, "kda": 9, "abandons": 0, "benchmarks": {"gold_per_min": {"raw": 611, "pct": 0.8920643021178872}, "xp_per_min": {"raw": 779, "pct": 0.7065577953559582}, "kills_per_min": {"raw": 0.3881700554528651, "pct": 0.9147741770859913}, "last_hits_per_min": {"raw": 5.767097966728281, "pct": 0.79203878540444}, "hero_damage_per_min": {"raw": 595.0092421441774, "pct": 0.6226078081143149}, "hero_healing_per_min": {"raw": 0, "pct": 0.8346516968614442}, "tower_damage": {"raw": 8824, "pct": 0.8869609594284256}}}, {"account_id": 65137360, "player_slot": 2, "team_number": 0, "team_slot": 2, "hero_id": 110, "hero_variant": 2, "item_0": 114, "item_1": 214, "item_2": 42, "item_3": 36, "item_4": 267, "item_5": 0, "backpack_0": 0, "backpack_1": 0, "backpack_2": 0, "item_neutral": 675, "item_neutral2": 1593, "kills": 4, "deaths": 4, "assists": 20, "leaver_status": 0, "last_hits": 65, "denies": 4, "gold_per_min": 372, "xp_per_min": 576, "level": 19, "net_worth": 12965, "aghanims_scepter": 0, "aghanims_shard": 0, "moonshard": 0, "hero_damage": 15620, "tower_damage": 1230, "hero_healing": 9230, "gold": 3490, "gold_spent": 10265, "ability_upgrades_arr": [5623, 5625, 5625, 5626, 5625, 5630, 5625, 5626, 5626, 5626, 5630, 5623, 1566, 5623, 5623, 6401, 5630], "personaname": "PatoDeGoma", "name": null, "last_login": "2021-02-10T20:32:57.535Z", "rank_tier": 45, "computed_mmr": null, "is_subscriber": false, "radiant_win": true, "start_time": 1750383706, "duration": 2164, "cluster": 251, "lobby_type": 0, "game_mode": 22, "is_contributor": false, "patch": 58, "region": 15, "isRadiant": true, "win": 1, "lose": 0, "total_gold": 13416, "total_xp": 20774, "kills_per_min": 0.11090573012939, "kda": 4.8, "abandons": 0, "benchmarks": {"gold_per_min": {"raw": 372, "pct": 0.27856025039123633}, "xp_per_min": {"raw": 576, "pct": 0.36411058946270214}, "kills_per_min": {"raw": 0.11090573012939002, "pct": 0.25508607198748046}, "last_hits_per_min": {"raw": 1.8022181146025877, "pct": 0.17736045905059988}, "hero_damage_per_min": {"raw": 433.086876155268, "pct": 0.11528429838288994}, "hero_healing_per_min": {"raw": 255.91497227356749, "pct": 0.9754825247782994}, "tower_damage": {"raw": 1230, "pct": 0.6943140323422013}}}, {"player_slot": 3, "team_number": 0, "team_slot": 3, "hero_id": 2, "hero_variant": 2, "item_0": 50, "item_1": 277, "item_2": 1, "item_3": 125, "item_4": 127, "item_5": 73, "backpack_0": 0, "backpack_1": 0, "backpack_2": 0, "item_neutral": 1639, "item_neutral2": 1585, "kills": 21, "deaths": 6, "assists": 18, "leaver_status": 0, "last_hits": 140, "denies": 1, "gold_per_min": 572, "xp_per_min": 763, "level": 22, "net_worth": 19655, "aghanims_scepter": 0, "aghanims_shard": 1, "moonshard": 0, "hero_damage": 35169, "tower_damage": 633, "hero_healing": 0, "gold": 5800, "gold_spent": 14595, "ability_upgrades_arr": [5008, 5009, 5008, 5009, 5008, 5010, 5008, 5007, 5009, 5009, 5007, 5010, 5007, 9401, 5007, 670, 5010, 6991], "is_subscriber": false, "radiant_win": true, "start_time": 1750383706, "duration": 2164, "cluster": 251, "lobby_type": 0, "game_mode": 22, "is_contributor": false, "patch": 58, "region": 15, "isRadiant": true, "win": 1, "lose": 0, "total_gold": 20630, "total_xp": 27518, "kills_per_min": 0.5822550831792975, "kda": 5.57, "abandons": 0, "benchmarks": {"gold_per_min": {"raw": 572, "pct": 0.7995115452930728}, "xp_per_min": {"raw": 763, "pct": 0.6141207815275311}, "kills_per_min": {"raw": 0.5822550831792975, "pct": 0.9635879218472468}, "last_hits_per_min": {"raw": 3.8817005545286505, "pct": 0.29618117229129665}, "hero_damage_per_min": {"raw": 975.1109057301294, "pct": 0.8523534635879219}, "hero_healing_per_min": {"raw": 0, "pct": 0.9231793960923623}, "tower_damage": {"raw": 633, "pct": 0.4682504440497336}}}, {"player_slot": 4, "team_number": 0, "team_slot": 4, "hero_id": 15, "hero_variant": 1, "item_0": 127, "item_1": 8, "item_2": 154, "item_3": 0, "item_4": 0, "item_5": 63, "backpack_0": 0, "backpack_1": 0, "backpack_2": 0, "item_neutral": 1124, "item_neutral2": 1586, "kills": 7, "deaths": 8, "assists": 20, "leaver_status": 0, "last_hits": 57, "denies": 0, "gold_per_min": 349, "xp_per_min": 415, "level": 16, "net_worth": 11321, "aghanims_scepter": 0, "aghanims_shard": 0, "moonshard": 0, "hero_damage": 20341, "tower_damage": 1817, "hero_healing": 195, "gold": 821, "gold_spent": 11300, "ability_upgrades_arr": [5082, 5083, 5082, 5083, 5082, 5085, 5083, 1224, 5082, 6861, 1224, 5085, 1224, 5083, 6028, 1224], "is_subscriber": false, "radiant_win": true, "start_time": 1750383706, "duration": 2164, "cluster": 251, "lobby_type": 0, "game_mode": 22, "is_contributor": false, "patch": 58, "region": 15, "isRadiant": true, "win": 1, "lose": 0, "total_gold": 12587, "total_xp": 14967, "kills_per_min": 0.19408502772643252, "kda": 3, "abandons": 0, "benchmarks": {"gold_per_min": {"raw": 349, "pct": 0.10256410256410256}, "xp_per_min": {"raw": 415, "pct": 0.08249721293199554}, "kills_per_min": {"raw": 0.19408502772643255, "pct": 0.43106651802303975}, "last_hits_per_min": {"raw": 1.5804066543438078, "pct": 0.026384243775548124},