{"players": [{"player_slot": 0, "team_number": 0, "team_slot": 0, "hero_id": 109, "hero_variant": 1, "item_0": 117, "item_1": 141, "item_2": 147, "item_3": 160, "item_4": 63, "item_5": 139, "backpack_0": 75, "backpack_1": 75, "backpack_2": 8, "item_neutral": 1605, "item_neutral2": 1576, "kills": 14, "deaths": 4, "assists": 11, "leaver_status": 0, "last_hits": 352, "denies": 5, "gold_per_min": 787, "xp_per_min": 1158, "level": 27, "net_worth": 29345, "aghanims_scepter": 0, "aghanims_shard": 0, "moonshard": 0, "hero_damage": 30231, "tower_damage": 23772, "hero_healing": 0, "gold": 1685, "gold_spent": 28045, "ability_upgrades_arr": [5621, 5619, 5619, 5621, 5621, 5622, 5619, 5619, 5620, 5621, 5620, 5620, 5620, 5622, 1186, 7861, 5622, 6168, 6943, 6942], "is_subscriber": false, "radiant_win": true, "start_time": 1753056825, "duration": 2274, "cluster": 241, "lobby_type": 0, "game_mode": 4, "is_contributor": false, "patch": 58, "region": 14, "isRadiant": true, "win": 1, "lose": 0, "total_gold": 29827, "total_xp": 43888, "kills_per_min": 0.36939313984168864, "kda": 5, "abandons": 0, "benchmarks": {"gold_per_min": {"raw": 787, "pct": 0.9208103130755064}, "xp_per_min": {"raw": 1158, "pct": 0.932780847145488}, "kills_per_min": {"raw": 0.36939313984168864, "pct": 0.9005524861878453}, "last_hits_per_min": {"raw": 9.287598944591029, "pct": 0.6832412523020258}, "hero_damage_per_min": {"raw": 797.6517150395778, "pct": 0.7845303867403315}, "hero_healing_per_min": {"raw": 0, "pct": 0.91804788213628}, "tower_damage": {"raw": 23772, "pct": 0.927255985267035}}}, {"player_slot": 1, "team_number": 0, "team_slot": 1, "hero_id": 90, "hero_variant": 1, "item_0": 77, "item_1": 37, "item_2": 1, "item_3": 214, "item_4": 108, "item_5": 77, "backpack_0": 1123, "backpack_1": 109, "backpack_2": 0, "item_neutral": 840, "item_neutral2": 1593, "kills": 1, "deaths": 7, "assists": 10, "leaver_status": 0, "last_hits": 145, "denies": 0, "gold_per_min": 463, "xp_per_min": 548, "level": 19, "net_worth": 16177, "aghanims_scepter": 0, "aghanims_shard": 0, "moonshard": 0, "hero_damage": 9338, "tower_damage": 76, "hero_healing": 9560, "gold": 1167, "gold_spent": 15110, "ability_upgrades_arr": [5471, 5473, 5471, 5476, 5471, 5474, 5471, 5473, 5473, 5473, 5476, 5474, 657, 5476, 421, 5476, 5474], "is_subscriber": false, "radiant_win": true, "start_time": 1753056825, "duration": 2274, "cluster": 241, "lobby_type": 0, "game_mode": 4, "is_contributor": false, "patch": 58, "region": 14, "isRadiant": true, "win": 1, "lose": 0, "total_gold": 17547, "total_xp": 20769, "kills_per_min": 0.026385224274406333, "kda": 1.38, "abandons": 0, "benchmarks": {"gold_per_min": {"raw": 463, "pct": 0.5019394879751745}, "xp_per_min": {"raw": 548, "pct": 0.2940263770364624}, "kills_per_min": {"raw": 0.026385224274406333, "pct": 0.06594259115593483}, "last_hits_per_min": {"raw": 3.825857519788918, "pct": 0.4491854150504267}, "hero_damage_per_min": {"raw": 246.3852242744063, "pct": 0.047323506594259115}, "hero_healing_per_min": {"raw": 252.24274406332455, "pct": 0.721489526764934}, "tower_damage": {"raw": 76, "pct": 0.22265321955003878}}}, {"account_id": 161456542, "player_slot": 2, "team_number": 0, "team_slot": 2, "hero_id": 33, "hero_variant": 1, "item_0": 180, "item_1": 116, "item_2": 108, "item_3": 218, "item_4": 256, "item_5": 1, "backpack_0": 188, "backpack_1": 0, "backpack_2": 0, "item_neutral": 1602, "item_neutral2": 1594, "kills": 6, "deaths": 7, "assists": 21, "leaver_status": 0, "last_hits": 157, "denies": 0, "gold_per_min": 475, "xp_per_min": 524, "level": 19, "net_worth": 16468, "aghanims_scepter": 0, "aghanims_shard": 0, "moonshard": 0, "hero_damage": 25190, "tower_damage": 974, "hero_healing": 0, "gold": 1218, "gold_spent": 16200, "ability_upgrades_arr": [5147, 5146, 5147, 5146, 5147, 5149, 5147, 5148, 5146, 346, 5146, 5149, 5148, 5148, 5903, 5148, 5149], "personaname": "ArchiMaestro100%", "name": null, "last_login": null, "rank_tier": 41, "computed_mmr": 3900.92, "is_subscriber": false, "radiant_win": true, "start_time": 1753056825, "duration": 2274, "cluster": 241, "lobby_type": 0, "game_mode": 4, "is_contributor": false, "patch": 58, "region": 14, "isRadiant": true, "win": 1, "lose": 0, "total_gold": 18002, "total_xp": 19859, "kills_per_min": 0.158311345646438, "kda": 3.38, "abandons": 0, "benchmarks": {"gold_per_min": {"raw": 475, "pct": 0.8079150579150579}, "xp_per_min": {"raw": 524, "pct": 0.472007722007722}, "kills_per_min": {"raw": 0.15831134564643798, "pct": 0.7557915057915058}, "last_hits_per_min": {"raw": 4.142480211081795, "pct": 0.805984555984556}, "hero_damage_per_min": {"raw": 664.6437994722955, "pct": 0.6795366795366795}, "hero_healing_per_min": {"raw": 0, "pct": 0.7818532818532818}, "tower_damage": {"raw": 974, "pct": 0.41312741312741313}}}, {"player_slot": 3, "team_number": 0, "team_slot": 3, "hero_id": 21, "hero_variant": 4, "item_0": 30, "item_1": 48, "item_2": 250, "item_3": 158, "item_4": 65, "item_5": 108, "backpack_0": 95, "backpack_1": 0, "backpack_2": 0, "item_neutral": 1602, "item_neutral2": 1586, "kills": 14, "deaths": 4, "assists": 5, "leaver_status": 0, "last_hits": 279, "denies": 5, "gold_per_min": 738, "xp_per_min": 1238, "level": 27, "net_worth": 26626, "aghanims_scepter": 0, "aghanims_shard": 0, "moonshard": 0, "hero_damage": 21382, "tower_damage": 5067, "hero_healing": 0, "gold": 1201, "gold_spent": 27620, "ability_upgrades_arr": [5131, 5132, 5131, 5132, 5131, 5133, 5131, 5132, 5132, 5130, 5920, 5133, 5130, 5130, 6992, 5130, 5133, 7889, 6413, 1195], "is_subscriber": false, "radiant_win": true, "start_time": 1753056825, "duration": 2274, "cluster": 241, "lobby_type": 0, "game_mode": 4, "is_contributor": false, "patch": 58, "region": 14, "isRadiant": true, "win": 1, "lose": 0, "total_gold": 27970, "total_xp": 46920, "kills_per_min": 0.36939313984168864, "kda": 3.8, "abandons": 0, "benchmarks": {"gold_per_min": {"raw": 738, "pct": 0.9816279663179382}, "xp_per_min": {"raw": 1238, "pct": 0.9867313090073998}, "kills_per_min": {"raw": 0.36939313984168864, "pct": 0.8981883133452412}, "last_hits_per_min": {"raw": 7.361477572559367, "pct": 0.9346772135748915}, "hero_damage_per_min": {"raw": 564.1688654353562, "pct": 0.5708088798162797}, "hero_healing_per_min": {"raw": 0, "pct": 0.8346516968614442}, "tower_damage": {"raw": 5067, "pct": 0.7361571829548355}}}, {"account_id": 871757339, "player_slot": 4, "team_number": 0, "team_slot": 4, "hero_id": 45, "hero_variant": 2, "item_0": 232, "item_1": 254, "item_2": 237, "item_3": 108, "item_4": 180, "item_5": 0, "backpack_0": 0, "backpack_1": 0, "backpack_2": 0, "item_neutral": 1602, "item_neutral2": 1595, "kills": 3, "deaths": 11, "assists": 8, "leaver_status": 0, "last_hits": 103, "denies": 4, "gold_per_min": 361, "xp_per_min": 540, "level": 19, "net_worth": 12267, "aghanims_scepter": 0, "aghanims_shard": 1, "moonshard": 0, "hero_damage": 15022, "tower_damage": 3134, "hero_healing": 2012, "gold": 777, "gold_spent": 12635, "ability_upgrades_arr": [5186, 5187, 5186, 5188, 5186, 5189, 5186, 5187, 5188, 5188, 5188, 5189, 5187, 6448, 5187, 1191, 5189], "personaname": "꧁༒༺ŁØBØ༻༒꧂", "name": null, "last_login": null, "rank_tier": 43, "computed_mmr": 3620.41, "is_subscriber": false, "radiant_win": true, "start_time": 1753056825, "duration": 2274, "cluster": 241, "lobby_type": 0, "game_mode": 4, "is_contributor": false, "patch": 58, "region": 14, "isRadiant": true, "win": 1, "lose": 0, "total_gold": 13681, "total_xp": 20466, "kills_per_min": 0.079155672823219, "kda": 0.92, "abandons": 0, "benchmarks": {"gold_per_min": {"raw": 361, "pct": 0.45439605587510273}, "xp_per_min": {"raw": 540, "pct": 0.4806902218570255}, "kills_per_min": {"raw": 0.07915567282321899, "pct": 0.2686935086277732}, "last_hits_per_min": {"raw": 2.717678100263852, "pct": 0.6705012325390304}, "hero_damage_per_min": {"raw": 396.3588390501319, "pct": 0.16680361544782252}, "hero_healing_per_min": {"raw": 53.087071240105544, "pct": 0.39687756778964667}, "tower_damage": {"raw": 3134,