{"players": [{"account_id": 45421382, "player_slot": 0, "team_number": 0, "team_slot": 0, "hero_id": 23, "hero_variant": 1, "item_0": 692, "item_1": 911, "item_2": 127, "item_3": 50, "item_4": 36, "item_5": 0, "backpack_0": 23, "backpack_1": 21, "backpack_2": 0, "item_neutral": 565, "item_neutral2": 1583, "kills": 7, "deaths": 6, "assists": 20, "leaver_status": 0, "last_hits": 193, "denies": 7, "gold_per_min": 555, "xp_per_min": 635, "level": 20, "net_worth": 16064, "aghanims_scepter": 0, "aghanims_shard": 1, "moonshard": 0, "hero_damage": 28459, "tower_damage": 3411, "hero_healing": 0, "gold": 314, "gold_spent": 18765, "ability_upgrades_arr": [5032, 5031, 5033, 5032, 5032, 5035, 5032, 5033, 5033, 5031, 5031, 5035, 5033, 1015, 6385, 5031, 5035, 1241], "personaname": "La Chaucha", "name": null, "last_login": "2026-03-03T14:36:01.200Z", "rank_tier": 42, "computed_mmr": 4031.51, "is_subscriber": false, "radiant_win": true, "start_time": 1752980255, "duration": 2056, "cluster": 346, "lobby_type": 7, "game_mode": 22, "is_contributor": false, "patch": 58, "region": 38, "isRadiant": true, "win": 1, "lose": 0, "total_gold": 19018, "total_xp": 21759, "kills_per_min": 0.20428015564202334, "kda": 3.86, "abandons": 0, "benchmarks": {"gold_per_min": {"raw": 555, "pct": 0.5837491090520314}, "xp_per_min": {"raw": 635, "pct": 0.34640057020669995}, "kills_per_min": {"raw": 0.20428015564202334, "pct": 0.6550249465431219}, "last_hits_per_min": {"raw": 5.6322957198443575, "pct": 0.3848895224518888}, "hero_damage_per_min": {"raw": 830.5155642023346, "pct": 0.7476835352815395}, "hero_healing_per_min": {"raw": 0, "pct": 0.887384176764077}, "tower_damage": {"raw": 3411, "pct": 0.7697790449037776}}}, {"player_slot": 1, "team_number": 0, "team_slot": 1, "hero_id": 26, "hero_variant": 2, "item_0": 43, "item_1": 108, "item_2": 232, "item_3": 37, "item_4": 214, "item_5": 1, "backpack_0": 0, "backpack_1": 0, "backpack_2": 0, "item_neutral": 1604, "item_neutral2": 1585, "kills": 12, "deaths": 3, "assists": 22, "leaver_status": 0, "last_hits": 70, "denies": 7, "gold_per_min": 455, "xp_per_min": 696, "level": 21, "net_worth": 13211, "aghanims_scepter": 0, "aghanims_shard": 1, "moonshard": 0, "hero_damage": 23888, "tower_damage": 2595, "hero_healing": 774, "gold": 286, "gold_spent": 15510, "ability_upgrades_arr": [5044, 5046, 5045, 5046, 5046, 5047, 5046, 5044, 5044, 5044, 5045, 5047, 5045, 5045, 5918, 401, 5047, 777], "is_subscriber": false, "radiant_win": true, "start_time": 1752980255, "duration": 2056, "cluster": 346, "lobby_type": 7, "game_mode": 22, "is_contributor": false, "patch": 58, "region": 38, "isRadiant": true, "win": 1, "lose": 0, "total_gold": 15591, "total_xp": 23849, "kills_per_min": 0.3501945525291829, "kda": 8.5, "abandons": 0, "benchmarks": {"gold_per_min": {"raw": 455, "pct": 0.8918990352847892}, "xp_per_min": {"raw": 696, "pct": 0.7457380732126339}, "kills_per_min": {"raw": 0.35019455252918286, "pct": 0.9340557684683494}, "last_hits_per_min": {"raw": 2.0428015564202333, "pct": 0.7933130699088146}, "hero_damage_per_min": {"raw": 697.1206225680934, "pct": 0.9348486850799524}, "hero_healing_per_min": {"raw": 22.587548638132297, "pct": 0.9911457645037663}, "tower_damage": {"raw": 2595, "pct": 0.9047178538390379}}}, {"player_slot": 2, "team_number": 0, "team_slot": 2, "hero_id": 104, "hero_variant": 2, "item_0": 210, "item_1": 127, "item_2": 1, "item_3": 50, "item_4": 114, "item_5": 38, "backpack_0": 0, "backpack_1": 0, "backpack_2": 0, "item_neutral": 565, "item_neutral2": 1586, "kills": 8, "deaths": 3, "assists": 22, "leaver_status": 0, "last_hits": 184, "denies": 1, "gold_per_min": 550, "xp_per_min": 691, "level": 21, "net_worth": 17435, "aghanims_scepter": 0, "aghanims_shard": 0, "moonshard": 0, "hero_damage": 25973, "tower_damage": 3386, "hero_healing": 6476, "gold": 3435, "gold_spent": 17130, "ability_upgrades_arr": [5595, 5597, 5597, 5596, 5597, 5598, 5595, 5596, 5597, 5595, 5595, 5598, 5596, 5596, 1176, 6671, 5598, 7395], "is_subscriber": false, "radiant_win": true, "start_time": 1752980255, "duration": 2056, "cluster": 346, "lobby_type": 7, "game_mode": 22, "is_contributor": false, "patch": 58, "region": 38, "isRadiant": true, "win": 1, "lose": 0, "total_gold": 18846, "total_xp": 23678, "kills_per_min": 0.23346303501945526, "kda": 7.5, "abandons": 0, "benchmarks": {"gold_per_min": {"raw": 550, "pct": 0.7044954416850047}, "xp_per_min": {"raw": 691, "pct": 0.4753222257151839}, "kills_per_min": {"raw": 0.23346303501945526, "pct": 0.5251493241119145}, "last_hits_per_min": {"raw": 5.369649805447471, "pct": 0.7107827727129833}, "hero_damage_per_min": {"raw": 757.9669260700389, "pct": 0.6186733731530966}, "hero_healing_per_min": {"raw": 188.98832684824902, "pct": 0.9451430367808865}, "tower_damage": {"raw": 3386, "pct": 0.5935240490411821}}}, {"account_id": 1254118338, "player_slot": 3, "team_number": 0, "team_slot": 3, "hero_id": 67, "hero_variant": 2, "item_0": 147, "item_1": 36, "item_2": 24, "item_3": 250, "item_4": 1575, "item_5": 63, "backpack_0": 11, "backpack_1": 0, "backpack_2": 0, "item_neutral": 1605, "item_neutral2": 1577, "kills": 10, "deaths": 4, "assists": 23, "leaver_status": 0, "last_hits": 185, "denies": 13, "gold_per_min": 560, "xp_per_min": 687, "level": 20, "net_worth": 18782, "aghanims_scepter": 0, "aghanims_shard": 0, "moonshard": 0, "hero_damage": 31599, "tower_damage": 8127, "hero_healing": 0, "gold": 2257, "gold_spent": 16865, "ability_upgrades_arr": [5334, 5335, 5335, 5334, 5334, 7851, 5335, 5334, 5335, 6148, 5336, 7851, 5336, 5336, 6900, 5336, 7851, 6195], "personaname": "ERRANT", "name": null, "last_login": null, "rank_tier": 44, "computed_mmr": 3927.81, "is_subscriber": false, "radiant_win": true, "start_time": 1752980255, "duration": 2056, "cluster": 346, "lobby_type": 7, "game_mode": 22, "is_contributor": false, "patch": 58, "region": 38, "isRadiant": true, "win": 1, "lose": 0, "total_gold": 19189, "total_xp": 23541, "kills_per_min": 0.2918287937743191, "kda": 6.6, "abandons": 0, "benchmarks": {"gold_per_min": {"raw": 560, "pct": 0.44144144144144143}, "xp_per_min": {"raw": 687, "pct": 0.2712185870080607}, "kills_per_min": {"raw": 0.2918287937743191, "pct": 0.6130867709815079}, "last_hits_per_min": {"raw": 5.398832684824903, "pct": 0.29160739687055476}, "hero_damage_per_min": {"raw": 922.1498054474708, "pct": 0.4442863916548127}, "hero_healing_per_min": {"raw": 0, "pct": 0.9473684210526315}, "tower_damage": {"raw": 8127, "pct": 0.7904220009483167}}}, {"player_slot": 4, "team_number": 0, "team_slot": 4, "hero_id": 21, "hero_variant": 4, "item_0": 36, "item_1": 29, "item_2": 77, "item_3": 1466, "item_4": 598, "item_5": 100, "backpack_0": 0, "backpack_1": 0, "backpack_2": 0, "item_neutral": 840, "item_neutral2": 1584, "kills": 6, "deaths": 7, "assists": 21, "leaver_status": 0, "last_hits": 60, "denies": 3, "gold_per_min": 402, "xp_per_min": 545, "level": 18, "net_worth": 13053, "aghanims_scepter": 0, "aghanims_shard": 1, "moonshard": 0, "hero_damage": 20763, "tower_damage": 6170, "hero_healing": 0, "gold": 248, "gold_spent": 13955, "ability_upgrades_arr": [5131, 5130, 5131, 5132, 5131, 5133, 5131, 5132, 5132, 5132, 5130, 5133, 5130, 5130, 6992, 1195, 5133], "is_subscriber": false, "radiant_win": true, "start_time": 1752980255, "duration": 2056, "cluster": 346, "lobby_type": 7, "game_mode": 22, "is_contributor": false, "patch": 58, "region": 38, "isRadiant": true, "win": 1, "lose": 0, "total_gold": 13775, "total_xp": 18675, "kills_per_min": 0.17509727626459146, "kda": 3.38, "abandons": 0, "benchmarks": {"gold_per_min": {"raw": 402, "pct": 0.39704006124011226}, "xp_per_min": {"raw": 545, "pct": 0.3192140852258229}, "kills_per_min": {"raw": 0.17509727626459143, "pct": 0.4689971931615208}, "last_hits_per_min": {"raw": 1.7509727626459144, "pct": 0.11737688185761674}, "hero_damage_per_min": {"raw": 605.9241245136186, "pct": 0.6394488389895382}, "hero_healing_per_min": {"raw": 0, "pct": 0.8346516968614442}, "tower_damage": {"raw": 6170,