{"players": [{"account_id": 65137360, "player_slot": 0, "team_number": 0, "team_slot": 0, "hero_id": 123, "hero_variant": 1, "item_0": 180, "item_1": 218, "item_2": 1575, "item_3": 36, "item_4": 1466, "item_5": 102, "backpack_0": 4206, "backpack_1": 0, "backpack_2": 0, "item_neutral": 840, "item_neutral2": 1593, "kills": 4, "deaths": 7, "assists": 26, "leaver_status": 0, "last_hits": 75, "denies": 5, "gold_per_min": 318, "xp_per_min": 460, "level": 20, "net_worth": 11757, "aghanims_scepter": 0, "aghanims_shard": 0, "moonshard": 0, "hero_damage": 22006, "tower_damage": 372, "hero_healing": 192, "gold": 2207, "gold_spent": 11180, "ability_upgrades_arr": [8158, 8429, 8158, 9501, 8429, 8106, 8158, 8429, 8158, 8429, 7132, 8106, 9501, 9501, 9513, 9501, 8106, 7383], "personaname": "PatoDeGoma", "name": null, "last_login": "2021-02-10T20:32:57.535Z", "rank_tier": 45, "computed_mmr": null, "is_subscriber": false, "radiant_win": false, "start_time": 1754791083, "duration": 2822, "cluster": 346, "lobby_type": 0, "game_mode": 22, "is_contributor": false, "patch": 58, "region": 38, "isRadiant": true, "win": 0, "lose": 1, "total_gold": 14956, "total_xp": 21635, "kills_per_min": 0.08504606661941885, "kda": 3.75, "abandons": 0, "benchmarks": {"gold_per_min": {"raw": 318, "pct": 0.24017790956263899}, "xp_per_min": {"raw": 460, "pct": 0.2301704966641957}, "kills_per_min": {"raw": 0.08504606661941885, "pct": 0.24017790956263899}, "last_hits_per_min": {"raw": 1.5946137491141035, "pct": 0.2524091919940697}, "hero_damage_per_min": {"raw": 467.88093550673284, "pct": 0.47183098591549294}, "hero_healing_per_min": {"raw": 4.0822111977321045, "pct": 0.7412898443291327}, "tower_damage": {"raw": 372, "pct": 0.42438843587842845}}}, {"account_id": 45421382, "player_slot": 1, "team_number": 0, "team_slot": 1, "hero_id": 15, "hero_variant": 1, "item_0": 123, "item_1": 154, "item_2": 0, "item_3": 116, "item_4": 0, "item_5": 63, "backpack_0": 0, "backpack_1": 0, "backpack_2": 0, "item_neutral": 1640, "item_neutral2": 1594, "kills": 16, "deaths": 9, "assists": 13, "leaver_status": 0, "last_hits": 210, "denies": 15, "gold_per_min": 475, "xp_per_min": 600, "level": 22, "net_worth": 14871, "aghanims_scepter": 0, "aghanims_shard": 0, "moonshard": 0, "hero_damage": 48568, "tower_damage": 1522, "hero_healing": 0, "gold": 321, "gold_spent": 21470, "ability_upgrades_arr": [5082, 5083, 1224, 5082, 5083, 5085, 1224, 5083, 1224, 1224, 5083, 5082, 5085, 5082, 6028, 5085, 6564, 1137], "personaname": "La Chaucha", "name": null, "last_login": "2026-03-03T14:36:01.200Z", "rank_tier": 42, "computed_mmr": 4031.51, "is_subscriber": false, "radiant_win": false, "start_time": 1754791083, "duration": 2822, "cluster": 346, "lobby_type": 0, "game_mode": 22, "is_contributor": false, "patch": 58, "region": 38, "isRadiant": true, "win": 0, "lose": 1, "total_gold": 22340, "total_xp": 28220, "kills_per_min": 0.3401842664776754, "kda": 2.9, "abandons": 0, "benchmarks": {"gold_per_min": {"raw": 475, "pct": 0.42400594574507616}, "xp_per_min": {"raw": 600, "pct": 0.33221850613154963}, "kills_per_min": {"raw": 0.3401842664776754, "pct": 0.8078781122259383}, "last_hits_per_min": {"raw": 4.4649184975194895, "pct": 0.3292456335934597}, "hero_damage_per_min": {"raw": 1032.6293408929837, "pct": 0.853586027499071}, "hero_healing_per_min": {"raw": 0, "pct": 0.6477146042363434}, "tower_damage": {"raw": 1522, "pct": 0.4477889260497956}}}, {"player_slot": 2, "team_number": 0, "team_slot": 2, "hero_id": 35, "hero_variant": 2, "item_0": 263, "item_1": 4206, "item_2": 63, "item_3": 156, "item_4": 141, "item_5": 158, "backpack_0": 0, "backpack_1": 0, "backpack_2": 4204, "item_neutral": 1643, "item_neutral2": 1592, "kills": 7, "deaths": 7, "assists": 14, "leaver_status": 0, "last_hits": 358, "denies": 12, "gold_per_min": 557, "xp_per_min": 728, "level": 24, "net_worth": 21869, "aghanims_scepter": 0, "aghanims_shard": 0, "moonshard": 0, "hero_damage": 53425, "tower_damage": 6470, "hero_healing": 0, "gold": 369, "gold_spent": 23970, "ability_upgrades_arr": [5154, 5155, 5154, 5155, 5154, 5157, 5154, 5155, 5156, 5155, 5156, 5157, 928, 5156, 6305, 5156, 5157, 1455], "is_subscriber": false, "radiant_win": false, "start_time": 1754791083, "duration": 2822, "cluster": 346, "lobby_type": 0, "game_mode": 22, "is_contributor": false, "patch": 58, "region": 38, "isRadiant": true, "win": 0, "lose": 1, "total_gold": 26197, "total_xp": 34240, "kills_per_min": 0.148830616583983, "kda": 2.63, "abandons": 0, "benchmarks": {"gold_per_min": {"raw": 557, "pct": 0.4899893015436344}, "xp_per_min": {"raw": 728, "pct": 0.5071068317285649}, "kills_per_min": {"raw": 0.148830616583983, "pct": 0.2297111416781293}, "last_hits_per_min": {"raw": 7.611622962437988, "pct": 0.7047226043099496}, "hero_damage_per_min": {"raw": 1135.896527285613, "pct": 0.7936726272352133}, "hero_healing_per_min": {"raw": 0, "pct": 0.9301543634418462}, "tower_damage": {"raw": 6470, "pct": 0.601711753018493}}}, {"player_slot": 3, "team_number": 0, "team_slot": 3, "hero_id": 26, "hero_variant": 1, "item_0": 37, "item_1": 214, "item_2": 22, "item_3": 1, "item_4": 232, "item_5": 23, "backpack_0": 218, "backpack_1": 0, "backpack_2": 0, "item_neutral": 1641, "item_neutral2": 1583, "kills": 7, "deaths": 14, "assists": 12, "leaver_status": 0, "last_hits": 21, "denies": 1, "gold_per_min": 255, "xp_per_min": 453, "level": 19, "net_worth": 9916, "aghanims_scepter": 0, "aghanims_shard": 0, "moonshard": 0, "hero_damage": 15719, "tower_damage": 195, "hero_healing": 0, "gold": 941, "gold_spent": 10220, "ability_upgrades_arr": [5044, 5046, 5045, 5046, 5046, 5047, 5046, 5044, 5045, 5044, 465, 5047, 5044, 5045, 401, 5045, 5047], "is_subscriber": false, "radiant_win": false, "start_time": 1754791083, "duration": 2822, "cluster": 346, "lobby_type": 0, "game_mode": 22, "is_contributor": false, "patch": 58, "region": 38, "isRadiant": true, "win": 0, "lose": 1, "total_gold": 11993, "total_xp": 21306, "kills_per_min": 0.148830616583983, "kda": 1.27, "abandons": 0, "benchmarks": {"gold_per_min": {"raw": 255, "pct": 0.14312144839434388}, "xp_per_min": {"raw": 453, "pct": 0.2743491476146425}, "kills_per_min": {"raw": 0.148830616583983, "pct": 0.5418263512620589}, "last_hits_per_min": {"raw": 0.44649184975194894, "pct": 0.06118673186203251}, "hero_damage_per_min": {"raw": 334.20978029766127, "pct": 0.5315184353112198}, "hero_healing_per_min": {"raw": 0, "pct": 0.7417734901546187}, "tower_damage": {"raw": 195, "pct": 0.44641205233249637}}}, {"player_slot": 4, "team_number": 0, "team_slot": 4, "hero_id": 43, "hero_variant": 2, "item_0": 102, "item_1": 90, "item_2": 50, "item_3": 77, "item_4": 123, "item_5": 206, "backpack_0": 0, "backpack_1": 0, "backpack_2": 38, "item_neutral": 1641, "item_neutral2": 1583, "kills": 7, "deaths": 7, "assists": 20, "leaver_status": 0, "last_hits": 164, "denies": 7, "gold_per_min": 392, "xp_per_min": 502, "level": 21, "net_worth": 16828, "aghanims_scepter": 0, "aghanims_shard": 0, "moonshard": 0, "hero_damage": 27518, "tower_damage": 2155, "hero_healing": 125, "gold": 223, "gold_spent": 18180, "ability_upgrades_arr": [5090, 5685, 5090, 5091, 5090, 5093, 5090, 5685, 5685, 5685, 5907, 5093, 5091, 6367, 5091, 5091, 5093, 6628], "is_subscriber": false, "radiant_win": false, "start_time": 1754791083, "duration": 2822, "cluster": 346, "lobby_type": 0, "game_mode": 22, "is_contributor": false, "patch": 58, "region": 38, "isRadiant": true, "win": 0, "lose": 1, "total_gold": 18437, "total_xp": 23610, "kills_per_min": 0.148830616583983, "kda": 3.38, "abandons": 0, "benchmarks": {"gold_per_min": {"raw": 392, "pct": 0.24199553239017127}, "xp_per_min": {"raw": 502, "pct": 0.2137006701414743}, "kills_per_min": {"raw": 0.148830616583983, "pct": 0.32017870439314966}, "last_hits_per_min": {"raw": 3.486888731396173, "pct": 0.2524199553239017}, "hero_damage_per_min": {"raw": 585.0744153082919, "pct": 0.33655994043186893}, "hero_healing_per_min": {"raw": 2.657689581856839, "pct": 0.8056589724497394},