{"players": [{"account_id": 168381439, "player_slot": 0, "team_number": 0, "team_slot": 0, "hero_id": 79, "hero_variant": 2, "item_0": 1, "item_1": 218, "item_2": 108, "item_3": 232, "item_4": 24, "item_5": 214, "backpack_0": 36, "backpack_1": 77, "backpack_2": 122, "item_neutral": 675, "item_neutral2": 1595, "kills": 6, "deaths": 1, "assists": 28, "leaver_status": 0, "last_hits": 61, "denies": 0, "gold_per_min": 366, "xp_per_min": 564, "level": 21, "net_worth": 15506, "aghanims_scepter": 0, "aghanims_shard": 0, "moonshard": 0, "hero_damage": 17497, "tower_damage": 920, "hero_healing": 0, "gold": 1376, "gold_spent": 15315, "ability_upgrades_arr": [5423, 5421, 5423, 5421, 5423, 5425, 5423, 5421, 1001, 6137, 5421, 5425, 1001, 1001, 6542, 1001, 5425], "personaname": "the shield", "name": null, "last_login": null, "rank_tier": 45, "computed_mmr": 3973.47, "is_subscriber": false, "radiant_win": true, "start_time": 1760302656, "duration": 2670, "cluster": 241, "lobby_type": 7, "game_mode": 22, "is_contributor": false, "patch": 58, "region": 14, "isRadiant": true, "win": 1, "lose": 0, "total_gold": 16287, "total_xp": 25098, "kills_per_min": 0.1348314606741573, "kda": 17, "abandons": 0, "benchmarks": {"gold_per_min": {"raw": 366, "pct": 0.6458112407211029}, "xp_per_min": {"raw": 564, "pct": 0.6023329798515377}, "kills_per_min": {"raw": 0.13483146067415733, "pct": 0.5832449628844114}, "last_hits_per_min": {"raw": 1.3707865168539326, "pct": 0.4676564156945917}, "hero_damage_per_min": {"raw": 393.19101123595505, "pct": 0.3944856839872747}, "hero_healing_per_min": {"raw": 0, "pct": 0.40827147401908803}, "tower_damage": {"raw": 920, "pct": 0.7158006362672322}}}, {"player_slot": 1, "team_number": 0, "team_slot": 1, "hero_id": 14, "hero_variant": 1, "item_0": 1, "item_1": 50, "item_2": 116, "item_3": 692, "item_4": 127, "item_5": 4206, "backpack_0": 0, "backpack_1": 0, "backpack_2": 0, "item_neutral": 1608, "item_neutral2": 1597, "kills": 10, "deaths": 7, "assists": 21, "leaver_status": 0, "last_hits": 107, "denies": 16, "gold_per_min": 436, "xp_per_min": 597, "level": 22, "net_worth": 17216, "aghanims_scepter": 0, "aghanims_shard": 1, "moonshard": 0, "hero_damage": 40534, "tower_damage": 197, "hero_healing": 0, "gold": 1916, "gold_spent": 17000, "ability_upgrades_arr": [5075, 5076, 5076, 5074, 5076, 5077, 5076, 5074, 5075, 5074, 5075, 5077, 5075, 5074, 7142, 507, 5077, 332], "is_subscriber": false, "radiant_win": true, "start_time": 1760302656, "duration": 2670, "cluster": 241, "lobby_type": 7, "game_mode": 22, "is_contributor": false, "patch": 58, "region": 14, "isRadiant": true, "win": 1, "lose": 0, "total_gold": 19402, "total_xp": 26566, "kills_per_min": 0.2247191011235955, "kda": 3.88, "abandons": 0, "benchmarks": {"gold_per_min": {"raw": 436, "pct": 0.702961170641779}, "xp_per_min": {"raw": 597, "pct": 0.5061643046433921}, "kills_per_min": {"raw": 0.2247191011235955, "pct": 0.6917847678303952}, "last_hits_per_min": {"raw": 2.404494382022472, "pct": 0.5332411568153013}, "hero_damage_per_min": {"raw": 910.8764044943821, "pct": 0.9210738564350731}, "hero_healing_per_min": {"raw": 0, "pct": 0.7495103122479548}, "tower_damage": {"raw": 197, "pct": 0.43081000115220647}}}, {"player_slot": 2, "team_number": 0, "team_slot": 2, "hero_id": 37, "hero_variant": 1, "item_0": 108, "item_1": 36, "item_2": 180, "item_3": 254, "item_4": 188, "item_5": 232, "backpack_0": 4206, "backpack_1": 4206, "backpack_2": 218, "item_neutral": 1602, "item_neutral2": 1585, "kills": 2, "deaths": 5, "assists": 33, "leaver_status": 0, "last_hits": 85, "denies": 5, "gold_per_min": 350, "xp_per_min": 481, "level": 20, "net_worth": 14411, "aghanims_scepter": 0, "aghanims_shard": 1, "moonshard": 0, "hero_damage": 18372, "tower_damage": 5128, "hero_healing": 15087, "gold": 2296, "gold_spent": 13145, "ability_upgrades_arr": [5162, 5163, 5162, 5163, 5163, 5165, 5164, 5164, 5164, 5164, 1038, 5165, 5162, 5162, 5163, 845, 5165, 6505], "is_subscriber": false, "radiant_win": true, "start_time": 1760302656, "duration": 2670, "cluster": 241, "lobby_type": 7, "game_mode": 22, "is_contributor": false, "patch": 58, "region": 14, "isRadiant": true, "win": 1, "lose": 0, "total_gold": 15575, "total_xp": 21404, "kills_per_min": 0.0449438202247191, "kda": 5.83, "abandons": 0, "benchmarks": {"gold_per_min": {"raw": 350, "pct": 0.32161842882457176}, "xp_per_min": {"raw": 481, "pct": 0.42291789722386297}, "kills_per_min": {"raw": 0.0449438202247191, "pct": 0.16863555818074424}, "last_hits_per_min": {"raw": 1.9101123595505618, "pct": 0.27761370348493797}, "hero_damage_per_min": {"raw": 412.8539325842696, "pct": 0.24217365623154163}, "hero_healing_per_min": {"raw": 339.03370786516854, "pct": 0.9084465445953928}, "tower_damage": {"raw": 5128, "pct": 0.8210277613703485}}}, {"player_slot": 3, "team_number": 0, "team_slot": 3, "hero_id": 96, "hero_variant": 2, "item_0": 116, "item_1": 210, "item_2": 53, "item_3": 1, "item_4": 127, "item_5": 90, "backpack_0": 113, "backpack_1": 0, "backpack_2": 0, "item_neutral": 1608, "item_neutral2": 1585, "kills": 13, "deaths": 7, "assists": 22, "leaver_status": 0, "last_hits": 212, "denies": 4, "gold_per_min": 540, "xp_per_min": 649, "level": 23, "net_worth": 21417, "aghanims_scepter": 0, "aghanims_shard": 1, "moonshard": 0, "hero_damage": 34674, "tower_damage": 5084, "hero_healing": 0, "gold": 1592, "gold_spent": 23685, "ability_upgrades_arr": [5515, 5514, 5516, 5516, 5516, 5517, 5516, 5515, 5515, 5514, 5515, 5514, 5514, 5517, 5909, 5928, 5517, 6616], "is_subscriber": false, "radiant_win": true, "start_time": 1760302656, "duration": 2670, "cluster": 241, "lobby_type": 7, "game_mode": 22, "is_contributor": false, "patch": 58, "region": 14, "isRadiant": true, "win": 1, "lose": 0, "total_gold": 24030, "total_xp": 28880, "kills_per_min": 0.29213483146067415, "kda": 4.38, "abandons": 0, "benchmarks": {"gold_per_min": {"raw": 540, "pct": 0.809265944645006}, "xp_per_min": {"raw": 649, "pct": 0.5348977135980746}, "kills_per_min": {"raw": 0.29213483146067415, "pct": 0.9332129963898917}, "last_hits_per_min": {"raw": 4.764044943820225, "pct": 0.4675090252707581}, "hero_damage_per_min": {"raw": 779.1910112359551, "pct": 0.8634175691937425}, "hero_healing_per_min": {"raw": 0, "pct": 0.9181708784596871}, "tower_damage": {"raw": 5084, "pct": 0.907942238267148}}}, {"player_slot": 4, "team_number": 0, "team_slot": 4, "hero_id": 42, "hero_variant": 1, "item_0": 108, "item_1": 50, "item_2": 112, "item_3": 1, "item_4": 127, "item_5": 137, "backpack_0": 36, "backpack_1": 0, "backpack_2": 0, "item_neutral": 1608, "item_neutral2": 1597, "kills": 16, "deaths": 6, "assists": 17, "leaver_status": 0, "last_hits": 241, "denies": 0, "gold_per_min": 594, "xp_per_min": 814, "level": 25, "net_worth": 24915, "aghanims_scepter": 0, "aghanims_shard": 1, "moonshard": 0, "hero_damage": 31697, "tower_damage": 12070, "hero_healing": 0, "gold": 1790, "gold_spent": 23985, "ability_upgrades_arr": [5086, 5088, 5087, 5087, 5088, 5089, 5088, 5086, 5087, 5088, 5086, 5089, 6088, 5087, 5976, 5086, 5089, 1547, 6566], "is_subscriber": false, "radiant_win": true, "start_time": 1760302656, "duration": 2670, "cluster": 241, "lobby_type": 7, "game_mode": 22, "is_contributor": false, "patch": 58, "region": 14, "isRadiant": true, "win": 1, "lose": 0, "total_gold": 26433, "total_xp": 36223, "kills_per_min": 0.3595505617977528, "kda": 4.71, "abandons": 0, "benchmarks": {"gold_per_min": {"raw": 594, "pct": 0.5018530997304582}, "xp_per_min": {"raw": 814, "pct": 0.5065700808625337}, "kills_per_min": {"raw": 0.3595505617977528, "pct": 0.8059299191374663}, "last_hits_per_min": {"raw": 5.415730337078652, "pct": 0.23180592991913745}, "hero_damage_per_min": {"raw": 712.2921348314607, "pct": 0.43345687331536387}, "hero_healing_per_min": {"raw": 0, "pct": 0.956199460916442}, "tower_damage": {"raw": 12070, "pct": 0.7921159029649596}}}, {"player_slot": 128, "team_number": 1, "team_slot": 0, "hero_id": 7, "hero_variant": 3, "item_0": 277, "item_1": 102,