{"players": [{"account_id": 45421382, "player_slot": 0, "team_number": 0, "team_slot": 0, "hero_id": 104, "hero_variant": 1, "item_0": 911, "item_1": 135, "item_2": 116, "item_3": 50, "item_4": 1, "item_5": 692, "backpack_0": 0, "backpack_1": 4206, "backpack_2": 0, "item_neutral": 1643, "item_neutral2": 1594, "kills": 12, "deaths": 16, "assists": 18, "leaver_status": 0, "last_hits": 382, "denies": 3, "gold_per_min": 538, "xp_per_min": 797, "level": 28, "net_worth": 27261, "aghanims_scepter": 0, "aghanims_shard": 1, "moonshard": 0, "hero_damage": 46588, "tower_damage": 927, "hero_healing": 2778, "gold": 2861, "gold_spent": 31515, "ability_upgrades_arr": [5595, 5596, 5595, 5597, 5597, 5598, 5596, 5597, 5597, 5595, 5595, 5598, 5596, 5596, 1176, 6671, 5598, 6526, 925, 1113, 463], "personaname": "La Chaucha", "name": null, "last_login": "2026-03-03T14:36:01.200Z", "rank_tier": 42, "computed_mmr": 4031.51, "is_subscriber": false, "radiant_win": false, "start_time": 1754014986, "duration": 4059, "cluster": 346, "lobby_type": 0, "game_mode": 22, "is_contributor": false, "patch": 58, "region": 38, "isRadiant": true, "win": 0, "lose": 1, "total_gold": 36395, "total_xp": 53917, "kills_per_min": 0.17738359201773835, "kda": 1.76, "abandons": 0, "benchmarks": {"gold_per_min": {"raw": 538, "pct": 0.6666142722414335}, "xp_per_min": {"raw": 797, "pct": 0.6578120088022634}, "kills_per_min": {"raw": 0.17738359201773835, "pct": 0.3530336372209997}, "last_hits_per_min": {"raw": 5.646711012564671, "pct": 0.773813266268469}, "hero_damage_per_min": {"raw": 688.6622320768662, "pct": 0.5199622760138322}, "hero_healing_per_min": {"raw": 41.064301552106436, "pct": 0.5633448601068847}, "tower_damage": {"raw": 927, "pct": 0.3877711411505816}}}, {"account_id": 65137360, "player_slot": 1, "team_number": 0, "team_slot": 1, "hero_id": 123, "hero_variant": 1, "item_0": 141, "item_1": 180, "item_2": 218, "item_3": 37, "item_4": 1466, "item_5": 96, "backpack_0": 40, "backpack_1": 0, "backpack_2": 0, "item_neutral": 1607, "item_neutral2": 1592, "kills": 9, "deaths": 10, "assists": 30, "leaver_status": 0, "last_hits": 179, "denies": 0, "gold_per_min": 401, "xp_per_min": 737, "level": 28, "net_worth": 22273, "aghanims_scepter": 0, "aghanims_shard": 0, "moonshard": 0, "hero_damage": 28327, "tower_damage": 268, "hero_healing": 125, "gold": 4243, "gold_spent": 19690, "ability_upgrades_arr": [8158, 8429, 8158, 8429, 9501, 8106, 8158, 8429, 8158, 9501, 9501, 8106, 9501, 8429, 7132, 9513, 8106, 7383, 1134, 1568], "personaname": "PatoDeGoma", "name": null, "last_login": "2021-02-10T20:32:57.535Z", "rank_tier": 45, "computed_mmr": null, "is_subscriber": false, "radiant_win": false, "start_time": 1754014986, "duration": 4059, "cluster": 346, "lobby_type": 0, "game_mode": 22, "is_contributor": false, "patch": 58, "region": 38, "isRadiant": true, "win": 0, "lose": 1, "total_gold": 27127, "total_xp": 49858, "kills_per_min": 0.13303769401330376, "kda": 3.55, "abandons": 0, "benchmarks": {"gold_per_min": {"raw": 401, "pct": 0.6071163825055597}, "xp_per_min": {"raw": 737, "pct": 0.7449962935507783}, "kills_per_min": {"raw": 0.13303769401330376, "pct": 0.4621942179392142}, "last_hits_per_min": {"raw": 2.645971914264597, "pct": 0.6026686434395849}, "hero_damage_per_min": {"raw": 418.7287509238729, "pct": 0.33765752409191996}, "hero_healing_per_min": {"raw": 1.8477457501847745, "pct": 0.6297257227575982}, "tower_damage": {"raw": 268, "pct": 0.36397331356560414}}}, {"account_id": 37467834, "player_slot": 2, "team_number": 0, "team_slot": 2, "hero_id": 43, "hero_variant": 2, "item_0": 610, "item_1": 267, "item_2": 1, "item_3": 123, "item_4": 36, "item_5": 63, "backpack_0": 0, "backpack_1": 4204, "backpack_2": 0, "item_neutral": 675, "item_neutral2": 1583, "kills": 12, "deaths": 20, "assists": 27, "leaver_status": 0, "last_hits": 241, "denies": 1, "gold_per_min": 507, "xp_per_min": 794, "level": 28, "net_worth": 23758, "aghanims_scepter": 0, "aghanims_shard": 1, "moonshard": 0, "hero_damage": 35737, "tower_damage": 1845, "hero_healing": 106, "gold": 3833, "gold_spent": 24145, "ability_upgrades_arr": [5090, 5685, 5090, 5685, 5090, 5093, 5090, 5091, 5685, 5685, 6299, 5093, 5091, 5091, 6367, 5091, 5093, 5976, 6191, 5907, 1458], "personaname": "ExtremoDiaz", "name": null, "last_login": null, "rank_tier": 22, "computed_mmr": 3968.35, "is_subscriber": false, "radiant_win": false, "start_time": 1754014986, "duration": 4059, "cluster": 346, "lobby_type": 0, "game_mode": 22, "is_contributor": false, "patch": 58, "region": 38, "isRadiant": true, "win": 0, "lose": 1, "total_gold": 34298, "total_xp": 53714, "kills_per_min": 0.17738359201773835, "kda": 1.86, "abandons": 0, "benchmarks": {"gold_per_min": {"raw": 507, "pct": 0.5748324646314222}, "xp_per_min": {"raw": 794, "pct": 0.7170513775130305}, "kills_per_min": {"raw": 0.17738359201773835, "pct": 0.4206999255398362}, "last_hits_per_min": {"raw": 3.5624538063562454, "pct": 0.2628443782576322}, "hero_damage_per_min": {"raw": 528.2631189948263, "pct": 0.2568875651526433}, "hero_healing_per_min": {"raw": 1.5668883961566888, "pct": 0.7907669396872673}, "tower_damage": {"raw": 1845, "pct": 0.3603871928518243}}}, {"account_id": 115132074, "player_slot": 3, "team_number": 0, "team_slot": 3, "hero_id": 35, "hero_variant": 2, "item_0": 158, "item_1": 26, "item_2": 116, "item_3": 152, "item_4": 160, "item_5": 135, "backpack_0": 248, "backpack_1": 0, "backpack_2": 0, "item_neutral": 1605, "item_neutral2": 1583, "kills": 7, "deaths": 13, "assists": 21, "leaver_status": 0, "last_hits": 581, "denies": 8, "gold_per_min": 654, "xp_per_min": 750, "level": 28, "net_worth": 36067, "aghanims_scepter": 0, "aghanims_shard": 0, "moonshard": 1, "hero_damage": 41750, "tower_damage": 594, "hero_healing": 0, "gold": 5017, "gold_spent": 36850, "ability_upgrades_arr": [5154, 5156, 5155, 5155, 5155, 5157, 5155, 5156, 5156, 5156, 5154, 5157, 5154, 5154, 928, 7892, 5157, 1455, 6896, 7396], "personaname": "Durotan", "name": null, "last_login": null, "rank_tier": 41, "computed_mmr": 3905.19, "is_subscriber": false, "radiant_win": false, "start_time": 1754014986, "duration": 4059, "cluster": 346, "lobby_type": 0, "game_mode": 22, "is_contributor": false, "patch": 58, "region": 38, "isRadiant": true, "win": 0, "lose": 1, "total_gold": 44243, "total_xp": 50737, "kills_per_min": 0.10347376201034737, "kda": 2, "abandons": 0, "benchmarks": {"gold_per_min": {"raw": 654, "pct": 0.724438331040807}, "xp_per_min": {"raw": 750, "pct": 0.546079779917469}, "kills_per_min": {"raw": 0.10347376201034737, "pct": 0.1192113709307657}, "last_hits_per_min": {"raw": 8.588322246858832, "pct": 0.8378419685159713}, "hero_damage_per_min": {"raw": 617.1470805617147, "pct": 0.2260430994956442}, "hero_healing_per_min": {"raw": 0, "pct": 0.9301543634418462}, "tower_damage": {"raw": 594, "pct": 0.22268072749503287}}}, {"player_slot": 4, "team_number": 0, "team_slot": 4, "hero_id": 14, "hero_variant": 3, "item_0": 254, "item_1": 226, "item_2": 127, "item_3": 114, "item_4": 50, "item_5": 1, "backpack_0": 218, "backpack_1": 0, "backpack_2": 0, "item_neutral": 1641, "item_neutral2": 1594, "kills": 10, "deaths": 16, "assists": 17, "leaver_status": 0, "last_hits": 140, "denies": 1, "gold_per_min": 383, "xp_per_min": 691, "level": 27, "net_worth": 19209, "aghanims_scepter": 0, "aghanims_shard": 0, "moonshard": 0, "hero_damage": 25329, "tower_damage": 0, "hero_healing": 0, "gold": 1609, "gold_spent": 21225, "ability_upgrades_arr": [5075, 5076, 5076, 5074, 5076, 5077, 5076, 5075, 5075, 7142, 5075, 5077, 5074, 5074, 6565, 5074, 5077, 332, 6023, 5932], "is_subscriber": false, "radiant_win": false, "start_time": 1754014986, "duration": 4059, "cluster": 346, "lobby_type": 0, "game_mode": 22, "is_contributor": false, "patch": 58, "region": 38, "isRadiant": true, "win": 0, "lose": 1, "total_gold": 25909, "total_xp": 46746, "kills_per_min": 0.14781966001478195, "kda": 1.59, "abandons": 0, "benchmarks": {"gold_per_min": {"raw": 383,