{"players": [{"player_slot": 0, "team_number": 0, "team_slot": 0, "hero_id": 30, "hero_variant": 3, "item_0": 29, "item_1": 1, "item_2": 267, "item_3": 108, "item_4": 279, "item_5": 0, "backpack_0": 109, "backpack_1": 0, "backpack_2": 0, "item_neutral": 1604, "item_neutral2": 1584, "kills": 18, "deaths": 5, "assists": 23, "leaver_status": 0, "last_hits": 110, "denies": 5, "gold_per_min": 516, "xp_per_min": 759, "level": 23, "net_worth": 17420, "aghanims_scepter": 0, "aghanims_shard": 1, "moonshard": 0, "hero_damage": 32948, "tower_damage": 1851, "hero_healing": 7928, "gold": 1245, "gold_spent": 17685, "ability_upgrades_arr": [5140, 5138, 5140, 5138, 5140, 5141, 5140, 5138, 5138, 5959, 5139, 5139, 5141, 5139, 5139, 555, 5141, 5998], "is_subscriber": false, "radiant_win": true, "start_time": 1772754619, "duration": 2423, "cluster": 381, "lobby_type": 0, "game_mode": 22, "is_contributor": false, "patch": 59, "isRadiant": true, "win": 1, "lose": 0, "total_gold": 20837, "total_xp": 30650, "kills_per_min": 0.44572843582335947, "kda": 6.83, "abandons": 0, "benchmarks": {"gold_per_min": {"raw": 516, "pct": 0.9727014632015724}, "xp_per_min": {"raw": 759, "pct": 0.8835990390915047}, "kills_per_min": {"raw": 0.44572843582335947, "pct": 0.9847128193928806}, "last_hits_per_min": {"raw": 2.7238959966983076, "pct": 0.9646210963092379}, "hero_damage_per_min": {"raw": 815.8811390837805, "pct": 0.8805416029700808}, "hero_healing_per_min": {"raw": 196.31861328931078, "pct": 0.6582223192836864}, "tower_damage": {"raw": 1851, "pct": 0.9512994103516051}}}, {"player_slot": 1, "team_number": 0, "team_slot": 1, "hero_id": 128, "hero_variant": 1, "item_0": 263, "item_1": 250, "item_2": 48, "item_3": 174, "item_4": 158, "item_5": 178, "backpack_0": 0, "backpack_1": 0, "backpack_2": 0, "item_neutral": 1720, "item_neutral2": 1577, "kills": 8, "deaths": 5, "assists": 16, "leaver_status": 0, "last_hits": 346, "denies": 14, "gold_per_min": 650, "xp_per_min": 856, "level": 25, "net_worth": 24481, "aghanims_scepter": 0, "aghanims_shard": 0, "moonshard": 0, "hero_damage": 31994, "tower_damage": 8700, "hero_healing": 0, "gold": 2101, "gold_spent": 23895, "ability_upgrades_arr": [6480, 6483, 6480, 6488, 6480, 6482, 6480, 6488, 6488, 6488, 384, 6483, 6482, 6483, 6483, 6487, 6482, 500], "is_subscriber": false, "radiant_win": true, "start_time": 1772754619, "duration": 2423, "cluster": 381, "lobby_type": 0, "game_mode": 22, "is_contributor": false, "patch": 59, "isRadiant": true, "win": 1, "lose": 0, "total_gold": 26249, "total_xp": 34568, "kills_per_min": 0.19810152703260422, "kda": 4, "abandons": 0, "benchmarks": {"gold_per_min": {"raw": 650, "pct": 0.9718120805369127}, "xp_per_min": {"raw": 856, "pct": 0.9181208053691275}, "kills_per_min": {"raw": 0.19810152703260422, "pct": 0.6919463087248322}, "last_hits_per_min": {"raw": 8.567891044160131, "pct": 0.9852348993288591}, "hero_damage_per_min": {"raw": 792.2575319851424, "pct": 0.8959731543624161}, "hero_healing_per_min": {"raw": 0, "pct": 0.31208053691275167}, "tower_damage": {"raw": 8700, "pct": 0.9838926174496644}}}, {"player_slot": 2, "team_number": 0, "team_slot": 2, "hero_id": 104, "hero_variant": 2, "item_0": 50, "item_1": 1, "item_2": 127, "item_3": 116, "item_4": 240, "item_5": 108, "backpack_0": 0, "backpack_1": 0, "backpack_2": 0, "item_neutral": 675, "item_neutral2": 1576, "kills": 9, "deaths": 6, "assists": 19, "leaver_status": 0, "last_hits": 219, "denies": 10, "gold_per_min": 502, "xp_per_min": 627, "level": 21, "net_worth": 19155, "aghanims_scepter": 0, "aghanims_shard": 0, "moonshard": 0, "hero_damage": 20251, "tower_damage": 3217, "hero_healing": 1360, "gold": 4455, "gold_spent": 15825, "ability_upgrades_arr": [5595, 5597, 5595, 5596, 5595, 5598, 5595, 5597, 5597, 5597, 1113, 5596, 5598, 5596, 5596, 6671, 5598, 6526], "is_subscriber": false, "radiant_win": true, "start_time": 1772754619, "duration": 2423, "cluster": 381, "lobby_type": 0, "game_mode": 22, "is_contributor": false, "patch": 59, "isRadiant": true, "win": 1, "lose": 0, "total_gold": 20272, "total_xp": 25320, "kills_per_min": 0.22286421791167974, "kda": 4, "abandons": 0, "benchmarks": {"gold_per_min": {"raw": 502, "pct": 0.5392678868552413}, "xp_per_min": {"raw": 627, "pct": 0.37470881863560734}, "kills_per_min": {"raw": 0.22286421791167974, "pct": 0.5128119800332779}, "last_hits_per_min": {"raw": 5.4230293025175405, "pct": 0.7044925124792013}, "hero_damage_per_min": {"raw": 501.46925299215854, "pct": 0.23327787021630617}, "hero_healing_per_min": {"raw": 33.677259595542715, "pct": 0.49700499168053247}, "tower_damage": {"raw": 3217, "pct": 0.5930116472545757}}}, {"account_id": 45421382, "player_slot": 3, "team_number": 0, "team_slot": 3, "hero_id": 21, "hero_variant": 4, "item_0": 158, "item_1": 236, "item_2": 149, "item_3": 117, "item_4": 116, "item_5": 123, "backpack_0": 63, "backpack_1": 0, "backpack_2": 0, "item_neutral": 1604, "item_neutral2": 1584, "kills": 17, "deaths": 4, "assists": 16, "leaver_status": 0, "last_hits": 263, "denies": 9, "gold_per_min": 635, "xp_per_min": 916, "level": 25, "net_worth": 24433, "aghanims_scepter": 0, "aghanims_shard": 0, "moonshard": 0, "hero_damage": 33419, "tower_damage": 16873, "hero_healing": 125, "gold": 3883, "gold_spent": 22080, "ability_upgrades_arr": [5131, 5130, 5132, 5132, 5131, 5133, 5132, 5130, 5130, 5920, 730, 5130, 5132, 5133, 5131, 6992, 730, 5131, 5133, 7062], "personaname": "La Chaucha", "name": null, "last_login": "2026-03-03T14:36:01.200Z", "rank_tier": 42, "computed_mmr": 4031.51, "is_subscriber": false, "radiant_win": true, "start_time": 1772754619, "duration": 2423, "cluster": 381, "lobby_type": 0, "game_mode": 22, "is_contributor": false, "patch": 59, "isRadiant": true, "win": 1, "lose": 0, "total_gold": 25643, "total_xp": 36991, "kills_per_min": 0.42096574494428396, "kda": 6.6, "abandons": 0, "benchmarks": {"gold_per_min": {"raw": 635, "pct": 0.9176769100648435}, "xp_per_min": {"raw": 916, "pct": 0.8672117282210319}, "kills_per_min": {"raw": 0.42096574494428396, "pct": 0.9413588948407104}, "last_hits_per_min": {"raw": 6.512587701196864, "pct": 0.866647871440654}, "hero_damage_per_min": {"raw": 827.544366487825, "pct": 0.8779250070482097}, "hero_healing_per_min": {"raw": 3.095336359884441, "pct": 0.8801804341697209}, "tower_damage": {"raw": 16873, "pct": 0.9912602199041444}}}, {"account_id": 115132074, "player_slot": 4, "team_number": 0, "team_slot": 4, "hero_id": 5, "hero_variant": 3, "item_0": 60, "item_1": 254, "item_2": 36, "item_3": 1, "item_4": 214, "item_5": 273, "backpack_0": 0, "backpack_1": 0, "backpack_2": 0, "item_neutral": 1158, "item_neutral2": 1593, "kills": 5, "deaths": 4, "assists": 30, "leaver_status": 0, "last_hits": 86, "denies": 3, "gold_per_min": 399, "xp_per_min": 591, "level": 21, "net_worth": 15547, "aghanims_scepter": 0, "aghanims_shard": 0, "moonshard": 0, "hero_damage": 19197, "tower_damage": 1452, "hero_healing": 0, "gold": 1087, "gold_spent": 15415, "ability_upgrades_arr": [5126, 5127, 5128, 5128, 5126, 5129, 5128, 5128, 5126, 5127, 5959, 5127, 5129, 5127, 5126, 7654, 5129, 6520], "personaname": "Durotan", "name": null, "last_login": null, "rank_tier": 41, "computed_mmr": 3905.19, "is_subscriber": false, "radiant_win": true, "start_time": 1772754619, "duration": 2423, "cluster": 381, "lobby_type": 0, "game_mode": 22, "is_contributor": false, "patch": 59, "isRadiant": true, "win": 1, "lose": 0, "total_gold": 16112, "total_xp": 23866, "kills_per_min": 0.12381345439537764, "kda": 7, "abandons": 0, "benchmarks": {"gold_per_min": {"raw": 399, "pct": 0.7172205438066466}, "xp_per_min": {"raw": 591, "pct": 0.5601208459214502}, "kills_per_min": {"raw": 0.12381345439537762, "pct": 0.5667673716012085}, "last_hits_per_min": {"raw": 2.129591415600495, "pct": 0.6389728096676737}, "hero_damage_per_min": {"raw": 475.36937680561283, "pct": 0.6172205438066465}, "hero_healing_per_min": {"raw": 0, "pct": 0.7250755287009063}, "tower_damage": {"raw": 1452,