{"players": [{"account_id": 1595176769, "player_slot": 0, "team_number": 0, "team_slot": 0, "hero_id": 89, "hero_variant": 1, "item_0": 250, "item_1": 147, "item_2": 123, "item_3": 692, "item_4": 139, "item_5": 114, "backpack_0": 0, "backpack_1": 220, "backpack_2": 0, "item_neutral": 1643, "item_neutral2": 1586, "kills": 14, "deaths": 10, "assists": 15, "leaver_status": 0, "last_hits": 669, "denies": 3, "gold_per_min": 813, "xp_per_min": 1071, "level": 30, "net_worth": 49530, "aghanims_scepter": 1, "aghanims_shard": 1, "moonshard": 1, "hero_damage": 68965, "tower_damage": 9447, "hero_healing": 125, "gold": 5105, "gold_spent": 43200, "ability_upgrades_arr": [5467, 5469, 5467, 5468, 5469, 5469, 5467, 5467, 5469, 6398, 5470, 5468, 5470, 5468, 5468, 7029, 5470, 6205, 761, 1557, 6701, 601, 6150], "personaname": "2008", "name": null, "last_login": null, "rank_tier": 41, "computed_mmr": 3971.55, "is_subscriber": false, "radiant_win": true, "start_time": 1767941112, "duration": 3612, "cluster": 184, "lobby_type": 7, "game_mode": 22, "is_contributor": false, "patch": 59, "region": 8, "isRadiant": true, "win": 1, "lose": 0, "total_gold": 48942, "total_xp": 64474, "kills_per_min": 0.23255813953488372, "kda": 2.64, "abandons": 0, "benchmarks": {"gold_per_min": {"raw": 813, "pct": 0.8820598006644518}, "xp_per_min": {"raw": 1071, "pct": 0.9036544850498339}, "kills_per_min": {"raw": 0.23255813953488372, "pct": 0.7624584717607974}, "last_hits_per_min": {"raw": 11.112956810631228, "pct": 0.739202657807309}, "hero_damage_per_min": {"raw": 1145.5980066445184, "pct": 0.96843853820598}, "hero_healing_per_min": {"raw": 2.0764119601328903, "pct": 0.9285714285714286}, "tower_damage": {"raw": 9447, "pct": 0.7275747508305648}}}, {"account_id": 73456982, "player_slot": 1, "team_number": 0, "team_slot": 1, "hero_id": 102, "hero_variant": 1, "item_0": 939, "item_1": 50, "item_2": 137, "item_3": 208, "item_4": 225, "item_5": 160, "backpack_0": 0, "backpack_1": 0, "backpack_2": 0, "item_neutral": 1168, "item_neutral2": 1597, "kills": 19, "deaths": 15, "assists": 23, "leaver_status": 0, "last_hits": 326, "denies": 22, "gold_per_min": 642, "xp_per_min": 1200, "level": 30, "net_worth": 35633, "aghanims_scepter": 1, "aghanims_shard": 1, "moonshard": 0, "hero_damage": 80962, "tower_damage": 5741, "hero_healing": 4187, "gold": 2608, "gold_spent": 30215, "ability_upgrades_arr": [5586, 5587, 5587, 5586, 5587, 5588, 5585, 5586, 5586, 5587, 1165, 5585, 5588, 5585, 5585, 7340, 5588, 6100, 6602, 6601, 972, 8251, 7335], "personaname": "Sage", "name": null, "last_login": null, "rank_tier": 42, "computed_mmr": 4169.7, "is_subscriber": false, "radiant_win": true, "start_time": 1767941112, "duration": 3612, "cluster": 184, "lobby_type": 7, "game_mode": 22, "is_contributor": false, "patch": 59, "region": 8, "isRadiant": true, "win": 1, "lose": 0, "total_gold": 38648, "total_xp": 72240, "kills_per_min": 0.3156146179401993, "kda": 2.63, "abandons": 0, "benchmarks": {"gold_per_min": {"raw": 642, "pct": 0.9098101265822784}, "xp_per_min": {"raw": 1200, "pct": 0.9833860759493671}, "kills_per_min": {"raw": 0.31561461794019935, "pct": 0.9058544303797469}, "last_hits_per_min": {"raw": 5.415282392026579, "pct": 0.6859177215189873}, "hero_damage_per_min": {"raw": 1344.8837209302326, "pct": 0.9873417721518988}, "hero_healing_per_min": {"raw": 69.5514950166113, "pct": 0.6107594936708861}, "tower_damage": {"raw": 5741, "pct": 0.8314873417721519}}}, {"player_slot": 2, "team_number": 0, "team_slot": 2, "hero_id": 14, "hero_variant": 1, "item_0": 1, "item_1": 100, "item_2": 119, "item_3": 214, "item_4": 36, "item_5": 232, "backpack_0": 0, "backpack_1": 0, "backpack_2": 0, "item_neutral": 1158, "item_neutral2": 1595, "kills": 5, "deaths": 18, "assists": 27, "leaver_status": 0, "last_hits": 77, "denies": 1, "gold_per_min": 363, "xp_per_min": 828, "level": 28, "net_worth": 20318, "aghanims_scepter": 1, "aghanims_shard": 1, "moonshard": 0, "hero_damage": 45047, "tower_damage": 762, "hero_healing": 195, "gold": 1058, "gold_spent": 17395, "ability_upgrades_arr": [5075, 5076, 5076, 5074, 5076, 5077, 5075, 5075, 5075, 5932, 5074, 5076, 5077, 5074, 5074, 6565, 5077, 332, 6506, 7142, 507], "is_subscriber": false, "radiant_win": true, "start_time": 1767941112, "duration": 3612, "cluster": 184, "lobby_type": 7, "game_mode": 22, "is_contributor": false, "patch": 59, "region": 8, "isRadiant": true, "win": 1, "lose": 0, "total_gold": 21852, "total_xp": 49845, "kills_per_min": 0.08305647840531562, "kda": 1.68, "abandons": 0, "benchmarks": {"gold_per_min": {"raw": 363, "pct": 0.4235353791529292}, "xp_per_min": {"raw": 828, "pct": 0.85087496829825}, "kills_per_min": {"raw": 0.08305647840531562, "pct": 0.1747400456505199}, "last_hits_per_min": {"raw": 1.2790697674418605, "pct": 0.2002282525995435}, "hero_damage_per_min": {"raw": 748.2890365448504, "pct": 0.8089018513821963}, "hero_healing_per_min": {"raw": 3.2392026578073088, "pct": 0.8414912503170175}, "tower_damage": {"raw": 762, "pct": 0.6001775297996449}}}, {"player_slot": 3, "team_number": 0, "team_slot": 3, "hero_id": 73, "hero_variant": 3, "item_0": 29, "item_1": 208, "item_2": 116, "item_3": 137, "item_4": 158, "item_5": 36, "backpack_0": 0, "backpack_1": 0, "backpack_2": 0, "item_neutral": 1643, "item_neutral2": 1584, "kills": 4, "deaths": 14, "assists": 27, "leaver_status": 0, "last_hits": 367, "denies": 4, "gold_per_min": 773, "xp_per_min": 954, "level": 29, "net_worth": 28381, "aghanims_scepter": 0, "aghanims_shard": 1, "moonshard": 0, "hero_damage": 33389, "tower_damage": 7837, "hero_healing": 0, "gold": 5421, "gold_spent": 38650, "ability_upgrades_arr": [5365, 5366, 5365, 5366, 5365, 5369, 5365, 5366, 5366, 6101, 1116, 1116, 5369, 1116, 1116, 1002, 5369, 6350, 7054, 7144, 6604, 1003], "is_subscriber": false, "radiant_win": true, "start_time": 1767941112, "duration": 3612, "cluster": 184, "lobby_type": 7, "game_mode": 22, "is_contributor": false, "patch": 59, "region": 8, "isRadiant": true, "win": 1, "lose": 0, "total_gold": 46534, "total_xp": 57430, "kills_per_min": 0.06644518272425248, "kda": 2.07, "abandons": 0, "benchmarks": {"gold_per_min": {"raw": 773, "pct": 0.7837998808814771}, "xp_per_min": {"raw": 954, "pct": 0.8576533650982728}, "kills_per_min": {"raw": 0.06644518272425248, "pct": 0.46098868374032165}, "last_hits_per_min": {"raw": 6.096345514950166, "pct": 0.41334127456819536}, "hero_damage_per_min": {"raw": 554.6345514950166, "pct": 0.7432995830851697}, "hero_healing_per_min": {"raw": 0, "pct": 0.9047051816557474}, "tower_damage": {"raw": 7837, "pct": 0.8618225134008338}}}, {"player_slot": 4, "team_number": 0, "team_slot": 4, "hero_id": 31, "hero_variant": 2, "item_0": 254, "item_1": 226, "item_2": 43, "item_3": 232, "item_4": 110, "item_5": 931, "backpack_0": 0, "backpack_1": 0, "backpack_2": 0, "item_neutral": 1168, "item_neutral2": 1577, "kills": 17, "deaths": 10, "assists": 37, "leaver_status": 0, "last_hits": 89, "denies": 13, "gold_per_min": 535, "xp_per_min": 1069, "level": 30, "net_worth": 31962, "aghanims_scepter": 1, "aghanims_shard": 1, "moonshard": 0, "hero_damage": 83607, "tower_damage": 1008, "hero_healing": 0, "gold": 8712, "gold_spent": 22020, "ability_upgrades_arr": [5134, 7325, 5134, 5136, 5134, 5137, 5134, 5136, 5136, 775, 5136, 7325, 5137, 7325, 7325, 6387, 5137, 531, 1543, 530, 6292, 7360], "is_subscriber": false, "radiant_win": true, "start_time": 1767941112, "duration": 3612, "cluster": 184, "lobby_type": 7, "game_mode": 22, "is_contributor": false, "patch": 59, "region": 8, "isRadiant": true, "win": 1, "lose": 0, "total_gold": 32207, "total_xp": 64353, "kills_per_min": 0.28239202657807305, "kda": 4.91, "abandons": 0, "benchmarks": {"gold_per_min": {"raw": 535, "pct": 0.984635761589404}, "xp_per_min": {"raw": 1069, "pct": 0.9949668874172185}, "kills_per_min": {"raw": 0.2823920265780731, "pct": 0.9141721854304635}, "last_hits_per_min": {"raw": 1.478405315614618, "pct": 0.4140397350993377},