{"players": [{"player_slot": 0, "team_number": 0, "team_slot": 0, "hero_id": 47, "hero_variant": 1, "item_0": 127, "item_1": 226, "item_2": 75, "item_3": 121, "item_4": 692, "item_5": 63, "backpack_0": 0, "backpack_1": 75, "backpack_2": 0, "item_neutral": 565, "item_neutral2": 1594, "kills": 10, "deaths": 12, "assists": 15, "leaver_status": 0, "last_hits": 188, "denies": 4, "gold_per_min": 561, "xp_per_min": 588, "level": 19, "net_worth": 16951, "aghanims_scepter": 0, "aghanims_shard": 0, "moonshard": 0, "hero_damage": 33712, "tower_damage": 6352, "hero_healing": 0, "gold": 291, "gold_spent": 18425, "ability_upgrades_arr": [5219, 5220, 5220, 5218, 5220, 5221, 5220, 5219, 5219, 5218, 6156, 5221, 5219, 5218, 6819, 5218, 5221], "is_subscriber": false, "radiant_win": true, "start_time": 1748748013, "duration": 2009, "cluster": 241, "lobby_type": 0, "game_mode": 22, "is_contributor": false, "patch": 58, "region": 14, "isRadiant": true, "win": 1, "lose": 0, "total_gold": 18784, "total_xp": 19688, "kills_per_min": 0.2986560477849676, "kda": 1.92, "abandons": 0, "benchmarks": {"gold_per_min": {"raw": 561, "pct": 0.7454407294832827}, "xp_per_min": {"raw": 588, "pct": 0.3180091185410334}, "kills_per_min": {"raw": 0.2986560477849676, "pct": 0.6831306990881459}, "last_hits_per_min": {"raw": 5.614733698357392, "pct": 0.7264437689969605}, "hero_damage_per_min": {"raw": 1006.829268292683, "pct": 0.8392857142857143}, "hero_healing_per_min": {"raw": 0, "pct": 0.8674012158054711}, "tower_damage": {"raw": 6352, "pct": 0.7967325227963525}}}, {"player_slot": 1, "team_number": 0, "team_slot": 1, "hero_id": 106, "hero_variant": 2, "item_0": 598, "item_1": 75, "item_2": 77, "item_3": 63, "item_4": 154, "item_5": 123, "backpack_0": 0, "backpack_1": 0, "backpack_2": 0, "item_neutral": 1603, "item_neutral2": 1577, "kills": 10, "deaths": 1, "assists": 12, "leaver_status": 0, "last_hits": 163, "denies": 9, "gold_per_min": 473, "xp_per_min": 559, "level": 18, "net_worth": 15427, "aghanims_scepter": 0, "aghanims_shard": 0, "moonshard": 0, "hero_damage": 21197, "tower_damage": 4172, "hero_healing": 0, "gold": 1217, "gold_spent": 15040, "ability_upgrades_arr": [5604, 5603, 5604, 5605, 5605, 5606, 5604, 5603, 5604, 6159, 5603, 5606, 5603, 5605, 6176, 5605, 5606], "is_subscriber": false, "radiant_win": true, "start_time": 1748748013, "duration": 2009, "cluster": 241, "lobby_type": 0, "game_mode": 22, "is_contributor": false, "patch": 58, "region": 14, "isRadiant": true, "win": 1, "lose": 0, "total_gold": 15837, "total_xp": 18717, "kills_per_min": 0.2986560477849676, "kda": 11, "abandons": 0, "benchmarks": {"gold_per_min": {"raw": 473, "pct": 0.3170731707317073}, "xp_per_min": {"raw": 559, "pct": 0.1766805472932778}, "kills_per_min": {"raw": 0.2986560477849676, "pct": 0.6133254015466983}, "last_hits_per_min": {"raw": 4.868093578894972, "pct": 0.3438429506246282}, "hero_damage_per_min": {"raw": 633.061224489796, "pct": 0.22248661511005355}, "hero_healing_per_min": {"raw": 0, "pct": 0.711481261154075}, "tower_damage": {"raw": 4172, "pct": 0.8221296847114813}}}, {"account_id": 246103173, "player_slot": 2, "team_number": 0, "team_slot": 2, "hero_id": 100, "hero_variant": 2, "item_0": 43, "item_1": 36, "item_2": 100, "item_3": 214, "item_4": 0, "item_5": 1, "backpack_0": 0, "backpack_1": 0, "backpack_2": 0, "item_neutral": 1638, "item_neutral2": 1586, "kills": 2, "deaths": 3, "assists": 25, "leaver_status": 0, "last_hits": 36, "denies": 5, "gold_per_min": 332, "xp_per_min": 497, "level": 17, "net_worth": 10058, "aghanims_scepter": 0, "aghanims_shard": 1, "moonshard": 0, "hero_damage": 9310, "tower_damage": 1129, "hero_healing": 0, "gold": 2408, "gold_spent": 8995, "ability_upgrades_arr": [5565, 1385, 5566, 1385, 1385, 5568, 1385, 5566, 5566, 5566, 414, 5568, 5565, 5565, 6411, 5565], "personaname": "FLAME", "name": null, "last_login": null, "rank_tier": 63, "computed_mmr": null, "is_subscriber": false, "radiant_win": true, "start_time": 1748748013, "duration": 2009, "cluster": 241, "lobby_type": 0, "game_mode": 22, "is_contributor": false, "patch": 58, "region": 14, "isRadiant": true, "win": 1, "lose": 0, "total_gold": 11116, "total_xp": 16641, "kills_per_min": 0.05973120955699353, "kda": 6.75, "abandons": 0, "benchmarks": {"gold_per_min": {"raw": 332, "pct": 0.4357668364459536}, "xp_per_min": {"raw": 497, "pct": 0.3571024335031126}, "kills_per_min": {"raw": 0.05973120955699353, "pct": 0.17487266553480477}, "last_hits_per_min": {"raw": 1.0751617720258835, "pct": 0.322014714204867}, "hero_damage_per_min": {"raw": 278.04878048780483, "pct": 0.19241652518392757}, "hero_healing_per_min": {"raw": 0, "pct": 0.6768534238822863}, "tower_damage": {"raw": 1129, "pct": 0.8007923033389927}}}, {"player_slot": 3, "team_number": 0, "team_slot": 3, "hero_id": 6, "hero_variant": 2, "item_0": 63, "item_1": 263, "item_2": 139, "item_3": 154, "item_4": 75, "item_5": 36, "backpack_0": 166, "backpack_1": 0, "backpack_2": 0, "item_neutral": 1602, "item_neutral2": 1583, "kills": 13, "deaths": 1, "assists": 14, "leaver_status": 0, "last_hits": 226, "denies": 13, "gold_per_min": 656, "xp_per_min": 700, "level": 20, "net_worth": 21915, "aghanims_scepter": 0, "aghanims_shard": 0, "moonshard": 0, "hero_damage": 28759, "tower_damage": 11837, "hero_healing": 0, "gold": 2410, "gold_spent": 20235, "ability_upgrades_arr": [5019, 343, 343, 5019, 5019, 5022, 5632, 343, 5019, 343, 5632, 5022, 5632, 5632, 6027, 580, 5022, 1088], "is_subscriber": false, "radiant_win": true, "start_time": 1748748013, "duration": 2009, "cluster": 241, "lobby_type": 0, "game_mode": 22, "is_contributor": false, "patch": 58, "region": 14, "isRadiant": true, "win": 1, "lose": 0, "total_gold": 21965, "total_xp": 23438, "kills_per_min": 0.38825286212045795, "kda": 13.5, "abandons": 0, "benchmarks": {"gold_per_min": {"raw": 656, "pct": 0.714396685655101}, "xp_per_min": {"raw": 700, "pct": 0.39590885551527705}, "kills_per_min": {"raw": 0.38825286212045795, "pct": 0.8625064733298808}, "last_hits_per_min": {"raw": 6.749626679940269, "pct": 0.4060072501294666}, "hero_damage_per_min": {"raw": 858.9049278247884, "pct": 0.7358881408596583}, "hero_healing_per_min": {"raw": 0, "pct": 0.9611600207146557}, "tower_damage": {"raw": 11837, "pct": 0.7599689280165717}}}, {"player_slot": 4, "team_number": 0, "team_slot": 4, "hero_id": 26, "hero_variant": 2, "item_0": 108, "item_1": 214, "item_2": 0, "item_3": 16, "item_4": 256, "item_5": 1, "backpack_0": 0, "backpack_1": 0, "backpack_2": 0, "item_neutral": 1637, "item_neutral2": 1586, "kills": 8, "deaths": 1, "assists": 14, "leaver_status": 0, "last_hits": 78, "denies": 4, "gold_per_min": 381, "xp_per_min": 497, "level": 17, "net_worth": 12867, "aghanims_scepter": 0, "aghanims_shard": 0, "moonshard": 0, "hero_damage": 12108, "tower_damage": 827, "hero_healing": 0, "gold": 867, "gold_spent": 12440, "ability_upgrades_arr": [5044, 5046, 5046, 5044, 5044, 5047, 5045, 5046, 5044, 465, 5045, 5047, 5045, 5046, 781, 5045], "is_subscriber": false, "radiant_win": true, "start_time": 1748748013, "duration": 2009, "cluster": 241, "lobby_type": 0, "game_mode": 22, "is_contributor": false, "patch": 58, "region": 14, "isRadiant": true, "win": 1, "lose": 0, "total_gold": 12757, "total_xp": 16641, "kills_per_min": 0.2389248382279741, "kda": 11, "abandons": 0, "benchmarks": {"gold_per_min": {"raw": 381, "pct": 0.7203647416413373}, "xp_per_min": {"raw": 497, "pct": 0.3646094885687855}, "kills_per_min": {"raw": 0.2389248382279741, "pct": 0.8136645962732919}, "last_hits_per_min": {"raw": 2.3295171727227473, "pct": 0.8374520946213824}, "hero_damage_per_min": {"raw": 361.6127426580388, "pct": 0.6154354433725386}, "hero_healing_per_min": {"raw": 0, "pct": 0.7417734901546187}, "tower_damage": {"raw": 827, "pct": 0.7018633540372671}}}, {"account_id": 172548387, "player_slot": 128, "team_number": 1, "team_slot": 0, "hero_id": 85, "hero_variant": 2, "item_0": 73, "item_1": 226, "item_2": 4, "item_3": 16, "item_4": 180, "item_5": 218,