{"players": [{"account_id": 412806232, "player_slot": 0, "team_number": 0, "team_slot": 0, "hero_id": 72, "hero_variant": 1, "item_0": 63, "item_1": 236, "item_2": 116, "item_3": 26, "item_4": 108, "item_5": 141, "backpack_0": 53, "backpack_1": 0, "backpack_2": 0, "item_neutral": 1605, "item_neutral2": 1594, "kills": 3, "deaths": 10, "assists": 19, "leaver_status": 0, "last_hits": 420, "denies": 11, "gold_per_min": 575, "xp_per_min": 805, "level": 25, "net_worth": 20929, "aghanims_scepter": 0, "aghanims_shard": 0, "moonshard": 0, "hero_damage": 36804, "tower_damage": 2101, "hero_healing": 0, "gold": 479, "gold_spent": 22590, "ability_upgrades_arr": [5361, 5363, 5361, 5363, 5361, 5364, 5361, 5363, 5363, 5902, 730, 5362, 5364, 730, 5362, 1012, 5362, 5362, 5364, 6312, 6216], "personaname": "obey my lust", "name": null, "last_login": null, "rank_tier": 33, "computed_mmr": 4071.94, "is_subscriber": false, "radiant_win": false, "start_time": 1768385708, "duration": 2709, "cluster": 183, "lobby_type": 7, "game_mode": 22, "is_contributor": false, "patch": 59, "region": 8, "isRadiant": true, "win": 0, "lose": 1, "total_gold": 25961, "total_xp": 36345, "kills_per_min": 0.0664451827242525, "kda": 2, "abandons": 0, "benchmarks": {"gold_per_min": {"raw": 575, "pct": 0.6414803392444102}, "xp_per_min": {"raw": 805, "pct": 0.6831148804934464}, "kills_per_min": {"raw": 0.06644518272425248, "pct": 0.12413261372397841}, "last_hits_per_min": {"raw": 9.30232558139535, "pct": 0.7787201233616037}, "hero_damage_per_min": {"raw": 815.1495016611295, "pct": 0.6422513492675405}, "hero_healing_per_min": {"raw": 0, "pct": 0.8789514263685428}, "tower_damage": {"raw": 2101, "pct": 0.5705474171164225}}}, {"account_id": 161115335, "player_slot": 1, "team_number": 0, "team_slot": 1, "hero_id": 31, "hero_variant": 2, "item_0": 102, "item_1": 254, "item_2": 214, "item_3": 36, "item_4": 232, "item_5": 40, "backpack_0": 0, "backpack_1": 0, "backpack_2": 0, "item_neutral": 359, "item_neutral2": 1592, "kills": 5, "deaths": 19, "assists": 15, "leaver_status": 0, "last_hits": 90, "denies": 3, "gold_per_min": 343, "xp_per_min": 594, "level": 22, "net_worth": 11807, "aghanims_scepter": 0, "aghanims_shard": 1, "moonshard": 0, "hero_damage": 22098, "tower_damage": 404, "hero_healing": 0, "gold": 2342, "gold_spent": 11000, "ability_upgrades_arr": [5134, 5136, 5134, 7325, 5134, 5137, 5134, 5136, 5136, 7325, 775, 5136, 5137, 7325, 7325, 6292, 5137, 531], "personaname": "iwinkaa", "name": null, "last_login": null, "rank_tier": 41, "computed_mmr": 3927.23, "is_subscriber": false, "radiant_win": false, "start_time": 1768385708, "duration": 2709, "cluster": 183, "lobby_type": 7, "game_mode": 22, "is_contributor": false, "patch": 59, "region": 8, "isRadiant": true, "win": 0, "lose": 1, "total_gold": 15486, "total_xp": 26819, "kills_per_min": 0.1107419712070875, "kda": 1, "abandons": 0, "benchmarks": {"gold_per_min": {"raw": 343, "pct": 0.4341721854304636}, "xp_per_min": {"raw": 594, "pct": 0.5997350993377484}, "kills_per_min": {"raw": 0.11074197120708748, "pct": 0.3862251655629139}, "last_hits_per_min": {"raw": 1.993355481727575, "pct": 0.6736423841059602}, "hero_damage_per_min": {"raw": 489.43521594684387, "pct": 0.47735099337748343}, "hero_healing_per_min": {"raw": 0, "pct": 0.6781456953642384}, "tower_damage": {"raw": 404, "pct": 0.5679470198675497}}}, {"player_slot": 2, "team_number": 0, "team_slot": 2, "hero_id": 22, "hero_variant": 2, "item_0": 214, "item_1": 1802, "item_2": 100, "item_3": 1107, "item_4": 108, "item_5": 273, "backpack_0": 0, "backpack_1": 0, "backpack_2": 0, "item_neutral": 1158, "item_neutral2": 1594, "kills": 11, "deaths": 11, "assists": 21, "leaver_status": 0, "last_hits": 172, "denies": 7, "gold_per_min": 497, "xp_per_min": 782, "level": 25, "net_worth": 17218, "aghanims_scepter": 0, "aghanims_shard": 0, "moonshard": 0, "hero_damage": 49667, "tower_damage": 98, "hero_healing": 0, "gold": 918, "gold_spent": 17940, "ability_upgrades_arr": [5110, 5111, 5111, 641, 5111, 5113, 5111, 5110, 5110, 6157, 5110, 641, 5113, 641, 641, 611, 5113, 6518, 8038], "is_subscriber": false, "radiant_win": false, "start_time": 1768385708, "duration": 2709, "cluster": 183, "lobby_type": 7, "game_mode": 22, "is_contributor": false, "patch": 59, "region": 8, "isRadiant": true, "win": 0, "lose": 1, "total_gold": 22439, "total_xp": 35307, "kills_per_min": 0.24363233665559247, "kda": 2.67, "abandons": 0, "benchmarks": {"gold_per_min": {"raw": 497, "pct": 0.6559012111137497}, "xp_per_min": {"raw": 782, "pct": 0.7226312039895512}, "kills_per_min": {"raw": 0.24363233665559245, "pct": 0.6976965091427214}, "last_hits_per_min": {"raw": 3.8095238095238093, "pct": 0.5309902635953455}, "hero_damage_per_min": {"raw": 1100.0442967884828, "pct": 0.7606269294704345}, "hero_healing_per_min": {"raw": 0, "pct": 0.8197577772500594}, "tower_damage": {"raw": 98, "pct": 0.33816195677986227}}}, {"account_id": 97268221, "player_slot": 3, "team_number": 0, "team_slot": 3, "hero_id": 27, "hero_variant": 3, "item_0": 610, "item_1": 218, "item_2": 1, "item_3": 180, "item_4": 34, "item_5": 0, "backpack_0": 0, "backpack_1": 0, "backpack_2": 0, "item_neutral": 1168, "item_neutral2": 1594, "kills": 6, "deaths": 13, "assists": 20, "leaver_status": 0, "last_hits": 73, "denies": 3, "gold_per_min": 368, "xp_per_min": 684, "level": 23, "net_worth": 13562, "aghanims_scepter": 0, "aghanims_shard": 1, "moonshard": 0, "hero_damage": 15792, "tower_damage": 193, "hero_healing": 95, "gold": 1412, "gold_spent": 12670, "ability_upgrades_arr": [5078, 5080, 5078, 5080, 5078, 5081, 5079, 5079, 5080, 5079, 468, 5079, 5080, 5081, 5078, 760, 5081, 6295], "personaname": "Таза Мамbet", "name": null, "last_login": null, "rank_tier": 51, "computed_mmr": 4081.94, "is_subscriber": false, "radiant_win": false, "start_time": 1768385708, "duration": 2709, "cluster": 183, "lobby_type": 7, "game_mode": 22, "is_contributor": false, "patch": 59, "region": 8, "isRadiant": true, "win": 0, "lose": 1, "total_gold": 16615, "total_xp": 30882, "kills_per_min": 0.132890365448505, "kda": 1.86, "abandons": 0, "benchmarks": {"gold_per_min": {"raw": 368, "pct": 0.6379310344827587}, "xp_per_min": {"raw": 684, "pct": 0.8310344827586207}, "kills_per_min": {"raw": 0.13289036544850497, "pct": 0.7182555780933063}, "last_hits_per_min": {"raw": 1.6168327796234774, "pct": 0.4872210953346856}, "hero_damage_per_min": {"raw": 349.7674418604651, "pct": 0.48580121703853957}, "hero_healing_per_min": {"raw": 2.104097452934662, "pct": 0.7016227180527383}, "tower_damage": {"raw": 193, "pct": 0.16774847870182555}}}, {"player_slot": 4, "team_number": 0, "team_slot": 4, "hero_id": 14, "hero_variant": 1, "item_0": 73, "item_1": 50, "item_2": 73, "item_3": 119, "item_4": 114, "item_5": 1, "backpack_0": 0, "backpack_1": 0, "backpack_2": 0, "item_neutral": 1168, "item_neutral2": 1585, "kills": 15, "deaths": 15, "assists": 12, "leaver_status": 0, "last_hits": 124, "denies": 1, "gold_per_min": 441, "xp_per_min": 667, "level": 23, "net_worth": 15924, "aghanims_scepter": 0, "aghanims_shard": 0, "moonshard": 0, "hero_damage": 26919, "tower_damage": 352, "hero_healing": 0, "gold": 789, "gold_spent": 15900, "ability_upgrades_arr": [5075, 5076, 5076, 5075, 5075, 5077, 5076, 5076, 5074, 7142, 5075, 5074, 5077, 5074, 5074, 507, 5077, 408], "is_subscriber": false, "radiant_win": false, "start_time": 1768385708, "duration": 2709, "cluster": 183, "lobby_type": 7, "game_mode": 22, "is_contributor": false, "patch": 59, "region": 8, "isRadiant": true, "win": 0, "lose": 1, "total_gold": 19911, "total_xp": 30115, "kills_per_min": 0.33222591362126247, "kda": 1.69, "abandons": 0, "benchmarks": {"gold_per_min": {"raw": 441, "pct": 0.696804463606391}, "xp_per_min": {"raw": 667, "pct": 0.6297235607405529}, "kills_per_min": {"raw": 0.33222591362126247, "pct": 0.856454476287091}, "last_hits_per_min": {"raw": 2.7464008859357696, "pct": 0.5869896018260208}, "hero_damage_per_min": {"raw": 596.2126245847176,