{"players": [{"account_id": 142981340, "player_slot": 0, "team_number": 0, "team_slot": 0, "hero_id": 1, "hero_variant": 2, "item_0": 63, "item_1": 147, "item_2": 145, "item_3": 143, "item_4": 51, "item_5": 40, "backpack_0": 4204, "backpack_1": 7, "backpack_2": 485, "item_neutral": 1603, "item_neutral2": 1584, "kills": 3, "deaths": 3, "assists": 2, "leaver_status": 0, "last_hits": 291, "denies": 9, "gold_per_min": 520, "xp_per_min": 603, "level": 19, "net_worth": 17440, "aghanims_scepter": 0, "aghanims_shard": 0, "moonshard": 0, "hero_damage": 12530, "tower_damage": 1133, "hero_healing": 0, "gold": 255, "gold_spent": 18675, "ability_upgrades_arr": [5003, 5004, 5003, 5004, 5003, 5006, 5003, 5004, 5004, 1495, 7314, 5006, 7314, 7314, 6800, 730, 5006, 7314], "personaname": "B Hope 543", "name": null, "last_login": null, "rank_tier": 63, "computed_mmr": 3920.3, "is_subscriber": false, "radiant_win": false, "start_time": 1751158274, "duration": 2107, "cluster": 346, "lobby_type": 0, "game_mode": 22, "is_contributor": false, "patch": 58, "region": 38, "isRadiant": true, "win": 0, "lose": 1, "total_gold": 18260, "total_xp": 21175, "kills_per_min": 0.0854295206454675, "kda": 1.25, "abandons": 0, "benchmarks": {"gold_per_min": {"raw": 520, "pct": 0.32196289646918014}, "xp_per_min": {"raw": 603, "pct": 0.20287253141831238}, "kills_per_min": {"raw": 0.0854295206454675, "pct": 0.1448234590065829}, "last_hits_per_min": {"raw": 8.286663502610345, "pct": 0.4634949132256134}, "hero_damage_per_min": {"raw": 356.81063122923587, "pct": 0.3276481149012567}, "hero_healing_per_min": {"raw": 0, "pct": 0.9470377019748654}, "tower_damage": {"raw": 1133, "pct": 0.3303411131059246}}}, {"player_slot": 1, "team_number": 0, "team_slot": 1, "hero_id": 31, "hero_variant": 2, "item_0": 180, "item_1": 254, "item_2": 218, "item_3": 102, "item_4": 0, "item_5": 0, "backpack_0": 0, "backpack_1": 0, "backpack_2": 0, "item_neutral": 1606, "item_neutral2": 1593, "kills": 3, "deaths": 8, "assists": 9, "leaver_status": 0, "last_hits": 30, "denies": 0, "gold_per_min": 270, "xp_per_min": 394, "level": 15, "net_worth": 7971, "aghanims_scepter": 0, "aghanims_shard": 0, "moonshard": 0, "hero_damage": 20435, "tower_damage": 28, "hero_healing": 0, "gold": 1971, "gold_spent": 6830, "ability_upgrades_arr": [5136, 5134, 7325, 5134, 5136, 5137, 5134, 5134, 5136, 5136, 775, 5137, 7325, 7325], "is_subscriber": false, "radiant_win": false, "start_time": 1751158274, "duration": 2107, "cluster": 346, "lobby_type": 0, "game_mode": 22, "is_contributor": false, "patch": 58, "region": 38, "isRadiant": true, "win": 0, "lose": 1, "total_gold": 9481, "total_xp": 13835, "kills_per_min": 0.0854295206454675, "kda": 1.33, "abandons": 0, "benchmarks": {"gold_per_min": {"raw": 270, "pct": 0.13375656742556918}, "xp_per_min": {"raw": 394, "pct": 0.15039404553415062}, "kills_per_min": {"raw": 0.0854295206454675, "pct": 0.26970227670753066}, "last_hits_per_min": {"raw": 0.8542952064546748, "pct": 0.10880035026269702}, "hero_damage_per_min": {"raw": 581.9174181300426, "pct": 0.7110332749562172}, "hero_healing_per_min": {"raw": 0, "pct": 0.6490805604203153}, "tower_damage": {"raw": 28, "pct": 0.263353765323993}}}, {"player_slot": 2, "team_number": 0, "team_slot": 2, "hero_id": 14, "hero_variant": 1, "item_0": 232, "item_1": 23, "item_2": 218, "item_3": 180, "item_4": 0, "item_5": 244, "backpack_0": 0, "backpack_1": 0, "backpack_2": 0, "item_neutral": 565, "item_neutral2": 1593, "kills": 2, "deaths": 10, "assists": 7, "leaver_status": 0, "last_hits": 6, "denies": 0, "gold_per_min": 232, "xp_per_min": 357, "level": 15, "net_worth": 6961, "aghanims_scepter": 0, "aghanims_shard": 0, "moonshard": 0, "hero_damage": 11155, "tower_damage": 0, "hero_healing": 0, "gold": 1911, "gold_spent": 5695, "ability_upgrades_arr": [5075, 5076, 5075, 5074, 5075, 5077, 5075, 5076, 5076, 5076, 5077, 5074, 5074, 5074], "is_subscriber": false, "radiant_win": false, "start_time": 1751158274, "duration": 2107, "cluster": 346, "lobby_type": 0, "game_mode": 22, "is_contributor": false, "patch": 58, "region": 38, "isRadiant": true, "win": 0, "lose": 1, "total_gold": 8147, "total_xp": 12536, "kills_per_min": 0.05695301376364499, "kda": 0.82, "abandons": 0, "benchmarks": {"gold_per_min": {"raw": 232, "pct": 0.03871655221406583}, "xp_per_min": {"raw": 357, "pct": 0.09199621122424817}, "kills_per_min": {"raw": 0.056953013763645, "pct": 0.09803457257873549}, "last_hits_per_min": {"raw": 0.170859041290935, "pct": 0.0015391901491830452}, "hero_damage_per_min": {"raw": 317.6554342667299, "pct": 0.16114136869524034}, "hero_healing_per_min": {"raw": 0, "pct": 0.7493488041676534}, "tower_damage": {"raw": 0, "pct": 0.274804641250296}}}, {"player_slot": 3, "team_number": 0, "team_slot": 3, "hero_id": 2, "hero_variant": 2, "item_0": 11, "item_1": 1, "item_2": 73, "item_3": 53, "item_4": 29, "item_5": 127, "backpack_0": 13, "backpack_1": 0, "backpack_2": 0, "item_neutral": 675, "item_neutral2": 1583, "kills": 2, "deaths": 10, "assists": 6, "leaver_status": 0, "last_hits": 131, "denies": 4, "gold_per_min": 345, "xp_per_min": 302, "level": 13, "net_worth": 10819, "aghanims_scepter": 0, "aghanims_shard": 0, "moonshard": 0, "hero_damage": 20075, "tower_damage": 0, "hero_healing": 0, "gold": 2124, "gold_spent": 8985, "ability_upgrades_arr": [5008, 5009, 5009, 5007, 5009, 5010, 5008, 5009, 5007, 5008, 5007, 5007, 5010], "is_subscriber": false, "radiant_win": false, "start_time": 1751158274, "duration": 2107, "cluster": 346, "lobby_type": 0, "game_mode": 22, "is_contributor": false, "patch": 58, "region": 38, "isRadiant": true, "win": 0, "lose": 1, "total_gold": 12115, "total_xp": 10605, "kills_per_min": 0.05695301376364499, "kda": 0.73, "abandons": 0, "benchmarks": {"gold_per_min": {"raw": 345, "pct": 0.08903197158081705}, "xp_per_min": {"raw": 302, "pct": 0.023978685612788632}, "kills_per_min": {"raw": 0.056953013763645, "pct": 0.03907637655417407}, "last_hits_per_min": {"raw": 3.730422401518747, "pct": 0.25821492007104796}, "hero_damage_per_min": {"raw": 571.6658756525867, "pct": 0.2737566607460036}, "hero_healing_per_min": {"raw": 0, "pct": 0.9231793960923623}, "tower_damage": {"raw": 0, "pct": 0.1867229129662522}}}, {"player_slot": 4, "team_number": 0, "team_slot": 4, "hero_id": 26, "hero_variant": 2, "item_0": 1, "item_1": 69, "item_2": 36, "item_3": 63, "item_4": 77, "item_5": 108, "backpack_0": 122, "backpack_1": 0, "backpack_2": 0, "item_neutral": 1605, "item_neutral2": 1584, "kills": 6, "deaths": 13, "assists": 5, "leaver_status": 0, "last_hits": 127, "denies": 10, "gold_per_min": 402, "xp_per_min": 461, "level": 17, "net_worth": 11669, "aghanims_scepter": 0, "aghanims_shard": 0, "moonshard": 0, "hero_damage": 28417, "tower_damage": 382, "hero_healing": 0, "gold": 864, "gold_spent": 11810, "ability_upgrades_arr": [5044, 5046, 5044, 5046, 5044, 5047, 5044, 5045, 5046, 5918, 5046, 5047, 5045, 5045, 401, 5045], "is_subscriber": false, "radiant_win": false, "start_time": 1751158274, "duration": 2107, "cluster": 346, "lobby_type": 0, "game_mode": 22, "is_contributor": false, "patch": 58, "region": 38, "isRadiant": true, "win": 0, "lose": 1, "total_gold": 14116, "total_xp": 16188, "kills_per_min": 0.170859041290935, "kda": 0.79, "abandons": 0, "benchmarks": {"gold_per_min": {"raw": 402, "pct": 0.7893484868507995}, "xp_per_min": {"raw": 461, "pct": 0.28848949385489625}, "kills_per_min": {"raw": 0.170859041290935, "pct": 0.632086692216202}, "last_hits_per_min": {"raw": 3.616516373991457, "pct": 0.9287696577243293}, "hero_damage_per_min": {"raw": 809.2168960607498, "pct": 0.9565217391304348}, "hero_healing_per_min": {"raw": 0, "pct": 0.7417734901546187}, "tower_damage": {"raw": 382, "pct": 0.5545130170477072}}}, {"player_slot": 128, "team_number": 1, "team_slot": 0, "hero_id": 71, "hero_variant": 1, "item_0": 92, "item_1": 116, "item_2": 73, "item_3": 152, "item_4": 50, "item_5": 154, "backpack_0": 4204, "backpack_1": 40, "backpack_2": 0, "item_neutral": 675,