{"players": [{"player_slot": 0, "team_number": 0, "team_slot": 0, "hero_id": 71, "hero_variant": 3, "item_0": 40, "item_1": 252, "item_2": 127, "item_3": 569, "item_4": 50, "item_5": 152, "backpack_0": 0, "backpack_1": 0, "backpack_2": 0, "item_neutral": 828, "item_neutral2": 1576, "kills": 8, "deaths": 10, "assists": 27, "leaver_status": 0, "last_hits": 43, "denies": 3, "gold_per_min": 396, "xp_per_min": 573, "level": 19, "net_worth": 11818, "aghanims_scepter": 0, "aghanims_shard": 0, "moonshard": 0, "hero_damage": 23603, "tower_damage": 1299, "hero_healing": 0, "gold": 578, "gold_spent": 14570, "ability_upgrades_arr": [5353, 5355, 5355, 7301, 5355, 5356, 5355, 5353, 7301, 5353, 5353, 5356, 7301, 7301, 6253, 7022, 5356], "is_subscriber": false, "radiant_win": true, "start_time": 1752275357, "duration": 2181, "cluster": 346, "lobby_type": 7, "game_mode": 22, "is_contributor": false, "patch": 58, "region": 38, "isRadiant": true, "win": 1, "lose": 0, "total_gold": 14394, "total_xp": 20828, "kills_per_min": 0.2200825309491059, "kda": 3.18, "abandons": 0, "benchmarks": {"gold_per_min": {"raw": 396, "pct": 0.47507692307692306}, "xp_per_min": {"raw": 573, "pct": 0.34564102564102567}, "kills_per_min": {"raw": 0.2200825309491059, "pct": 0.6748717948717948}, "last_hits_per_min": {"raw": 1.1829436038514443, "pct": 0.12307692307692308}, "hero_damage_per_min": {"raw": 649.3259972489683, "pct": 0.7515897435897436}, "hero_healing_per_min": {"raw": 0, "pct": 0.7185641025641025}, "tower_damage": {"raw": 1299, "pct": 0.7368205128205129}}}, {"player_slot": 1, "team_number": 0, "team_slot": 1, "hero_id": 85, "hero_variant": 1, "item_0": 127, "item_1": 34, "item_2": 598, "item_3": 108, "item_4": 180, "item_5": 252, "backpack_0": 0, "backpack_1": 0, "backpack_2": 0, "item_neutral": 565, "item_neutral2": 1594, "kills": 8, "deaths": 6, "assists": 23, "leaver_status": 0, "last_hits": 108, "denies": 17, "gold_per_min": 461, "xp_per_min": 669, "level": 21, "net_worth": 16044, "aghanims_scepter": 0, "aghanims_shard": 0, "moonshard": 0, "hero_damage": 21049, "tower_damage": 1250, "hero_healing": 2374, "gold": 2344, "gold_spent": 14105, "ability_upgrades_arr": [5442, 5444, 5442, 5444, 5442, 5447, 5442, 5443, 5444, 813, 5444, 5447, 5443, 5443, 5443, 6155, 5447, 6972], "is_subscriber": false, "radiant_win": true, "start_time": 1752275357, "duration": 2181, "cluster": 346, "lobby_type": 7, "game_mode": 22, "is_contributor": false, "patch": 58, "region": 38, "isRadiant": true, "win": 1, "lose": 0, "total_gold": 16757, "total_xp": 24318, "kills_per_min": 0.2200825309491059, "kda": 4.43, "abandons": 0, "benchmarks": {"gold_per_min": {"raw": 461, "pct": 0.714514835605453}, "xp_per_min": {"raw": 669, "pct": 0.6230954290296712}, "kills_per_min": {"raw": 0.2200825309491059, "pct": 0.6680032076984763}, "last_hits_per_min": {"raw": 2.97111416781293, "pct": 0.5617481956696071}, "hero_damage_per_min": {"raw": 579.0646492434663, "pct": 0.7646351242983159}, "hero_healing_per_min": {"raw": 65.30949105914718, "pct": 0.38893344025661586}, "tower_damage": {"raw": 1250, "pct": 0.6543704891740176}}}, {"player_slot": 2, "team_number": 0, "team_slot": 2, "hero_id": 46, "hero_variant": 1, "item_0": 168, "item_1": 75, "item_2": 141, "item_3": 263, "item_4": 63, "item_5": 604, "backpack_0": 0, "backpack_1": 0, "backpack_2": 0, "item_neutral": 1603, "item_neutral2": 1576, "kills": 16, "deaths": 5, "assists": 11, "leaver_status": 0, "last_hits": 288, "denies": 11, "gold_per_min": 751, "xp_per_min": 1080, "level": 26, "net_worth": 25386, "aghanims_scepter": 0, "aghanims_shard": 0, "moonshard": 0, "hero_damage": 44328, "tower_damage": 11531, "hero_healing": 0, "gold": 3631, "gold_spent": 22285, "ability_upgrades_arr": [5195, 5196, 5195, 5194, 5195, 5196, 5195, 5196, 5196, 5197, 5194, 5194, 5194, 5197, 757, 6938, 5197, 1059, 6071], "is_subscriber": false, "radiant_win": true, "start_time": 1752275357, "duration": 2181, "cluster": 346, "lobby_type": 7, "game_mode": 22, "is_contributor": false, "patch": 58, "region": 38, "isRadiant": true, "win": 1, "lose": 0, "total_gold": 27298, "total_xp": 39258, "kills_per_min": 0.4401650618982118, "kda": 4.5, "abandons": 0, "benchmarks": {"gold_per_min": {"raw": 751, "pct": 0.821048321048321}, "xp_per_min": {"raw": 1080, "pct": 0.7891072891072891}, "kills_per_min": {"raw": 0.4401650618982118, "pct": 0.8963963963963963}, "last_hits_per_min": {"raw": 7.9229711141678125, "pct": 0.43284193284193284}, "hero_damage_per_min": {"raw": 1219.477303988996, "pct": 0.9226044226044227}, "hero_healing_per_min": {"raw": 0, "pct": 0.947993447993448}, "tower_damage": {"raw": 11531, "pct": 0.7485667485667485}}}, {"player_slot": 3, "team_number": 0, "team_slot": 3, "hero_id": 86, "hero_variant": 1, "item_0": 1, "item_1": 204, "item_2": 41, "item_3": 29, "item_4": 108, "item_5": 1107, "backpack_0": 0, "backpack_1": 0, "backpack_2": 0, "item_neutral": 1604, "item_neutral2": 1586, "kills": 16, "deaths": 3, "assists": 12, "leaver_status": 0, "last_hits": 136, "denies": 6, "gold_per_min": 556, "xp_per_min": 799, "level": 23, "net_worth": 19294, "aghanims_scepter": 0, "aghanims_shard": 0, "moonshard": 0, "hero_damage": 33196, "tower_damage": 3018, "hero_healing": 130, "gold": 1519, "gold_spent": 19290, "ability_upgrades_arr": [5450, 5448, 5450, 7320, 5450, 5452, 5450, 7320, 7320, 7320, 897, 5452, 5448, 5448, 518, 5448, 5452, 6863], "is_subscriber": false, "radiant_win": true, "start_time": 1752275357, "duration": 2181, "cluster": 346, "lobby_type": 7, "game_mode": 22, "is_contributor": false, "patch": 58, "region": 38, "isRadiant": true, "win": 1, "lose": 0, "total_gold": 20210, "total_xp": 29043, "kills_per_min": 0.4401650618982118, "kda": 7, "abandons": 0, "benchmarks": {"gold_per_min": {"raw": 556, "pct": 0.8999126637554585}, "xp_per_min": {"raw": 799, "pct": 0.8099563318777293}, "kills_per_min": {"raw": 0.4401650618982118, "pct": 0.965414847161572}, "last_hits_per_min": {"raw": 3.7414030261348006, "pct": 0.7206986899563319}, "hero_damage_per_min": {"raw": 913.2324621733151, "pct": 0.891004366812227}, "hero_healing_per_min": {"raw": 3.576341127922971, "pct": 0.5893449781659389}, "tower_damage": {"raw": 3018, "pct": 0.914410480349345}}}, {"player_slot": 4, "team_number": 0, "team_slot": 4, "hero_id": 27, "hero_variant": 2, "item_0": 231, "item_1": 0, "item_2": 232, "item_3": 40, "item_4": 0, "item_5": 0, "backpack_0": 0, "backpack_1": 0, "backpack_2": 0, "item_neutral": 1606, "item_neutral2": 1595, "kills": 5, "deaths": 8, "assists": 16, "leaver_status": 0, "last_hits": 80, "denies": 1, "gold_per_min": 375, "xp_per_min": 560, "level": 19, "net_worth": 9548, "aghanims_scepter": 0, "aghanims_shard": 0, "moonshard": 0, "hero_damage": 7840, "tower_damage": 8982, "hero_healing": 4160, "gold": 1763, "gold_spent": 10800, "ability_upgrades_arr": [5080, 5079, 5080, 5078, 5080, 5081, 5079, 5078, 5080, 5079, 5079, 5081, 5078, 5078, 793, 468, 5081], "is_subscriber": false, "radiant_win": true, "start_time": 1752275357, "duration": 2181, "cluster": 346, "lobby_type": 7, "game_mode": 22, "is_contributor": false, "patch": 58, "region": 38, "isRadiant": true, "win": 1, "lose": 0, "total_gold": 13631, "total_xp": 20356, "kills_per_min": 0.1375515818431912, "kda": 2.33, "abandons": 0, "benchmarks": {"gold_per_min": {"raw": 375, "pct": 0.6103611820503466}, "xp_per_min": {"raw": 560, "pct": 0.5488872674206494}, "kills_per_min": {"raw": 0.1375515818431912, "pct": 0.7278365560014594}, "last_hits_per_min": {"raw": 2.200825309491059, "pct": 0.6950018241517695}, "hero_damage_per_min": {"raw": 215.68088033012378, "pct": 0.09558555271798613}, "hero_healing_per_min": {"raw": 114.44291609353508, "pct": 0.9925209777453484}, "tower_damage": {"raw": 8982, "pct": 0.9252097774534841}}}, {"player_slot": 128, "team_number": 1, "team_slot": 0, "hero_id": 68, "hero_variant": 1, "item_0": 180, "item_1": 534, "item_2": 40, "item_3": 108, "item_4": 25, "item_5": 244, "backpack_0": 16, "backpack_1": 0, "backpack_2": 0,