{"players": [{"player_slot": 0, "team_number": 0, "team_slot": 0, "hero_id": 14, "hero_variant": 3, "item_0": 50, "item_1": 226, "item_2": 108, "item_3": 598, "item_4": 1466, "item_5": 114, "backpack_0": 41, "backpack_1": 0, "backpack_2": 0, "item_neutral": 1641, "item_neutral2": 1592, "kills": 28, "deaths": 5, "assists": 18, "leaver_status": 0, "last_hits": 193, "denies": 7, "gold_per_min": 653, "xp_per_min": 1219, "level": 28, "net_worth": 24120, "aghanims_scepter": 0, "aghanims_shard": 0, "moonshard": 0, "hero_damage": 62153, "tower_damage": 1182, "hero_healing": 110, "gold": 1145, "gold_spent": 24945, "ability_upgrades_arr": [5076, 5075, 5074, 5076, 5074, 5077, 5076, 5076, 5074, 5074, 5075, 5077, 5932, 5075, 5075, 6565, 5077, 408, 6023, 7142], "is_subscriber": false, "radiant_win": true, "start_time": 1764597116, "duration": 2431, "cluster": 241, "lobby_type": 7, "game_mode": 22, "is_contributor": false, "patch": 58, "region": 14, "isRadiant": true, "win": 1, "lose": 0, "total_gold": 26457, "total_xp": 49389, "kills_per_min": 0.6910736322501029, "kda": 7.67, "abandons": 0, "benchmarks": {"gold_per_min": {"raw": 653, "pct": 0.9833106688094944}, "xp_per_min": {"raw": 1219, "pct": 0.9951786376560762}, "kills_per_min": {"raw": 0.6910736322501029, "pct": 0.9944368896031648}, "last_hits_per_min": {"raw": 4.763471822295352, "pct": 0.8793423167264186}, "hero_damage_per_min": {"raw": 1534.0106951871658, "pct": 0.9970330077883546}, "hero_healing_per_min": {"raw": 2.7149321266968327, "pct": 0.7904561750525405}, "tower_damage": {"raw": 1182, "pct": 0.7581901347508962}}}, {"player_slot": 1, "team_number": 0, "team_slot": 1, "hero_id": 105, "hero_variant": 2, "item_0": 180, "item_1": 176, "item_2": 98, "item_3": 259, "item_4": 18, "item_5": 0, "backpack_0": 169, "backpack_1": 38, "backpack_2": 0, "item_neutral": 1599, "item_neutral2": 1577, "kills": 8, "deaths": 9, "assists": 21, "leaver_status": 0, "last_hits": 89, "denies": 4, "gold_per_min": 393, "xp_per_min": 538, "level": 20, "net_worth": 13657, "aghanims_scepter": 0, "aghanims_shard": 0, "moonshard": 0, "hero_damage": 30774, "tower_damage": 996, "hero_healing": 0, "gold": 257, "gold_spent": 15480, "ability_upgrades_arr": [5601, 879, 5601, 879, 5601, 5599, 5601, 886, 879, 6997, 879, 5599, 886, 886, 6160, 886, 5599], "is_subscriber": false, "radiant_win": true, "start_time": 1764597116, "duration": 2431, "cluster": 241, "lobby_type": 7, "game_mode": 22, "is_contributor": false, "patch": 58, "region": 14, "isRadiant": true, "win": 1, "lose": 0, "total_gold": 15923, "total_xp": 21797, "kills_per_min": 0.1974496092143151, "kda": 2.9, "abandons": 0, "benchmarks": {"gold_per_min": {"raw": 393, "pct": 0.3508415554265815}, "xp_per_min": {"raw": 538, "pct": 0.4016250725478816}, "kills_per_min": {"raw": 0.19744960921431512, "pct": 0.5409170052234474}, "last_hits_per_min": {"raw": 2.1966269025092555, "pct": 0.3116656993615786}, "hero_damage_per_min": {"raw": 759.5392842451666, "pct": 0.3685432385374347}, "hero_healing_per_min": {"raw": 0, "pct": 0.7576900754497968}, "tower_damage": {"raw": 996, "pct": 0.5687753917585606}}}, {"player_slot": 2, "team_number": 0, "team_slot": 2, "hero_id": 131, "hero_variant": 3, "item_0": 180, "item_1": 206, "item_2": 204, "item_3": 40, "item_4": 259, "item_5": 69, "backpack_0": 0, "backpack_1": 0, "backpack_2": 0, "item_neutral": 1638, "item_neutral2": 1577, "kills": 8, "deaths": 4, "assists": 27, "leaver_status": 0, "last_hits": 53, "denies": 0, "gold_per_min": 385, "xp_per_min": 786, "level": 24, "net_worth": 15180, "aghanims_scepter": 0, "aghanims_shard": 0, "moonshard": 0, "hero_damage": 30605, "tower_damage": 829, "hero_healing": 0, "gold": 400, "gold_spent": 15160, "ability_upgrades_arr": [386, 352, 386, 383, 386, 385, 386, 352, 352, 352, 383, 385, 396, 383, 383, 707, 385, 399], "is_subscriber": false, "radiant_win": true, "start_time": 1764597116, "duration": 2431, "cluster": 241, "lobby_type": 7, "game_mode": 22, "is_contributor": false, "patch": 58, "region": 14, "isRadiant": true, "win": 1, "lose": 0, "total_gold": 15598, "total_xp": 31846, "kills_per_min": 0.1974496092143151, "kda": 7, "abandons": 0, "benchmarks": {"gold_per_min": {"raw": 385, "pct": 0.7869022869022869}, "xp_per_min": {"raw": 786, "pct": 0.9365904365904366}, "kills_per_min": {"raw": 0.19744960921431512, "pct": 0.867983367983368}, "last_hits_per_min": {"raw": 1.3081036610448376, "pct": 0.3970893970893971}, "hero_damage_per_min": {"raw": 755.3681612505142, "pct": 0.9553014553014553}, "hero_healing_per_min": {"raw": 0, "pct": 0.5883575883575883}, "tower_damage": {"raw": 829, "pct": 0.8513513513513513}}}, {"account_id": 37467834, "player_slot": 3, "team_number": 0, "team_slot": 3, "hero_id": 49, "hero_variant": 3, "item_0": 158, "item_1": 172, "item_2": 112, "item_3": 114, "item_4": 0, "item_5": 63, "backpack_0": 0, "backpack_1": 0, "backpack_2": 0, "item_neutral": 565, "item_neutral2": 1586, "kills": 15, "deaths": 9, "assists": 17, "leaver_status": 0, "last_hits": 247, "denies": 4, "gold_per_min": 566, "xp_per_min": 759, "level": 23, "net_worth": 20164, "aghanims_scepter": 0, "aghanims_shard": 0, "moonshard": 0, "hero_damage": 35644, "tower_damage": 10530, "hero_healing": 0, "gold": 839, "gold_spent": 20470, "ability_upgrades_arr": [5227, 5228, 5226, 5226, 5226, 5229, 5226, 5228, 5228, 5938, 5228, 5229, 5227, 5227, 5993, 5227, 5229, 740], "personaname": "ExtremoDiaz", "name": null, "last_login": null, "rank_tier": 22, "computed_mmr": 3968.35, "is_subscriber": false, "radiant_win": true, "start_time": 1764597116, "duration": 2431, "cluster": 241, "lobby_type": 7, "game_mode": 22, "is_contributor": false, "patch": 58, "region": 14, "isRadiant": true, "win": 1, "lose": 0, "total_gold": 22932, "total_xp": 30752, "kills_per_min": 0.37021801727684084, "kda": 3.2, "abandons": 0, "benchmarks": {"gold_per_min": {"raw": 566, "pct": 0.6329979879275653}, "xp_per_min": {"raw": 759, "pct": 0.5641851106639839}, "kills_per_min": {"raw": 0.3702180172768408, "pct": 0.9102615694164989}, "last_hits_per_min": {"raw": 6.096256684491979, "pct": 0.4680080482897384}, "hero_damage_per_min": {"raw": 879.736733854381, "pct": 0.815291750503018}, "hero_healing_per_min": {"raw": 0, "pct": 0.9613682092555332}, "tower_damage": {"raw": 10530, "pct": 0.7975855130784708}}}, {"player_slot": 4, "team_number": 0, "team_slot": 4, "hero_id": 48, "hero_variant": 3, "item_0": 116, "item_1": 263, "item_2": 36, "item_3": 156, "item_4": 139, "item_5": 63, "backpack_0": 0, "backpack_1": 0, "backpack_2": 0, "item_neutral": 828, "item_neutral2": 1577, "kills": 5, "deaths": 6, "assists": 13, "leaver_status": 0, "last_hits": 372, "denies": 7, "gold_per_min": 607, "xp_per_min": 829, "level": 24, "net_worth": 22184, "aghanims_scepter": 0, "aghanims_shard": 0, "moonshard": 0, "hero_damage": 31462, "tower_damage": 14564, "hero_healing": 0, "gold": 1334, "gold_spent": 22895, "ability_upgrades_arr": [5223, 5222, 5223, 1462, 5222, 5225, 5223, 5223, 5222, 5222, 7047, 5225, 1462, 1462, 770, 1462, 5225, 6127], "is_subscriber": false, "radiant_win": true, "start_time": 1764597116, "duration": 2431, "cluster": 241, "lobby_type": 7, "game_mode": 22, "is_contributor": false, "patch": 58, "region": 14, "isRadiant": true, "win": 1, "lose": 0, "total_gold": 24593, "total_xp": 33588, "kills_per_min": 0.12340600575894693, "kda": 2.57, "abandons": 0, "benchmarks": {"gold_per_min": {"raw": 607, "pct": 0.4495624136342699}, "xp_per_min": {"raw": 829, "pct": 0.5181943804698296}, "kills_per_min": {"raw": 0.12340600575894693, "pct": 0.254721326577614}, "last_hits_per_min": {"raw": 9.181406828465652, "pct": 0.45278673422385995}, "hero_damage_per_min": {"raw": 776.5199506375977, "pct": 0.6172270842929526}, "hero_healing_per_min": {"raw": 0, "pct": 0.9686780285582681}, "tower_damage": {"raw": 14564, "pct": 0.7010594196222939}}}, {"player_slot": 128, "team_number": 1, "team_slot": 0, "hero_id": 52, "hero_variant": 1, "item_0": 218, "item_1": 259, "item_2": 29, "item_3": 256,