{"players": [{"account_id": 45421382, "player_slot": 0, "team_number": 0, "team_slot": 0, "hero_id": 94, "hero_variant": 1, "item_0": 160, "item_1": 139, "item_2": 116, "item_3": 220, "item_4": 147, "item_5": 135, "backpack_0": 0, "backpack_1": 0, "backpack_2": 0, "item_neutral": 370, "item_neutral2": 1591, "kills": 10, "deaths": 6, "assists": 22, "leaver_status": 0, "last_hits": 868, "denies": 5, "gold_per_min": 888, "xp_per_min": 1176, "level": 30, "net_worth": 46399, "aghanims_scepter": 1, "aghanims_shard": 1, "moonshard": 0, "hero_damage": 55523, "tower_damage": 17058, "hero_healing": 803, "gold": 9949, "gold_spent": 46420, "ability_upgrades_arr": [5505, 1475, 5505, 1475, 5505, 5507, 5504, 5505, 1475, 1475, 5504, 5507, 5504, 5504, 1561, 6392, 5507, 6687, 1534, 1345, 7389, 6182, 1574], "personaname": "La Chaucha", "name": null, "last_login": "2026-03-03T14:36:01.200Z", "rank_tier": 42, "computed_mmr": 4031.51, "is_subscriber": false, "radiant_win": true, "start_time": 1750728343, "duration": 3836, "cluster": 346, "lobby_type": 0, "game_mode": 22, "is_contributor": false, "patch": 58, "region": 38, "isRadiant": true, "win": 1, "lose": 0, "total_gold": 56772, "total_xp": 75185, "kills_per_min": 0.15641293013555788, "kda": 4.57, "abandons": 0, "benchmarks": {"gold_per_min": {"raw": 888, "pct": 0.9512893982808023}, "xp_per_min": {"raw": 1176, "pct": 0.8989971346704871}, "kills_per_min": {"raw": 0.15641293013555788, "pct": 0.5773638968481375}, "last_hits_per_min": {"raw": 13.576642335766424, "pct": 0.9054441260744985}, "hero_damage_per_min": {"raw": 868.451511991658, "pct": 0.7285100286532952}, "hero_healing_per_min": {"raw": 12.559958289885296, "pct": 0.9885386819484241}, "tower_damage": {"raw": 17058, "pct": 0.8696275071633238}}}, {"player_slot": 1, "team_number": 0, "team_slot": 1, "hero_id": 31, "hero_variant": 2, "item_0": 931, "item_1": 37, "item_2": 102, "item_3": 0, "item_4": 254, "item_5": 100, "backpack_0": 0, "backpack_1": 0, "backpack_2": 0, "item_neutral": 1607, "item_neutral2": 1592, "kills": 2, "deaths": 15, "assists": 17, "leaver_status": 0, "last_hits": 257, "denies": 0, "gold_per_min": 402, "xp_per_min": 590, "level": 25, "net_worth": 20902, "aghanims_scepter": 1, "aghanims_shard": 1, "moonshard": 0, "hero_damage": 17425, "tower_damage": 237, "hero_healing": 0, "gold": 927, "gold_spent": 23165, "ability_upgrades_arr": [5134, 5136, 7325, 5134, 5134, 5137, 5134, 5136, 5136, 530, 5136, 5137, 7325, 7325, 6387, 7325, 5137, 531, 1543], "is_subscriber": false, "radiant_win": true, "start_time": 1750728343, "duration": 3836, "cluster": 346, "lobby_type": 0, "game_mode": 22, "is_contributor": false, "patch": 58, "region": 38, "isRadiant": true, "win": 1, "lose": 0, "total_gold": 25701, "total_xp": 37720, "kills_per_min": 0.03128258602711158, "kda": 1.19, "abandons": 0, "benchmarks": {"gold_per_min": {"raw": 402, "pct": 0.7440893169877408}, "xp_per_min": {"raw": 590, "pct": 0.5459719789842382}, "kills_per_min": {"raw": 0.03128258602711158, "pct": 0.05757443082311734}, "last_hits_per_min": {"raw": 4.019812304483837, "pct": 0.9846760070052539}, "hero_damage_per_min": {"raw": 272.5495307612096, "pct": 0.06939579684763572}, "hero_healing_per_min": {"raw": 0, "pct": 0.6490805604203153}, "tower_damage": {"raw": 237, "pct": 0.49365148861646235}}}, {"player_slot": 2, "team_number": 0, "team_slot": 2, "hero_id": 86, "hero_variant": 2, "item_0": 96, "item_1": 176, "item_2": 1, "item_3": 102, "item_4": 100, "item_5": 180, "backpack_0": 0, "backpack_1": 0, "backpack_2": 0, "item_neutral": 1607, "item_neutral2": 1592, "kills": 8, "deaths": 7, "assists": 32, "leaver_status": 0, "last_hits": 148, "denies": 2, "gold_per_min": 467, "xp_per_min": 923, "level": 29, "net_worth": 26124, "aghanims_scepter": 1, "aghanims_shard": 0, "moonshard": 0, "hero_damage": 39034, "tower_damage": 196, "hero_healing": 0, "gold": 1099, "gold_spent": 31520, "ability_upgrades_arr": [5450, 5448, 5450, 7320, 5450, 5452, 5450, 7320, 7320, 7320, 6862, 5452, 5448, 5448, 518, 5448, 5452, 6863, 6870, 897, 787, 6864], "is_subscriber": false, "radiant_win": true, "start_time": 1750728343, "duration": 3836, "cluster": 346, "lobby_type": 0, "game_mode": 22, "is_contributor": false, "patch": 58, "region": 38, "isRadiant": true, "win": 1, "lose": 0, "total_gold": 29856, "total_xp": 59010, "kills_per_min": 0.1251303441084463, "kda": 5, "abandons": 0, "benchmarks": {"gold_per_min": {"raw": 467, "pct": 0.7378165938864629}, "xp_per_min": {"raw": 923, "pct": 0.9212227074235808}, "kills_per_min": {"raw": 0.1251303441084463, "pct": 0.4251528384279476}, "last_hits_per_min": {"raw": 2.314911366006257, "pct": 0.3914410480349345}, "hero_damage_per_min": {"raw": 610.5422314911366, "pct": 0.5851528384279476}, "hero_healing_per_min": {"raw": 0, "pct": 0.48}, "tower_damage": {"raw": 196, "pct": 0.314585152838428}}}, {"account_id": 137136225, "player_slot": 3, "team_number": 0, "team_slot": 3, "hero_id": 44, "hero_variant": 3, "item_0": 116, "item_1": 1097, "item_2": 208, "item_3": 225, "item_4": 160, "item_5": 81, "backpack_0": 63, "backpack_1": 0, "backpack_2": 0, "item_neutral": 292, "item_neutral2": 1597, "kills": 24, "deaths": 12, "assists": 23, "leaver_status": 0, "last_hits": 446, "denies": 11, "gold_per_min": 728, "xp_per_min": 1176, "level": 30, "net_worth": 42758, "aghanims_scepter": 0, "aghanims_shard": 0, "moonshard": 0, "hero_damage": 79360, "tower_damage": 1091, "hero_healing": 3341, "gold": 12183, "gold_spent": 31505, "ability_upgrades_arr": [5190, 5191, 1287, 5190, 5190, 5193, 5190, 5191, 5191, 5191, 483, 5193, 1287, 1287, 1287, 6848, 5193, 490, 6192, 559, 491, 1074, 6847], "personaname": "JP", "name": null, "last_login": "2017-05-31T03:24:23.118Z", "rank_tier": 62, "computed_mmr": null, "is_subscriber": false, "radiant_win": true, "start_time": 1750728343, "duration": 3836, "cluster": 346, "lobby_type": 0, "game_mode": 22, "is_contributor": false, "patch": 58, "region": 38, "isRadiant": true, "win": 1, "lose": 0, "total_gold": 46543, "total_xp": 75185, "kills_per_min": 0.37539103232533894, "kda": 3.62, "abandons": 0, "benchmarks": {"gold_per_min": {"raw": 728, "pct": 0.8503911342894394}, "xp_per_min": {"raw": 1176, "pct": 0.8970013037809648}, "kills_per_min": {"raw": 0.3753910323253389, "pct": 0.788787483702738}, "last_hits_per_min": {"raw": 6.976016684045881, "pct": 0.5016297262059974}, "hero_damage_per_min": {"raw": 1241.2930135557872, "pct": 0.9429595827900913}, "hero_healing_per_min": {"raw": 52.25755995828988, "pct": 0.9980443285528031}, "tower_damage": {"raw": 1091, "pct": 0.44621903520208606}}}, {"player_slot": 4, "team_number": 0, "team_slot": 4, "hero_id": 104, "hero_variant": 1, "item_0": 127, "item_1": 116, "item_2": 600, "item_3": 48, "item_4": 112, "item_5": 135, "backpack_0": 50, "backpack_1": 216, "backpack_2": 0, "item_neutral": 292, "item_neutral2": 1590, "kills": 10, "deaths": 16, "assists": 17, "leaver_status": 0, "last_hits": 376, "denies": 1, "gold_per_min": 545, "xp_per_min": 723, "level": 27, "net_worth": 29840, "aghanims_scepter": 0, "aghanims_shard": 1, "moonshard": 0, "hero_damage": 46636, "tower_damage": 5253, "hero_healing": 451, "gold": 1400, "gold_spent": 34065, "ability_upgrades_arr": [5595, 5597, 5595, 5597, 5597, 5598, 5597, 5595, 5595, 1176, 5596, 5598, 5596, 5596, 6671, 5596, 5598, 7395, 925, 1113], "is_subscriber": false, "radiant_win": true, "start_time": 1750728343, "duration": 3836, "cluster": 346, "lobby_type": 0, "game_mode": 22, "is_contributor": false, "patch": 58, "region": 38, "isRadiant": true, "win": 1, "lose": 0, "total_gold": 34843, "total_xp": 46223, "kills_per_min": 0.15641293013555788, "kda": 1.59, "abandons": 0, "benchmarks": {"gold_per_min": {"raw": 545, "pct": 0.6875196479094624}, "xp_per_min": {"raw": 723, "pct": 0.534108770826784}, "kills_per_min": {"raw": 0.15641293013555788, "pct": 0.2893744105627161}, "last_hits_per_min": {"raw": 5.881126173096976, "pct": 0.8209682489783087}, "hero_damage_per_min": {"raw": 729.4473409801877,