{"players": [{"account_id": 1033660660, "player_slot": 0, "team_number": 0, "team_slot": 0, "hero_id": 42, "hero_variant": 1, "item_0": 137, "item_1": 939, "item_2": 73, "item_3": 36, "item_4": 143, "item_5": 50, "backpack_0": 24, "backpack_1": 1575, "backpack_2": 0, "item_neutral": 1604, "item_neutral2": 1585, "kills": 6, "deaths": 2, "assists": 8, "leaver_status": 0, "last_hits": 282, "denies": 5, "gold_per_min": 598, "xp_per_min": 727, "level": 21, "net_worth": 19920, "aghanims_scepter": 0, "aghanims_shard": 0, "moonshard": 0, "hero_damage": 21402, "tower_damage": 10472, "hero_healing": 0, "gold": 2090, "gold_spent": 18235, "ability_upgrades_arr": [5088, 5086, 5088, 5087, 5088, 5089, 5087, 5087, 5087, 5088, 5086, 5089, 5086, 5086, 6088, 809, 5089, 5908], "personaname": "RoYkY1998", "name": null, "last_login": null, "rank_tier": 31, "computed_mmr": 3968.68, "is_subscriber": false, "radiant_win": true, "start_time": 1751422004, "duration": 2043, "cluster": 241, "lobby_type": 7, "game_mode": 22, "is_contributor": false, "patch": 58, "region": 14, "isRadiant": true, "win": 1, "lose": 0, "total_gold": 20361, "total_xp": 24754, "kills_per_min": 0.1762114537444934, "kda": 4.67, "abandons": 0, "benchmarks": {"gold_per_min": {"raw": 598, "pct": 0.5141509433962265}, "xp_per_min": {"raw": 727, "pct": 0.3657345013477089}, "kills_per_min": {"raw": 0.17621145374449337, "pct": 0.36674528301886794}, "last_hits_per_min": {"raw": 8.281938325991188, "pct": 0.7294474393530997}, "hero_damage_per_min": {"raw": 628.5462555066078, "pct": 0.3194070080862534}, "hero_healing_per_min": {"raw": 0, "pct": 0.956199460916442}, "tower_damage": {"raw": 10472, "pct": 0.7109164420485176}}}, {"player_slot": 1, "team_number": 0, "team_slot": 1, "hero_id": 36, "hero_variant": 2, "item_0": 692, "item_1": 77, "item_2": 0, "item_3": 0, "item_4": 0, "item_5": 231, "backpack_0": 0, "backpack_1": 0, "backpack_2": 0, "item_neutral": 565, "item_neutral2": 1594, "kills": 6, "deaths": 7, "assists": 5, "leaver_status": 0, "last_hits": 118, "denies": 6, "gold_per_min": 395, "xp_per_min": 443, "level": 16, "net_worth": 12656, "aghanims_scepter": 0, "aghanims_shard": 0, "moonshard": 0, "hero_damage": 12916, "tower_damage": 1690, "hero_healing": 6545, "gold": 3401, "gold_spent": 9810, "ability_upgrades_arr": [5158, 5159, 5158, 1270, 5158, 5161, 5158, 5159, 5159, 820, 5159, 5161, 1270, 1270, 7110, 1270], "is_subscriber": false, "radiant_win": true, "start_time": 1751422004, "duration": 2043, "cluster": 241, "lobby_type": 7, "game_mode": 22, "is_contributor": false, "patch": 58, "region": 14, "isRadiant": true, "win": 1, "lose": 0, "total_gold": 13449, "total_xp": 15084, "kills_per_min": 0.1762114537444934, "kda": 1.38, "abandons": 0, "benchmarks": {"gold_per_min": {"raw": 395, "pct": 0.10967269174401563}, "xp_per_min": {"raw": 443, "pct": 0.07401074743527113}, "kills_per_min": {"raw": 0.17621145374449337, "pct": 0.2303370786516854}, "last_hits_per_min": {"raw": 3.465491923641703, "pct": 0.09379579872984856}, "hero_damage_per_min": {"raw": 379.3245227606461, "pct": 0.051783097215437224}, "hero_healing_per_min": {"raw": 192.21732745961822, "pct": 0.6770884220810943}, "tower_damage": {"raw": 1690, "pct": 0.5207620908646801}}}, {"account_id": 37467834, "player_slot": 2, "team_number": 0, "team_slot": 2, "hero_id": 5, "hero_variant": 3, "item_0": 214, "item_1": 1, "item_2": 102, "item_3": 36, "item_4": 188, "item_5": 218, "backpack_0": 0, "backpack_1": 0, "backpack_2": 0, "item_neutral": 1637, "item_neutral2": 1577, "kills": 3, "deaths": 8, "assists": 10, "leaver_status": 0, "last_hits": 33, "denies": 6, "gold_per_min": 308, "xp_per_min": 413, "level": 16, "net_worth": 9533, "aghanims_scepter": 0, "aghanims_shard": 0, "moonshard": 0, "hero_damage": 6538, "tower_damage": 973, "hero_healing": 250, "gold": 2883, "gold_spent": 7615, "ability_upgrades_arr": [5127, 5128, 5126, 5127, 5127, 5129, 5127, 5128, 5128, 5128, 5959, 5129, 5126, 5126, 956, 5126], "personaname": "ExtremoDiaz", "name": null, "last_login": null, "rank_tier": 22, "computed_mmr": 3968.35, "is_subscriber": false, "radiant_win": true, "start_time": 1751422004, "duration": 2043, "cluster": 241, "lobby_type": 7, "game_mode": 22, "is_contributor": false, "patch": 58, "region": 14, "isRadiant": true, "win": 1, "lose": 0, "total_gold": 10487, "total_xp": 14062, "kills_per_min": 0.0881057268722467, "kda": 1.44, "abandons": 0, "benchmarks": {"gold_per_min": {"raw": 308, "pct": 0.2918149466192171}, "xp_per_min": {"raw": 413, "pct": 0.19764577059950725}, "kills_per_min": {"raw": 0.08810572687224669, "pct": 0.37120175198467015}, "last_hits_per_min": {"raw": 0.9691629955947136, "pct": 0.16506980563920065}, "hero_damage_per_min": {"raw": 192.01174743024964, "pct": 0.030112236517930466}, "hero_healing_per_min": {"raw": 7.342143906020558, "pct": 0.9156857377497947}, "tower_damage": {"raw": 973, "pct": 0.7612920886942239}}}, {"player_slot": 3, "team_number": 0, "team_slot": 3, "hero_id": 99, "hero_variant": 3, "item_0": 108, "item_1": 77, "item_2": 73, "item_3": 154, "item_4": 178, "item_5": 63, "backpack_0": 0, "backpack_1": 0, "backpack_2": 0, "item_neutral": 1605, "item_neutral2": 1583, "kills": 1, "deaths": 2, "assists": 6, "leaver_status": 0, "last_hits": 221, "denies": 0, "gold_per_min": 481, "xp_per_min": 675, "level": 20, "net_worth": 16471, "aghanims_scepter": 0, "aghanims_shard": 1, "moonshard": 0, "hero_damage": 8834, "tower_damage": 6675, "hero_healing": 0, "gold": 1956, "gold_spent": 16565, "ability_upgrades_arr": [5549, 5550, 5549, 5550, 5549, 5551, 5549, 5550, 5550, 7132, 5548, 5551, 5548, 5548, 1079, 5548, 5551, 6308], "is_subscriber": false, "radiant_win": true, "start_time": 1751422004, "duration": 2043, "cluster": 241, "lobby_type": 7, "game_mode": 22, "is_contributor": false, "patch": 58, "region": 14, "isRadiant": true, "win": 1, "lose": 0, "total_gold": 16378, "total_xp": 22983, "kills_per_min": 0.029368575624082235, "kda": 2.33, "abandons": 0, "benchmarks": {"gold_per_min": {"raw": 481, "pct": 0.46513409961685825}, "xp_per_min": {"raw": 675, "pct": 0.45057471264367815}, "kills_per_min": {"raw": 0.029368575624082235, "pct": 0.05134099616858238}, "last_hits_per_min": {"raw": 6.490455212922173, "pct": 0.7659003831417625}, "hero_damage_per_min": {"raw": 259.4419970631424, "pct": 0.03486590038314176}, "hero_healing_per_min": {"raw": 0, "pct": 0.9118773946360154}, "tower_damage": {"raw": 6675, "pct": 0.8049808429118774}}}, {"player_slot": 4, "team_number": 0, "team_slot": 4, "hero_id": 19, "hero_variant": 1, "item_0": 63, "item_1": 1, "item_2": 149, "item_3": 252, "item_4": 247, "item_5": 244, "backpack_0": 0, "backpack_1": 88, "backpack_2": 0, "item_neutral": 1602, "item_neutral2": 1586, "kills": 0, "deaths": 3, "assists": 4, "leaver_status": 0, "last_hits": 245, "denies": 2, "gold_per_min": 465, "xp_per_min": 640, "level": 20, "net_worth": 15390, "aghanims_scepter": 0, "aghanims_shard": 1, "moonshard": 0, "hero_damage": 4994, "tower_damage": 5640, "hero_healing": 0, "gold": 890, "gold_spent": 15755, "ability_upgrades_arr": [5106, 5107, 5108, 5106, 5106, 5109, 5108, 5106, 6937, 5982, 6937, 5109, 5107, 5107, 558, 5107, 5109], "is_subscriber": false, "radiant_win": true, "start_time": 1751422004, "duration": 2043, "cluster": 241, "lobby_type": 7, "game_mode": 22, "is_contributor": false, "patch": 58, "region": 14, "isRadiant": true, "win": 1, "lose": 0, "total_gold": 15833, "total_xp": 21792, "kda": 1, "abandons": 0, "benchmarks": {"gold_per_min": {"raw": 465, "pct": 0.6805024576734026}, "xp_per_min": {"raw": 640, "pct": 0.5423265974877116}, "kills_per_min": {"raw": 0, "pct": 0.03823047515019115}, "last_hits_per_min": {"raw": 7.195301027900147, "pct": 0.9399235390496996}, "hero_damage_per_min": {"raw": 146.66666666666669, "pct": 0.016930638995084655}, "hero_healing_per_min": {"raw": 0, "pct": 0.8083014746040416}, "tower_damage": {"raw": 5640, "pct": 0.9175314036045876}}}, {"player_slot": 128, "team_number": 1, "team_slot": 0, "hero_id": 43,