{"players": [{"player_slot": 0, "team_number": 0, "team_slot": 0, "hero_id": 49, "hero_variant": 3, "item_0": 249, "item_1": 112, "item_2": 1, "item_3": 166, "item_4": 141, "item_5": 63, "backpack_0": 0, "backpack_1": 0, "backpack_2": 0, "item_neutral": 1638, "item_neutral2": 1586, "kills": 11, "deaths": 4, "assists": 10, "leaver_status": 0, "last_hits": 457, "denies": 9, "gold_per_min": 635, "xp_per_min": 1024, "level": 29, "net_worth": 30710, "aghanims_scepter": 1, "aghanims_shard": 0, "moonshard": 0, "hero_damage": 40554, "tower_damage": 4244, "hero_healing": 0, "gold": 2285, "gold_spent": 29470, "ability_upgrades_arr": [5226, 5227, 5226, 5227, 5226, 5229, 5226, 5227, 5227, 5228, 5228, 5229, 5228, 7113, 5228, 6635, 5229, 740, 742, 5938, 5993, 1043], "is_subscriber": false, "radiant_win": false, "start_time": 1765298438, "duration": 3418, "cluster": 241, "lobby_type": 7, "game_mode": 22, "is_contributor": false, "patch": 58, "region": 14, "isRadiant": true, "win": 0, "lose": 1, "total_gold": 36173, "total_xp": 58333, "kills_per_min": 0.1930953774136922, "kda": 4.2, "abandons": 0, "benchmarks": {"gold_per_min": {"raw": 635, "pct": 0.806841046277666}, "xp_per_min": {"raw": 1024, "pct": 0.889738430583501}, "kills_per_min": {"raw": 0.1930953774136922, "pct": 0.5714285714285714}, "last_hits_per_min": {"raw": 8.02223522527794, "pct": 0.7963782696177062}, "hero_damage_per_min": {"raw": 711.889994148625, "pct": 0.6394366197183099}, "hero_healing_per_min": {"raw": 0, "pct": 0.9613682092555332}, "tower_damage": {"raw": 4244, "pct": 0.5283702213279678}}}, {"account_id": 1151380573, "player_slot": 1, "team_number": 0, "team_slot": 1, "hero_id": 57, "hero_variant": 2, "item_0": 210, "item_1": 0, "item_2": 229, "item_3": 0, "item_4": 180, "item_5": 939, "backpack_0": 4204, "backpack_1": 0, "backpack_2": 36, "item_neutral": 1643, "item_neutral2": 1583, "kills": 4, "deaths": 10, "assists": 21, "leaver_status": 0, "last_hits": 97, "denies": 2, "gold_per_min": 335, "xp_per_min": 643, "level": 25, "net_worth": 13627, "aghanims_scepter": 0, "aghanims_shard": 0, "moonshard": 0, "hero_damage": 13022, "tower_damage": 627, "hero_healing": 6618, "gold": 1902, "gold_spent": 14475, "ability_upgrades_arr": [5263, 656, 895, 5263, 5263, 5266, 5263, 895, 895, 895, 404, 5266, 656, 656, 656, 6300, 5266, 1463, 5981], "personaname": "1 More Time", "name": null, "last_login": null, "rank_tier": 22, "computed_mmr": 3868.3, "is_subscriber": false, "radiant_win": false, "start_time": 1765298438, "duration": 3418, "cluster": 241, "lobby_type": 7, "game_mode": 22, "is_contributor": false, "patch": 58, "region": 14, "isRadiant": true, "win": 0, "lose": 1, "total_gold": 19083, "total_xp": 36629, "kills_per_min": 0.07021650087770626, "kda": 2.27, "abandons": 0, "benchmarks": {"gold_per_min": {"raw": 335, "pct": 0.3547376664056382}, "xp_per_min": {"raw": 643, "pct": 0.6468285043069695}, "kills_per_min": {"raw": 0.07021650087770626, "pct": 0.3774471417384495}, "last_hits_per_min": {"raw": 1.702750146284377, "pct": 0.278778386844166}, "hero_damage_per_min": {"raw": 228.58981860737273, "pct": 0.26938136256851997}, "hero_healing_per_min": {"raw": 116.173200702165, "pct": 0.6389976507439311}, "tower_damage": {"raw": 627, "pct": 0.49960845732184805}}}, {"player_slot": 2, "team_number": 0, "team_slot": 2, "hero_id": 47, "hero_variant": 1, "item_0": 63, "item_1": 250, "item_2": 206, "item_3": 127, "item_4": 534, "item_5": 263, "backpack_0": 0, "backpack_1": 0, "backpack_2": 0, "item_neutral": 1642, "item_neutral2": 1584, "kills": 16, "deaths": 14, "assists": 10, "leaver_status": 0, "last_hits": 212, "denies": 7, "gold_per_min": 513, "xp_per_min": 662, "level": 25, "net_worth": 21663, "aghanims_scepter": 0, "aghanims_shard": 1, "moonshard": 0, "hero_damage": 54983, "tower_damage": 653, "hero_healing": 0, "gold": 363, "gold_spent": 22545, "ability_upgrades_arr": [5218, 5219, 5219, 5220, 5218, 5221, 5218, 5218, 5220, 5220, 6820, 5221, 5220, 5219, 984, 5219, 5221, 6165, 985], "is_subscriber": false, "radiant_win": false, "start_time": 1765298438, "duration": 3418, "cluster": 241, "lobby_type": 7, "game_mode": 22, "is_contributor": false, "patch": 58, "region": 14, "isRadiant": true, "win": 0, "lose": 1, "total_gold": 29223, "total_xp": 37711, "kills_per_min": 0.280866003510825, "kda": 1.73, "abandons": 0, "benchmarks": {"gold_per_min": {"raw": 513, "pct": 0.5892295597484277}, "xp_per_min": {"raw": 662, "pct": 0.4744496855345912}, "kills_per_min": {"raw": 0.280866003510825, "pct": 0.6367924528301887}, "last_hits_per_min": {"raw": 3.721474546518432, "pct": 0.3125}, "hero_damage_per_min": {"raw": 965.1784669397309, "pct": 0.8250786163522013}, "hero_healing_per_min": {"raw": 0, "pct": 0.8848270440251572}, "tower_damage": {"raw": 653, "pct": 0.2908805031446541}}}, {"player_slot": 3, "team_number": 0, "team_slot": 3, "hero_id": 64, "hero_variant": 3, "item_0": 92, "item_1": 1466, "item_2": 100, "item_3": 116, "item_4": 0, "item_5": 48, "backpack_0": 0, "backpack_1": 0, "backpack_2": 4205, "item_neutral": 1607, "item_neutral2": 1586, "kills": 8, "deaths": 14, "assists": 19, "leaver_status": 0, "last_hits": 154, "denies": 0, "gold_per_min": 426, "xp_per_min": 706, "level": 26, "net_worth": 16192, "aghanims_scepter": 0, "aghanims_shard": 0, "moonshard": 0, "hero_damage": 21648, "tower_damage": 5727, "hero_healing": 93, "gold": 1667, "gold_spent": 18140, "ability_upgrades_arr": [5299, 5297, 5299, 5297, 5299, 5300, 5299, 5297, 5298, 5297, 5963, 5300, 5298, 5298, 6661, 5298, 5300, 542, 6381], "is_subscriber": false, "radiant_win": false, "start_time": 1765298438, "duration": 3418, "cluster": 241, "lobby_type": 7, "game_mode": 22, "is_contributor": false, "patch": 58, "region": 14, "isRadiant": true, "win": 0, "lose": 1, "total_gold": 24267, "total_xp": 40218, "kills_per_min": 0.1404330017554125, "kda": 1.8, "abandons": 0, "benchmarks": {"gold_per_min": {"raw": 426, "pct": 0.8391304347826087}, "xp_per_min": {"raw": 706, "pct": 0.8381987577639751}, "kills_per_min": {"raw": 0.1404330017554125, "pct": 0.6953416149068323}, "last_hits_per_min": {"raw": 2.703335283791691, "pct": 0.7456521739130435}, "hero_damage_per_min": {"raw": 380.01170275014624, "pct": 0.38540372670807455}, "hero_healing_per_min": {"raw": 1.6325336454066706, "pct": 0.6006211180124224}, "tower_damage": {"raw": 5727, "pct": 0.9071428571428571}}}, {"player_slot": 4, "team_number": 0, "team_slot": 4, "hero_id": 28, "hero_variant": 2, "item_0": 1, "item_1": 247, "item_2": 116, "item_3": 108, "item_4": 252, "item_5": 50, "backpack_0": 0, "backpack_1": 0, "backpack_2": 0, "item_neutral": 828, "item_neutral2": 1589, "kills": 5, "deaths": 19, "assists": 18, "leaver_status": 0, "last_hits": 230, "denies": 0, "gold_per_min": 443, "xp_per_min": 710, "level": 26, "net_worth": 21112, "aghanims_scepter": 0, "aghanims_shard": 0, "moonshard": 0, "hero_damage": 23990, "tower_damage": 2144, "hero_healing": 0, "gold": 412, "gold_spent": 21990, "ability_upgrades_arr": [5115, 5116, 5116, 5114, 5116, 5117, 5116, 5114, 5114, 695, 5114, 5117, 5115, 5115, 6889, 5115, 5117, 504, 6890], "is_subscriber": false, "radiant_win": false, "start_time": 1765298438, "duration": 3418, "cluster": 241, "lobby_type": 7, "game_mode": 22, "is_contributor": false, "patch": 58, "region": 14, "isRadiant": true, "win": 0, "lose": 1, "total_gold": 25236, "total_xp": 40446, "kills_per_min": 0.08777062609713282, "kda": 1.15, "abandons": 0, "benchmarks": {"gold_per_min": {"raw": 443, "pct": 0.4441512752858399}, "xp_per_min": {"raw": 710, "pct": 0.5457343887423043}, "kills_per_min": {"raw": 0.08777062609713282, "pct": 0.2106420404573439}, "last_hits_per_min": {"raw": 4.03744880046811, "pct": 0.40369393139841686}, "hero_damage_per_min": {"raw": 421.12346401404335, "pct": 0.43491644678979774}, "hero_healing_per_min": {"raw": 0, "pct": 0.9481090589270009}, "tower_damage": {"raw": 2144, "pct": 0.6358839050131926}}}, {"player_slot": 128, "team_number": 1, "team_slot": 0, "hero_id": 93, "hero_variant": 1,