{"players": [{"player_slot": 0, "team_number": 0, "team_slot": 0, "hero_id": 35, "hero_variant": 2, "item_0": 263, "item_1": 100, "item_2": 166, "item_3": 63, "item_4": 154, "item_5": 1107, "backpack_0": 0, "backpack_1": 0, "backpack_2": 36, "item_neutral": 1605, "item_neutral2": 1592, "kills": 7, "deaths": 9, "assists": 21, "leaver_status": 0, "last_hits": 264, "denies": 4, "gold_per_min": 504, "xp_per_min": 821, "level": 26, "net_worth": 21965, "aghanims_scepter": 0, "aghanims_shard": 0, "moonshard": 0, "hero_damage": 24022, "tower_damage": 5811, "hero_healing": 0, "gold": 3105, "gold_spent": 19855, "ability_upgrades_arr": [5154, 5155, 5154, 5155, 5154, 5157, 5154, 5155, 5156, 928, 5155, 5156, 5157, 5156, 5156, 6305, 5157, 6897, 6198], "is_subscriber": false, "radiant_win": true, "start_time": 1769531544, "duration": 3026, "cluster": 381, "lobby_type": 7, "game_mode": 22, "is_contributor": false, "patch": 59, "isRadiant": true, "win": 1, "lose": 0, "total_gold": 25418, "total_xp": 41405, "kills_per_min": 0.13879709187045605, "kda": 2.8, "abandons": 0, "benchmarks": {"gold_per_min": {"raw": 504, "pct": 0.3710241465445462}, "xp_per_min": {"raw": 821, "pct": 0.6869275603663614}, "kills_per_min": {"raw": 0.13879709187045605, "pct": 0.21731890091590342}, "last_hits_per_min": {"raw": 5.234633179114343, "pct": 0.3225645295587011}, "hero_damage_per_min": {"raw": 476.31196298744214, "pct": 0.08692756036636136}, "hero_healing_per_min": {"raw": 0, "pct": 0.9365528726061615}, "tower_damage": {"raw": 5811, "pct": 0.5771856786011657}}}, {"player_slot": 1, "team_number": 0, "team_slot": 1, "hero_id": 44, "hero_variant": 2, "item_0": 141, "item_1": 145, "item_2": 168, "item_3": 208, "item_4": 116, "item_5": 139, "backpack_0": 0, "backpack_1": 0, "backpack_2": 0, "item_neutral": 1643, "item_neutral2": 1594, "kills": 19, "deaths": 6, "assists": 8, "leaver_status": 0, "last_hits": 494, "denies": 2, "gold_per_min": 745, "xp_per_min": 1127, "level": 29, "net_worth": 34679, "aghanims_scepter": 0, "aghanims_shard": 0, "moonshard": 0, "hero_damage": 37074, "tower_damage": 10625, "hero_healing": 0, "gold": 4929, "gold_spent": 30850, "ability_upgrades_arr": [5190, 5191, 5190, 5191, 1287, 5193, 5190, 5190, 5191, 5191, 483, 1287, 5193, 1287, 1287, 491, 5193, 1074, 6847, 559, 6848, 490], "is_subscriber": false, "radiant_win": true, "start_time": 1769531544, "duration": 3026, "cluster": 381, "lobby_type": 7, "game_mode": 22, "is_contributor": false, "patch": 59, "isRadiant": true, "win": 1, "lose": 0, "total_gold": 37572, "total_xp": 56838, "kills_per_min": 0.3767349636483807, "kda": 3.86, "abandons": 0, "benchmarks": {"gold_per_min": {"raw": 745, "pct": 0.881808472766109}, "xp_per_min": {"raw": 1127, "pct": 0.8622285510857957}, "kills_per_min": {"raw": 0.3767349636483807, "pct": 0.8123887504449983}, "last_hits_per_min": {"raw": 9.795109054857898, "pct": 0.9045923816304735}, "hero_damage_per_min": {"raw": 735.1090548578982, "pct": 0.6596653613385547}, "hero_healing_per_min": {"raw": 0, "pct": 0.963688145247419}, "tower_damage": {"raw": 10625, "pct": 0.8889284442862229}}}, {"player_slot": 2, "team_number": 0, "team_slot": 2, "hero_id": 98, "hero_variant": 2, "item_0": 180, "item_1": 127, "item_2": 119, "item_3": 0, "item_4": 273, "item_5": 90, "backpack_0": 0, "backpack_1": 4205, "backpack_2": 0, "item_neutral": 1601, "item_neutral2": 1585, "kills": 19, "deaths": 14, "assists": 22, "leaver_status": 0, "last_hits": 215, "denies": 1, "gold_per_min": 553, "xp_per_min": 895, "level": 27, "net_worth": 21933, "aghanims_scepter": 0, "aghanims_shard": 0, "moonshard": 0, "hero_damage": 58205, "tower_damage": 2736, "hero_healing": 0, "gold": 2033, "gold_spent": 21015, "ability_upgrades_arr": [5524, 5525, 5525, 5524, 5525, 5527, 5525, 5524, 5524, 5526, 7132, 5526, 5527, 5526, 5526, 8482, 5527, 1563, 6223, 1185], "is_subscriber": false, "radiant_win": true, "start_time": 1769531544, "duration": 3026, "cluster": 381, "lobby_type": 7, "game_mode": 22, "is_contributor": false, "patch": 59, "isRadiant": true, "win": 1, "lose": 0, "total_gold": 27889, "total_xp": 45137, "kills_per_min": 0.3767349636483807, "kda": 2.73, "abandons": 0, "benchmarks": {"gold_per_min": {"raw": 553, "pct": 0.7777777777777778}, "xp_per_min": {"raw": 895, "pct": 0.8286052009456265}, "kills_per_min": {"raw": 0.3767349636483807, "pct": 0.9030732860520094}, "last_hits_per_min": {"raw": 4.2630535360211494, "pct": 0.40070921985815605}, "hero_damage_per_min": {"raw": 1154.097818902842, "pct": 0.9633569739952719}, "hero_healing_per_min": {"raw": 0, "pct": 0.8617021276595744}, "tower_damage": {"raw": 2736, "pct": 0.8687943262411347}}}, {"player_slot": 3, "team_number": 0, "team_slot": 3, "hero_id": 84, "hero_variant": 2, "item_0": 44, "item_1": 232, "item_2": 36, "item_3": 180, "item_4": 0, "item_5": 96, "backpack_0": 0, "backpack_1": 0, "backpack_2": 0, "item_neutral": 1643, "item_neutral2": 1583, "kills": 1, "deaths": 14, "assists": 33, "leaver_status": 0, "last_hits": 43, "denies": 5, "gold_per_min": 313, "xp_per_min": 722, "level": 25, "net_worth": 11960, "aghanims_scepter": 0, "aghanims_shard": 1, "moonshard": 0, "hero_damage": 24805, "tower_damage": 2424, "hero_healing": 0, "gold": 865, "gold_spent": 13460, "ability_upgrades_arr": [5439, 5439, 5438, 5438, 5439, 5441, 5439, 5438, 5438, 801, 5440, 5440, 5441, 5440, 5440, 442, 730, 5441, 6183, 6707], "is_subscriber": false, "radiant_win": true, "start_time": 1769531544, "duration": 3026, "cluster": 381, "lobby_type": 7, "game_mode": 22, "is_contributor": false, "patch": 59, "isRadiant": true, "win": 1, "lose": 0, "total_gold": 15785, "total_xp": 36412, "kills_per_min": 0.019828155981493723, "kda": 2.27, "abandons": 0, "benchmarks": {"gold_per_min": {"raw": 313, "pct": 0.1301715438950555}, "xp_per_min": {"raw": 722, "pct": 0.7295660948536832}, "kills_per_min": {"raw": 0.01982815598149372, "pct": 0.04742684157416751}, "last_hits_per_min": {"raw": 0.85261070720423, "pct": 0.04036326942482341}, "hero_damage_per_min": {"raw": 491.8374091209517, "pct": 0.43208879919273463}, "hero_healing_per_min": {"raw": 0, "pct": 0.6779011099899092}, "tower_damage": {"raw": 2424, "pct": 0.7677093844601413}}}, {"player_slot": 4, "team_number": 0, "team_slot": 4, "hero_id": 23, "hero_variant": 1, "item_0": 112, "item_1": 116, "item_2": 210, "item_3": 141, "item_4": 50, "item_5": 73, "backpack_0": 0, "backpack_1": 0, "backpack_2": 0, "item_neutral": 1719, "item_neutral2": 1597, "kills": 6, "deaths": 9, "assists": 30, "leaver_status": 0, "last_hits": 261, "denies": 4, "gold_per_min": 525, "xp_per_min": 860, "level": 27, "net_worth": 24208, "aghanims_scepter": 0, "aghanims_shard": 1, "moonshard": 0, "hero_damage": 24922, "tower_damage": 5106, "hero_healing": 0, "gold": 3928, "gold_spent": 20765, "ability_upgrades_arr": [5032, 5031, 5032, 5031, 5033, 5035, 5032, 5032, 5033, 1015, 5031, 5033, 5035, 5033, 5031, 6385, 5035, 1241, 6667, 6666], "is_subscriber": false, "radiant_win": true, "start_time": 1769531544, "duration": 3026, "cluster": 381, "lobby_type": 7, "game_mode": 22, "is_contributor": false, "patch": 59, "isRadiant": true, "win": 1, "lose": 0, "total_gold": 26477, "total_xp": 43372, "kills_per_min": 0.11896893588896233, "kda": 3.6, "abandons": 0, "benchmarks": {"gold_per_min": {"raw": 525, "pct": 0.5020408163265306}, "xp_per_min": {"raw": 860, "pct": 0.746938775510204}, "kills_per_min": {"raw": 0.11896893588896233, "pct": 0.33224489795918366}, "last_hits_per_min": {"raw": 5.175148711169861, "pct": 0.2979591836734694}, "hero_damage_per_min": {"raw": 494.15730337078656, "pct": 0.26285714285714284}, "hero_healing_per_min": {"raw": 0, "pct": 0.8742857142857143}, "tower_damage": {"raw": 5106, "pct": 0.8889795918367347}}}, {"player_slot": 128, "team_number": 1, "team_slot": 0, "hero_id": 26, "hero_variant": 1, "item_0": 43, "item_1": 108, "item_2": 36, "item_3": 214, "item_4": 232, "item_5": 1, "backpack_0": 0, "backpack_1": 0, "backpack_2": 0, "item_neutral": 1604, "item_neutral2": 1595,