{"players": [{"account_id": 45421382, "player_slot": 0, "team_number": 0, "team_slot": 0, "hero_id": 21, "hero_variant": 5, "item_0": 225, "item_1": 166, "item_2": 116, "item_3": 50, "item_4": 250, "item_5": 1575, "backpack_0": 42, "backpack_1": 0, "backpack_2": 0, "item_neutral": 828, "item_neutral2": 1586, "kills": 19, "deaths": 10, "assists": 8, "leaver_status": 0, "last_hits": 236, "denies": 8, "gold_per_min": 664, "xp_per_min": 1047, "level": 28, "net_worth": 26795, "aghanims_scepter": 1, "aghanims_shard": 0, "moonshard": 0, "hero_damage": 47123, "tower_damage": 868, "hero_healing": 0, "gold": 1195, "gold_spent": 27445, "ability_upgrades_arr": [5131, 5132, 5131, 5132, 5130, 5133, 5132, 5132, 5130, 5130, 5131, 5133, 5131, 5130, 1195, 6992, 5133, 7889, 1071, 7890, 6562], "personaname": "La Chaucha", "name": null, "last_login": "2026-03-03T14:36:01.200Z", "rank_tier": 42, "computed_mmr": 4031.51, "is_subscriber": false, "radiant_win": false, "start_time": 1750297260, "duration": 2959, "cluster": 381, "lobby_type": 0, "game_mode": 22, "is_contributor": false, "patch": 58, "isRadiant": true, "win": 0, "lose": 1, "total_gold": 32746, "total_xp": 51634, "kills_per_min": 0.38526529232848933, "kda": 2.45, "abandons": 0, "benchmarks": {"gold_per_min": {"raw": 664, "pct": 0.9482010717019648}, "xp_per_min": {"raw": 1047, "pct": 0.9408012248022455}, "kills_per_min": {"raw": 0.38526529232848933, "pct": 0.9129880071446798}, "last_hits_per_min": {"raw": 4.785400473132815, "pct": 0.6575657055371268}, "hero_damage_per_min": {"raw": 955.5187563366002, "pct": 0.935953049247257}, "hero_healing_per_min": {"raw": 0, "pct": 0.8346516968614442}, "tower_damage": {"raw": 868, "pct": 0.35697882112783874}}}, {"account_id": 65137360, "player_slot": 1, "team_number": 0, "team_slot": 1, "hero_id": 120, "hero_variant": 1, "item_0": 180, "item_1": 166, "item_2": 692, "item_3": 90, "item_4": 208, "item_5": 36, "backpack_0": 0, "backpack_1": 0, "backpack_2": 0, "item_neutral": 1643, "item_neutral2": 1585, "kills": 5, "deaths": 13, "assists": 14, "leaver_status": 0, "last_hits": 208, "denies": 9, "gold_per_min": 433, "xp_per_min": 666, "level": 24, "net_worth": 19478, "aghanims_scepter": 0, "aghanims_shard": 0, "moonshard": 0, "hero_damage": 20568, "tower_damage": 316, "hero_healing": 0, "gold": 903, "gold_spent": 18730, "ability_upgrades_arr": [6461, 6344, 6461, 7307, 6461, 6343, 6461, 7307, 6344, 7307, 9063, 6343, 6344, 6344, 1053, 7307, 6343, 9135], "personaname": "PatoDeGoma", "name": null, "last_login": "2021-02-10T20:32:57.535Z", "rank_tier": 45, "computed_mmr": null, "is_subscriber": false, "radiant_win": false, "start_time": 1750297260, "duration": 2959, "cluster": 381, "lobby_type": 0, "game_mode": 22, "is_contributor": false, "patch": 58, "isRadiant": true, "win": 0, "lose": 1, "total_gold": 21354, "total_xp": 32844, "kills_per_min": 0.1013856032443393, "kda": 1.36, "abandons": 0, "benchmarks": {"gold_per_min": {"raw": 433, "pct": 0.2252410166520596}, "xp_per_min": {"raw": 666, "pct": 0.32427695004382123}, "kills_per_min": {"raw": 0.1013856032443393, "pct": 0.19631901840490798}, "last_hits_per_min": {"raw": 4.217641094964516, "pct": 0.19281332164767748}, "hero_damage_per_min": {"raw": 417.05981750591417, "pct": 0.17703768624014024}, "hero_healing_per_min": {"raw": 0, "pct": 0.8255915863277826}, "tower_damage": {"raw": 316, "pct": 0.25591586327782645}}}, {"player_slot": 2, "team_number": 0, "team_slot": 2, "hero_id": 64, "hero_variant": 4, "item_0": 100, "item_1": 34, "item_2": 102, "item_3": 180, "item_4": 23, "item_5": 22, "backpack_0": 4205, "backpack_1": 0, "backpack_2": 0, "item_neutral": 1641, "item_neutral2": 1592, "kills": 5, "deaths": 13, "assists": 7, "leaver_status": 0, "last_hits": 86, "denies": 0, "gold_per_min": 307, "xp_per_min": 478, "level": 21, "net_worth": 13147, "aghanims_scepter": 0, "aghanims_shard": 0, "moonshard": 0, "hero_damage": 9109, "tower_damage": 504, "hero_healing": 174, "gold": 4747, "gold_spent": 9085, "ability_upgrades_arr": [5297, 5299, 5298, 5297, 5297, 5300, 5297, 5298, 5298, 5298, 5299, 5300, 5299, 5299, 5963, 6661, 5300, 6064], "is_subscriber": false, "radiant_win": false, "start_time": 1750297260, "duration": 2959, "cluster": 381, "lobby_type": 0, "game_mode": 22, "is_contributor": false, "patch": 58, "isRadiant": true, "win": 0, "lose": 1, "total_gold": 15140, "total_xp": 23573, "kills_per_min": 0.1013856032443393, "kda": 0.86, "abandons": 0, "benchmarks": {"gold_per_min": {"raw": 307, "pct": 0.2855902777777778}, "xp_per_min": {"raw": 478, "pct": 0.36429398148148145}, "kills_per_min": {"raw": 0.1013856032443393, "pct": 0.5153356481481481}, "last_hits_per_min": {"raw": 1.7438323758026362, "pct": 0.4201388888888889}, "hero_damage_per_min": {"raw": 184.70429199053734, "pct": 0.018518518518518517}, "hero_healing_per_min": {"raw": 3.5282189929030077, "pct": 0.6452546296296297}, "tower_damage": {"raw": 504, "pct": 0.2890625}}}, {"player_slot": 3, "team_number": 0, "team_slot": 3, "hero_id": 27, "hero_variant": 2, "item_0": 102, "item_1": 42, "item_2": 214, "item_3": 232, "item_4": 1, "item_5": 188, "backpack_0": 34, "backpack_1": 0, "backpack_2": 0, "item_neutral": 1640, "item_neutral2": 1585, "kills": 1, "deaths": 16, "assists": 13, "leaver_status": 0, "last_hits": 54, "denies": 3, "gold_per_min": 242, "xp_per_min": 393, "level": 18, "net_worth": 9987, "aghanims_scepter": 0, "aghanims_shard": 1, "moonshard": 0, "hero_damage": 10718, "tower_damage": 0, "hero_healing": 0, "gold": 712, "gold_spent": 10080, "ability_upgrades_arr": [5080, 5078, 5079, 5080, 5080, 5081, 5080, 5079, 5079, 5079, 468, 5081, 5078, 5078, 760, 5078, 5081], "is_subscriber": false, "radiant_win": false, "start_time": 1750297260, "duration": 2959, "cluster": 381, "lobby_type": 0, "game_mode": 22, "is_contributor": false, "patch": 58, "isRadiant": true, "win": 0, "lose": 1, "total_gold": 11934, "total_xp": 19381, "kills_per_min": 0.020277120648867858, "kda": 0.82, "abandons": 0, "benchmarks": {"gold_per_min": {"raw": 242, "pct": 0.07515505290040131}, "xp_per_min": {"raw": 393, "pct": 0.1829624224735498}, "kills_per_min": {"raw": 0.020277120648867858, "pct": 0.05910251732944181}, "last_hits_per_min": {"raw": 1.0949645150388645, "pct": 0.15669463699379788}, "hero_damage_per_min": {"raw": 217.33017911456574, "pct": 0.09832178037212697}, "hero_healing_per_min": {"raw": 0, "pct": 0.6541408245165998}, "tower_damage": {"raw": 0, "pct": 0.11364465523531558}}}, {"player_slot": 4, "team_number": 0, "team_slot": 4, "hero_id": 34, "hero_variant": 2, "item_0": 232, "item_1": 259, "item_2": 108, "item_3": 1, "item_4": 1107, "item_5": 77, "backpack_0": 0, "backpack_1": 0, "backpack_2": 0, "item_neutral": 1607, "item_neutral2": 1586, "kills": 2, "deaths": 6, "assists": 12, "leaver_status": 0, "last_hits": 187, "denies": 12, "gold_per_min": 332, "xp_per_min": 461, "level": 20, "net_worth": 15300, "aghanims_scepter": 0, "aghanims_shard": 0, "moonshard": 0, "hero_damage": 17628, "tower_damage": 0, "hero_healing": 0, "gold": 1370, "gold_spent": 14850, "ability_upgrades_arr": [5150, 5152, 5152, 650, 5150, 5153, 5152, 5152, 5150, 800, 650, 5153, 650, 650, 6152, 5150, 5153, 413], "is_subscriber": false, "radiant_win": false, "start_time": 1750297260, "duration": 2959, "cluster": 381, "lobby_type": 0, "game_mode": 22, "is_contributor": false, "patch": 58, "isRadiant": true, "win": 0, "lose": 1, "total_gold": 16373, "total_xp": 22734, "kills_per_min": 0.040554241297735716, "kda": 2, "abandons": 0, "benchmarks": {"gold_per_min": {"raw": 332, "pct": 0.09916434540389972}, "xp_per_min": {"raw": 461, "pct": 0.12423398328690807}, "kills_per_min": {"raw": 0.040554241297735716, "pct": 0.08913649025069638}, "last_hits_per_min": {"raw": 3.7918215613382897, "pct": 0.15153203342618385}, "hero_damage_per_min": {"raw": 357.44508279824265, "pct": 0.09025069637883008}, "hero_healing_per_min": {"raw": 0, "pct": 0.2540389972144847}, "tower_damage": {"raw": 0,