{"players": [{"account_id": 131629095, "player_slot": 0, "team_number": 0, "team_slot": 0, "hero_id": 35, "hero_variant": 2, "item_0": 249, "item_1": 63, "item_2": 108, "item_3": 263, "item_4": 135, "item_5": 51, "backpack_0": 0, "backpack_1": 0, "backpack_2": 0, "item_neutral": 828, "item_neutral2": 1576, "kills": 11, "deaths": 6, "assists": 16, "leaver_status": 0, "last_hits": 284, "denies": 8, "gold_per_min": 659, "xp_per_min": 999, "level": 25, "net_worth": 24940, "aghanims_scepter": 0, "aghanims_shard": 0, "moonshard": 0, "hero_damage": 27701, "tower_damage": 5728, "hero_healing": 0, "gold": 90, "gold_spent": 25750, "ability_upgrades_arr": [5155, 5156, 5154, 5155, 5154, 5157, 5154, 5154, 5155, 5155, 928, 5157, 5156, 5156, 6305, 5156, 5157, 6897, 6198], "personaname": "Jomz'D", "name": null, "last_login": null, "rank_tier": 45, "computed_mmr": 4220.1, "is_subscriber": false, "radiant_win": true, "start_time": 1754621716, "duration": 2297, "cluster": 241, "lobby_type": 0, "game_mode": 22, "is_contributor": false, "patch": 58, "region": 14, "isRadiant": true, "win": 1, "lose": 0, "total_gold": 25228, "total_xp": 38245, "kills_per_min": 0.2873313016978668, "kda": 3.86, "abandons": 0, "benchmarks": {"gold_per_min": {"raw": 659, "pct": 0.7372764786795049}, "xp_per_min": {"raw": 999, "pct": 0.8809414641601712}, "kills_per_min": {"raw": 0.2873313016978668, "pct": 0.6088950022925264}, "last_hits_per_min": {"raw": 7.418371789290379, "pct": 0.6756839370319425}, "hero_damage_per_min": {"raw": 723.5785807575097, "pct": 0.3513678740638851}, "hero_healing_per_min": {"raw": 0, "pct": 0.9301543634418462}, "tower_damage": {"raw": 5728, "pct": 0.571297569922054}}}, {"account_id": 65137360, "player_slot": 1, "team_number": 0, "team_slot": 1, "hero_id": 45, "hero_variant": 2, "item_0": 40, "item_1": 180, "item_2": 232, "item_3": 36, "item_4": 100, "item_5": 96, "backpack_0": 0, "backpack_1": 0, "backpack_2": 0, "item_neutral": 1640, "item_neutral2": 1593, "kills": 8, "deaths": 8, "assists": 29, "leaver_status": 0, "last_hits": 71, "denies": 7, "gold_per_min": 459, "xp_per_min": 701, "level": 22, "net_worth": 16170, "aghanims_scepter": 0, "aghanims_shard": 0, "moonshard": 0, "hero_damage": 27268, "tower_damage": 6442, "hero_healing": 9822, "gold": 3985, "gold_spent": 12975, "ability_upgrades_arr": [5186, 5188, 5187, 5186, 5186, 5189, 5186, 5188, 5188, 5187, 5187, 5189, 5188, 6859, 5187, 6195, 5189, 6220], "personaname": "PatoDeGoma", "name": null, "last_login": "2021-02-10T20:32:57.535Z", "rank_tier": 45, "computed_mmr": null, "is_subscriber": false, "radiant_win": true, "start_time": 1754621716, "duration": 2297, "cluster": 241, "lobby_type": 0, "game_mode": 22, "is_contributor": false, "patch": 58, "region": 14, "isRadiant": true, "win": 1, "lose": 0, "total_gold": 17572, "total_xp": 26836, "kills_per_min": 0.2089682194166304, "kda": 4.11, "abandons": 0, "benchmarks": {"gold_per_min": {"raw": 459, "pct": 0.8258011503697618}, "xp_per_min": {"raw": 701, "pct": 0.7740345110928513}, "kills_per_min": {"raw": 0.20896821941663038, "pct": 0.7641741988496302}, "last_hits_per_min": {"raw": 1.8545929473225948, "pct": 0.39605587510271156}, "hero_damage_per_min": {"raw": 712.2681758815847, "pct": 0.6433853738701726}, "hero_healing_per_min": {"raw": 256.5607313887679, "pct": 0.8882497945768283}, "tower_damage": {"raw": 6442, "pct": 0.7173377156943304}}}, {"account_id": 45421382, "player_slot": 2, "team_number": 0, "team_slot": 2, "hero_id": 7, "hero_variant": 1, "item_0": 692, "item_1": 73, "item_2": 226, "item_3": 180, "item_4": 1, "item_5": 102, "backpack_0": 0, "backpack_1": 0, "backpack_2": 0, "item_neutral": 828, "item_neutral2": 1583, "kills": 5, "deaths": 10, "assists": 15, "leaver_status": 0, "last_hits": 143, "denies": 9, "gold_per_min": 438, "xp_per_min": 631, "level": 21, "net_worth": 15246, "aghanims_scepter": 0, "aghanims_shard": 0, "moonshard": 0, "hero_damage": 15697, "tower_damage": 3017, "hero_healing": 0, "gold": 1341, "gold_spent": 14650, "ability_upgrades_arr": [5024, 5025, 5023, 5023, 5024, 5026, 5024, 5024, 5023, 5025, 5025, 5023, 5026, 5025, 744, 858, 5026, 6425], "personaname": "La Chaucha", "name": null, "last_login": "2026-03-03T14:36:01.200Z", "rank_tier": 42, "computed_mmr": 4031.51, "is_subscriber": false, "radiant_win": true, "start_time": 1754621716, "duration": 2297, "cluster": 241, "lobby_type": 0, "game_mode": 22, "is_contributor": false, "patch": 58, "region": 14, "isRadiant": true, "win": 1, "lose": 0, "total_gold": 16768, "total_xp": 24156, "kills_per_min": 0.130605137135394, "kda": 1.82, "abandons": 0, "benchmarks": {"gold_per_min": {"raw": 438, "pct": 0.4456581103222283}, "xp_per_min": {"raw": 631, "pct": 0.4341889677771709}, "kills_per_min": {"raw": 0.13060513713539398, "pct": 0.3672856362643364}, "last_hits_per_min": {"raw": 3.7353069220722683, "pct": 0.4279082468596395}, "hero_damage_per_min": {"raw": 410.02176752285595, "pct": 0.15974877116329875}, "hero_healing_per_min": {"raw": 0, "pct": 0.835608956854178}, "tower_damage": {"raw": 3017, "pct": 0.8328782086291644}}}, {"account_id": 162874477, "player_slot": 3, "team_number": 0, "team_slot": 3, "hero_id": 123, "hero_variant": 1, "item_0": 1466, "item_1": 263, "item_2": 267, "item_3": 180, "item_4": 36, "item_5": 218, "backpack_0": 0, "backpack_1": 0, "backpack_2": 0, "item_neutral": 1639, "item_neutral2": 1595, "kills": 6, "deaths": 7, "assists": 18, "leaver_status": 0, "last_hits": 93, "denies": 3, "gold_per_min": 446, "xp_per_min": 747, "level": 23, "net_worth": 15548, "aghanims_scepter": 0, "aghanims_shard": 0, "moonshard": 0, "hero_damage": 13703, "tower_damage": 523, "hero_healing": 237, "gold": 1823, "gold_spent": 16415, "ability_upgrades_arr": [8158, 8429, 8158, 9501, 8158, 8106, 8158, 8429, 8429, 8429, 9501, 8106, 9501, 9501, 1568, 9511, 8106, 1569], "personaname": "Hadria Tool (ХАДРЯ ТOOЛ)", "name": null, "last_login": "2025-05-24T15:54:40.424Z", "rank_tier": 23, "computed_mmr": null, "is_subscriber": false, "radiant_win": true, "start_time": 1754621716, "duration": 2297, "cluster": 241, "lobby_type": 0, "game_mode": 22, "is_contributor": false, "patch": 58, "region": 14, "isRadiant": true, "win": 1, "lose": 0, "total_gold": 17074, "total_xp": 28597, "kills_per_min": 0.1567261645624728, "kda": 3, "abandons": 0, "benchmarks": {"gold_per_min": {"raw": 446, "pct": 0.7568569310600445}, "xp_per_min": {"raw": 747, "pct": 0.757227575982209}, "kills_per_min": {"raw": 0.1567261645624728, "pct": 0.5633802816901409}, "last_hits_per_min": {"raw": 2.429255550718328, "pct": 0.5485544848035582}, "hero_damage_per_min": {"raw": 357.9364388332608, "pct": 0.20014825796886582}, "hero_healing_per_min": {"raw": 6.190683500217675, "pct": 0.7946627131208303}, "tower_damage": {"raw": 523, "pct": 0.4899925871015567}}}, {"player_slot": 4, "team_number": 0, "team_slot": 4, "hero_id": 63, "hero_variant": 1, "item_0": 168, "item_1": 116, "item_2": 263, "item_3": 63, "item_4": 51, "item_5": 147, "backpack_0": 0, "backpack_1": 0, "backpack_2": 0, "item_neutral": 1602, "item_neutral2": 1584, "kills": 19, "deaths": 9, "assists": 19, "leaver_status": 0, "last_hits": 207, "denies": 8, "gold_per_min": 671, "xp_per_min": 830, "level": 24, "net_worth": 23688, "aghanims_scepter": 0, "aghanims_shard": 1, "moonshard": 0, "hero_damage": 34050, "tower_damage": 12765, "hero_healing": 0, "gold": 1838, "gold_spent": 22780, "ability_upgrades_arr": [5289, 5290, 5291, 5289, 5289, 5292, 5290, 5290, 5290, 5291, 5291, 5291, 5292, 5289, 6200, 6989, 5292, 6131], "is_subscriber": false, "radiant_win": true, "start_time": 1754621716, "duration": 2297, "cluster": 241, "lobby_type": 0, "game_mode": 22, "is_contributor": false, "patch": 58, "region": 14, "isRadiant": true, "win": 1, "lose": 0, "total_gold": 25688, "total_xp": 31775, "kills_per_min": 0.4962995211144972, "kda": 3.8, "abandons": 0, "benchmarks": {"gold_per_min": {"raw": 671, "pct": 0.8271882915845764}, "xp_per_min": {"raw": 830, "pct": 0.6214466647903181},