{"players": [{"player_slot": 0, "team_number": 0, "team_slot": 0, "hero_id": 25, "hero_variant": 1, "item_0": 108, "item_1": 48, "item_2": 77, "item_3": 152, "item_4": 256, "item_5": 123, "backpack_0": 36, "backpack_1": 218, "backpack_2": 0, "item_neutral": 828, "item_neutral2": 1592, "kills": 9, "deaths": 12, "assists": 13, "leaver_status": 0, "last_hits": 290, "denies": 14, "gold_per_min": 526, "xp_per_min": 725, "level": 24, "net_worth": 20776, "aghanims_scepter": 0, "aghanims_shard": 1, "moonshard": 0, "hero_damage": 31529, "tower_damage": 1026, "hero_healing": 0, "gold": 421, "gold_spent": 21420, "ability_upgrades_arr": [5041, 5042, 5041, 5042, 5042, 5043, 5041, 5042, 5040, 5041, 5040, 5043, 5040, 5040, 6509, 6212, 5043, 844], "is_subscriber": false, "radiant_win": false, "start_time": 1746563049, "duration": 2661, "cluster": 346, "lobby_type": 7, "game_mode": 22, "is_contributor": false, "patch": 57, "region": 38, "isRadiant": true, "win": 0, "lose": 1, "total_gold": 23328, "total_xp": 32153, "kills_per_min": 0.20293122886133033, "kda": 1.69, "abandons": 0, "benchmarks": {"gold_per_min": {"raw": 526, "pct": 0.44687983496647754}, "xp_per_min": {"raw": 725, "pct": 0.40226921093347084}, "kills_per_min": {"raw": 0.2029312288613303, "pct": 0.3857658586900464}, "last_hits_per_min": {"raw": 6.538895152198422, "pct": 0.5389375966993295}, "hero_damage_per_min": {"raw": 710.913190529876, "pct": 0.5118617844249613}, "hero_healing_per_min": {"raw": 0, "pct": 0.8522434244455905}, "tower_damage": {"raw": 1026, "pct": 0.2802991232594121}}}, {"account_id": 37467834, "player_slot": 1, "team_number": 0, "team_slot": 1, "hero_id": 43, "hero_variant": 2, "item_0": 226, "item_1": 119, "item_2": 100, "item_3": 36, "item_4": 180, "item_5": 0, "backpack_0": 0, "backpack_1": 0, "backpack_2": 0, "item_neutral": 2193, "item_neutral2": 1594, "kills": 13, "deaths": 12, "assists": 19, "leaver_status": 0, "last_hits": 190, "denies": 6, "gold_per_min": 478, "xp_per_min": 625, "level": 22, "net_worth": 17492, "aghanims_scepter": 0, "aghanims_shard": 0, "moonshard": 0, "hero_damage": 40824, "tower_damage": 1901, "hero_healing": 192, "gold": 4017, "gold_spent": 15925, "ability_upgrades_arr": [5090, 5685, 5685, 5090, 5685, 5093, 5685, 5091, 5090, 5090, 6299, 5093, 5091, 5091, 6367, 5091, 5093, 5976], "personaname": "ExtremoDiaz", "name": null, "last_login": null, "rank_tier": 22, "computed_mmr": 3968.35, "is_subscriber": false, "radiant_win": false, "start_time": 1746563049, "duration": 2661, "cluster": 346, "lobby_type": 7, "game_mode": 22, "is_contributor": false, "patch": 57, "region": 38, "isRadiant": true, "win": 0, "lose": 1, "total_gold": 21199, "total_xp": 27718, "kills_per_min": 0.29312288613303267, "kda": 2.46, "abandons": 0, "benchmarks": {"gold_per_min": {"raw": 478, "pct": 0.4769568397951719}, "xp_per_min": {"raw": 625, "pct": 0.4023408924652524}, "kills_per_min": {"raw": 0.29312288613303267, "pct": 0.7395757132406731}, "last_hits_per_min": {"raw": 4.284103720405863, "pct": 0.3884418434528164}, "hero_damage_per_min": {"raw": 920.4960541149944, "pct": 0.7659107534747622}, "hero_healing_per_min": {"raw": 4.3291995490417134, "pct": 0.825164594001463}, "tower_damage": {"raw": 1901, "pct": 0.35552304316020483}}}, {"player_slot": 2, "team_number": 0, "team_slot": 2, "hero_id": 129, "hero_variant": 2, "item_0": 73, "item_1": 190, "item_2": 1, "item_3": 50, "item_4": 141, "item_5": 73, "backpack_0": 9, "backpack_1": 0, "backpack_2": 0, "item_neutral": 1608, "item_neutral2": 1597, "kills": 8, "deaths": 12, "assists": 13, "leaver_status": 0, "last_hits": 211, "denies": 9, "gold_per_min": 392, "xp_per_min": 506, "level": 20, "net_worth": 15231, "aghanims_scepter": 0, "aghanims_shard": 1, "moonshard": 0, "hero_damage": 36437, "tower_damage": 168, "hero_healing": 0, "gold": 846, "gold_spent": 15380, "ability_upgrades_arr": [6583, 6495, 6495, 6583, 6495, 1416, 6583, 6495, 6582, 1020, 6583, 1416, 6582, 6582, 545, 6582, 1416, 6584], "is_subscriber": false, "radiant_win": false, "start_time": 1746563049, "duration": 2661, "cluster": 346, "lobby_type": 7, "game_mode": 22, "is_contributor": false, "patch": 57, "region": 38, "isRadiant": true, "win": 0, "lose": 1, "total_gold": 17385, "total_xp": 22441, "kills_per_min": 0.18038331454340473, "kda": 1.62, "abandons": 0, "benchmarks": {"gold_per_min": {"raw": 392, "pct": 0.2827102803738318}, "xp_per_min": {"raw": 506, "pct": 0.24805295950155765}, "kills_per_min": {"raw": 0.18038331454340473, "pct": 0.6713395638629284}, "last_hits_per_min": {"raw": 4.757609921082301, "pct": 0.5486760124610592}, "hero_damage_per_min": {"raw": 821.5783540022549, "pct": 0.9439252336448598}, "hero_healing_per_min": {"raw": 0, "pct": 0.7624610591900312}, "tower_damage": {"raw": 168, "pct": 0.2885514018691589}}}, {"player_slot": 3, "team_number": 0, "team_slot": 3, "hero_id": 14, "hero_variant": 1, "item_0": 214, "item_1": 218, "item_2": 232, "item_3": 38, "item_4": 127, "item_5": 1, "backpack_0": 0, "backpack_1": 0, "backpack_2": 0, "item_neutral": 1599, "item_neutral2": 1594, "kills": 3, "deaths": 15, "assists": 13, "leaver_status": 0, "last_hits": 85, "denies": 3, "gold_per_min": 289, "xp_per_min": 615, "level": 22, "net_worth": 10788, "aghanims_scepter": 0, "aghanims_shard": 0, "moonshard": 0, "hero_damage": 22196, "tower_damage": 0, "hero_healing": 0, "gold": 2813, "gold_spent": 9140, "ability_upgrades_arr": [5075, 5076, 5075, 5076, 5075, 5077, 5075, 5076, 5076, 7142, 5074, 5077, 5074, 5074, 507, 5074, 5077, 332], "is_subscriber": false, "radiant_win": false, "start_time": 1746563049, "duration": 2661, "cluster": 346, "lobby_type": 7, "game_mode": 22, "is_contributor": false, "patch": 57, "region": 38, "isRadiant": true, "win": 0, "lose": 1, "total_gold": 12817, "total_xp": 27275, "kills_per_min": 0.06764374295377677, "kda": 1, "abandons": 0, "benchmarks": {"gold_per_min": {"raw": 289, "pct": 0.15347390252333218}, "xp_per_min": {"raw": 615, "pct": 0.5416522640857242}, "kills_per_min": {"raw": 0.06764374295377677, "pct": 0.13273418596612513}, "last_hits_per_min": {"raw": 1.9165727170236755, "pct": 0.4107616084802397}, "hero_damage_per_min": {"raw": 500.4735062006764, "pct": 0.5202212236432768}, "hero_healing_per_min": {"raw": 0, "pct": 0.7495103122479548}, "tower_damage": {"raw": 0, "pct": 0.2768752160387141}}}, {"account_id": 177367220, "player_slot": 4, "team_number": 0, "team_slot": 4, "hero_id": 44, "hero_variant": 3, "item_0": 166, "item_1": 143, "item_2": 26, "item_3": 50, "item_4": 116, "item_5": 51, "backpack_0": 7, "backpack_1": 0, "backpack_2": 0, "item_neutral": 1605, "item_neutral2": 1594, "kills": 4, "deaths": 9, "assists": 7, "leaver_status": 0, "last_hits": 272, "denies": 8, "gold_per_min": 458, "xp_per_min": 791, "level": 25, "net_worth": 16689, "aghanims_scepter": 0, "aghanims_shard": 0, "moonshard": 0, "hero_damage": 18928, "tower_damage": 0, "hero_healing": 0, "gold": 1314, "gold_spent": 19100, "ability_upgrades_arr": [5190, 5191, 5190, 5191, 5190, 5193, 5190, 5192, 5191, 5191, 5192, 5193, 5192, 5192, 559, 491, 5193, 490, 6847], "personaname": "/ Totodile /", "name": null, "last_login": "2016-10-08T15:09:17.823Z", "rank_tier": 22, "computed_mmr": 3819.47, "is_subscriber": false, "radiant_win": false, "start_time": 1746563049, "duration": 2661, "cluster": 346, "lobby_type": 7, "game_mode": 22, "is_contributor": false, "patch": 57, "region": 38, "isRadiant": true, "win": 0, "lose": 1, "total_gold": 20312, "total_xp": 35080, "kills_per_min": 0.09019165727170236, "kda": 1.1, "abandons": 0, "benchmarks": {"gold_per_min": {"raw": 458, "pct": 0.2857142857142857}, "xp_per_min": {"raw": 791, "pct": 0.4885901844326352}, "kills_per_min": {"raw": 0.09019165727170236, "pct": 0.14316974054391998}, "last_hits_per_min": {"raw": 6.1330326944757605, "pct": 0.3551109721788059}, "hero_damage_per_min": {"raw": 426.7869222096956, "pct": 0.2991559862457018}, "hero_healing_per_min": {"raw": 0, "pct": 0.9584245076586433}, "tower_damage": {"raw": 0,