{"players": [{"player_slot": 0, "team_number": 0, "team_slot": 0, "hero_id": 62, "hero_variant": 1, "item_0": 232, "item_1": 108, "item_2": 250, "item_3": 235, "item_4": 123, "item_5": 218, "backpack_0": 29, "backpack_1": 0, "backpack_2": 0, "item_neutral": 1124, "item_neutral2": 1583, "kills": 9, "deaths": 10, "assists": 22, "leaver_status": 0, "last_hits": 104, "denies": 6, "gold_per_min": 581, "xp_per_min": 692, "level": 25, "net_worth": 25438, "aghanims_scepter": 0, "aghanims_shard": 0, "moonshard": 0, "hero_damage": 28198, "tower_damage": 0, "hero_healing": 0, "gold": 1988, "gold_spent": 24650, "ability_upgrades_arr": [5286, 5287, 5286, 1314, 5286, 5288, 5286, 5287, 1314, 869, 1314, 5288, 1314, 5287, 5287, 959, 5288, 878], "is_subscriber": false, "radiant_win": false, "start_time": 1760837928, "duration": 3172, "cluster": 381, "lobby_type": 0, "game_mode": 22, "is_contributor": false, "patch": 58, "isRadiant": true, "win": 0, "lose": 1, "total_gold": 30715, "total_xp": 36583, "kills_per_min": 0.17023959646910466, "kda": 2.82, "abandons": 0, "benchmarks": {"gold_per_min": {"raw": 581, "pct": 0.8654524089306698}, "xp_per_min": {"raw": 692, "pct": 0.7279670975323149}, "kills_per_min": {"raw": 0.1702395964691047, "pct": 0.6962397179788484}, "last_hits_per_min": {"raw": 1.9672131147540985, "pct": 0.7303172737955347}, "hero_damage_per_min": {"raw": 533.3795712484236, "pct": 0.8243243243243243}, "hero_healing_per_min": {"raw": 0, "pct": 0.6075205640423031}, "tower_damage": {"raw": 0, "pct": 0.327262044653349}}}, {"account_id": 100666765, "player_slot": 1, "team_number": 0, "team_slot": 1, "hero_id": 119, "hero_variant": 1, "item_0": 598, "item_1": 36, "item_2": 231, "item_3": 28, "item_4": 108, "item_5": 102, "backpack_0": 236, "backpack_1": 0, "backpack_2": 0, "item_neutral": 1604, "item_neutral2": 1595, "kills": 2, "deaths": 12, "assists": 22, "leaver_status": 0, "last_hits": 155, "denies": 4, "gold_per_min": 393, "xp_per_min": 718, "level": 25, "net_worth": 19536, "aghanims_scepter": 0, "aghanims_shard": 0, "moonshard": 0, "hero_damage": 22628, "tower_damage": 21, "hero_healing": 5268, "gold": 2411, "gold_spent": 17845, "ability_upgrades_arr": [6341, 6339, 6341, 6339, 6342, 8340, 6342, 6341, 6341, 515, 6339, 6339, 6340, 6342, 7655, 6342, 6340, 6464], "personaname": "Tenebrax...", "name": null, "last_login": null, "rank_tier": 13, "computed_mmr": 3883.95, "is_subscriber": false, "radiant_win": false, "start_time": 1760837928, "duration": 3172, "cluster": 381, "lobby_type": 0, "game_mode": 22, "is_contributor": false, "patch": 58, "isRadiant": true, "win": 0, "lose": 1, "total_gold": 20776, "total_xp": 37958, "kills_per_min": 0.03783102143757881, "kda": 1.85, "abandons": 0, "benchmarks": {"gold_per_min": {"raw": 393, "pct": 0.7090301003344481}, "xp_per_min": {"raw": 718, "pct": 0.7926421404682275}, "kills_per_min": {"raw": 0.03783102143757881, "pct": 0.07224080267558529}, "last_hits_per_min": {"raw": 2.931904161412358, "pct": 0.8602006688963211}, "hero_damage_per_min": {"raw": 428.0201765447667, "pct": 0.4280936454849498}, "hero_healing_per_min": {"raw": 99.6469104665826, "pct": 0.9819397993311036}, "tower_damage": {"raw": 21, "pct": 0.21672240802675585}}}, {"account_id": 113346045, "player_slot": 2, "team_number": 0, "team_slot": 2, "hero_id": 44, "hero_variant": 2, "item_0": 116, "item_1": 63, "item_2": 162, "item_3": 145, "item_4": 168, "item_5": 143, "backpack_0": 4206, "backpack_1": 4206, "backpack_2": 4206, "item_neutral": 1605, "item_neutral2": 1594, "kills": 4, "deaths": 13, "assists": 12, "leaver_status": 0, "last_hits": 280, "denies": 6, "gold_per_min": 405, "xp_per_min": 515, "level": 22, "net_worth": 19269, "aghanims_scepter": 0, "aghanims_shard": 0, "moonshard": 0, "hero_damage": 16792, "tower_damage": 2073, "hero_healing": 0, "gold": 994, "gold_spent": 18985, "ability_upgrades_arr": [5190, 5191, 1287, 1287, 5191, 5193, 1287, 5190, 5190, 559, 1287, 5193, 5190, 5191, 491, 5191, 5193, 1074], "personaname": "Crazy-Jane", "name": null, "last_login": null, "rank_tier": 32, "computed_mmr": 3973.71, "is_subscriber": false, "radiant_win": false, "start_time": 1760837928, "duration": 3172, "cluster": 381, "lobby_type": 0, "game_mode": 22, "is_contributor": false, "patch": 58, "isRadiant": true, "win": 0, "lose": 1, "total_gold": 21411, "total_xp": 27226, "kills_per_min": 0.07566204287515763, "kda": 1.14, "abandons": 0, "benchmarks": {"gold_per_min": {"raw": 405, "pct": 0.20861516553933784}, "xp_per_min": {"raw": 515, "pct": 0.19508721965112139}, "kills_per_min": {"raw": 0.07566204287515763, "pct": 0.12068351726593093}, "last_hits_per_min": {"raw": 5.296343001261034, "pct": 0.271626913492346}, "hero_damage_per_min": {"raw": 317.6292559899117, "pct": 0.19508721965112139}, "hero_healing_per_min": {"raw": 0, "pct": 0.963688145247419}, "tower_damage": {"raw": 2073, "pct": 0.5272338910644357}}}, {"player_slot": 3, "team_number": 0, "team_slot": 3, "hero_id": 90, "hero_variant": 1, "item_0": 931, "item_1": 58, "item_2": 0, "item_3": 108, "item_4": 1802, "item_5": 100, "backpack_0": 0, "backpack_1": 0, "backpack_2": 0, "item_neutral": 1639, "item_neutral2": 1583, "kills": 3, "deaths": 18, "assists": 26, "leaver_status": 0, "last_hits": 130, "denies": 0, "gold_per_min": 391, "xp_per_min": 488, "level": 21, "net_worth": 15960, "aghanims_scepter": 0, "aghanims_shard": 0, "moonshard": 0, "hero_damage": 23346, "tower_damage": 51, "hero_healing": 11017, "gold": 335, "gold_spent": 17215, "ability_upgrades_arr": [5471, 5473, 5476, 5471, 5471, 5474, 5471, 5473, 5476, 657, 5476, 5473, 5474, 5473, 421, 5476, 5474, 664], "is_subscriber": false, "radiant_win": false, "start_time": 1760837928, "duration": 3172, "cluster": 381, "lobby_type": 0, "game_mode": 22, "is_contributor": false, "patch": 58, "isRadiant": true, "win": 0, "lose": 1, "total_gold": 20670, "total_xp": 25798, "kills_per_min": 0.05674653215636822, "kda": 1.53, "abandons": 0, "benchmarks": {"gold_per_min": {"raw": 391, "pct": 0.3336529242569511}, "xp_per_min": {"raw": 488, "pct": 0.25119846596356665}, "kills_per_min": {"raw": 0.05674653215636822, "pct": 0.19175455417066156}, "last_hits_per_min": {"raw": 2.4590163934426226, "pct": 0.22051773729626079}, "hero_damage_per_min": {"raw": 441.6015132408575, "pct": 0.2694151486097795}, "hero_healing_per_min": {"raw": 208.3921815889029, "pct": 0.6318312559923298}, "tower_damage": {"raw": 51, "pct": 0.21764141898370087}}}, {"player_slot": 4, "team_number": 0, "team_slot": 4, "hero_id": 12, "hero_variant": 3, "item_0": 220, "item_1": 225, "item_2": 174, "item_3": 114, "item_4": 250, "item_5": 139, "backpack_0": 0, "backpack_1": 0, "backpack_2": 0, "item_neutral": 1608, "item_neutral2": 1577, "kills": 33, "deaths": 4, "assists": 9, "leaver_status": 0, "last_hits": 297, "denies": 10, "gold_per_min": 780, "xp_per_min": 1299, "level": 30, "net_worth": 38397, "aghanims_scepter": 1, "aghanims_shard": 1, "moonshard": 0, "hero_damage": 101929, "tower_damage": 2399, "hero_healing": 0, "gold": 2447, "gold_spent": 39155, "ability_upgrades_arr": [5065, 1221, 5065, 1221, 5065, 1221, 5067, 5065, 5066, 1221, 5066, 5067, 5066, 5066, 1180, 6400, 5067, 1631, 6850, 1536, 563, 564, 1450], "is_subscriber": false, "radiant_win": false, "start_time": 1760837928, "duration": 3172, "cluster": 381, "lobby_type": 0, "game_mode": 22, "is_contributor": false, "patch": 58, "isRadiant": true, "win": 0, "lose": 1, "total_gold": 41236, "total_xp": 68673, "kills_per_min": 0.6242118537200504, "kda": 8.4, "abandons": 0, "benchmarks": {"gold_per_min": {"raw": 780, "pct": 0.8904593639575972}, "xp_per_min": {"raw": 1299, "pct": 0.961635537607269}, "kills_per_min": {"raw": 0.6242118537200505, "pct": 0.97778899545684}, "last_hits_per_min": {"raw": 5.617906683480454, "pct": 0.24280666330136294}, "hero_damage_per_min": {"raw": 1928.0390920554853, "pct": 0.9964664310954063}, "hero_healing_per_min": {"raw": 0, "pct": 0.9681978798586572}, "tower_damage": {"raw": 2399,