{"players": [{"player_slot": 0, "team_number": 0, "team_slot": 0, "hero_id": 110, "hero_variant": 0, "item_0": 190, "item_1": 73, "item_2": 100, "item_3": 119, "item_4": 137, "item_5": 29, "backpack_0": 0, "backpack_1": 0, "backpack_2": 0, "item_neutral": 1604, "item_neutral2": 1585, "kills": 12, "deaths": 4, "assists": 25, "leaver_status": 0, "last_hits": 227, "denies": 5, "gold_per_min": 597, "xp_per_min": 942, "level": 24, "net_worth": 19526, "aghanims_scepter": 0, "aghanims_shard": 1, "moonshard": 0, "hero_damage": 32567, "tower_damage": 3863, "hero_healing": 3461, "gold": 3621, "gold_spent": 17530, "ability_upgrades_arr": [5625, 5623, 5625, 5623, 5625, 5630, 5631, 5623, 5623, 5626, 1775, 5626, 5630, 5626, 5626, 6401, 5630, 6915], "is_subscriber": false, "radiant_win": true, "start_time": 1774487298, "duration": 2091, "cluster": 346, "lobby_type": 0, "game_mode": 22, "is_contributor": false, "patch": 60, "region": 38, "isRadiant": true, "win": 1, "lose": 0, "total_gold": 20805, "total_xp": 32828, "kills_per_min": 0.3443328550932568, "kda": 7.4, "abandons": 0, "benchmarks": {"gold_per_min": {"raw": 597, "pct": 0.9315006759801713}, "xp_per_min": {"raw": 942, "pct": 0.9319513294276701}, "kills_per_min": {"raw": 0.34433285509325684, "pct": 0.8886885984677783}, "last_hits_per_min": {"raw": 6.513629842180775, "pct": 0.9364578639026588}, "hero_damage_per_min": {"raw": 934.4906743185079, "pct": 0.7949526813880127}, "hero_healing_per_min": {"raw": 99.31133428981349, "pct": 0.7174402884182064}, "tower_damage": {"raw": 3863, "pct": 0.9576385759351059}}}, {"player_slot": 1, "team_number": 0, "team_slot": 1, "hero_id": 21, "hero_variant": 0, "item_0": 75, "item_1": 102, "item_2": 166, "item_3": 240, "item_4": 36, "item_5": 63, "backpack_0": 0, "backpack_1": 0, "backpack_2": 0, "item_neutral": 1605, "item_neutral2": 1597, "kills": 1, "deaths": 5, "assists": 12, "leaver_status": 0, "last_hits": 108, "denies": 3, "gold_per_min": 375, "xp_per_min": 538, "level": 18, "net_worth": 12109, "aghanims_scepter": 0, "aghanims_shard": 1, "moonshard": 0, "hero_damage": 11391, "tower_damage": 8633, "hero_healing": 0, "gold": 2694, "gold_spent": 10510, "ability_upgrades_arr": [5131, 5130, 5132, 5131, 5131, 5133, 5131, 5132, 5132, 6992, 5132, 5130, 5133, 5130, 5130, 6993, 5133], "is_subscriber": false, "radiant_win": true, "start_time": 1774487298, "duration": 2091, "cluster": 346, "lobby_type": 0, "game_mode": 22, "is_contributor": false, "patch": 60, "region": 38, "isRadiant": true, "win": 1, "lose": 0, "total_gold": 13068, "total_xp": 18749, "kills_per_min": 0.028694404591104734, "kda": 2.17, "abandons": 0, "benchmarks": {"gold_per_min": {"raw": 375, "pct": 0.2901469787697333}, "xp_per_min": {"raw": 538, "pct": 0.29069134458356016}, "kills_per_min": {"raw": 0.028694404591104734, "pct": 0.030756668481219378}, "last_hits_per_min": {"raw": 3.0989956958393114, "pct": 0.36908002177463256}, "hero_damage_per_min": {"raw": 326.857962697274, "pct": 0.1181273816004355}, "hero_healing_per_min": {"raw": 0, "pct": 0.8298856831790964}, "tower_damage": {"raw": 8633, "pct": 0.8459444746869896}}}, {"account_id": 218498314, "player_slot": 2, "team_number": 0, "team_slot": 2, "hero_id": 54, "hero_variant": 0, "item_0": 168, "item_1": 50, "item_2": 208, "item_3": 73, "item_4": 73, "item_5": 250, "backpack_0": 0, "backpack_1": 0, "backpack_2": 0, "item_neutral": 1603, "item_neutral2": 1586, "kills": 16, "deaths": 6, "assists": 19, "leaver_status": 0, "last_hits": 225, "denies": 18, "gold_per_min": 657, "xp_per_min": 929, "level": 24, "net_worth": 21841, "aghanims_scepter": 0, "aghanims_shard": 0, "moonshard": 0, "hero_damage": 36418, "tower_damage": 9400, "hero_healing": 2183, "gold": 3231, "gold_spent": 20495, "ability_upgrades_arr": [5250, 5249, 5250, 5251, 5250, 5252, 5250, 5251, 5251, 5251, 5920, 5249, 5252, 5249, 5249, 464, 5252, 709], "personaname": "-K'triin[A]", "name": null, "last_login": "2019-01-13T22:18:03.268Z", "rank_tier": 34, "computed_mmr": 3992.21, "is_subscriber": false, "radiant_win": true, "start_time": 1774487298, "duration": 2091, "cluster": 346, "lobby_type": 0, "game_mode": 22, "is_contributor": false, "patch": 60, "region": 38, "isRadiant": true, "win": 1, "lose": 0, "total_gold": 22896, "total_xp": 32375, "kills_per_min": 0.45911047345767575, "kda": 5, "abandons": 0, "benchmarks": {"gold_per_min": {"raw": 657, "pct": 0.7119433198380567}, "xp_per_min": {"raw": 929, "pct": 0.6536437246963562}, "kills_per_min": {"raw": 0.45911047345767575, "pct": 0.9427125506072874}, "last_hits_per_min": {"raw": 6.456241032998565, "pct": 0.3346153846153846}, "hero_damage_per_min": {"raw": 1044.9928263988522, "pct": 0.8587044534412955}, "hero_healing_per_min": {"raw": 62.639885222381636, "pct": 0.7777327935222672}, "tower_damage": {"raw": 9400, "pct": 0.6795546558704454}}}, {"player_slot": 3, "team_number": 0, "team_slot": 3, "hero_id": 71, "hero_variant": 0, "item_0": 50, "item_1": 44, "item_2": 152, "item_3": 0, "item_4": 218, "item_5": 108, "backpack_0": 0, "backpack_1": 0, "backpack_2": 0, "item_neutral": 1605, "item_neutral2": 1586, "kills": 7, "deaths": 8, "assists": 21, "leaver_status": 0, "last_hits": 70, "denies": 4, "gold_per_min": 375, "xp_per_min": 573, "level": 19, "net_worth": 11690, "aghanims_scepter": 0, "aghanims_shard": 0, "moonshard": 0, "hero_damage": 14995, "tower_damage": 1112, "hero_healing": 0, "gold": 2680, "gold_spent": 10475, "ability_upgrades_arr": [5355, 5353, 7301, 5355, 5355, 5356, 5355, 5353, 5353, 7022, 5353, 7301, 5356, 7301, 7301, 1821, 5356], "is_subscriber": false, "radiant_win": true, "start_time": 1774487298, "duration": 2091, "cluster": 346, "lobby_type": 0, "game_mode": 22, "is_contributor": false, "patch": 60, "region": 38, "isRadiant": true, "win": 1, "lose": 0, "total_gold": 13068, "total_xp": 19969, "kills_per_min": 0.20086083213773315, "kda": 3.11, "abandons": 0, "benchmarks": {"gold_per_min": {"raw": 375, "pct": 0.37889945106439954}, "xp_per_min": {"raw": 573, "pct": 0.35908421475431784}, "kills_per_min": {"raw": 0.20086083213773315, "pct": 0.6422546525639309}, "last_hits_per_min": {"raw": 2.0086083213773316, "pct": 0.31476770652028385}, "hero_damage_per_min": {"raw": 430.2725968436155, "pct": 0.3369929040032133}, "hero_healing_per_min": {"raw": 0, "pct": 0.727540500736377}, "tower_damage": {"raw": 1112, "pct": 0.7233900120498059}}}, {"account_id": 969905286, "player_slot": 4, "team_number": 0, "team_slot": 4, "hero_id": 2, "hero_variant": 0, "item_0": 37, "item_1": 1, "item_2": 127, "item_3": 108, "item_4": 273, "item_5": 242, "backpack_0": 188, "backpack_1": 50, "backpack_2": 0, "item_neutral": 675, "item_neutral2": 1585, "kills": 18, "deaths": 1, "assists": 11, "leaver_status": 0, "last_hits": 251, "denies": 4, "gold_per_min": 634, "xp_per_min": 836, "level": 23, "net_worth": 21631, "aghanims_scepter": 0, "aghanims_shard": 1, "moonshard": 0, "hero_damage": 19080, "tower_damage": 2958, "hero_healing": 0, "gold": 356, "gold_spent": 22385, "ability_upgrades_arr": [5009, 5008, 5009, 5007, 5009, 5010, 5009, 5008, 5008, 5008, 1189, 5007, 5010, 5007, 5007, 6102, 5010, 6145], "personaname": "Dioniso", "name": null, "last_login": null, "rank_tier": 25, "computed_mmr": null, "is_subscriber": false, "radiant_win": true, "start_time": 1774487298, "duration": 2091, "cluster": 346, "lobby_type": 0, "game_mode": 22, "is_contributor": false, "patch": 60, "region": 38, "isRadiant": true, "win": 1, "lose": 0, "total_gold": 22094, "total_xp": 29134, "kills_per_min": 0.5164992826398852, "kda": 14.5, "abandons": 0, "benchmarks": {"gold_per_min": {"raw": 634, "pct": 0.9290393013100436}, "xp_per_min": {"raw": 836, "pct": 0.7493449781659388}, "kills_per_min": {"raw": 0.5164992826398852, "pct": 0.9454148471615721}, "last_hits_per_min": {"raw": 7.202295552367288, "pct": 0.9495633187772926}, "hero_damage_per_min": {"raw": 547.4892395982783, "pct": 0.2550218340611354}, "hero_healing_per_min": {"raw": 0, "pct": 0.9272925764192139}, "tower_damage": {"raw": 2958,