{"players": [{"player_slot": 0, "team_number": 0, "team_slot": 0, "hero_id": 21, "hero_variant": 5, "item_0": 206, "item_1": 92, "item_2": 36, "item_3": 1, "item_4": 135, "item_5": 180, "backpack_0": 4206, "backpack_1": 4206, "backpack_2": 0, "item_neutral": 1605, "item_neutral2": 1584, "kills": 5, "deaths": 13, "assists": 19, "leaver_status": 0, "last_hits": 63, "denies": 1, "gold_per_min": 373, "xp_per_min": 562, "level": 20, "net_worth": 12747, "aghanims_scepter": 0, "aghanims_shard": 0, "moonshard": 0, "hero_damage": 11396, "tower_damage": 2133, "hero_healing": 0, "gold": 817, "gold_spent": 13450, "ability_upgrades_arr": [5131, 5130, 5132, 5130, 5131, 5133, 5131, 5130, 5131, 1195, 5132, 5133, 5130, 5132, 5132, 6992, 5133], "is_subscriber": false, "radiant_win": true, "start_time": 1745550798, "duration": 2362, "cluster": 346, "lobby_type": 7, "game_mode": 22, "is_contributor": false, "patch": 57, "region": 38, "isRadiant": true, "win": 1, "lose": 0, "total_gold": 14683, "total_xp": 22124, "kills_per_min": 0.12701100762066045, "kda": 1.71, "abandons": 0, "benchmarks": {"gold_per_min": {"raw": 373, "pct": 0.3143795804902704}, "xp_per_min": {"raw": 562, "pct": 0.3543088198129896}, "kills_per_min": {"raw": 0.12701100762066045, "pct": 0.3025018953752843}, "last_hits_per_min": {"raw": 1.6003386960203219, "pct": 0.10437199898913319}, "hero_damage_per_min": {"raw": 289.48348856900935, "pct": 0.08693454637351529}, "hero_healing_per_min": {"raw": 0, "pct": 0.8362395754359363}, "tower_damage": {"raw": 2133, "pct": 0.535253980288097}}}, {"account_id": 51831835, "player_slot": 1, "team_number": 0, "team_slot": 1, "hero_id": 48, "hero_variant": 3, "item_0": 172, "item_1": 63, "item_2": 139, "item_3": 147, "item_4": 263, "item_5": 40, "backpack_0": 0, "backpack_1": 0, "backpack_2": 0, "item_neutral": 1603, "item_neutral2": 1584, "kills": 13, "deaths": 7, "assists": 18, "leaver_status": 0, "last_hits": 275, "denies": 9, "gold_per_min": 642, "xp_per_min": 770, "level": 23, "net_worth": 22788, "aghanims_scepter": 0, "aghanims_shard": 0, "moonshard": 0, "hero_damage": 44411, "tower_damage": 7960, "hero_healing": 0, "gold": 4858, "gold_spent": 18815, "ability_upgrades_arr": [5222, 5223, 5222, 1462, 5222, 5223, 5222, 5225, 5223, 730, 7047, 5223, 730, 5225, 730, 323, 1462, 730, 5225, 6180, 1462, 1462], "personaname": "Chelos01", "name": null, "last_login": "2018-06-23T22:50:58.634Z", "rank_tier": 22, "computed_mmr": 3926.91, "is_subscriber": false, "radiant_win": true, "start_time": 1745550798, "duration": 2362, "cluster": 346, "lobby_type": 7, "game_mode": 22, "is_contributor": false, "patch": 57, "region": 38, "isRadiant": true, "win": 1, "lose": 0, "total_gold": 25273, "total_xp": 30312, "kills_per_min": 0.3302286198137172, "kda": 3.88, "abandons": 0, "benchmarks": {"gold_per_min": {"raw": 642, "pct": 0.5121261115602264}, "xp_per_min": {"raw": 770, "pct": 0.4110751818916734}, "kills_per_min": {"raw": 0.3302286198137172, "pct": 0.8253839935327405}, "last_hits_per_min": {"raw": 6.985605419136325, "pct": 0.21139854486661278}, "hero_damage_per_min": {"raw": 1128.1371718882303, "pct": 0.891269199676637}, "hero_healing_per_min": {"raw": 0, "pct": 0.9624090541632982}, "tower_damage": {"raw": 7960, "pct": 0.5282942603071948}}}, {"player_slot": 2, "team_number": 0, "team_slot": 2, "hero_id": 50, "hero_variant": 2, "item_0": 180, "item_1": 108, "item_2": 42, "item_3": 1575, "item_4": 36, "item_5": 232, "backpack_0": 0, "backpack_1": 38, "backpack_2": 0, "item_neutral": 1158, "item_neutral2": 1586, "kills": 4, "deaths": 11, "assists": 30, "leaver_status": 0, "last_hits": 48, "denies": 6, "gold_per_min": 344, "xp_per_min": 561, "level": 20, "net_worth": 9635, "aghanims_scepter": 0, "aghanims_shard": 0, "moonshard": 0, "hero_damage": 14376, "tower_damage": 316, "hero_healing": 10253, "gold": 1010, "gold_spent": 10565, "ability_upgrades_arr": [5233, 5235, 5233, 5235, 5234, 1550, 5233, 5233, 5234, 1018, 5235, 1550, 5235, 5234, 6232, 5234, 1550, 6528], "is_subscriber": false, "radiant_win": true, "start_time": 1745550798, "duration": 2362, "cluster": 346, "lobby_type": 7, "game_mode": 22, "is_contributor": false, "patch": 57, "region": 38, "isRadiant": true, "win": 1, "lose": 0, "total_gold": 13542, "total_xp": 22084, "kills_per_min": 0.10160880609652836, "kda": 2.83, "abandons": 0, "benchmarks": {"gold_per_min": {"raw": 344, "pct": 0.6497939964685109}, "xp_per_min": {"raw": 561, "pct": 0.5797527957622131}, "kills_per_min": {"raw": 0.10160880609652836, "pct": 0.6556798116539141}, "last_hits_per_min": {"raw": 1.2193056731583403, "pct": 0.3866980576809888}, "hero_damage_per_min": {"raw": 365.18204911092295, "pct": 0.786933490288405}, "hero_healing_per_min": {"raw": 260.44877222692634, "pct": 0.4720423778693349}, "tower_damage": {"raw": 316, "pct": 0.46262507357268984}}}, {"player_slot": 3, "team_number": 0, "team_slot": 3, "hero_id": 84, "hero_variant": 1, "item_0": 114, "item_1": 231, "item_2": 0, "item_3": 1, "item_4": 65, "item_5": 176, "backpack_0": 0, "backpack_1": 0, "backpack_2": 0, "item_neutral": 1605, "item_neutral2": 1584, "kills": 9, "deaths": 6, "assists": 29, "leaver_status": 0, "last_hits": 141, "denies": 13, "gold_per_min": 614, "xp_per_min": 1031, "level": 26, "net_worth": 22787, "aghanims_scepter": 0, "aghanims_shard": 0, "moonshard": 0, "hero_damage": 38756, "tower_damage": 5837, "hero_healing": 3852, "gold": 2712, "gold_spent": 21150, "ability_upgrades_arr": [5439, 5438, 5439, 5440, 5439, 5441, 5438, 5438, 5438, 5439, 5440, 5441, 5440, 5440, 403, 442, 5441, 6708, 6707], "is_subscriber": false, "radiant_win": true, "start_time": 1745550798, "duration": 2362, "cluster": 346, "lobby_type": 7, "game_mode": 22, "is_contributor": false, "patch": 57, "region": 38, "isRadiant": true, "win": 1, "lose": 0, "total_gold": 24171, "total_xp": 40587, "kills_per_min": 0.2286198137171888, "kda": 5.43, "abandons": 0, "benchmarks": {"gold_per_min": {"raw": 614, "pct": 0.892162758067749}, "xp_per_min": {"raw": 1031, "pct": 0.9727400280617359}, "kills_per_min": {"raw": 0.22861981371718884, "pct": 0.8566847063539788}, "last_hits_per_min": {"raw": 3.581710414902625, "pct": 0.744237322108639}, "hero_damage_per_min": {"raw": 984.4877222692634, "pct": 0.9551012226899178}, "hero_healing_per_min": {"raw": 97.84928027095681, "pct": 0.9631188614952897}, "tower_damage": {"raw": 5837, "pct": 0.9366606534375627}}}, {"player_slot": 4, "team_number": 0, "team_slot": 4, "hero_id": 36, "hero_variant": 2, "item_0": 73, "item_1": 114, "item_2": 235, "item_3": 180, "item_4": 100, "item_5": 137, "backpack_0": 34, "backpack_1": 0, "backpack_2": 0, "item_neutral": 840, "item_neutral2": 1585, "kills": 18, "deaths": 7, "assists": 12, "leaver_status": 0, "last_hits": 209, "denies": 2, "gold_per_min": 611, "xp_per_min": 979, "level": 26, "net_worth": 23183, "aghanims_scepter": 0, "aghanims_shard": 1, "moonshard": 0, "hero_damage": 34514, "tower_damage": 3563, "hero_healing": 4803, "gold": 2378, "gold_spent": 21600, "ability_upgrades_arr": [5158, 1270, 5159, 5159, 5158, 5161, 5159, 5158, 5158, 820, 5159, 5161, 1270, 1270, 7110, 1270, 5161, 1050, 6010], "is_subscriber": false, "radiant_win": true, "start_time": 1745550798, "duration": 2362, "cluster": 346, "lobby_type": 7, "game_mode": 22, "is_contributor": false, "patch": 57, "region": 38, "isRadiant": true, "win": 1, "lose": 0, "total_gold": 24053, "total_xp": 38539, "kills_per_min": 0.4572396274343776, "kda": 3.75, "abandons": 0, "benchmarks": {"gold_per_min": {"raw": 611, "pct": 0.6057645334636053}, "xp_per_min": {"raw": 979, "pct": 0.772105520273571}, "kills_per_min": {"raw": 0.4572396274343777, "pct": 0.8800683927699072}, "last_hits_per_min": {"raw": 5.3090601185436075, "pct": 0.28334147532975085}, "hero_damage_per_min": {"raw": 876.731583403895, "pct": 0.5407914020517831}, "hero_healing_per_min": {"raw": 122.00677392040643, "pct": 0.4323400097703957}, "tower_damage": {"raw": 3563, "pct": 0.7994626282364435}}}, {"player_slot": 128, "team_number": 1,