{"players": [{"account_id": 1018333445, "player_slot": 0, "team_number": 0, "team_slot": 0, "hero_id": 63, "hero_variant": 2, "item_0": 34, "item_1": 596, "item_2": 123, "item_3": 158, "item_4": 168, "item_5": 40, "backpack_0": 0, "backpack_1": 0, "backpack_2": 0, "item_neutral": 1603, "item_neutral2": 1584, "kills": 8, "deaths": 9, "assists": 16, "leaver_status": 0, "last_hits": 204, "denies": 8, "gold_per_min": 410, "xp_per_min": 634, "level": 22, "net_worth": 15794, "aghanims_scepter": 0, "aghanims_shard": 0, "moonshard": 0, "hero_damage": 35271, "tower_damage": 986, "hero_healing": 0, "gold": 489, "gold_spent": 15965, "ability_upgrades_arr": [5290, 5289, 5289, 5290, 5291, 5292, 5290, 5290, 5289, 5289, 5291, 5292, 5291, 5291, 6115, 6987, 5292, 6131], "personaname": "Fun Ghoul", "name": null, "last_login": null, "rank_tier": 22, "computed_mmr": 3881.2, "is_subscriber": false, "radiant_win": false, "start_time": 1757734487, "duration": 2672, "cluster": 241, "lobby_type": 7, "game_mode": 22, "is_contributor": false, "patch": 58, "region": 14, "isRadiant": true, "win": 0, "lose": 1, "total_gold": 18258, "total_xp": 28234, "kills_per_min": 0.17964071856287425, "kda": 2.4, "abandons": 0, "benchmarks": {"gold_per_min": {"raw": 410, "pct": 0.2527043269230769}, "xp_per_min": {"raw": 634, "pct": 0.32602163461538464}, "kills_per_min": {"raw": 0.17964071856287425, "pct": 0.3918269230769231}, "last_hits_per_min": {"raw": 4.580838323353293, "pct": 0.34825721153846156}, "hero_damage_per_min": {"raw": 792.0134730538922, "pct": 0.6986177884615384}, "hero_healing_per_min": {"raw": 0, "pct": 0.81640625}, "tower_damage": {"raw": 986, "pct": 0.31790865384615385}}}, {"player_slot": 1, "team_number": 0, "team_slot": 1, "hero_id": 35, "hero_variant": 1, "item_0": 158, "item_1": 36, "item_2": 263, "item_3": 141, "item_4": 63, "item_5": 75, "backpack_0": 0, "backpack_1": 4206, "backpack_2": 218, "item_neutral": 1605, "item_neutral2": 1594, "kills": 17, "deaths": 16, "assists": 15, "leaver_status": 0, "last_hits": 191, "denies": 6, "gold_per_min": 520, "xp_per_min": 660, "level": 23, "net_worth": 18080, "aghanims_scepter": 0, "aghanims_shard": 0, "moonshard": 0, "hero_damage": 32939, "tower_damage": 1866, "hero_healing": 0, "gold": 575, "gold_spent": 18095, "ability_upgrades_arr": [5154, 5155, 5154, 5155, 5154, 5157, 5155, 5155, 5154, 928, 5156, 5157, 5156, 5156, 6305, 5156, 5157, 1455], "is_subscriber": false, "radiant_win": false, "start_time": 1757734487, "duration": 2672, "cluster": 241, "lobby_type": 7, "game_mode": 22, "is_contributor": false, "patch": 58, "region": 14, "isRadiant": true, "win": 0, "lose": 1, "total_gold": 23157, "total_xp": 29392, "kills_per_min": 0.3817365269461078, "kda": 1.88, "abandons": 0, "benchmarks": {"gold_per_min": {"raw": 520, "pct": 0.4079933388842631}, "xp_per_min": {"raw": 660, "pct": 0.41898417985012487}, "kills_per_min": {"raw": 0.38173652694610777, "pct": 0.8039966694421316}, "last_hits_per_min": {"raw": 4.288922155688623, "pct": 0.21748542880932556}, "hero_damage_per_min": {"raw": 739.6482035928144, "pct": 0.3766860949208993}, "hero_healing_per_min": {"raw": 0, "pct": 0.9365528726061615}, "tower_damage": {"raw": 1866, "pct": 0.38767693588676105}}}, {"player_slot": 2, "team_number": 0, "team_slot": 2, "hero_id": 30, "hero_variant": 3, "item_0": 254, "item_1": 37, "item_2": 180, "item_3": 108, "item_4": 0, "item_5": 218, "backpack_0": 0, "backpack_1": 0, "backpack_2": 0, "item_neutral": 1158, "item_neutral2": 1594, "kills": 9, "deaths": 15, "assists": 17, "leaver_status": 0, "last_hits": 66, "denies": 6, "gold_per_min": 386, "xp_per_min": 709, "level": 24, "net_worth": 12358, "aghanims_scepter": 0, "aghanims_shard": 1, "moonshard": 0, "hero_damage": 21650, "tower_damage": 346, "hero_healing": 1372, "gold": 1358, "gold_spent": 12540, "ability_upgrades_arr": [5138, 5140, 5140, 5138, 5140, 5141, 5140, 5138, 5138, 5959, 5139, 5141, 5139, 5139, 6524, 5139, 5141, 5998], "is_subscriber": false, "radiant_win": false, "start_time": 1757734487, "duration": 2672, "cluster": 241, "lobby_type": 7, "game_mode": 22, "is_contributor": false, "patch": 58, "region": 14, "isRadiant": true, "win": 0, "lose": 1, "total_gold": 17189, "total_xp": 31574, "kills_per_min": 0.20209580838323354, "kda": 1.63, "abandons": 0, "benchmarks": {"gold_per_min": {"raw": 386, "pct": 0.6230618038873117}, "xp_per_min": {"raw": 709, "pct": 0.823542258134964}, "kills_per_min": {"raw": 0.20209580838323354, "pct": 0.595763267088884}, "last_hits_per_min": {"raw": 1.4820359281437125, "pct": 0.7184974885346146}, "hero_damage_per_min": {"raw": 486.1526946107784, "pct": 0.40598383926621534}, "hero_healing_per_min": {"raw": 30.808383233532933, "pct": 0.15658440707578075}, "tower_damage": {"raw": 346, "pct": 0.5363616510155056}}}, {"player_slot": 3, "team_number": 0, "team_slot": 3, "hero_id": 12, "hero_variant": 2, "item_0": 174, "item_1": 36, "item_2": 63, "item_3": 40, "item_4": 114, "item_5": 147, "backpack_0": 0, "backpack_1": 0, "backpack_2": 0, "item_neutral": 1607, "item_neutral2": 1585, "kills": 10, "deaths": 12, "assists": 16, "leaver_status": 0, "last_hits": 164, "denies": 3, "gold_per_min": 435, "xp_per_min": 569, "level": 21, "net_worth": 17018, "aghanims_scepter": 0, "aghanims_shard": 1, "moonshard": 0, "hero_damage": 29381, "tower_damage": 1147, "hero_healing": 0, "gold": 1158, "gold_spent": 17090, "ability_upgrades_arr": [5065, 5066, 5065, 1221, 5065, 5067, 5065, 5066, 5066, 5066, 1180, 5067, 1221, 1221, 1221, 6400, 5067, 564], "is_subscriber": false, "radiant_win": false, "start_time": 1757734487, "duration": 2672, "cluster": 241, "lobby_type": 7, "game_mode": 22, "is_contributor": false, "patch": 58, "region": 14, "isRadiant": true, "win": 0, "lose": 1, "total_gold": 19372, "total_xp": 25339, "kills_per_min": 0.22455089820359284, "kda": 2, "abandons": 0, "benchmarks": {"gold_per_min": {"raw": 435, "pct": 0.21756688541140837}, "xp_per_min": {"raw": 569, "pct": 0.21554770318021202}, "kills_per_min": {"raw": 0.2245508982035928, "pct": 0.5547703180212014}, "last_hits_per_min": {"raw": 3.682634730538922, "pct": 0.08228167592125189}, "hero_damage_per_min": {"raw": 659.752994011976, "pct": 0.5406360424028268}, "hero_healing_per_min": {"raw": 0, "pct": 0.9681978798586572}, "tower_damage": {"raw": 1147, "pct": 0.3493185259969712}}}, {"player_slot": 4, "team_number": 0, "team_slot": 4, "hero_id": 29, "hero_variant": 1, "item_0": 1, "item_1": 0, "item_2": 50, "item_3": 168, "item_4": 108, "item_5": 0, "backpack_0": 0, "backpack_1": 0, "backpack_2": 0, "item_neutral": 1603, "item_neutral2": 1577, "kills": 6, "deaths": 11, "assists": 21, "leaver_status": 0, "last_hits": 165, "denies": 12, "gold_per_min": 426, "xp_per_min": 968, "level": 26, "net_worth": 16158, "aghanims_scepter": 0, "aghanims_shard": 1, "moonshard": 0, "hero_damage": 22888, "tower_damage": 433, "hero_healing": 0, "gold": 3208, "gold_spent": 16795, "ability_upgrades_arr": [5118, 5120, 5120, 5119, 5120, 5121, 5120, 5119, 5119, 963, 5119, 5121, 5118, 5118, 6945, 5118, 5121, 6151, 7979], "is_subscriber": false, "radiant_win": false, "start_time": 1757734487, "duration": 2672, "cluster": 241, "lobby_type": 7, "game_mode": 22, "is_contributor": false, "patch": 58, "region": 14, "isRadiant": true, "win": 0, "lose": 1, "total_gold": 18971, "total_xp": 43108, "kills_per_min": 0.1347305389221557, "kda": 2.25, "abandons": 0, "benchmarks": {"gold_per_min": {"raw": 426, "pct": 0.3392915177120572}, "xp_per_min": {"raw": 968, "pct": 0.9184270393240169}, "kills_per_min": {"raw": 0.1347305389221557, "pct": 0.5235619109522262}, "last_hits_per_min": {"raw": 3.7050898203592815, "pct": 0.19629509262268444}, "hero_damage_per_min": {"raw": 513.9520958083832, "pct": 0.4029899252518687}, "hero_healing_per_min": {"raw": 0, "pct": 0.4406889827754306}, "tower_damage": {"raw": 433, "pct": 0.3392915177120572}}}, {"player_slot": 128, "team_number": 1, "team_slot": 0, "hero_id": 71, "hero_variant": 1, "item_0": 127, "item_1": 267,