{"players": [{"player_slot": 0, "team_number": 0, "team_slot": 0, "hero_id": 26, "hero_variant": 1, "item_0": 254, "item_1": 108, "item_2": 232, "item_3": 214, "item_4": 235, "item_5": 1, "backpack_0": 43, "backpack_1": 0, "backpack_2": 0, "item_neutral": 1607, "item_neutral2": 1583, "kills": 7, "deaths": 7, "assists": 31, "leaver_status": 0, "last_hits": 97, "denies": 1, "gold_per_min": 434, "xp_per_min": 878, "level": 27, "net_worth": 20081, "aghanims_scepter": 0, "aghanims_shard": 1, "moonshard": 0, "hero_damage": 24583, "tower_damage": 1951, "hero_healing": 0, "gold": 2056, "gold_spent": 20115, "ability_upgrades_arr": [5044, 5046, 5046, 5045, 5044, 5047, 5044, 5044, 5046, 5046, 5045, 5047, 5045, 5045, 401, 465, 5047, 777, 6389, 5918], "is_subscriber": false, "radiant_win": true, "start_time": 1760918149, "duration": 3098, "cluster": 346, "lobby_type": 7, "game_mode": 22, "is_contributor": false, "patch": 58, "region": 38, "isRadiant": true, "win": 1, "lose": 0, "total_gold": 22408, "total_xp": 45334, "kills_per_min": 0.1355713363460297, "kda": 4.75, "abandons": 0, "benchmarks": {"gold_per_min": {"raw": 434, "pct": 0.8647014361300076}, "xp_per_min": {"raw": 878, "pct": 0.926681783824641}, "kills_per_min": {"raw": 0.13557133634602972, "pct": 0.5027714789619552}, "last_hits_per_min": {"raw": 1.878631375080697, "pct": 0.7669438145628622}, "hero_damage_per_min": {"raw": 476.1071659134926, "pct": 0.8274124464600655}, "hero_healing_per_min": {"raw": 0, "pct": 0.754976064499874}, "tower_damage": {"raw": 1951, "pct": 0.8755353993449232}}}, {"account_id": 157956468, "player_slot": 1, "team_number": 0, "team_slot": 1, "hero_id": 39, "hero_variant": 2, "item_0": 63, "item_1": 119, "item_2": 127, "item_3": 41, "item_4": 116, "item_5": 273, "backpack_0": 0, "backpack_1": 0, "backpack_2": 0, "item_neutral": 1604, "item_neutral2": 1577, "kills": 11, "deaths": 6, "assists": 22, "leaver_status": 0, "last_hits": 375, "denies": 11, "gold_per_min": 649, "xp_per_min": 822, "level": 26, "net_worth": 30563, "aghanims_scepter": 1, "aghanims_shard": 1, "moonshard": 0, "hero_damage": 60254, "tower_damage": 5805, "hero_healing": 0, "gold": 5363, "gold_spent": 27285, "ability_upgrades_arr": [5173, 5175, 5175, 5174, 5175, 5176, 5175, 5174, 5174, 5174, 5173, 5176, 1279, 5173, 629, 5173, 5176, 590, 965], "personaname": "Full corte elegampi", "name": null, "last_login": null, "rank_tier": 51, "computed_mmr": 3895.1, "is_subscriber": false, "radiant_win": true, "start_time": 1760918149, "duration": 3098, "cluster": 346, "lobby_type": 7, "game_mode": 22, "is_contributor": false, "patch": 58, "region": 38, "isRadiant": true, "win": 1, "lose": 0, "total_gold": 33510, "total_xp": 42442, "kills_per_min": 0.2130406714009038, "kda": 4.71, "abandons": 0, "benchmarks": {"gold_per_min": {"raw": 649, "pct": 0.8163463877402092}, "xp_per_min": {"raw": 822, "pct": 0.5757723181707614}, "kills_per_min": {"raw": 0.21304067140090382, "pct": 0.4164436876672343}, "last_hits_per_min": {"raw": 7.2627501613944485, "pct": 0.8134273899294575}, "hero_damage_per_min": {"raw": 1166.9593285990961, "pct": 0.82656288007784}, "hero_healing_per_min": {"raw": 0, "pct": 0.806373145220141}, "tower_damage": {"raw": 5805, "pct": 0.8910240817319387}}}, {"player_slot": 2, "team_number": 0, "team_slot": 2, "hero_id": 41, "hero_variant": 2, "item_0": 116, "item_1": 63, "item_2": 147, "item_3": 135, "item_4": 156, "item_5": 158, "backpack_0": 0, "backpack_1": 3, "backpack_2": 0, "item_neutral": 1641, "item_neutral2": 1586, "kills": 9, "deaths": 4, "assists": 19, "leaver_status": 0, "last_hits": 436, "denies": 4, "gold_per_min": 692, "xp_per_min": 1095, "level": 29, "net_worth": 33167, "aghanims_scepter": 0, "aghanims_shard": 1, "moonshard": 0, "hero_damage": 51124, "tower_damage": 9361, "hero_healing": 0, "gold": 5217, "gold_spent": 31980, "ability_upgrades_arr": [5182, 5691, 5691, 5184, 5182, 5185, 5184, 5182, 5691, 867, 5184, 5185, 5182, 5184, 6807, 5691, 5185, 6128, 7001, 856, 868, 7388], "is_subscriber": false, "radiant_win": true, "start_time": 1760918149, "duration": 3098, "cluster": 346, "lobby_type": 7, "game_mode": 22, "is_contributor": false, "patch": 58, "region": 38, "isRadiant": true, "win": 1, "lose": 0, "total_gold": 35730, "total_xp": 56538, "kills_per_min": 0.17430600387346676, "kda": 5.6, "abandons": 0, "benchmarks": {"gold_per_min": {"raw": 692, "pct": 0.8040563767617738}, "xp_per_min": {"raw": 1095, "pct": 0.8494327947748367}, "kills_per_min": {"raw": 0.17430600387346676, "pct": 0.4489515297353042}, "last_hits_per_min": {"raw": 8.444157520981278, "pct": 0.7758679958748711}, "hero_damage_per_min": {"raw": 990.1355713363462, "pct": 0.9027157098659333}, "hero_healing_per_min": {"raw": 0, "pct": 0.9491234101065659}, "tower_damage": {"raw": 9361, "pct": 0.7590237194912342}}}, {"player_slot": 3, "team_number": 0, "team_slot": 3, "hero_id": 28, "hero_variant": 2, "item_0": 112, "item_1": 151, "item_2": 600, "item_3": 116, "item_4": 63, "item_5": 168, "backpack_0": 39, "backpack_1": 216, "backpack_2": 38, "item_neutral": 1608, "item_neutral2": 1584, "kills": 16, "deaths": 6, "assists": 17, "leaver_status": 0, "last_hits": 261, "denies": 7, "gold_per_min": 603, "xp_per_min": 808, "level": 26, "net_worth": 28145, "aghanims_scepter": 0, "aghanims_shard": 1, "moonshard": 0, "hero_damage": 42710, "tower_damage": 4550, "hero_healing": 0, "gold": 2740, "gold_spent": 27715, "ability_upgrades_arr": [5116, 5114, 5116, 5115, 5116, 5117, 5116, 5114, 5114, 5115, 852, 5117, 5114, 5115, 6889, 5115, 5117, 504, 6890], "is_subscriber": false, "radiant_win": true, "start_time": 1760918149, "duration": 3098, "cluster": 346, "lobby_type": 7, "game_mode": 22, "is_contributor": false, "patch": 58, "region": 38, "isRadiant": true, "win": 1, "lose": 0, "total_gold": 31134, "total_xp": 41719, "kills_per_min": 0.3098773402194965, "kda": 4.71, "abandons": 0, "benchmarks": {"gold_per_min": {"raw": 603, "pct": 0.8925653594771242}, "xp_per_min": {"raw": 808, "pct": 0.6964869281045751}, "kills_per_min": {"raw": 0.3098773402194964, "pct": 0.8178104575163399}, "last_hits_per_min": {"raw": 5.054874112330536, "pct": 0.6678921568627451}, "hero_damage_per_min": {"raw": 827.1788250484183, "pct": 0.9060457516339869}, "hero_healing_per_min": {"raw": 0, "pct": 0.9383169934640523}, "tower_damage": {"raw": 4550, "pct": 0.8541666666666666}}}, {"player_slot": 4, "team_number": 0, "team_slot": 4, "hero_id": 21, "hero_variant": 5, "item_0": 50, "item_1": 116, "item_2": 240, "item_3": 166, "item_4": 141, "item_5": 26, "backpack_0": 188, "backpack_1": 43, "backpack_2": 0, "item_neutral": 1601, "item_neutral2": 1594, "kills": 8, "deaths": 10, "assists": 25, "leaver_status": 0, "last_hits": 142, "denies": 7, "gold_per_min": 457, "xp_per_min": 863, "level": 27, "net_worth": 21187, "aghanims_scepter": 0, "aghanims_shard": 0, "moonshard": 0, "hero_damage": 38280, "tower_damage": 5665, "hero_healing": 0, "gold": 5787, "gold_spent": 17290, "ability_upgrades_arr": [5132, 5130, 5132, 5130, 5130, 5133, 5130, 5132, 5132, 5920, 5131, 5133, 5131, 5131, 5131, 6992, 5133, 7889, 1071, 1195], "is_subscriber": false, "radiant_win": true, "start_time": 1760918149, "duration": 3098, "cluster": 346, "lobby_type": 7, "game_mode": 22, "is_contributor": false, "patch": 58, "region": 38, "isRadiant": true, "win": 1, "lose": 0, "total_gold": 23596, "total_xp": 44559, "kills_per_min": 0.15493867010974824, "kda": 3, "abandons": 0, "benchmarks": {"gold_per_min": {"raw": 457, "pct": 0.5724033358605004}, "xp_per_min": {"raw": 863, "pct": 0.8182966894111701}, "kills_per_min": {"raw": 0.1549386701097482, "pct": 0.3980288097043215}, "last_hits_per_min": {"raw": 2.750161394448031, "pct": 0.31387414708112205}, "hero_damage_per_min": {"raw": 741.3815364751453, "pct": 0.7980793530452363}, "hero_healing_per_min": {"raw": 0, "pct": 0.8362395754359363}, "tower_damage": {"raw": 5665, "pct": 0.7725549658832449}}}, {"player_slot": 128, "team_number": 1, "team_slot": 0, "hero_id": 45,