{"match_id": 8701359043, "players": [{"account_id": 142178388, "player_slot": 0, "party_id": 0, "permanent_buffs": [], "party_size": 1, "team_number": 0, "team_slot": 0, "hero_id": 74, "hero_variant": 3, "item_0": 0, "item_1": 102, "item_2": 250, "item_3": 244, "item_4": 48, "item_5": 77, "backpack_0": 0, "backpack_1": 0, "backpack_2": 0, "item_neutral": 1605, "item_neutral2": 1577, "kills": 8, "deaths": 5, "assists": 20, "leaver_status": 0, "last_hits": 158, "denies": 2, "gold_per_min": 440, "xp_per_min": 699, "level": 24, "net_worth": 17962, "aghanims_scepter": 0, "aghanims_shard": 0, "moonshard": 0, "hero_damage": 21681, "tower_damage": 4360, "hero_healing": 728, "gold": 5907, "gold_spent": 14265, "ability_upgrades_arr": [5370, 5372, 5372, 5370, 5372, 5371, 5372, 5370, 5372, 5370, 6099, 5372, 5371, 5372, 5371, 5371, 7148, 5371, 5370, 5371, 5371, 6657, 5370, 5370], "personaname": "ツ", "name": null, "last_login": null, "rank_tier": 42, "computed_mmr": 4074.62, "is_subscriber": false, "radiant_win": true, "start_time": 1771752670, "duration": 2760, "cluster": 183, "lobby_type": 7, "game_mode": 22, "is_contributor": false, "patch": 59, "region": 8, "isRadiant": true, "win": 1, "lose": 0, "total_gold": 20240, "total_xp": 32154, "kills_per_min": 0.17391304347826086, "kda": 4.67, "abandons": 0, "benchmarks": {"gold_per_min": {"raw": 440, "pct": 0.38249871816783454}, "xp_per_min": {"raw": 699, "pct": 0.5281148521620236}, "kills_per_min": {"raw": 0.17391304347826086, "pct": 0.40181165612715775}, "last_hits_per_min": {"raw": 3.4347826086956523, "pct": 0.38386600581097247}, "hero_damage_per_min": {"raw": 471.32608695652175, "pct": 0.2156896257050077}, "hero_healing_per_min": {"raw": 15.826086956521738, "pct": 0.9562467954195863}, "tower_damage": {"raw": 4360, "pct": 0.610835754571868}}}, {"account_id": 254267821, "player_slot": 1, "party_id": 1, "permanent_buffs": [{"permanent_buff": 12, "stack_count": 0, "grant_time": 2319}], "party_size": 1, "team_number": 0, "team_slot": 1, "hero_id": 87, "hero_variant": 3, "item_0": 231, "item_1": 254, "item_2": 0, "item_3": 108, "item_4": 34, "item_5": 0, "backpack_0": 188, "backpack_1": 0, "backpack_2": 0, "item_neutral": 1158, "item_neutral2": 1583, "kills": 7, "deaths": 11, "assists": 25, "leaver_status": 0, "last_hits": 57, "denies": 1, "gold_per_min": 389, "xp_per_min": 616, "level": 22, "net_worth": 16730, "aghanims_scepter": 0, "aghanims_shard": 1, "moonshard": 0, "hero_damage": 15885, "tower_damage": 668, "hero_healing": 3700, "gold": 4330, "gold_spent": 13275, "ability_upgrades_arr": [5458, 5459, 5460, 5459, 5459, 5461, 5458, 5458, 5458, 5460, 1142, 5460, 5461, 5460, 5459, 6215, 5461], "personaname": "Здохни или Умри", "name": null, "last_login": null, "rank_tier": 41, "computed_mmr": 3876.88, "is_subscriber": false, "radiant_win": true, "start_time": 1771752670, "duration": 2760, "cluster": 183, "lobby_type": 7, "game_mode": 22, "is_contributor": false, "patch": 59, "region": 8, "isRadiant": true, "win": 1, "lose": 0, "total_gold": 17894, "total_xp": 28336, "kills_per_min": 0.15217391304347827, "kda": 2.67, "abandons": 0, "benchmarks": {"gold_per_min": {"raw": 389, "pct": 0.8977591036414566}, "xp_per_min": {"raw": 616, "pct": 0.6932773109243697}, "kills_per_min": {"raw": 0.15217391304347824, "pct": 0.8020541549953315}, "last_hits_per_min": {"raw": 1.2391304347826086, "pct": 0.6437908496732027}, "hero_damage_per_min": {"raw": 345.32608695652175, "pct": 0.41083099906629317}, "hero_healing_per_min": {"raw": 80.43478260869566, "pct": 0.9705882352941176}, "tower_damage": {"raw": 668, "pct": 0.7507002801120448}}}, {"account_id": 924388717, "player_slot": 2, "party_id": 2, "permanent_buffs": [], "party_size": 1, "team_number": 0, "team_slot": 2, "hero_id": 39, "hero_variant": 2, "item_0": 116, "item_1": 100, "item_2": 201, "item_3": 96, "item_4": 41, "item_5": 273, "backpack_0": 0, "backpack_1": 0, "backpack_2": 0, "item_neutral": 1168, "item_neutral2": 1592, "kills": 12, "deaths": 7, "assists": 11, "leaver_status": 0, "last_hits": 204, "denies": 13, "gold_per_min": 502, "xp_per_min": 746, "level": 24, "net_worth": 21846, "aghanims_scepter": 0, "aghanims_shard": 0, "moonshard": 0, "hero_damage": 33513, "tower_damage": 3279, "hero_healing": 0, "gold": 1171, "gold_spent": 21660, "ability_upgrades_arr": [5175, 5174, 5175, 5174, 5175, 5176, 5175, 5174, 5174, 6115, 5173, 5173, 5176, 5173, 5173, 629, 5176, 590], "personaname": "#нельзякокаколу", "name": null, "last_login": "2022-05-03T14:01:16.558Z", "rank_tier": 41, "computed_mmr": 4280.7, "is_subscriber": false, "radiant_win": true, "start_time": 1771752670, "duration": 2760, "cluster": 183, "lobby_type": 7, "game_mode": 22, "is_contributor": false, "patch": 59, "region": 8, "isRadiant": true, "win": 1, "lose": 0, "total_gold": 23092, "total_xp": 34316, "kills_per_min": 0.2608695652173913, "kda": 2.88, "abandons": 0, "benchmarks": {"gold_per_min": {"raw": 502, "pct": 0.4808354372274501}, "xp_per_min": {"raw": 746, "pct": 0.48886848749139317}, "kills_per_min": {"raw": 0.2608695652173913, "pct": 0.5820518705531329}, "last_hits_per_min": {"raw": 4.434782608695652, "pct": 0.3715859536378242}, "hero_damage_per_min": {"raw": 728.5434782608696, "pct": 0.393389947211384}, "hero_healing_per_min": {"raw": 0, "pct": 0.8069772779435391}, "tower_damage": {"raw": 3279, "pct": 0.6887766812026623}}}, {"account_id": 1675108386, "player_slot": 3, "party_id": 3, "permanent_buffs": [], "party_size": 1, "team_number": 0, "team_slot": 3, "hero_id": 1, "hero_variant": 2, "item_0": 145, "item_1": 116, "item_2": 147, "item_3": 208, "item_4": 63, "item_5": 139, "backpack_0": 0, "backpack_1": 0, "backpack_2": 0, "item_neutral": 1168, "item_neutral2": 1585, "kills": 8, "deaths": 8, "assists": 20, "leaver_status": 0, "last_hits": 425, "denies": 18, "gold_per_min": 700, "xp_per_min": 896, "level": 26, "net_worth": 30954, "aghanims_scepter": 0, "aghanims_shard": 0, "moonshard": 0, "hero_damage": 21651, "tower_damage": 19069, "hero_healing": 0, "gold": 5254, "gold_spent": 26585, "ability_upgrades_arr": [5003, 5004, 5003, 7314, 5004, 5006, 5004, 5004, 5003, 1495, 5003, 7314, 5006, 7314, 7314, 666, 5006, 665, 6353], "personaname": "Tux", "name": null, "last_login": null, "rank_tier": 41, "computed_mmr": 4228.61, "is_subscriber": false, "radiant_win": true, "start_time": 1771752670, "duration": 2760, "cluster": 183, "lobby_type": 7, "game_mode": 22, "is_contributor": false, "patch": 59, "region": 8, "isRadiant": true, "win": 1, "lose": 0, "total_gold": 32200, "total_xp": 41216, "kills_per_min": 0.17391304347826086, "kda": 3.11, "abandons": 0, "benchmarks": {"gold_per_min": {"raw": 700, "pct": 0.6693313953488372}, "xp_per_min": {"raw": 896, "pct": 0.5162306201550387}, "kills_per_min": {"raw": 0.17391304347826086, "pct": 0.4004360465116279}, "last_hits_per_min": {"raw": 9.239130434782608, "pct": 0.6228197674418605}, "hero_damage_per_min": {"raw": 470.67391304347825, "pct": 0.4328972868217054}, "hero_healing_per_min": {"raw": 0, "pct": 0.9510658914728682}, "tower_damage": {"raw": 19069, "pct": 0.9440406976744186}}}, {"account_id": 89026444, "player_slot": 4, "party_id": 4, "permanent_buffs": [{"permanent_buff": 12, "stack_count": 0, "grant_time": 1286}], "party_size": 1, "team_number": 0, "team_slot": 4, "hero_id": 81, "hero_variant": 2, "item_0": 208, "item_1": 147, "item_2": 63, "item_3": 252, "item_4": 36, "item_5": 0, "backpack_0": 0, "backpack_1": 0, "backpack_2": 0, "item_neutral": 1168, "item_neutral2": 1585, "kills": 6, "deaths": 2, "assists": 14, "leaver_status": 0, "last_hits": 274, "denies": 1, "gold_per_min": 485, "xp_per_min": 742, "level": 24, "net_worth": 21663, "aghanims_scepter": 0, "aghanims_shard": 1, "moonshard": 0, "hero_damage": 27000, "tower_damage": 5276, "hero_healing": 0, "gold": 4803, "gold_spent": 18070, "ability_upgrades_arr": [5426, 5427, 5426, 5428, 5426, 5429, 5428, 5428, 5428, 5426, 871, 5427, 5429, 5427, 5427, 6137, 5429, 6133], "personaname": "Durotan", "name": null,