{"players": [{"account_id": 1622904434, "player_slot": 0, "team_number": 0, "team_slot": 0, "hero_id": 85, "hero_variant": 1, "item_0": 50, "item_1": 939, "item_2": 90, "item_3": 100, "item_4": 114, "item_5": 242, "backpack_0": 42, "backpack_1": 0, "backpack_2": 0, "item_neutral": 1604, "item_neutral2": 1585, "kills": 10, "deaths": 10, "assists": 29, "leaver_status": 0, "last_hits": 224, "denies": 2, "gold_per_min": 520, "xp_per_min": 1050, "level": 29, "net_worth": 28566, "aghanims_scepter": 0, "aghanims_shard": 0, "moonshard": 0, "hero_damage": 28412, "tower_damage": 0, "hero_healing": 4452, "gold": 7116, "gold_spent": 24020, "ability_upgrades_arr": [5444, 5442, 5443, 5442, 5442, 5447, 5444, 5442, 5444, 813, 5444, 5443, 5447, 5443, 5443, 6155, 6972, 5447, 6546, 807, 616, 6420], "personaname": "NeoxaSyNFoNY", "name": null, "last_login": null, "rank_tier": 22, "computed_mmr": 3733.22, "is_subscriber": false, "radiant_win": false, "start_time": 1767540920, "duration": 3518, "cluster": 241, "lobby_type": 7, "game_mode": 22, "is_contributor": false, "patch": 59, "region": 14, "isRadiant": true, "win": 0, "lose": 1, "total_gold": 30489, "total_xp": 61565, "kills_per_min": 0.17055144968732233, "kda": 3.55, "abandons": 0, "benchmarks": {"gold_per_min": {"raw": 520, "pct": 0.8801009676062264}, "xp_per_min": {"raw": 1050, "pct": 0.9755994951619689}, "kills_per_min": {"raw": 0.17055144968732233, "pct": 0.4976861590239798}, "last_hits_per_min": {"raw": 3.8203524729960208, "pct": 0.7437946992006731}, "hero_damage_per_min": {"raw": 484.5707788516203, "pct": 0.6335717290702566}, "hero_healing_per_min": {"raw": 75.9295054007959, "pct": 0.4223811527135044}, "tower_damage": {"raw": 0, "pct": 0.1417753470761464}}}, {"player_slot": 1, "team_number": 0, "team_slot": 1, "hero_id": 53, "hero_variant": 1, "item_0": 160, "item_1": 263, "item_2": 158, "item_3": 29, "item_4": 135, "item_5": 156, "backpack_0": 34, "backpack_1": 0, "backpack_2": 0, "item_neutral": 1605, "item_neutral2": 1586, "kills": 12, "deaths": 17, "assists": 27, "leaver_status": 0, "last_hits": 454, "denies": 9, "gold_per_min": 593, "xp_per_min": 989, "level": 29, "net_worth": 28554, "aghanims_scepter": 0, "aghanims_shard": 0, "moonshard": 0, "hero_damage": 53647, "tower_damage": 3056, "hero_healing": 716, "gold": 2254, "gold_spent": 26510, "ability_upgrades_arr": [5245, 5246, 5245, 5246, 5245, 5248, 5245, 5246, 5246, 470, 730, 730, 5248, 5247, 1620, 5247, 5247, 5247, 5248, 6702, 6539, 926, 6500, 927], "is_subscriber": false, "radiant_win": false, "start_time": 1767540920, "duration": 3518, "cluster": 241, "lobby_type": 7, "game_mode": 22, "is_contributor": false, "patch": 59, "region": 14, "isRadiant": true, "win": 0, "lose": 1, "total_gold": 34769, "total_xp": 57988, "kills_per_min": 0.20466173962478681, "kda": 2.17, "abandons": 0, "benchmarks": {"gold_per_min": {"raw": 593, "pct": 0.6307842182172431}, "xp_per_min": {"raw": 989, "pct": 0.8777398928397467}, "kills_per_min": {"raw": 0.2046617396247868, "pct": 0.5840233804188991}, "last_hits_per_min": {"raw": 7.743035815804434, "pct": 0.69167072576717}, "hero_damage_per_min": {"raw": 914.9573621375781, "pct": 0.8056502679006332}, "hero_healing_per_min": {"raw": 12.21148379761228, "pct": 0.8923526546517292}, "tower_damage": {"raw": 3056, "pct": 0.5031660983925962}}}, {"player_slot": 2, "team_number": 0, "team_slot": 2, "hero_id": 35, "hero_variant": 1, "item_0": 263, "item_1": 172, "item_2": 141, "item_3": 158, "item_4": 48, "item_5": 168, "backpack_0": 0, "backpack_1": 0, "backpack_2": 0, "item_neutral": 2097, "item_neutral2": 1594, "kills": 15, "deaths": 15, "assists": 26, "leaver_status": 0, "last_hits": 521, "denies": 0, "gold_per_min": 672, "xp_per_min": 891, "level": 28, "net_worth": 32819, "aghanims_scepter": 0, "aghanims_shard": 1, "moonshard": 1, "hero_damage": 81294, "tower_damage": 3078, "hero_healing": 0, "gold": 4369, "gold_spent": 31905, "ability_upgrades_arr": [5154, 5155, 5154, 5156, 5154, 5157, 5154, 5155, 5156, 5156, 928, 5155, 5157, 6305, 5156, 5155, 5157, 1455, 6896, 7396, 7892], "is_subscriber": false, "radiant_win": false, "start_time": 1767540920, "duration": 3518, "cluster": 241, "lobby_type": 7, "game_mode": 22, "is_contributor": false, "patch": 59, "region": 14, "isRadiant": true, "win": 0, "lose": 1, "total_gold": 39401, "total_xp": 52242, "kills_per_min": 0.2558271745309835, "kda": 2.56, "abandons": 0, "benchmarks": {"gold_per_min": {"raw": 672, "pct": 0.7913405495420482}, "xp_per_min": {"raw": 891, "pct": 0.7851790174854288}, "kills_per_min": {"raw": 0.2558271745309835, "pct": 0.5477102414654454}, "last_hits_per_min": {"raw": 8.885730528709495, "pct": 0.8722731057452123}, "hero_damage_per_min": {"raw": 1386.4809550881182, "pct": 0.9307243963363864}, "hero_healing_per_min": {"raw": 0, "pct": 0.9365528726061615}, "tower_damage": {"raw": 3078, "pct": 0.46328059950041633}}}, {"account_id": 37467834, "player_slot": 3, "team_number": 0, "team_slot": 3, "hero_id": 84, "hero_variant": 1, "item_0": 36, "item_1": 65, "item_2": 231, "item_3": 232, "item_4": 0, "item_5": 235, "backpack_0": 44, "backpack_1": 0, "backpack_2": 0, "item_neutral": 1720, "item_neutral2": 1597, "kills": 3, "deaths": 18, "assists": 34, "leaver_status": 0, "last_hits": 89, "denies": 2, "gold_per_min": 435, "xp_per_min": 589, "level": 25, "net_worth": 17251, "aghanims_scepter": 0, "aghanims_shard": 1, "moonshard": 0, "hero_damage": 16685, "tower_damage": 4508, "hero_healing": 5414, "gold": 1556, "gold_spent": 18495, "ability_upgrades_arr": [5439, 5438, 5439, 5440, 5439, 5441, 5439, 5440, 5440, 403, 5438, 5441, 5440, 5438, 5438, 442, 5441, 6183, 6707], "personaname": "ExtremoDiaz", "name": null, "last_login": null, "rank_tier": 22, "computed_mmr": 3968.35, "is_subscriber": false, "radiant_win": false, "start_time": 1767540920, "duration": 3518, "cluster": 241, "lobby_type": 7, "game_mode": 22, "is_contributor": false, "patch": 59, "region": 14, "isRadiant": true, "win": 0, "lose": 1, "total_gold": 25505, "total_xp": 34535, "kills_per_min": 0.051165434906196704, "kda": 1.95, "abandons": 0, "benchmarks": {"gold_per_min": {"raw": 435, "pct": 0.45146316851664986}, "xp_per_min": {"raw": 589, "pct": 0.47850655903128153}, "kills_per_min": {"raw": 0.0511654349061967, "pct": 0.1681130171543895}, "last_hits_per_min": {"raw": 1.5179079022171689, "pct": 0.1739656912209889}, "hero_damage_per_min": {"raw": 284.5650938032974, "pct": 0.06236125126135217}, "hero_healing_per_min": {"raw": 92.33655486071632, "pct": 0.9600403632694248}, "tower_damage": {"raw": 4508, "pct": 0.9053481331987892}}}, {"player_slot": 4, "team_number": 0, "team_slot": 4, "hero_id": 44, "hero_variant": 2, "item_0": 208, "item_1": 156, "item_2": 116, "item_3": 225, "item_4": 145, "item_5": 63, "backpack_0": 0, "backpack_1": 0, "backpack_2": 0, "item_neutral": 1643, "item_neutral2": 1577, "kills": 6, "deaths": 9, "assists": 20, "leaver_status": 0, "last_hits": 433, "denies": 15, "gold_per_min": 520, "xp_per_min": 770, "level": 27, "net_worth": 27165, "aghanims_scepter": 0, "aghanims_shard": 0, "moonshard": 0, "hero_damage": 22624, "tower_damage": 6650, "hero_healing": 0, "gold": 2040, "gold_spent": 27230, "ability_upgrades_arr": [5190, 5191, 1287, 5190, 5190, 5193, 5190, 5191, 5191, 5191, 559, 1287, 5193, 1287, 1287, 491, 5193, 1074, 6192, 483], "is_subscriber": false, "radiant_win": false, "start_time": 1767540920, "duration": 3518, "cluster": 241, "lobby_type": 7, "game_mode": 22, "is_contributor": false, "patch": 59, "region": 14, "isRadiant": true, "win": 0, "lose": 1, "total_gold": 30489, "total_xp": 45147, "kills_per_min": 0.10233086981239341, "kda": 2.6, "abandons": 0, "benchmarks": {"gold_per_min": {"raw": 520, "pct": 0.4336062655749377}, "xp_per_min": {"raw": 770, "pct": 0.48024207903168387}, "kills_per_min": {"raw": 0.1023308698123934, "pct": 0.1762192951228195}, "last_hits_per_min": {"raw": 7.384877771461057, "pct": 0.5884656461374155}, "hero_damage_per_min": {"raw": 385.8555997725981,