{"players": [{"account_id": 89026444, "player_slot": 0, "team_number": 0, "team_slot": 0, "hero_id": 25, "hero_variant": 2, "item_0": 96, "item_1": 263, "item_2": 29, "item_3": 156, "item_4": 152, "item_5": 141, "backpack_0": 0, "backpack_1": 0, "backpack_2": 0, "item_neutral": 1605, "item_neutral2": 1594, "kills": 11, "deaths": 7, "assists": 16, "leaver_status": 0, "last_hits": 377, "denies": 3, "gold_per_min": 625, "xp_per_min": 939, "level": 27, "net_worth": 27730, "aghanims_scepter": 0, "aghanims_shard": 1, "moonshard": 0, "hero_damage": 31906, "tower_damage": 13102, "hero_healing": 0, "gold": 2780, "gold_spent": 27225, "ability_upgrades_arr": [5040, 5042, 5040, 5042, 5040, 5043, 5040, 5042, 5042, 5041, 6009, 5041, 5043, 5041, 5041, 6388, 5043, 6313, 1442], "personaname": "Durotan", "name": null, "last_login": null, "rank_tier": 41, "computed_mmr": 3927.53, "is_subscriber": false, "radiant_win": true, "start_time": 1767293632, "duration": 3038, "cluster": 192, "lobby_type": 7, "game_mode": 22, "is_contributor": false, "patch": 59, "region": 9, "isRadiant": true, "win": 1, "lose": 0, "total_gold": 31645, "total_xp": 47544, "kills_per_min": 0.21724818959842002, "kda": 3.38, "abandons": 0, "benchmarks": {"gold_per_min": {"raw": 625, "pct": 0.6719636776390465}, "xp_per_min": {"raw": 939, "pct": 0.7187854710556186}, "kills_per_min": {"raw": 0.21724818959842002, "pct": 0.44551645856980704}, "last_hits_per_min": {"raw": 7.445687952600395, "pct": 0.6861520998864926}, "hero_damage_per_min": {"raw": 630.1382488479262, "pct": 0.38337116912599317}, "hero_healing_per_min": {"raw": 0, "pct": 0.854994324631101}, "tower_damage": {"raw": 13102, "pct": 0.8998297389330306}}}, {"player_slot": 1, "team_number": 0, "team_slot": 1, "hero_id": 88, "hero_variant": 1, "item_0": 232, "item_1": 204, "item_2": 77, "item_3": 259, "item_4": 1808, "item_5": 180, "backpack_0": 11, "backpack_1": 4205, "backpack_2": 0, "item_neutral": 1720, "item_neutral2": 1592, "kills": 10, "deaths": 5, "assists": 25, "leaver_status": 0, "last_hits": 150, "denies": 3, "gold_per_min": 453, "xp_per_min": 841, "level": 26, "net_worth": 23414, "aghanims_scepter": 0, "aghanims_shard": 1, "moonshard": 0, "hero_damage": 33727, "tower_damage": 1770, "hero_healing": 0, "gold": 2534, "gold_spent": 20660, "ability_upgrades_arr": [5462, 1104, 5464, 5462, 5462, 5465, 5462, 1104, 1104, 402, 1104, 5464, 5465, 5464, 5464, 1368, 5465, 6399, 6130], "is_subscriber": false, "radiant_win": true, "start_time": 1767293632, "duration": 3038, "cluster": 192, "lobby_type": 7, "game_mode": 22, "is_contributor": false, "patch": 59, "region": 9, "isRadiant": true, "win": 1, "lose": 0, "total_gold": 22936, "total_xp": 42582, "kills_per_min": 0.19749835418038184, "kda": 5.83, "abandons": 0, "benchmarks": {"gold_per_min": {"raw": 453, "pct": 0.8084914182475158}, "xp_per_min": {"raw": 841, "pct": 0.8283649503161699}, "kills_per_min": {"raw": 0.19749835418038184, "pct": 0.5185185185185185}, "last_hits_per_min": {"raw": 2.9624753127057275, "pct": 0.8428184281842819}, "hero_damage_per_min": {"raw": 666.1026991441738, "pct": 0.6332429990966576}, "hero_healing_per_min": {"raw": 0, "pct": 0.7601626016260162}, "tower_damage": {"raw": 1770, "pct": 0.8563685636856369}}}, {"player_slot": 2, "team_number": 0, "team_slot": 2, "hero_id": 93, "hero_variant": 3, "item_0": 123, "item_1": 1097, "item_2": 249, "item_3": 135, "item_4": 63, "item_5": 116, "backpack_0": 0, "backpack_1": 0, "backpack_2": 0, "item_neutral": 1721, "item_neutral2": 1584, "kills": 18, "deaths": 11, "assists": 14, "leaver_status": 0, "last_hits": 373, "denies": 5, "gold_per_min": 683, "xp_per_min": 1175, "level": 29, "net_worth": 31106, "aghanims_scepter": 0, "aghanims_shard": 1, "moonshard": 0, "hero_damage": 47556, "tower_damage": 12315, "hero_healing": 0, "gold": 2856, "gold_spent": 33345, "ability_upgrades_arr": [1693, 5495, 5494, 5494, 5494, 5497, 5494, 5495, 5495, 5495, 821, 1693, 5497, 1693, 1693, 6892, 5497, 892, 6894, 6147, 921, 814], "is_subscriber": false, "radiant_win": true, "start_time": 1767293632, "duration": 3038, "cluster": 192, "lobby_type": 7, "game_mode": 22, "is_contributor": false, "patch": 59, "region": 9, "isRadiant": true, "win": 1, "lose": 0, "total_gold": 34582, "total_xp": 59494, "kills_per_min": 0.3554970375246873, "kda": 2.67, "abandons": 0, "benchmarks": {"gold_per_min": {"raw": 683, "pct": 0.8970618034447821}, "xp_per_min": {"raw": 1175, "pct": 0.9381965552178319}, "kills_per_min": {"raw": 0.3554970375246873, "pct": 0.7904761904761904}, "last_hits_per_min": {"raw": 7.366688610928242, "pct": 0.8609929078014185}, "hero_damage_per_min": {"raw": 939.2231731402238, "pct": 0.8875379939209727}, "hero_healing_per_min": {"raw": 0, "pct": 0.9643363728470111}, "tower_damage": {"raw": 12315, "pct": 0.8847011144883485}}}, {"account_id": 1012645495, "player_slot": 3, "team_number": 0, "team_slot": 3, "hero_id": 30, "hero_variant": 3, "item_0": 231, "item_1": 254, "item_2": 108, "item_3": 21, "item_4": 8, "item_5": 232, "backpack_0": 0, "backpack_1": 0, "backpack_2": 0, "item_neutral": 1720, "item_neutral2": 1586, "kills": 11, "deaths": 9, "assists": 23, "leaver_status": 0, "last_hits": 63, "denies": 9, "gold_per_min": 468, "xp_per_min": 854, "level": 26, "net_worth": 20620, "aghanims_scepter": 0, "aghanims_shard": 1, "moonshard": 0, "hero_damage": 31472, "tower_damage": 1189, "hero_healing": 7400, "gold": 2245, "gold_spent": 19835, "ability_upgrades_arr": [5138, 5140, 5140, 5139, 5140, 5141, 5138, 5140, 5138, 5959, 5138, 5139, 5141, 5139, 5139, 6524, 5141, 5998, 6996], "personaname": "AM-98Q", "name": null, "last_login": null, "rank_tier": 42, "computed_mmr": 4018.34, "is_subscriber": false, "radiant_win": true, "start_time": 1767293632, "duration": 3038, "cluster": 192, "lobby_type": 7, "game_mode": 22, "is_contributor": false, "patch": 59, "region": 9, "isRadiant": true, "win": 1, "lose": 0, "total_gold": 23696, "total_xp": 43240, "kills_per_min": 0.21724818959842002, "kda": 3.4, "abandons": 0, "benchmarks": {"gold_per_min": {"raw": 468, "pct": 0.9136921624173748}, "xp_per_min": {"raw": 854, "pct": 0.9448536355051936}, "kills_per_min": {"raw": 0.21724818959842002, "pct": 0.6424929178470254}, "last_hits_per_min": {"raw": 1.2442396313364055, "pct": 0.5401322001888574}, "hero_damage_per_min": {"raw": 621.5668202764978, "pct": 0.6217186024551463}, "hero_healing_per_min": {"raw": 146.14878209348257, "pct": 0.5694050991501416}, "tower_damage": {"raw": 1189, "pct": 0.8273843248347498}}}, {"player_slot": 4, "team_number": 0, "team_slot": 4, "hero_id": 20, "hero_variant": 1, "item_0": 123, "item_1": 244, "item_2": 36, "item_3": 108, "item_4": 232, "item_5": 180, "backpack_0": 188, "backpack_1": 43, "backpack_2": 0, "item_neutral": 1604, "item_neutral2": 1583, "kills": 0, "deaths": 7, "assists": 22, "leaver_status": 0, "last_hits": 89, "denies": 8, "gold_per_min": 355, "xp_per_min": 778, "level": 26, "net_worth": 15697, "aghanims_scepter": 0, "aghanims_shard": 0, "moonshard": 0, "hero_damage": 19556, "tower_damage": 1527, "hero_healing": 250, "gold": 2237, "gold_spent": 15140, "ability_upgrades_arr": [5122, 5124, 5122, 5124, 5122, 5125, 5122, 5124, 5123, 5123, 1067, 5123, 5125, 5123, 5124, 6977, 5125, 6978, 790], "is_subscriber": false, "radiant_win": true, "start_time": 1767293632, "duration": 3038, "cluster": 192, "lobby_type": 7, "game_mode": 22, "is_contributor": false, "patch": 59, "region": 9, "isRadiant": true, "win": 1, "lose": 0, "total_gold": 17974, "total_xp": 39392, "kda": 2.75, "abandons": 0, "benchmarks": {"gold_per_min": {"raw": 355, "pct": 0.6022975929978118}, "xp_per_min": {"raw": 778, "pct": 0.8145514223194749}, "kills_per_min": {"raw": 0, "pct": 0.05415754923413567}, "last_hits_per_min": {"raw": 1.7577353522053984, "pct": 0.6132385120350109}, "hero_damage_per_min": {"raw": 386.2277814351547, "pct": 0.487964989059081}, "hero_healing_per_min": {"raw": 4.937458854509546, "pct": 0.7702407002188184}, "tower_damage": {"raw": 1527,