{"players": [{"player_slot": 0, "team_number": 0, "team_slot": 0, "hero_id": 92, "hero_variant": 1, "item_0": 931, "item_1": 112, "item_2": 81, "item_3": 77, "item_4": 0, "item_5": 0, "backpack_0": 0, "backpack_1": 0, "backpack_2": 0, "item_neutral": 1605, "item_neutral2": 1584, "kills": 10, "deaths": 3, "assists": 14, "leaver_status": 0, "last_hits": 162, "denies": 7, "gold_per_min": 513, "xp_per_min": 743, "level": 23, "net_worth": 19293, "aghanims_scepter": 0, "aghanims_shard": 0, "moonshard": 0, "hero_damage": 18816, "tower_damage": 7985, "hero_healing": 3154, "gold": 5163, "gold_spent": 15400, "ability_upgrades_arr": [5481, 5480, 5481, 5482, 5481, 5483, 5481, 5480, 5480, 5480, 626, 5483, 5482, 5482, 5482, 6522, 5483, 6983], "is_subscriber": false, "radiant_win": true, "start_time": 1762915067, "duration": 2309, "cluster": 346, "lobby_type": 0, "game_mode": 22, "is_contributor": false, "patch": 58, "region": 38, "isRadiant": true, "win": 1, "lose": 0, "total_gold": 19741, "total_xp": 28593, "kills_per_min": 0.25985275010827197, "kda": 6, "abandons": 0, "benchmarks": {"gold_per_min": {"raw": 513, "pct": 0.7042735042735043}, "xp_per_min": {"raw": 743, "pct": 0.6752136752136753}, "kills_per_min": {"raw": 0.25985275010827197, "pct": 0.6}, "last_hits_per_min": {"raw": 4.209614551754006, "pct": 0.5931623931623932}, "hero_damage_per_min": {"raw": 488.93893460372453, "pct": 0.35213675213675216}, "hero_healing_per_min": {"raw": 81.95755738414898, "pct": 0.8598290598290599}, "tower_damage": {"raw": 7985, "pct": 0.6239316239316239}}}, {"player_slot": 1, "team_number": 0, "team_slot": 1, "hero_id": 48, "hero_variant": 3, "item_0": 116, "item_1": 170, "item_2": 236, "item_3": 81, "item_4": 63, "item_5": 24, "backpack_0": 40, "backpack_1": 0, "backpack_2": 0, "item_neutral": 1643, "item_neutral2": 1594, "kills": 2, "deaths": 9, "assists": 12, "leaver_status": 0, "last_hits": 288, "denies": 13, "gold_per_min": 552, "xp_per_min": 610, "level": 20, "net_worth": 19436, "aghanims_scepter": 0, "aghanims_shard": 0, "moonshard": 0, "hero_damage": 19957, "tower_damage": 8268, "hero_healing": 506, "gold": 2906, "gold_spent": 17325, "ability_upgrades_arr": [5223, 5222, 5222, 1462, 5222, 5225, 5222, 1462, 1462, 847, 1462, 5225, 5223, 5223, 770, 5223, 5225, 6127], "is_subscriber": false, "radiant_win": true, "start_time": 1762915067, "duration": 2309, "cluster": 346, "lobby_type": 0, "game_mode": 22, "is_contributor": false, "patch": 58, "region": 38, "isRadiant": true, "win": 1, "lose": 0, "total_gold": 21242, "total_xp": 23474, "kills_per_min": 0.0519705500216544, "kda": 1.4, "abandons": 0, "benchmarks": {"gold_per_min": {"raw": 552, "pct": 0.3316444035006909}, "xp_per_min": {"raw": 610, "pct": 0.2164900967296177}, "kills_per_min": {"raw": 0.05197055002165439, "pct": 0.07738369415016122}, "last_hits_per_min": {"raw": 7.4837592031182325, "pct": 0.2749884845693229}, "hero_damage_per_min": {"raw": 518.5881333910785, "pct": 0.29111008751727313}, "hero_healing_per_min": {"raw": 13.148549155478563, "pct": 0.9944725932749885}, "tower_damage": {"raw": 8268, "pct": 0.5352372178719484}}}, {"player_slot": 2, "team_number": 0, "team_slot": 2, "hero_id": 1, "hero_variant": 2, "item_0": 160, "item_1": 145, "item_2": 147, "item_3": 143, "item_4": 63, "item_5": 135, "backpack_0": 0, "backpack_1": 0, "backpack_2": 0, "item_neutral": 828, "item_neutral2": 1594, "kills": 12, "deaths": 3, "assists": 17, "leaver_status": 0, "last_hits": 351, "denies": 9, "gold_per_min": 743, "xp_per_min": 990, "level": 25, "net_worth": 26821, "aghanims_scepter": 0, "aghanims_shard": 0, "moonshard": 0, "hero_damage": 31583, "tower_damage": 9078, "hero_healing": 0, "gold": 21, "gold_spent": 29125, "ability_upgrades_arr": [5004, 5003, 5003, 7314, 5004, 5006, 5003, 5004, 5004, 5003, 1495, 5006, 7314, 7314, 6800, 7314, 5006, 735, 6606], "is_subscriber": false, "radiant_win": true, "start_time": 1762915067, "duration": 2309, "cluster": 346, "lobby_type": 0, "game_mode": 22, "is_contributor": false, "patch": 58, "region": 38, "isRadiant": true, "win": 1, "lose": 0, "total_gold": 28593, "total_xp": 38098, "kills_per_min": 0.3118233001299264, "kda": 7.25, "abandons": 0, "benchmarks": {"gold_per_min": {"raw": 743, "pct": 0.8143773202834964}, "xp_per_min": {"raw": 990, "pct": 0.6803914951063111}, "kills_per_min": {"raw": 0.3118233001299264, "pct": 0.7910901113736079}, "last_hits_per_min": {"raw": 9.120831528800347, "pct": 0.5950050624367196}, "hero_damage_per_min": {"raw": 820.6929406669555, "pct": 0.8599392507593655}, "hero_healing_per_min": {"raw": 0, "pct": 0.9412757340533243}, "tower_damage": {"raw": 9078, "pct": 0.6911913601079986}}}, {"account_id": 37467834, "player_slot": 3, "team_number": 0, "team_slot": 3, "hero_id": 87, "hero_variant": 1, "item_0": 180, "item_1": 254, "item_2": 102, "item_3": 30, "item_4": 0, "item_5": 36, "backpack_0": 40, "backpack_1": 188, "backpack_2": 0, "item_neutral": 1604, "item_neutral2": 1577, "kills": 6, "deaths": 5, "assists": 25, "leaver_status": 0, "last_hits": 25, "denies": 2, "gold_per_min": 358, "xp_per_min": 511, "level": 19, "net_worth": 12309, "aghanims_scepter": 0, "aghanims_shard": 0, "moonshard": 0, "hero_damage": 14416, "tower_damage": 537, "hero_healing": 0, "gold": 4979, "gold_spent": 8800, "ability_upgrades_arr": [5458, 5459, 5460, 5458, 5459, 5461, 5458, 5459, 5459, 5458, 1142, 5461, 5460, 5460, 5460, 6215, 5461], "personaname": "ExtremoDiaz", "name": null, "last_login": null, "rank_tier": 22, "computed_mmr": 3968.35, "is_subscriber": false, "radiant_win": true, "start_time": 1762915067, "duration": 2309, "cluster": 346, "lobby_type": 0, "game_mode": 22, "is_contributor": false, "patch": 58, "region": 38, "isRadiant": true, "win": 1, "lose": 0, "total_gold": 13777, "total_xp": 19664, "kills_per_min": 0.1559116500649632, "kda": 5.17, "abandons": 0, "benchmarks": {"gold_per_min": {"raw": 358, "pct": 0.7185114503816794}, "xp_per_min": {"raw": 511, "pct": 0.47900763358778625}, "kills_per_min": {"raw": 0.1559116500649632, "pct": 0.8148854961832062}, "last_hits_per_min": {"raw": 0.6496318752706799, "pct": 0.1827290076335878}, "hero_damage_per_min": {"raw": 374.6037245560849, "pct": 0.4985687022900763}, "hero_healing_per_min": {"raw": 0, "pct": 0.6507633587786259}, "tower_damage": {"raw": 537, "pct": 0.7528625954198473}}}, {"account_id": 115132074, "player_slot": 4, "team_number": 0, "team_slot": 4, "hero_id": 40, "hero_variant": 2, "item_0": 267, "item_1": 90, "item_2": 63, "item_3": 36, "item_4": 60, "item_5": 218, "backpack_0": 0, "backpack_1": 0, "backpack_2": 0, "item_neutral": 1640, "item_neutral2": 1576, "kills": 4, "deaths": 8, "assists": 21, "leaver_status": 0, "last_hits": 120, "denies": 4, "gold_per_min": 425, "xp_per_min": 593, "level": 20, "net_worth": 15177, "aghanims_scepter": 0, "aghanims_shard": 1, "moonshard": 0, "hero_damage": 22418, "tower_damage": 3705, "hero_healing": 362, "gold": 3827, "gold_spent": 12330, "ability_upgrades_arr": [5178, 5180, 5179, 5180, 5180, 1105, 5180, 5179, 5178, 5178, 5178, 1105, 5179, 5179, 859, 6532, 1105, 6980], "personaname": "Durotan", "name": null, "last_login": null, "rank_tier": 41, "computed_mmr": 3905.19, "is_subscriber": false, "radiant_win": true, "start_time": 1762915067, "duration": 2309, "cluster": 346, "lobby_type": 0, "game_mode": 22, "is_contributor": false, "patch": 58, "region": 38, "isRadiant": true, "win": 1, "lose": 0, "total_gold": 16355, "total_xp": 22820, "kills_per_min": 0.1039411000433088, "kda": 2.78, "abandons": 0, "benchmarks": {"gold_per_min": {"raw": 425, "pct": 0.6740835829410926}, "xp_per_min": {"raw": 593, "pct": 0.6207388389673371}, "kills_per_min": {"raw": 0.10394110004330878, "pct": 0.4012266438453858}, "last_hits_per_min": {"raw": 3.118233001299264, "pct": 0.646127513906718}, "hero_damage_per_min": {"raw": 582.5378951927241, "pct": 0.39994294679788905}, "hero_healing_per_min": {"raw": 9.406669553919446, "pct": 0.4491513336185993}, "tower_damage": {"raw": 3705,