{"players": [{"player_slot": 0, "team_number": 0, "team_slot": 0, "hero_id": 27, "hero_variant": 2, "item_0": 37, "item_1": 232, "item_2": 231, "item_3": 226, "item_4": 40, "item_5": 1, "backpack_0": 36, "backpack_1": 0, "backpack_2": 0, "item_neutral": 1168, "item_neutral2": 1592, "kills": 3, "deaths": 12, "assists": 21, "leaver_status": 0, "last_hits": 156, "denies": 3, "gold_per_min": 363, "xp_per_min": 722, "level": 26, "net_worth": 19701, "aghanims_scepter": 0, "aghanims_shard": 1, "moonshard": 0, "hero_damage": 16974, "tower_damage": 1573, "hero_healing": 2807, "gold": 3506, "gold_spent": 17285, "ability_upgrades_arr": [5080, 5078, 5080, 5078, 5080, 5081, 5080, 5079, 5078, 468, 5078, 5079, 5081, 5079, 5079, 760, 5081, 6295, 6502], "is_subscriber": false, "radiant_win": true, "start_time": 1769353380, "duration": 3586, "cluster": 271, "lobby_type": 7, "game_mode": 22, "is_contributor": false, "patch": 59, "region": 3, "isRadiant": true, "win": 1, "lose": 0, "total_gold": 21695, "total_xp": 43151, "kills_per_min": 0.0501952035694367, "kda": 1.85, "abandons": 0, "benchmarks": {"gold_per_min": {"raw": 363, "pct": 0.6079107505070994}, "xp_per_min": {"raw": 722, "pct": 0.8754563894523326}, "kills_per_min": {"raw": 0.0501952035694367, "pct": 0.2052738336713996}, "last_hits_per_min": {"raw": 2.6101505856107083, "pct": 0.8565922920892495}, "hero_damage_per_min": {"raw": 284.0044617958728, "pct": 0.28032454361054765}, "hero_healing_per_min": {"raw": 46.96597880646961, "pct": 0.9602434077079107}, "tower_damage": {"raw": 1573, "pct": 0.38803245436105477}}}, {"player_slot": 1, "team_number": 0, "team_slot": 1, "hero_id": 2, "hero_variant": 1, "item_0": 50, "item_1": 127, "item_2": 600, "item_3": 242, "item_4": 119, "item_5": 273, "backpack_0": 0, "backpack_1": 0, "backpack_2": 0, "item_neutral": 1643, "item_neutral2": 1585, "kills": 9, "deaths": 11, "assists": 24, "leaver_status": 0, "last_hits": 311, "denies": 6, "gold_per_min": 523, "xp_per_min": 855, "level": 28, "net_worth": 28665, "aghanims_scepter": 0, "aghanims_shard": 1, "moonshard": 0, "hero_damage": 46571, "tower_damage": 3540, "hero_healing": 0, "gold": 3565, "gold_spent": 26025, "ability_upgrades_arr": [5008, 5009, 5009, 5007, 5009, 5010, 5009, 5007, 5007, 9401, 5007, 5008, 5010, 5008, 5008, 6102, 5010, 6991, 6608, 1189, 974], "is_subscriber": false, "radiant_win": true, "start_time": 1769353380, "duration": 3586, "cluster": 271, "lobby_type": 7, "game_mode": 22, "is_contributor": false, "patch": 59, "region": 3, "isRadiant": true, "win": 1, "lose": 0, "total_gold": 31257, "total_xp": 51100, "kills_per_min": 0.15058561070831009, "kda": 2.75, "abandons": 0, "benchmarks": {"gold_per_min": {"raw": 523, "pct": 0.684983138266217}, "xp_per_min": {"raw": 855, "pct": 0.7950803412021424}, "kills_per_min": {"raw": 0.15058561070831009, "pct": 0.26105931362824836}, "last_hits_per_min": {"raw": 5.203569436698271, "pct": 0.7018448720491965}, "hero_damage_per_min": {"raw": 779.2136084774121, "pct": 0.6736758579646895}, "hero_healing_per_min": {"raw": 0, "pct": 0.9234278912914105}, "tower_damage": {"raw": 3540, "pct": 0.9262051180321365}}}, {"player_slot": 2, "team_number": 0, "team_slot": 2, "hero_id": 17, "hero_variant": 2, "item_0": 63, "item_1": 108, "item_2": 123, "item_3": 273, "item_4": 277, "item_5": 116, "backpack_0": 0, "backpack_1": 0, "backpack_2": 0, "item_neutral": 1643, "item_neutral2": 1585, "kills": 11, "deaths": 10, "assists": 17, "leaver_status": 0, "last_hits": 526, "denies": 8, "gold_per_min": 648, "xp_per_min": 1044, "level": 29, "net_worth": 30821, "aghanims_scepter": 0, "aghanims_shard": 0, "moonshard": 0, "hero_damage": 32800, "tower_damage": 7335, "hero_healing": 0, "gold": 6271, "gold_spent": 27065, "ability_upgrades_arr": [5098, 5100, 5098, 5099, 5098, 5101, 5098, 5100, 5100, 5100, 1187, 5099, 5101, 5099, 5099, 5903, 5101, 6167, 627, 7132, 6916, 762], "is_subscriber": false, "radiant_win": true, "start_time": 1769353380, "duration": 3586, "cluster": 271, "lobby_type": 7, "game_mode": 22, "is_contributor": false, "patch": 59, "region": 3, "isRadiant": true, "win": 1, "lose": 0, "total_gold": 38728, "total_xp": 62396, "kills_per_min": 0.18404907975460122, "kda": 2.55, "abandons": 0, "benchmarks": {"gold_per_min": {"raw": 648, "pct": 0.7780487804878049}, "xp_per_min": {"raw": 1044, "pct": 0.8170731707317073}, "kills_per_min": {"raw": 0.18404907975460122, "pct": 0.37113821138211384}, "last_hits_per_min": {"raw": 8.800892359174568, "pct": 0.8995934959349593}, "hero_damage_per_min": {"raw": 548.8008923591746, "pct": 0.3780487804878049}, "hero_healing_per_min": {"raw": 0, "pct": 0.8703252032520326}, "tower_damage": {"raw": 7335, "pct": 0.906910569105691}}}, {"player_slot": 3, "team_number": 0, "team_slot": 3, "hero_id": 41, "hero_variant": 2, "item_0": 172, "item_1": 116, "item_2": 110, "item_3": 63, "item_4": 158, "item_5": 160, "backpack_0": 0, "backpack_1": 0, "backpack_2": 0, "item_neutral": 1719, "item_neutral2": 1594, "kills": 12, "deaths": 11, "assists": 22, "leaver_status": 0, "last_hits": 369, "denies": 7, "gold_per_min": 571, "xp_per_min": 952, "level": 29, "net_worth": 34065, "aghanims_scepter": 0, "aghanims_shard": 1, "moonshard": 1, "hero_damage": 47019, "tower_damage": 13202, "hero_healing": 0, "gold": 4915, "gold_spent": 27395, "ability_upgrades_arr": [5182, 5184, 5182, 5691, 5184, 5185, 5184, 5182, 5182, 5184, 856, 5691, 5185, 5691, 5691, 6807, 5185, 7388, 7001, 867, 868, 6128], "is_subscriber": false, "radiant_win": true, "start_time": 1769353380, "duration": 3586, "cluster": 271, "lobby_type": 7, "game_mode": 22, "is_contributor": false, "patch": 59, "region": 3, "isRadiant": true, "win": 1, "lose": 0, "total_gold": 34126, "total_xp": 56897, "kills_per_min": 0.2007808142777468, "kda": 2.83, "abandons": 0, "benchmarks": {"gold_per_min": {"raw": 571, "pct": 0.5731631382316313}, "xp_per_min": {"raw": 952, "pct": 0.7450186799501868}, "kills_per_min": {"raw": 0.2007808142777468, "pct": 0.5781444582814446}, "last_hits_per_min": {"raw": 6.174010039040714, "pct": 0.4187422166874222}, "hero_damage_per_min": {"raw": 786.7094255437814, "pct": 0.8240971357409713}, "hero_healing_per_min": {"raw": 0, "pct": 0.9150062266500623}, "tower_damage": {"raw": 13202, "pct": 0.8985056039850561}}}, {"player_slot": 4, "team_number": 0, "team_slot": 4, "hero_id": 84, "hero_variant": 1, "item_0": 232, "item_1": 242, "item_2": 37, "item_3": 65, "item_4": 108, "item_5": 48, "backpack_0": 43, "backpack_1": 0, "backpack_2": 0, "item_neutral": 1168, "item_neutral2": 1592, "kills": 6, "deaths": 8, "assists": 27, "leaver_status": 0, "last_hits": 202, "denies": 15, "gold_per_min": 560, "xp_per_min": 954, "level": 29, "net_worth": 22414, "aghanims_scepter": 0, "aghanims_shard": 1, "moonshard": 0, "hero_damage": 48263, "tower_damage": 4712, "hero_healing": 0, "gold": 4314, "gold_spent": 25825, "ability_upgrades_arr": [5439, 5440, 5439, 5440, 5439, 5441, 5438, 5440, 5440, 5439, 403, 5438, 5441, 5438, 5438, 1181, 5441, 6183, 6707, 801, 442, 6708], "is_subscriber": false, "radiant_win": true, "start_time": 1769353380, "duration": 3586, "cluster": 271, "lobby_type": 7, "game_mode": 22, "is_contributor": false, "patch": 59, "region": 3, "isRadiant": true, "win": 1, "lose": 0, "total_gold": 33469, "total_xp": 57017, "kills_per_min": 0.1003904071388734, "kda": 3.67, "abandons": 0, "benchmarks": {"gold_per_min": {"raw": 560, "pct": 0.8351383874849578}, "xp_per_min": {"raw": 954, "pct": 0.9602888086642599}, "kills_per_min": {"raw": 0.1003904071388734, "pct": 0.4229843561973526}, "last_hits_per_min": {"raw": 3.3798103736754044, "pct": 0.6971520256718813}, "hero_damage_per_min": {"raw": 807.5237032905744, "pct": 0.9005214600882471}, "hero_healing_per_min": {"raw": 0, "pct": 0.6642599277978339}, "tower_damage": {"raw": 4712, "pct": 0.8910950661853189}}}, {"account_id": 1157006329, "player_slot": 128, "team_number": 1, "team_slot": 0, "hero_id": 104, "hero_variant": 1, "item_0": 108, "item_1": 33, "item_2": 116,