{"players": [{"player_slot": 0, "team_number": 0, "team_slot": 0, "hero_id": 11, "hero_variant": 2, "item_0": 1, "item_1": 29, "item_2": 110, "item_3": 277, "item_4": 116, "item_5": 108, "backpack_0": 244, "backpack_1": 0, "backpack_2": 0, "item_neutral": 1605, "item_neutral2": 1577, "kills": 24, "deaths": 7, "assists": 11, "leaver_status": 0, "last_hits": 261, "denies": 5, "gold_per_min": 668, "xp_per_min": 978, "level": 27, "net_worth": 26824, "aghanims_scepter": 0, "aghanims_shard": 0, "moonshard": 0, "hero_damage": 48282, "tower_damage": 9545, "hero_healing": 0, "gold": 6399, "gold_spent": 22385, "ability_upgrades_arr": [5061, 5063, 5060, 5063, 5060, 5064, 5061, 5063, 5063, 6876, 1216, 5064, 1216, 1216, 1216, 6070, 5064, 6670, 1072], "is_subscriber": false, "radiant_win": true, "start_time": 1746976727, "duration": 2664, "cluster": 241, "lobby_type": 7, "game_mode": 22, "is_contributor": false, "patch": 57, "region": 14, "isRadiant": true, "win": 1, "lose": 0, "total_gold": 29659, "total_xp": 43423, "kills_per_min": 0.5405405405405406, "kda": 4.38, "abandons": 0, "benchmarks": {"gold_per_min": {"raw": 668, "pct": 0.7153411560191221}, "xp_per_min": {"raw": 978, "pct": 0.7757496740547588}, "kills_per_min": {"raw": 0.5405405405405406, "pct": 0.9489352455454151}, "last_hits_per_min": {"raw": 5.878378378378378, "pct": 0.2186006084311169}, "hero_damage_per_min": {"raw": 1087.4324324324323, "pct": 0.8941764450239027}, "hero_healing_per_min": {"raw": 0, "pct": 0.909387222946545}, "tower_damage": {"raw": 9545, "pct": 0.7555410691003911}}}, {"player_slot": 1, "team_number": 0, "team_slot": 1, "hero_id": 102, "hero_variant": 1, "item_0": 63, "item_1": 273, "item_2": 88, "item_3": 598, "item_4": 534, "item_5": 94, "backpack_0": 0, "backpack_1": 0, "backpack_2": 0, "item_neutral": 1604, "item_neutral2": 1586, "kills": 4, "deaths": 8, "assists": 9, "leaver_status": 0, "last_hits": 110, "denies": 0, "gold_per_min": 350, "xp_per_min": 519, "level": 20, "net_worth": 14030, "aghanims_scepter": 0, "aghanims_shard": 0, "moonshard": 0, "hero_damage": 6740, "tower_damage": 2772, "hero_healing": 3175, "gold": 2005, "gold_spent": 12690, "ability_upgrades_arr": [5586, 5585, 5586, 5585, 5586, 5588, 5585, 5586, 5585, 5587, 5587, 1165, 5588, 5587, 5587, 6601, 5588, 6100], "is_subscriber": false, "radiant_win": true, "start_time": 1746976727, "duration": 2664, "cluster": 241, "lobby_type": 7, "game_mode": 22, "is_contributor": false, "patch": 57, "region": 14, "isRadiant": true, "win": 1, "lose": 0, "total_gold": 15540, "total_xp": 23043, "kills_per_min": 0.0900900900900901, "kda": 1.44, "abandons": 0, "benchmarks": {"gold_per_min": {"raw": 350, "pct": 0.41161825726141077}, "xp_per_min": {"raw": 519, "pct": 0.35767634854771785}, "kills_per_min": {"raw": 0.09009009009009009, "pct": 0.420746887966805}, "last_hits_per_min": {"raw": 2.4774774774774775, "pct": 0.4879668049792531}, "hero_damage_per_min": {"raw": 151.8018018018018, "pct": 0.08713692946058091}, "hero_healing_per_min": {"raw": 71.509009009009, "pct": 0.5145228215767634}, "tower_damage": {"raw": 2772, "pct": 0.7319502074688796}}}, {"player_slot": 2, "team_number": 0, "team_slot": 2, "hero_id": 94, "hero_variant": 1, "item_0": 139, "item_1": 160, "item_2": 63, "item_3": 147, "item_4": 168, "item_5": 77, "backpack_0": 28, "backpack_1": 36, "backpack_2": 0, "item_neutral": 309, "item_neutral2": 1594, "kills": 11, "deaths": 5, "assists": 15, "leaver_status": 0, "last_hits": 307, "denies": 3, "gold_per_min": 629, "xp_per_min": 831, "level": 25, "net_worth": 23631, "aghanims_scepter": 0, "aghanims_shard": 0, "moonshard": 0, "hero_damage": 41153, "tower_damage": 12738, "hero_healing": 0, "gold": 2201, "gold_spent": 21880, "ability_upgrades_arr": [5505, 1475, 5505, 5504, 5505, 5507, 5505, 5504, 5504, 5504, 1561, 5507, 1475, 1475, 6392, 1475, 5507, 6687, 1534], "is_subscriber": false, "radiant_win": true, "start_time": 1746976727, "duration": 2664, "cluster": 241, "lobby_type": 7, "game_mode": 22, "is_contributor": false, "patch": 57, "region": 14, "isRadiant": true, "win": 1, "lose": 0, "total_gold": 27927, "total_xp": 36896, "kills_per_min": 0.24774774774774774, "kda": 4.33, "abandons": 0, "benchmarks": {"gold_per_min": {"raw": 629, "pct": 0.48644986449864497}, "xp_per_min": {"raw": 831, "pct": 0.47289972899729}, "kills_per_min": {"raw": 0.24774774774774774, "pct": 0.8075880758807588}, "last_hits_per_min": {"raw": 6.914414414414415, "pct": 0.20528455284552846}, "hero_damage_per_min": {"raw": 926.8693693693695, "pct": 0.7371273712737128}, "hero_healing_per_min": {"raw": 0, "pct": 0.9681571815718157}, "tower_damage": {"raw": 12738, "pct": 0.7262872628726287}}}, {"player_slot": 3, "team_number": 0, "team_slot": 3, "hero_id": 129, "hero_variant": 1, "item_0": 127, "item_1": 600, "item_2": 50, "item_3": 125, "item_4": 108, "item_5": 8, "backpack_0": 21, "backpack_1": 178, "backpack_2": 0, "item_neutral": 309, "item_neutral2": 1594, "kills": 12, "deaths": 9, "assists": 13, "leaver_status": 0, "last_hits": 248, "denies": 6, "gold_per_min": 593, "xp_per_min": 928, "level": 26, "net_worth": 23190, "aghanims_scepter": 0, "aghanims_shard": 1, "moonshard": 0, "hero_damage": 49761, "tower_damage": 5185, "hero_healing": 1564, "gold": 1885, "gold_spent": 24645, "ability_upgrades_arr": [6583, 6495, 6495, 6583, 6583, 1416, 6583, 6495, 6495, 6582, 6582, 1416, 6582, 6582, 6759, 1020, 1416, 6584, 6756], "is_subscriber": false, "radiant_win": true, "start_time": 1746976727, "duration": 2664, "cluster": 241, "lobby_type": 7, "game_mode": 22, "is_contributor": false, "patch": 57, "region": 14, "isRadiant": true, "win": 1, "lose": 0, "total_gold": 26329, "total_xp": 41203, "kills_per_min": 0.2702702702702703, "kda": 2.5, "abandons": 0, "benchmarks": {"gold_per_min": {"raw": 593, "pct": 0.9178348909657321}, "xp_per_min": {"raw": 928, "pct": 0.905373831775701}, "kills_per_min": {"raw": 0.2702702702702703, "pct": 0.8913551401869159}, "last_hits_per_min": {"raw": 5.585585585585585, "pct": 0.7313084112149533}, "hero_damage_per_min": {"raw": 1120.7432432432431, "pct": 0.9937694704049844}, "hero_healing_per_min": {"raw": 35.22522522522523, "pct": 0.8933021806853583}, "tower_damage": {"raw": 5185, "pct": 0.9571651090342679}}}, {"account_id": 37467834, "player_slot": 4, "team_number": 0, "team_slot": 4, "hero_id": 5, "hero_variant": 3, "item_0": 1128, "item_1": 102, "item_2": 1, "item_3": 42, "item_4": 931, "item_5": 36, "backpack_0": 0, "backpack_1": 0, "backpack_2": 39, "item_neutral": 1601, "item_neutral2": 1592, "kills": 5, "deaths": 12, "assists": 22, "leaver_status": 0, "last_hits": 33, "denies": 3, "gold_per_min": 313, "xp_per_min": 501, "level": 20, "net_worth": 11261, "aghanims_scepter": 0, "aghanims_shard": 0, "moonshard": 0, "hero_damage": 17221, "tower_damage": 565, "hero_healing": 258, "gold": 636, "gold_spent": 12365, "ability_upgrades_arr": [5126, 5127, 5128, 5127, 5127, 5129, 5127, 5126, 5126, 5128, 5959, 5129, 5128, 5126, 956, 5128, 5129, 6520], "personaname": "ExtremoDiaz", "name": null, "last_login": null, "rank_tier": 22, "computed_mmr": 3968.35, "is_subscriber": false, "radiant_win": true, "start_time": 1746976727, "duration": 2664, "cluster": 241, "lobby_type": 7, "game_mode": 22, "is_contributor": false, "patch": 57, "region": 14, "isRadiant": true, "win": 1, "lose": 0, "total_gold": 13897, "total_xp": 22244, "kills_per_min": 0.11261261261261261, "kda": 2.08, "abandons": 0, "benchmarks": {"gold_per_min": {"raw": 313, "pct": 0.31590473583356143}, "xp_per_min": {"raw": 501, "pct": 0.3561456337257049}, "kills_per_min": {"raw": 0.11261261261261261, "pct": 0.5056118258965234}, "last_hits_per_min": {"raw": 0.7432432432432432, "pct": 0.08431426225020532}, "hero_damage_per_min": {"raw": 387.86036036036035, "pct": 0.4007664932931837}, "hero_healing_per_min": {"raw": 5.8108108108108105, "pct": 0.8935121817684095}, "tower_damage": {"raw": 565, "pct": 0.6118258965234055}}}, {"player_slot": 128, "team_number": 1, "team_slot": 0, "hero_id": 29,