{"players": [{"player_slot": 0, "team_number": 0, "team_slot": 0, "hero_id": 22, "hero_variant": 1, "item_0": 36, "item_1": 180, "item_2": 77, "item_3": 100, "item_4": 1107, "item_5": 108, "backpack_0": 0, "backpack_1": 0, "backpack_2": 0, "item_neutral": 1604, "item_neutral2": 1577, "kills": 11, "deaths": 1, "assists": 19, "leaver_status": 0, "last_hits": 156, "denies": 7, "gold_per_min": 481, "xp_per_min": 607, "level": 20, "net_worth": 17499, "aghanims_scepter": 0, "aghanims_shard": 1, "moonshard": 0, "hero_damage": 27664, "tower_damage": 2804, "hero_healing": 0, "gold": 4344, "gold_spent": 13395, "ability_upgrades_arr": [5110, 5111, 641, 5111, 5111, 5113, 5111, 5110, 5110, 5959, 5110, 5113, 641, 641, 611, 641, 5113, 6518], "is_subscriber": false, "radiant_win": true, "start_time": 1752973646, "duration": 2159, "cluster": 346, "lobby_type": 7, "game_mode": 22, "is_contributor": false, "patch": 58, "region": 38, "isRadiant": true, "win": 1, "lose": 0, "total_gold": 17307, "total_xp": 21841, "kills_per_min": 0.30569708198239925, "kda": 15, "abandons": 0, "benchmarks": {"gold_per_min": {"raw": 481, "pct": 0.5812959886066935}, "xp_per_min": {"raw": 607, "pct": 0.391644908616188}, "kills_per_min": {"raw": 0.30569708198239925, "pct": 0.7749821979586993}, "last_hits_per_min": {"raw": 4.335340435386753, "pct": 0.6173747923095182}, "hero_damage_per_min": {"raw": 768.8003705419176, "pct": 0.3166389746024211}, "hero_healing_per_min": {"raw": 0, "pct": 0.815096131023024}, "tower_damage": {"raw": 2804, "pct": 0.9264182292902919}}}, {"player_slot": 1, "team_number": 0, "team_slot": 1, "hero_id": 84, "hero_variant": 1, "item_0": 1, "item_1": 201, "item_2": 65, "item_3": 108, "item_4": 180, "item_5": 114, "backpack_0": 34, "backpack_1": 0, "backpack_2": 0, "item_neutral": 1124, "item_neutral2": 1586, "kills": 6, "deaths": 2, "assists": 17, "leaver_status": 0, "last_hits": 158, "denies": 22, "gold_per_min": 571, "xp_per_min": 717, "level": 21, "net_worth": 20048, "aghanims_scepter": 0, "aghanims_shard": 0, "moonshard": 0, "hero_damage": 23474, "tower_damage": 8713, "hero_healing": 0, "gold": 498, "gold_spent": 20080, "ability_upgrades_arr": [5439, 5438, 5439, 5438, 5439, 5441, 5439, 5438, 5438, 801, 5440, 5441, 5440, 5440, 442, 5440, 5441, 6708], "is_subscriber": false, "radiant_win": true, "start_time": 1752973646, "duration": 2159, "cluster": 346, "lobby_type": 7, "game_mode": 22, "is_contributor": false, "patch": 58, "region": 38, "isRadiant": true, "win": 1, "lose": 0, "total_gold": 20546, "total_xp": 25800, "kills_per_min": 0.1667438628994905, "kda": 7.67, "abandons": 0, "benchmarks": {"gold_per_min": {"raw": 571, "pct": 0.8262301832406835}, "xp_per_min": {"raw": 717, "pct": 0.7031089149680873}, "kills_per_min": {"raw": 0.1667438628994905, "pct": 0.7084620135886349}, "last_hits_per_min": {"raw": 4.3909217230199165, "pct": 0.8406423718344658}, "hero_damage_per_min": {"raw": 652.35757295044, "pct": 0.7164916615194564}, "hero_healing_per_min": {"raw": 0, "pct": 0.6600782375952234}, "tower_damage": {"raw": 8713, "pct": 0.9806464896026353}}}, {"player_slot": 2, "team_number": 0, "team_slot": 2, "hero_id": 35, "hero_variant": 2, "item_0": 63, "item_1": 116, "item_2": 135, "item_3": 75, "item_4": 166, "item_5": 26, "backpack_0": 5, "backpack_1": 0, "backpack_2": 0, "item_neutral": 1603, "item_neutral2": 1586, "kills": 5, "deaths": 3, "assists": 16, "leaver_status": 0, "last_hits": 209, "denies": 5, "gold_per_min": 505, "xp_per_min": 638, "level": 20, "net_worth": 17406, "aghanims_scepter": 0, "aghanims_shard": 0, "moonshard": 0, "hero_damage": 19226, "tower_damage": 6565, "hero_healing": 0, "gold": 1451, "gold_spent": 16995, "ability_upgrades_arr": [5154, 5155, 5154, 5156, 5154, 5155, 5154, 5157, 5155, 928, 5155, 5157, 5156, 5156, 7892, 5156, 5157, 6897], "is_subscriber": false, "radiant_win": true, "start_time": 1752973646, "duration": 2159, "cluster": 346, "lobby_type": 7, "game_mode": 22, "is_contributor": false, "patch": 58, "region": 38, "isRadiant": true, "win": 1, "lose": 0, "total_gold": 18171, "total_xp": 22957, "kills_per_min": 0.13895321908290875, "kda": 5.25, "abandons": 0, "benchmarks": {"gold_per_min": {"raw": 505, "pct": 0.362830505884151}, "xp_per_min": {"raw": 638, "pct": 0.3493810178817056}, "kills_per_min": {"raw": 0.13895321908290875, "pct": 0.20602170258291302}, "last_hits_per_min": {"raw": 5.808244557665586, "pct": 0.4218248509857863}, "hero_damage_per_min": {"raw": 534.3029180176007, "pct": 0.13663457129756992}, "hero_healing_per_min": {"raw": 0, "pct": 0.9301543634418462}, "tower_damage": {"raw": 6565, "pct": 0.6061439706556625}}}, {"player_slot": 3, "team_number": 0, "team_slot": 3, "hero_id": 42, "hero_variant": 1, "item_0": 127, "item_1": 119, "item_2": 65, "item_3": 36, "item_4": 137, "item_5": 63, "backpack_0": 0, "backpack_1": 0, "backpack_2": 0, "item_neutral": 1603, "item_neutral2": 1583, "kills": 7, "deaths": 5, "assists": 16, "leaver_status": 0, "last_hits": 304, "denies": 6, "gold_per_min": 682, "xp_per_min": 869, "level": 23, "net_worth": 24324, "aghanims_scepter": 0, "aghanims_shard": 1, "moonshard": 0, "hero_damage": 32849, "tower_damage": 10505, "hero_healing": 0, "gold": 6699, "gold_spent": 17995, "ability_upgrades_arr": [5088, 5087, 5086, 5087, 5087, 5089, 5087, 5088, 5088, 1545, 5088, 5089, 5086, 809, 5086, 5086, 5089, 1547], "is_subscriber": false, "radiant_win": true, "start_time": 1752973646, "duration": 2159, "cluster": 346, "lobby_type": 7, "game_mode": 22, "is_contributor": false, "patch": 58, "region": 38, "isRadiant": true, "win": 1, "lose": 0, "total_gold": 24540, "total_xp": 31269, "kills_per_min": 0.19453450671607225, "kda": 3.83, "abandons": 0, "benchmarks": {"gold_per_min": {"raw": 682, "pct": 0.7453232080014818}, "xp_per_min": {"raw": 869, "pct": 0.5788108909057232}, "kills_per_min": {"raw": 0.19453450671607225, "pct": 0.3952583811817003}, "last_hits_per_min": {"raw": 8.448355720240851, "pct": 0.7553250601963326}, "hero_damage_per_min": {"raw": 912.8948587308939, "pct": 0.6597518058899796}, "hero_healing_per_min": {"raw": 0, "pct": 0.9507316169661049}, "tower_damage": {"raw": 10505, "pct": 0.7058714576773476}}}, {"player_slot": 4, "team_number": 0, "team_slot": 4, "hero_id": 50, "hero_variant": 2, "item_0": 188, "item_1": 214, "item_2": 0, "item_3": 254, "item_4": 232, "item_5": 226, "backpack_0": 0, "backpack_1": 0, "backpack_2": 0, "item_neutral": 1124, "item_neutral2": 1577, "kills": 10, "deaths": 0, "assists": 13, "leaver_status": 0, "last_hits": 67, "denies": 1, "gold_per_min": 388, "xp_per_min": 614, "level": 20, "net_worth": 11514, "aghanims_scepter": 0, "aghanims_shard": 0, "moonshard": 0, "hero_damage": 7962, "tower_damage": 323, "hero_healing": 9988, "gold": 314, "gold_spent": 14740, "ability_upgrades_arr": [5233, 5235, 5233, 5234, 5233, 1550, 5233, 5235, 5234, 1018, 5235, 1550, 5234, 5235, 1613, 5234, 1550], "is_subscriber": false, "radiant_win": true, "start_time": 1752973646, "duration": 2159, "cluster": 346, "lobby_type": 7, "game_mode": 22, "is_contributor": false, "patch": 58, "region": 38, "isRadiant": true, "win": 1, "lose": 0, "total_gold": 13961, "total_xp": 22093, "kills_per_min": 0.2779064381658175, "kda": 23, "abandons": 0, "benchmarks": {"gold_per_min": {"raw": 388, "pct": 0.8598351001177856}, "xp_per_min": {"raw": 614, "pct": 0.6996466431095406}, "kills_per_min": {"raw": 0.2779064381658175, "pct": 0.9705535924617197}, "last_hits_per_min": {"raw": 1.8619731357109772, "pct": 0.6984687868080094}, "hero_damage_per_min": {"raw": 221.2691060676239, "pct": 0.31566548881036516}, "hero_healing_per_min": {"raw": 277.57295044001853, "pct": 0.4787985865724382}, "tower_damage": {"raw": 323, "pct": 0.45641931684334514}}}, {"player_slot": 128, "team_number": 1, "team_slot": 0, "hero_id": 46, "hero_variant": 1, "item_0": 1, "item_1": 147, "item_2": 236, "item_3": 8, "item_4": 75, "item_5": 63, "backpack_0": 36, "backpack_1": 0, "backpack_2": 0, "item_neutral": 1605, "item_neutral2": 1576, "kills": 2,