{"players": [{"account_id": 1073688920, "player_slot": 0, "team_number": 0, "team_slot": 0, "hero_id": 35, "hero_variant": 0, "item_0": 263, "item_1": 116, "item_2": 63, "item_3": 166, "item_4": 141, "item_5": 75, "backpack_0": 0, "backpack_1": 0, "backpack_2": 0, "item_neutral": 1077, "item_neutral2": 1584, "kills": 4, "deaths": 5, "assists": 17, "leaver_status": 0, "last_hits": 286, "denies": 9, "gold_per_min": 450, "xp_per_min": 560, "level": 22, "net_worth": 19592, "aghanims_scepter": 0, "aghanims_shard": 0, "moonshard": 0, "hero_damage": 30608, "tower_damage": 591, "hero_healing": 0, "gold": 1037, "gold_spent": 20960, "ability_upgrades_arr": [5155, 5154, 5154, 5156, 5154, 5157, 5154, 5155, 5155, 5155, 928, 5156, 5157, 5156, 5156, 6305, 5157, 1455], "personaname": "YODITA", "name": null, "last_login": null, "rank_tier": 41, "computed_mmr": 3935.32, "is_subscriber": false, "radiant_win": false, "start_time": 1774831693, "duration": 2861, "cluster": 381, "lobby_type": 0, "game_mode": 22, "is_contributor": false, "patch": 60, "isRadiant": true, "win": 0, "lose": 1, "total_gold": 21457, "total_xp": 26702, "kills_per_min": 0.08388675288360714, "kda": 3.5, "abandons": 0, "benchmarks": {"gold_per_min": {"raw": 450, "pct": 0.23593984962406014}, "xp_per_min": {"raw": 560, "pct": 0.24060150375939848}, "kills_per_min": {"raw": 0.08388675288360713, "pct": 0.0881203007518797}, "last_hits_per_min": {"raw": 5.9979028311779095, "pct": 0.4255639097744361}, "hero_damage_per_min": {"raw": 641.9014330653617, "pct": 0.24977443609022557}, "hero_healing_per_min": {"raw": 0, "pct": 0.9406015037593985}, "tower_damage": {"raw": 591, "pct": 0.2318796992481203}}}, {"player_slot": 1, "team_number": 0, "team_slot": 1, "hero_id": 57, "hero_variant": 0, "item_0": 231, "item_1": 102, "item_2": 22, "item_3": 21, "item_4": 188, "item_5": 42, "backpack_0": 0, "backpack_1": 0, "backpack_2": 0, "item_neutral": 1643, "item_neutral2": 1585, "kills": 1, "deaths": 13, "assists": 11, "leaver_status": 0, "last_hits": 58, "denies": 4, "gold_per_min": 244, "xp_per_min": 357, "level": 17, "net_worth": 9849, "aghanims_scepter": 0, "aghanims_shard": 0, "moonshard": 0, "hero_damage": 7811, "tower_damage": 19, "hero_healing": 7281, "gold": 149, "gold_spent": 11625, "ability_upgrades_arr": [656, 5263, 656, 895, 5263, 5266, 656, 895, 5263, 5263, 6300, 895, 5266, 895, 656, 501], "is_subscriber": false, "radiant_win": false, "start_time": 1774831693, "duration": 2861, "cluster": 381, "lobby_type": 0, "game_mode": 22, "is_contributor": false, "patch": 60, "isRadiant": true, "win": 0, "lose": 1, "total_gold": 11634, "total_xp": 17022, "kills_per_min": 0.020971688220901785, "kda": 0.86, "abandons": 0, "benchmarks": {"gold_per_min": {"raw": 244, "pct": 0.1384083044982699}, "xp_per_min": {"raw": 357, "pct": 0.1637831603229527}, "kills_per_min": {"raw": 0.02097168822090178, "pct": 0.09688581314878893}, "last_hits_per_min": {"raw": 1.2163579168123033, "pct": 0.23183391003460208}, "hero_damage_per_min": {"raw": 163.80985669346381, "pct": 0.1580161476355248}, "hero_healing_per_min": {"raw": 152.69486193638588, "pct": 0.6828143021914648}, "tower_damage": {"raw": 19, "pct": 0.22837370242214533}}}, {"account_id": 172286277, "player_slot": 2, "team_number": 0, "team_slot": 2, "hero_id": 36, "hero_variant": 0, "item_0": 23, "item_1": 48, "item_2": 77, "item_3": 137, "item_4": 123, "item_5": 226, "backpack_0": 0, "backpack_1": 0, "backpack_2": 0, "item_neutral": 1168, "item_neutral2": 1592, "kills": 13, "deaths": 13, "assists": 7, "leaver_status": 0, "last_hits": 322, "denies": 11, "gold_per_min": 519, "xp_per_min": 877, "level": 26, "net_worth": 21194, "aghanims_scepter": 0, "aghanims_shard": 1, "moonshard": 0, "hero_damage": 51626, "tower_damage": 23, "hero_healing": 2453, "gold": 1439, "gold_spent": 20575, "ability_upgrades_arr": [5158, 5159, 5158, 5159, 1270, 5161, 5158, 5159, 5158, 820, 5159, 1270, 5161, 1270, 1270, 7110, 5161, 350, 1798], "personaname": "Rufian", "name": null, "last_login": null, "rank_tier": 32, "computed_mmr": 3820.79, "is_subscriber": false, "radiant_win": false, "start_time": 1774831693, "duration": 2861, "cluster": 381, "lobby_type": 0, "game_mode": 22, "is_contributor": false, "patch": 60, "isRadiant": true, "win": 0, "lose": 1, "total_gold": 24747, "total_xp": 41818, "kills_per_min": 0.2726319468717232, "kda": 1.43, "abandons": 0, "benchmarks": {"gold_per_min": {"raw": 519, "pct": 0.33908984830805133}, "xp_per_min": {"raw": 877, "pct": 0.6261376896149359}, "kills_per_min": {"raw": 0.2726319468717232, "pct": 0.5253208868144691}, "last_hits_per_min": {"raw": 6.752883607130374, "pct": 0.49078179696616103}, "hero_damage_per_min": {"raw": 1082.6843760922754, "pct": 0.7183197199533256}, "hero_healing_per_min": {"raw": 51.443551205872076, "pct": 0.11645274212368728}, "tower_damage": {"raw": 23, "pct": 0.08728121353558926}}}, {"account_id": 114976771, "player_slot": 3, "team_number": 0, "team_slot": 3, "hero_id": 7, "hero_variant": 0, "item_0": 119, "item_1": 218, "item_2": 1, "item_3": 180, "item_4": 259, "item_5": 116, "backpack_0": 40, "backpack_1": 0, "backpack_2": 0, "item_neutral": 574, "item_neutral2": 1585, "kills": 7, "deaths": 9, "assists": 12, "leaver_status": 0, "last_hits": 175, "denies": 0, "gold_per_min": 402, "xp_per_min": 620, "level": 23, "net_worth": 17034, "aghanims_scepter": 0, "aghanims_shard": 1, "moonshard": 0, "hero_damage": 29212, "tower_damage": 0, "hero_healing": 0, "gold": 824, "gold_spent": 18000, "ability_upgrades_arr": [5023, 5024, 5025, 5024, 5024, 5026, 5025, 5023, 5023, 5023, 5024, 5026, 744, 5025, 5025, 858, 5026, 918], "personaname": "choso", "name": null, "last_login": null, "rank_tier": 34, "computed_mmr": 3693.4, "is_subscriber": false, "radiant_win": false, "start_time": 1774831693, "duration": 2861, "cluster": 381, "lobby_type": 0, "game_mode": 22, "is_contributor": false, "patch": 60, "isRadiant": true, "win": 0, "lose": 1, "total_gold": 19168, "total_xp": 29563, "kills_per_min": 0.1468018175463125, "kda": 1.9, "abandons": 0, "benchmarks": {"gold_per_min": {"raw": 402, "pct": 0.35743589743589743}, "xp_per_min": {"raw": 620, "pct": 0.43564102564102564}, "kills_per_min": {"raw": 0.14680181754631247, "pct": 0.47410256410256413}, "last_hits_per_min": {"raw": 3.670045438657812, "pct": 0.44487179487179485}, "hero_damage_per_min": {"raw": 612.6249563089829, "pct": 0.5335897435897435}, "hero_healing_per_min": {"raw": 0, "pct": 0.8328205128205128}, "tower_damage": {"raw": 0, "pct": 0.22974358974358974}}}, {"player_slot": 4, "team_number": 0, "team_slot": 4, "hero_id": 44, "hero_variant": 0, "item_0": 168, "item_1": 34, "item_2": 7, "item_3": 26, "item_4": 116, "item_5": 50, "backpack_0": 25, "backpack_1": 0, "backpack_2": 0, "item_neutral": 1077, "item_neutral2": 1577, "kills": 0, "deaths": 16, "assists": 5, "leaver_status": 0, "last_hits": 194, "denies": 3, "gold_per_min": 285, "xp_per_min": 396, "level": 18, "net_worth": 11922, "aghanims_scepter": 0, "aghanims_shard": 0, "moonshard": 0, "hero_damage": 6993, "tower_damage": 0, "hero_healing": 0, "gold": 472, "gold_spent": 12190, "ability_upgrades_arr": [5190, 5191, 5190, 5191, 5190, 5193, 1287, 5191, 5191, 5190, 1287, 483, 5193, 1287, 1287, 491, 5193], "is_subscriber": false, "radiant_win": false, "start_time": 1774831693, "duration": 2861, "cluster": 381, "lobby_type": 0, "game_mode": 22, "is_contributor": false, "patch": 60, "isRadiant": true, "win": 0, "lose": 1, "total_gold": 13589, "total_xp": 18882, "kda": 0.29, "abandons": 0, "benchmarks": {"gold_per_min": {"raw": 285, "pct": 0.06051487796723504}, "xp_per_min": {"raw": 396, "pct": 0.08859913072550986}, "kills_per_min": {"raw": 0, "pct": 0.020728853226345705}, "last_hits_per_min": {"raw": 4.068507514854946, "pct": 0.14844533600802406}, "hero_damage_per_min": {"raw": 146.65501572876616, "pct": 0.03343363423604146}, "hero_healing_per_min": {"raw": 0, "pct": 0.9562019391507857}, "tower_damage": {"raw": 0,