{"players": [{"account_id": 228248893, "player_slot": 0, "team_number": 0, "team_slot": 0, "hero_id": 33, "hero_variant": 1, "item_0": 116, "item_1": 1, "item_2": 40, "item_3": 42, "item_4": 108, "item_5": 180, "backpack_0": 0, "backpack_1": 0, "backpack_2": 0, "item_neutral": 1601, "item_neutral2": 1577, "kills": 7, "deaths": 14, "assists": 18, "leaver_status": 0, "last_hits": 80, "denies": 5, "gold_per_min": 356, "xp_per_min": 527, "level": 22, "net_worth": 12641, "aghanims_scepter": 0, "aghanims_shard": 0, "moonshard": 0, "hero_damage": 21455, "tower_damage": 1038, "hero_healing": 0, "gold": 581, "gold_spent": 14690, "ability_upgrades_arr": [5147, 5146, 5147, 5146, 5146, 5149, 5146, 5148, 5148, 5147, 461, 5148, 5149, 5148, 5147, 7658, 5149, 620], "personaname": "АЛЕГ ДАГОН", "name": null, "last_login": null, "rank_tier": 44, "computed_mmr": 4075.03, "is_subscriber": false, "radiant_win": false, "start_time": 1769725207, "duration": 2963, "cluster": 185, "lobby_type": 7, "game_mode": 22, "is_contributor": false, "patch": 59, "region": 8, "isRadiant": true, "win": 0, "lose": 1, "total_gold": 17580, "total_xp": 26025, "kills_per_min": 0.14174822814714816, "kda": 1.67, "abandons": 0, "benchmarks": {"gold_per_min": {"raw": 356, "pct": 0.3722707423580786}, "xp_per_min": {"raw": 527, "pct": 0.46943231441048033}, "kills_per_min": {"raw": 0.14174822814714816, "pct": 0.6441048034934498}, "last_hits_per_min": {"raw": 1.619979750253122, "pct": 0.21179039301310043}, "hero_damage_per_min": {"raw": 434.45831927100915, "pct": 0.26419213973799127}, "hero_healing_per_min": {"raw": 0, "pct": 0.759825327510917}, "tower_damage": {"raw": 1038, "pct": 0.3624454148471616}}}, {"account_id": 432901752, "player_slot": 1, "team_number": 0, "team_slot": 1, "hero_id": 16, "hero_variant": 3, "item_0": 108, "item_1": 119, "item_2": 116, "item_3": 50, "item_4": 1, "item_5": 73, "backpack_0": 0, "backpack_1": 0, "backpack_2": 0, "item_neutral": 1168, "item_neutral2": 1586, "kills": 13, "deaths": 9, "assists": 12, "leaver_status": 0, "last_hits": 234, "denies": 12, "gold_per_min": 478, "xp_per_min": 741, "level": 25, "net_worth": 20697, "aghanims_scepter": 0, "aghanims_shard": 1, "moonshard": 0, "hero_damage": 34604, "tower_damage": 110, "hero_healing": 0, "gold": 1517, "gold_spent": 21235, "ability_upgrades_arr": [5103, 5102, 5103, 1229, 5103, 5105, 5103, 5102, 5102, 5102, 1537, 1229, 5105, 1229, 6409, 1229, 5105, 6872, 6207], "personaname": "suisside", "name": null, "last_login": "2021-12-28T12:52:36.584Z", "rank_tier": 41, "computed_mmr": 3814.23, "is_subscriber": false, "radiant_win": false, "start_time": 1769725207, "duration": 2963, "cluster": 185, "lobby_type": 7, "game_mode": 22, "is_contributor": false, "patch": 59, "region": 8, "isRadiant": true, "win": 0, "lose": 1, "total_gold": 23605, "total_xp": 36593, "kills_per_min": 0.2632467094161323, "kda": 2.5, "abandons": 0, "benchmarks": {"gold_per_min": {"raw": 478, "pct": 0.4764776839565742}, "xp_per_min": {"raw": 741, "pct": 0.5699638118214716}, "kills_per_min": {"raw": 0.2632467094161323, "pct": 0.7599517490952955}, "last_hits_per_min": {"raw": 4.738440769490381, "pct": 0.4589867310012063}, "hero_damage_per_min": {"raw": 700.7222409719878, "pct": 0.5241254523522316}, "hero_healing_per_min": {"raw": 0, "pct": 0.8787696019300362}, "tower_damage": {"raw": 110, "pct": 0.33775633293124246}}}, {"account_id": 89026444, "player_slot": 2, "team_number": 0, "team_slot": 2, "hero_id": 35, "hero_variant": 1, "item_0": 249, "item_1": 263, "item_2": 63, "item_3": 158, "item_4": 116, "item_5": 141, "backpack_0": 0, "backpack_1": 0, "backpack_2": 0, "item_neutral": 1643, "item_neutral2": 1594, "kills": 10, "deaths": 6, "assists": 20, "leaver_status": 0, "last_hits": 360, "denies": 5, "gold_per_min": 597, "xp_per_min": 805, "level": 26, "net_worth": 27297, "aghanims_scepter": 0, "aghanims_shard": 0, "moonshard": 0, "hero_damage": 29918, "tower_damage": 6359, "hero_healing": 0, "gold": 1097, "gold_spent": 27465, "ability_upgrades_arr": [5155, 5154, 5154, 5155, 5154, 5157, 5154, 5155, 5155, 928, 5156, 5156, 5157, 5156, 5156, 7892, 5157, 1455, 6896], "personaname": "Durotan", "name": null, "last_login": null, "rank_tier": 41, "computed_mmr": 3927.53, "is_subscriber": false, "radiant_win": false, "start_time": 1769725207, "duration": 2963, "cluster": 185, "lobby_type": 7, "game_mode": 22, "is_contributor": false, "patch": 59, "region": 8, "isRadiant": true, "win": 0, "lose": 1, "total_gold": 29481, "total_xp": 39753, "kills_per_min": 0.20249746878164024, "kda": 4.29, "abandons": 0, "benchmarks": {"gold_per_min": {"raw": 597, "pct": 0.7185955343446395}, "xp_per_min": {"raw": 805, "pct": 0.7303562297596727}, "kills_per_min": {"raw": 0.20249746878164024, "pct": 0.4298619396625192}, "last_hits_per_min": {"raw": 7.289908876139048, "pct": 0.8022839611385717}, "hero_damage_per_min": {"raw": 605.8319271009112, "pct": 0.25924663371399354}, "hero_healing_per_min": {"raw": 0, "pct": 0.9202318050110789}, "tower_damage": {"raw": 6359, "pct": 0.7153570819839782}}}, {"account_id": 1078829124, "player_slot": 3, "team_number": 0, "team_slot": 3, "hero_id": 72, "hero_variant": 1, "item_0": 36, "item_1": 267, "item_2": 231, "item_3": 235, "item_4": 1808, "item_5": 0, "backpack_0": 0, "backpack_1": 0, "backpack_2": 0, "item_neutral": 1158, "item_neutral2": 1583, "kills": 9, "deaths": 10, "assists": 20, "leaver_status": 0, "last_hits": 171, "denies": 4, "gold_per_min": 460, "xp_per_min": 707, "level": 25, "net_worth": 20136, "aghanims_scepter": 0, "aghanims_shard": 1, "moonshard": 0, "hero_damage": 38403, "tower_damage": 1294, "hero_healing": 2826, "gold": 651, "gold_spent": 20710, "ability_upgrades_arr": [5361, 5362, 5361, 5362, 5361, 5364, 5361, 5362, 5362, 1332, 730, 730, 5364, 730, 730, 7141, 730, 730, 730, 5364, 5363, 6652, 5363, 5363, 5363], "personaname": "смешнойчел)", "name": null, "last_login": null, "rank_tier": 51, "computed_mmr": 4006.08, "is_subscriber": false, "radiant_win": false, "start_time": 1769725207, "duration": 2963, "cluster": 185, "lobby_type": 7, "game_mode": 22, "is_contributor": false, "patch": 59, "region": 8, "isRadiant": true, "win": 0, "lose": 1, "total_gold": 22716, "total_xp": 34914, "kills_per_min": 0.1822477219034762, "kda": 2.64, "abandons": 0, "benchmarks": {"gold_per_min": {"raw": 460, "pct": 0.41403238242097146}, "xp_per_min": {"raw": 707, "pct": 0.5389360061680802}, "kills_per_min": {"raw": 0.1822477219034762, "pct": 0.5235158057054742}, "last_hits_per_min": {"raw": 3.462706716166048, "pct": 0.30300693909020815}, "hero_damage_per_min": {"raw": 777.6510293621329, "pct": 0.607555898226677}, "hero_healing_per_min": {"raw": 57.22578467769153, "pct": 0.976869699306091}, "tower_damage": {"raw": 1294, "pct": 0.5034695451040864}}}, {"player_slot": 4, "team_number": 0, "team_slot": 4, "hero_id": 93, "hero_variant": 3, "item_0": 63, "item_1": 250, "item_2": 174, "item_3": 598, "item_4": 108, "item_5": 160, "backpack_0": 0, "backpack_1": 0, "backpack_2": 0, "item_neutral": 1643, "item_neutral2": 1586, "kills": 5, "deaths": 6, "assists": 16, "leaver_status": 0, "last_hits": 351, "denies": 9, "gold_per_min": 542, "xp_per_min": 975, "level": 27, "net_worth": 25124, "aghanims_scepter": 0, "aghanims_shard": 1, "moonshard": 0, "hero_damage": 15006, "tower_damage": 8754, "hero_healing": 0, "gold": 199, "gold_spent": 26525, "ability_upgrades_arr": [5495, 5494, 1693, 5494, 5494, 5497, 5494, 5495, 5495, 6147, 1693, 5495, 5497, 1693, 1693, 921, 5497, 892, 6894, 821], "is_subscriber": false, "radiant_win": false, "start_time": 1769725207, "duration": 2963, "cluster": 185, "lobby_type": 7, "game_mode": 22, "is_contributor": false, "patch": 59, "region": 8, "isRadiant": true, "win": 0, "lose": 1, "total_gold": 26765, "total_xp": 48148, "kills_per_min": 0.10124873439082012, "kda": 3, "abandons": 0, "benchmarks": {"gold_per_min": {"raw": 542, "pct": 0.5544072948328268}, "xp_per_min": {"raw": 975, "pct": 0.7845997973657548},