{"players": [{"account_id": 117551232, "player_slot": 0, "team_number": 0, "team_slot": 0, "hero_id": 64, "hero_variant": 4, "item_0": 231, "item_1": 1802, "item_2": 100, "item_3": 279, "item_4": 256, "item_5": 108, "backpack_0": 0, "backpack_1": 0, "backpack_2": 0, "item_neutral": 1638, "item_neutral2": 1577, "kills": 5, "deaths": 10, "assists": 26, "leaver_status": 0, "last_hits": 170, "denies": 3, "gold_per_min": 441, "xp_per_min": 734, "level": 26, "net_worth": 18368, "aghanims_scepter": 0, "aghanims_shard": 0, "moonshard": 0, "hero_damage": 33391, "tower_damage": 1222, "hero_healing": 4525, "gold": 768, "gold_spent": 21245, "ability_upgrades_arr": [1317, 5297, 5297, 5298, 5297, 5300, 5297, 1317, 1317, 526, 5299, 5298, 5300, 5298, 5298, 303, 5300, 6064, 6381], "personaname": "Turrican", "name": null, "last_login": null, "rank_tier": 34, "computed_mmr": 3758.54, "is_subscriber": false, "radiant_win": false, "start_time": 1769336393, "duration": 3148, "cluster": 274, "lobby_type": 7, "game_mode": 22, "is_contributor": false, "patch": 59, "region": 3, "isRadiant": true, "win": 0, "lose": 1, "total_gold": 23137, "total_xp": 38510, "kills_per_min": 0.09529860228716645, "kda": 2.82, "abandons": 0, "benchmarks": {"gold_per_min": {"raw": 441, "pct": 0.8686200378071833}, "xp_per_min": {"raw": 734, "pct": 0.861531190926276}, "kills_per_min": {"raw": 0.09529860228716645, "pct": 0.43549149338374293}, "last_hits_per_min": {"raw": 3.2401524777636594, "pct": 0.8275047258979206}, "hero_damage_per_min": {"raw": 636.423125794155, "pct": 0.8657844990548205}, "hero_healing_per_min": {"raw": 86.24523506988564, "pct": 0.9156427221172023}, "tower_damage": {"raw": 1222, "pct": 0.42391304347826086}}}, {"account_id": 1823573303, "player_slot": 1, "team_number": 0, "team_slot": 1, "hero_id": 47, "hero_variant": 1, "item_0": 135, "item_1": 174, "item_2": 156, "item_3": 263, "item_4": 154, "item_5": 63, "backpack_0": 0, "backpack_1": 0, "backpack_2": 0, "item_neutral": 565, "item_neutral2": 1584, "kills": 16, "deaths": 9, "assists": 15, "leaver_status": 0, "last_hits": 348, "denies": 10, "gold_per_min": 620, "xp_per_min": 949, "level": 28, "net_worth": 25536, "aghanims_scepter": 0, "aghanims_shard": 1, "moonshard": 0, "hero_damage": 51445, "tower_damage": 2108, "hero_healing": 0, "gold": 1736, "gold_spent": 26015, "ability_upgrades_arr": [5218, 5220, 5218, 5220, 5218, 5221, 5218, 5220, 5220, 984, 730, 730, 5221, 730, 730, 6156, 730, 730, 5221, 730, 5219, 6165, 5219, 5219, 5219], "personaname": "999", "name": null, "last_login": null, "rank_tier": 41, "computed_mmr": 3924.58, "is_subscriber": false, "radiant_win": false, "start_time": 1769336393, "duration": 3148, "cluster": 274, "lobby_type": 7, "game_mode": 22, "is_contributor": false, "patch": 59, "region": 3, "isRadiant": true, "win": 0, "lose": 1, "total_gold": 32529, "total_xp": 49790, "kills_per_min": 0.30495552731893266, "kda": 3.1, "abandons": 0, "benchmarks": {"gold_per_min": {"raw": 620, "pct": 0.8950742240215924}, "xp_per_min": {"raw": 949, "pct": 0.8917004048582996}, "kills_per_min": {"raw": 0.30495552731893266, "pct": 0.7388663967611336}, "last_hits_per_min": {"raw": 6.632782719186785, "pct": 0.8690958164642375}, "hero_damage_per_min": {"raw": 980.5273189326556, "pct": 0.835357624831309}, "hero_healing_per_min": {"raw": 0, "pct": 0.8721322537112011}, "tower_damage": {"raw": 2108, "pct": 0.5040485829959515}}}, {"player_slot": 2, "team_number": 0, "team_slot": 2, "hero_id": 61, "hero_variant": 1, "item_0": 154, "item_1": 63, "item_2": 24, "item_3": 116, "item_4": 156, "item_5": 98, "backpack_0": 0, "backpack_1": 0, "backpack_2": 0, "item_neutral": 1720, "item_neutral2": 1583, "kills": 8, "deaths": 15, "assists": 18, "leaver_status": 0, "last_hits": 401, "denies": 18, "gold_per_min": 571, "xp_per_min": 858, "level": 27, "net_worth": 22081, "aghanims_scepter": 0, "aghanims_shard": 0, "moonshard": 0, "hero_damage": 30513, "tower_damage": 7984, "hero_healing": 0, "gold": 1206, "gold_spent": 22575, "ability_upgrades_arr": [5280, 5282, 5280, 5282, 5281, 5279, 5280, 5280, 5281, 5281, 900, 5281, 5279, 5282, 5282, 6258, 5279, 6362, 6257, 6361], "is_subscriber": false, "radiant_win": false, "start_time": 1769336393, "duration": 3148, "cluster": 274, "lobby_type": 7, "game_mode": 22, "is_contributor": false, "patch": 59, "region": 3, "isRadiant": true, "win": 0, "lose": 1, "total_gold": 29958, "total_xp": 45016, "kills_per_min": 0.15247776365946633, "kda": 1.63, "abandons": 0, "benchmarks": {"gold_per_min": {"raw": 571, "pct": 0.4432348367029549}, "xp_per_min": {"raw": 858, "pct": 0.5979782270606532}, "kills_per_min": {"raw": 0.15247776365946633, "pct": 0.2939346811819596}, "last_hits_per_min": {"raw": 7.642947903430749, "pct": 0.6321928460342147}, "hero_damage_per_min": {"raw": 581.569250317662, "pct": 0.5404354587869362}, "hero_healing_per_min": {"raw": 0, "pct": 0.9782270606531882}, "tower_damage": {"raw": 7984, "pct": 0.4751166407465008}}}, {"account_id": 108545271, "player_slot": 3, "team_number": 0, "team_slot": 3, "hero_id": 18, "hero_variant": 2, "item_0": 939, "item_1": 26, "item_2": 63, "item_3": 135, "item_4": 1, "item_5": 141, "backpack_0": 4204, "backpack_1": 0, "backpack_2": 0, "item_neutral": 1721, "item_neutral2": 1594, "kills": 9, "deaths": 13, "assists": 12, "leaver_status": 0, "last_hits": 319, "denies": 3, "gold_per_min": 519, "xp_per_min": 763, "level": 26, "net_worth": 20404, "aghanims_scepter": 0, "aghanims_shard": 0, "moonshard": 0, "hero_damage": 39483, "tower_damage": 921, "hero_healing": 0, "gold": 1254, "gold_spent": 20345, "ability_upgrades_arr": [5094, 5096, 5095, 5095, 5095, 5097, 5095, 5094, 5094, 6045, 730, 5094, 5097, 5096, 5096, 6911, 5096, 5097, 1188, 6910], "personaname": "Berry Nice", "name": null, "last_login": null, "rank_tier": 35, "computed_mmr": 3958.55, "is_subscriber": false, "radiant_win": false, "start_time": 1769336393, "duration": 3148, "cluster": 274, "lobby_type": 7, "game_mode": 22, "is_contributor": false, "patch": 59, "region": 3, "isRadiant": true, "win": 0, "lose": 1, "total_gold": 27230, "total_xp": 40032, "kills_per_min": 0.17153748411689962, "kda": 1.5, "abandons": 0, "benchmarks": {"gold_per_min": {"raw": 519, "pct": 0.35244040862656073}, "xp_per_min": {"raw": 763, "pct": 0.4301929625425653}, "kills_per_min": {"raw": 0.17153748411689962, "pct": 0.3995459704880817}, "last_hits_per_min": {"raw": 6.08005082592122, "pct": 0.24290578887627695}, "hero_damage_per_min": {"raw": 752.5349428208386, "pct": 0.656072644721907}, "hero_healing_per_min": {"raw": 0, "pct": 0.9568671963677639}, "tower_damage": {"raw": 921, "pct": 0.358683314415437}}}, {"account_id": 54298030, "player_slot": 4, "team_number": 0, "team_slot": 4, "hero_id": 84, "hero_variant": 2, "item_0": 180, "item_1": 176, "item_2": 100, "item_3": 1, "item_4": 73, "item_5": 218, "backpack_0": 188, "backpack_1": 36, "backpack_2": 0, "item_neutral": 1604, "item_neutral2": 1595, "kills": 9, "deaths": 14, "assists": 24, "leaver_status": 0, "last_hits": 63, "denies": 2, "gold_per_min": 381, "xp_per_min": 819, "level": 26, "net_worth": 15375, "aghanims_scepter": 0, "aghanims_shard": 0, "moonshard": 0, "hero_damage": 32271, "tower_damage": 68, "hero_healing": 0, "gold": 2810, "gold_spent": 14180, "ability_upgrades_arr": [5439, 5438, 5440, 5439, 5438, 5441, 5439, 5438, 5438, 5440, 801, 5440, 5441, 5440, 5439, 1181, 730, 5441, 6708, 6707, 403], "personaname": "Exxus", "name": null, "last_login": null, "rank_tier": 34, "computed_mmr": 4128.85, "is_subscriber": false, "radiant_win": false, "start_time": 1769336393, "duration": 3148, "cluster": 274, "lobby_type": 7, "game_mode": 22, "is_contributor": false, "patch": 59, "region": 3, "isRadiant": true, "win": 0, "lose": 1, "total_gold": 19989, "total_xp": 42970, "kills_per_min": 0.17153748411689962, "kda": 2.2, "abandons": 0, "benchmarks": {"gold_per_min": {"raw": 381, "pct": 0.2858002406738869}, "xp_per_min": {"raw": 819, "pct": 0.8754512635379061},