{"players": [{"player_slot": 0, "team_number": 0, "team_slot": 0, "hero_id": 95, "hero_variant": 2, "item_0": 154, "item_1": 160, "item_2": 116, "item_3": 174, "item_4": 36, "item_5": 63, "backpack_0": 11, "backpack_1": 0, "backpack_2": 0, "item_neutral": 1642, "item_neutral2": 1594, "kills": 19, "deaths": 10, "assists": 17, "leaver_status": 0, "last_hits": 199, "denies": 7, "gold_per_min": 626, "xp_per_min": 686, "level": 22, "net_worth": 24476, "aghanims_scepter": 0, "aghanims_shard": 1, "moonshard": 0, "hero_damage": 35119, "tower_damage": 9383, "hero_healing": 0, "gold": 4376, "gold_spent": 20400, "ability_upgrades_arr": [5509, 5508, 5511, 5509, 5508, 5512, 5511, 5511, 5508, 5508, 5509, 5512, 5511, 5509, 6958, 492, 5512, 1011], "is_subscriber": false, "radiant_win": true, "start_time": 1748131448, "duration": 2443, "cluster": 241, "lobby_type": 0, "game_mode": 22, "is_contributor": false, "patch": 58, "region": 14, "isRadiant": true, "win": 1, "lose": 0, "total_gold": 25488, "total_xp": 27931, "kills_per_min": 0.46663937781416287, "kda": 3.27, "abandons": 0, "benchmarks": {"gold_per_min": {"raw": 626, "pct": 0.7294797687861272}, "xp_per_min": {"raw": 686, "pct": 0.40346820809248557}, "kills_per_min": {"raw": 0.4666393778141629, "pct": 0.9421965317919075}, "last_hits_per_min": {"raw": 4.887433483422022, "pct": 0.2878612716763006}, "hero_damage_per_min": {"raw": 862.5214899713468, "pct": 0.7953757225433526}, "hero_healing_per_min": {"raw": 0, "pct": 0.9710982658959537}, "tower_damage": {"raw": 9383, "pct": 0.684393063583815}}}, {"player_slot": 1, "team_number": 0, "team_slot": 1, "hero_id": 38, "hero_variant": 2, "item_0": 1, "item_1": 116, "item_2": 119, "item_3": 63, "item_4": 81, "item_5": 108, "backpack_0": 0, "backpack_1": 4205, "backpack_2": 0, "item_neutral": 1641, "item_neutral2": 1577, "kills": 8, "deaths": 5, "assists": 21, "leaver_status": 0, "last_hits": 270, "denies": 5, "gold_per_min": 597, "xp_per_min": 746, "level": 23, "net_worth": 24359, "aghanims_scepter": 0, "aghanims_shard": 1, "moonshard": 0, "hero_damage": 23554, "tower_damage": 6046, "hero_healing": 3911, "gold": 3384, "gold_spent": 21150, "ability_upgrades_arr": [5168, 7230, 5168, 5172, 5168, 5177, 5168, 7230, 7230, 901, 7230, 5177, 5172, 5172, 6612, 5172, 5177, 6517], "is_subscriber": false, "radiant_win": true, "start_time": 1748131448, "duration": 2443, "cluster": 241, "lobby_type": 0, "game_mode": 22, "is_contributor": false, "patch": 58, "region": 14, "isRadiant": true, "win": 1, "lose": 0, "total_gold": 24307, "total_xp": 30374, "kills_per_min": 0.19647973802701596, "kda": 4.83, "abandons": 0, "benchmarks": {"gold_per_min": {"raw": 597, "pct": 0.5994805194805195}, "xp_per_min": {"raw": 746, "pct": 0.4503896103896104}, "kills_per_min": {"raw": 0.19647973802701596, "pct": 0.3537662337662338}, "last_hits_per_min": {"raw": 6.631191158411789, "pct": 0.49662337662337663}, "hero_damage_per_min": {"raw": 578.4854686860417, "pct": 0.2825974025974026}, "hero_healing_per_min": {"raw": 96.05403192795742, "pct": 0.9953246753246753}, "tower_damage": {"raw": 6046, "pct": 0.7158441558441558}}}, {"player_slot": 2, "team_number": 0, "team_slot": 2, "hero_id": 91, "hero_variant": 1, "item_0": 269, "item_1": 180, "item_2": 42, "item_3": 79, "item_4": 13, "item_5": 188, "backpack_0": 11, "backpack_1": 0, "backpack_2": 0, "item_neutral": 1607, "item_neutral2": 1585, "kills": 0, "deaths": 12, "assists": 22, "leaver_status": 0, "last_hits": 17, "denies": 0, "gold_per_min": 287, "xp_per_min": 483, "level": 19, "net_worth": 9175, "aghanims_scepter": 0, "aghanims_shard": 0, "moonshard": 0, "hero_damage": 5391, "tower_damage": 18, "hero_healing": 15120, "gold": 3360, "gold_spent": 7985, "ability_upgrades_arr": [5485, 5487, 5489, 5487, 5487, 5488, 5486, 5485, 5489, 5487, 5486, 5488, 5486, 5486, 7071, 6659, 5488], "is_subscriber": false, "radiant_win": true, "start_time": 1748131448, "duration": 2443, "cluster": 241, "lobby_type": 0, "game_mode": 22, "is_contributor": false, "patch": 58, "region": 14, "isRadiant": true, "win": 1, "lose": 0, "total_gold": 11685, "total_xp": 19666, "kda": 1.69, "abandons": 0, "benchmarks": {"gold_per_min": {"raw": 287, "pct": 0.439519158527423}, "xp_per_min": {"raw": 483, "pct": 0.41397445529676935}, "kills_per_min": {"raw": 0, "pct": 0.169045830202855}, "last_hits_per_min": {"raw": 0.4175194433074089, "pct": 0.270473328324568}, "hero_damage_per_min": {"raw": 132.40278346295537, "pct": 0.36964688204357626}, "hero_healing_per_min": {"raw": 371.3467048710602, "pct": 0.4132231404958678}, "tower_damage": {"raw": 18, "pct": 0.13899323816679188}}}, {"player_slot": 3, "team_number": 0, "team_slot": 3, "hero_id": 137, "hero_variant": 2, "item_0": 40, "item_1": 1, "item_2": 116, "item_3": 29, "item_4": 108, "item_5": 178, "backpack_0": 0, "backpack_1": 0, "backpack_2": 0, "item_neutral": 1601, "item_neutral2": 1585, "kills": 8, "deaths": 6, "assists": 21, "leaver_status": 0, "last_hits": 49, "denies": 0, "gold_per_min": 376, "xp_per_min": 593, "level": 21, "net_worth": 15419, "aghanims_scepter": 0, "aghanims_shard": 1, "moonshard": 0, "hero_damage": 27493, "tower_damage": 2442, "hero_healing": 0, "gold": 2134, "gold_spent": 12855, "ability_upgrades_arr": [994, 995, 992, 994, 995, 996, 994, 995, 995, 1081, 994, 996, 992, 992, 992, 7740, 996, 7744], "is_subscriber": false, "radiant_win": true, "start_time": 1748131448, "duration": 2443, "cluster": 241, "lobby_type": 0, "game_mode": 22, "is_contributor": false, "patch": 58, "region": 14, "isRadiant": true, "win": 1, "lose": 0, "total_gold": 15309, "total_xp": 24144, "kills_per_min": 0.19647973802701596, "kda": 4.14, "abandons": 0, "benchmarks": {"gold_per_min": {"raw": 376, "pct": 0.24670433145009416}, "xp_per_min": {"raw": 593, "pct": 0.3578154425612053}, "kills_per_min": {"raw": 0.19647973802701596, "pct": 0.5546139359698682}, "last_hits_per_min": {"raw": 1.2034383954154728, "pct": 0.05084745762711865}, "hero_damage_per_min": {"raw": 675.2271796970938, "pct": 0.608286252354049}, "hero_healing_per_min": {"raw": 0, "pct": 0.9199623352165726}, "tower_damage": {"raw": 2442, "pct": 0.7768361581920904}}}, {"player_slot": 4, "team_number": 0, "team_slot": 4, "hero_id": 82, "hero_variant": 1, "item_0": 160, "item_1": 63, "item_2": 174, "item_3": 114, "item_4": 108, "item_5": 1, "backpack_0": 4206, "backpack_1": 4205, "backpack_2": 0, "item_neutral": 1638, "item_neutral2": 1584, "kills": 7, "deaths": 6, "assists": 14, "leaver_status": 0, "last_hits": 311, "denies": 15, "gold_per_min": 624, "xp_per_min": 949, "level": 26, "net_worth": 23873, "aghanims_scepter": 0, "aghanims_shard": 0, "moonshard": 0, "hero_damage": 20545, "tower_damage": 12621, "hero_healing": 0, "gold": 823, "gold_spent": 24150, "additional_units": [{"unitname": "", "item_0": 160, "item_1": 63, "item_2": 174, "item_3": 114, "item_4": 108, "item_5": 1, "backpack_0": 4206, "backpack_1": 4205, "backpack_2": 0, "item_neutral": 0, "item_neutral2": 0}], "ability_upgrades_arr": [5430, 5431, 5433, 7318, 5431, 5431, 5431, 7318, 5430, 5433, 5430, 5430, 7318, 6689, 7318, 5972, 5433, 7102, 5433, 6195], "is_subscriber": false, "radiant_win": true, "start_time": 1748131448, "duration": 2443, "cluster": 241, "lobby_type": 0, "game_mode": 22, "is_contributor": false, "patch": 58, "region": 14, "isRadiant": true, "win": 1, "lose": 0, "total_gold": 25407, "total_xp": 38640, "kills_per_min": 0.17191977077363896, "kda": 3, "abandons": 0, "benchmarks": {"gold_per_min": {"raw": 624, "pct": null}, "xp_per_min": {"raw": 949, "pct": null}, "kills_per_min": {"raw": 0.17191977077363896, "pct": null}, "last_hits_per_min": {"raw": 7.638149815800245, "pct": null}, "hero_damage_per_min": {"raw": 504.5845272206304, "pct": null}, "hero_healing_per_min": {"raw": 0, "pct": null}, "tower_damage": {"raw": 12621, "pct": null}}}, {"player_slot": 128, "team_number": 1, "team_slot": 0, "hero_id": 145, "hero_variant": 1, "item_0": 102, "item_1": 36, "item_2": 170, "item_3": 63, "item_4": 162, "item_5": 112,