{"players": [{"player_slot": 0, "team_number": 0, "team_slot": 0, "hero_id": 49, "hero_variant": 3, "item_0": 141, "item_1": 247, "item_2": 116, "item_3": 63, "item_4": 178, "item_5": 1, "backpack_0": 0, "backpack_1": 0, "backpack_2": 0, "item_neutral": 1603, "item_neutral2": 1576, "kills": 12, "deaths": 6, "assists": 13, "leaver_status": 0, "last_hits": 224, "denies": 16, "gold_per_min": 573, "xp_per_min": 863, "level": 25, "net_worth": 22771, "aghanims_scepter": 0, "aghanims_shard": 0, "moonshard": 0, "hero_damage": 47144, "tower_damage": 6239, "hero_healing": 0, "gold": 41, "gold_spent": 24250, "ability_upgrades_arr": [5228, 5227, 5226, 5226, 5226, 5229, 5226, 5228, 5228, 5228, 5227, 5229, 5227, 5227, 5938, 5993, 5229, 1043, 742], "is_subscriber": false, "radiant_win": true, "start_time": 1757124213, "duration": 2573, "cluster": 241, "lobby_type": 0, "game_mode": 22, "is_contributor": false, "patch": 58, "region": 14, "isRadiant": true, "win": 1, "lose": 0, "total_gold": 24572, "total_xp": 37008, "kills_per_min": 0.27982899339292655, "kda": 3.57, "abandons": 0, "benchmarks": {"gold_per_min": {"raw": 573, "pct": 0.6503018108651911}, "xp_per_min": {"raw": 863, "pct": 0.7251509054325955}, "kills_per_min": {"raw": 0.27982899339292655, "pct": 0.7939637826961771}, "last_hits_per_min": {"raw": 5.223474543334628, "pct": 0.2993963782696177}, "hero_damage_per_min": {"raw": 1099.3548387096776, "pct": 0.9420523138832998}, "hero_healing_per_min": {"raw": 0, "pct": 0.9613682092555332}, "tower_damage": {"raw": 6239, "pct": 0.6088531187122737}}}, {"account_id": 260771092, "player_slot": 1, "team_number": 0, "team_slot": 1, "hero_id": 53, "hero_variant": 1, "item_0": 96, "item_1": 36, "item_2": 63, "item_3": 77, "item_4": 135, "item_5": 158, "backpack_0": 0, "backpack_1": 0, "backpack_2": 0, "item_neutral": 828, "item_neutral2": 1584, "kills": 7, "deaths": 7, "assists": 14, "leaver_status": 0, "last_hits": 198, "denies": 2, "gold_per_min": 482, "xp_per_min": 586, "level": 21, "net_worth": 19327, "aghanims_scepter": 0, "aghanims_shard": 0, "moonshard": 0, "hero_damage": 18585, "tower_damage": 5810, "hero_healing": 1047, "gold": 1572, "gold_spent": 18275, "ability_upgrades_arr": [5245, 5246, 5245, 5246, 5245, 5248, 5245, 5246, 5246, 470, 5247, 5248, 5247, 5247, 5247, 1620, 5248, 927], "personaname": "Rodmay CV", "name": null, "last_login": null, "rank_tier": 15, "computed_mmr": 4000.17, "is_subscriber": false, "radiant_win": true, "start_time": 1757124213, "duration": 2573, "cluster": 241, "lobby_type": 0, "game_mode": 22, "is_contributor": false, "patch": 58, "region": 14, "isRadiant": true, "win": 1, "lose": 0, "total_gold": 20669, "total_xp": 25129, "kills_per_min": 0.16323357947920716, "kda": 2.63, "abandons": 0, "benchmarks": {"gold_per_min": {"raw": 482, "pct": 0.3687286897223575}, "xp_per_min": {"raw": 586, "pct": 0.3877252800779347}, "kills_per_min": {"raw": 0.16323357947920714, "pct": 0.45494398441305406}, "last_hits_per_min": {"raw": 4.617178390983288, "pct": 0.2854359473940575}, "hero_damage_per_min": {"raw": 433.38515351729495, "pct": 0.17389186556259134}, "hero_healing_per_min": {"raw": 24.41507967353284, "pct": 0.9527520701412567}, "tower_damage": {"raw": 5810, "pct": 0.6682903068679981}}}, {"account_id": 45421382, "player_slot": 2, "team_number": 0, "team_slot": 2, "hero_id": 43, "hero_variant": 3, "item_0": 610, "item_1": 36, "item_2": 127, "item_3": 50, "item_4": 226, "item_5": 0, "backpack_0": 0, "backpack_1": 0, "backpack_2": 0, "item_neutral": 71, "item_neutral2": 1583, "kills": 8, "deaths": 8, "assists": 18, "leaver_status": 0, "last_hits": 129, "denies": 2, "gold_per_min": 435, "xp_per_min": 650, "level": 22, "net_worth": 16230, "aghanims_scepter": 0, "aghanims_shard": 0, "moonshard": 0, "hero_damage": 36300, "tower_damage": 3259, "hero_healing": 151, "gold": 1330, "gold_spent": 17100, "ability_upgrades_arr": [5685, 5090, 5685, 5090, 5685, 5093, 5091, 5685, 5091, 6299, 5091, 5093, 5091, 5090, 5090, 1458, 5093, 5976], "personaname": "La Chaucha", "name": null, "last_login": "2026-03-03T14:36:01.200Z", "rank_tier": 42, "computed_mmr": 4031.51, "is_subscriber": false, "radiant_win": true, "start_time": 1757124213, "duration": 2573, "cluster": 241, "lobby_type": 0, "game_mode": 22, "is_contributor": false, "patch": 58, "region": 14, "isRadiant": true, "win": 1, "lose": 0, "total_gold": 18654, "total_xp": 27874, "kills_per_min": 0.18655266226195102, "kda": 2.89, "abandons": 0, "benchmarks": {"gold_per_min": {"raw": 435, "pct": 0.34009360374414976}, "xp_per_min": {"raw": 650, "pct": 0.4469578783151326}, "kills_per_min": {"raw": 0.18655266226195102, "pct": 0.43525741029641185}, "last_hits_per_min": {"raw": 3.0081616789739605, "pct": 0.1731669266770671}, "hero_damage_per_min": {"raw": 846.4827050136028, "pct": 0.6973478939157566}, "hero_healing_per_min": {"raw": 3.521181500194326, "pct": 0.8291731669266771}, "tower_damage": {"raw": 3259, "pct": 0.47737909516380655}}}, {"account_id": 37467834, "player_slot": 3, "team_number": 0, "team_slot": 3, "hero_id": 54, "hero_variant": 5, "item_0": 143, "item_1": 0, "item_2": 50, "item_3": 135, "item_4": 154, "item_5": 137, "backpack_0": 0, "backpack_1": 36, "backpack_2": 0, "item_neutral": 840, "item_neutral2": 1597, "kills": 5, "deaths": 8, "assists": 21, "leaver_status": 0, "last_hits": 244, "denies": 9, "gold_per_min": 529, "xp_per_min": 745, "level": 24, "net_worth": 21282, "aghanims_scepter": 0, "aghanims_shard": 0, "moonshard": 0, "hero_damage": 23353, "tower_damage": 6525, "hero_healing": 1459, "gold": 2657, "gold_spent": 20460, "ability_upgrades_arr": [631, 5251, 631, 5249, 631, 5252, 631, 5249, 5249, 5249, 5251, 5252, 5251, 5251, 6676, 499, 5252, 709], "personaname": "ExtremoDiaz", "name": null, "last_login": null, "rank_tier": 22, "computed_mmr": 3968.35, "is_subscriber": false, "radiant_win": true, "start_time": 1757124213, "duration": 2573, "cluster": 241, "lobby_type": 0, "game_mode": 22, "is_contributor": false, "patch": 58, "region": 14, "isRadiant": true, "win": 1, "lose": 0, "total_gold": 22685, "total_xp": 31948, "kills_per_min": 0.1165954139137194, "kda": 2.89, "abandons": 0, "benchmarks": {"gold_per_min": {"raw": 529, "pct": 0.29304769603880354}, "xp_per_min": {"raw": 745, "pct": 0.33468067906224735}, "kills_per_min": {"raw": 0.1165954139137194, "pct": 0.20695230396119643}, "last_hits_per_min": {"raw": 5.6898561989895065, "pct": 0.15683104284559418}, "hero_damage_per_min": {"raw": 544.5705402254179, "pct": 0.3150094314201024}, "hero_healing_per_min": {"raw": 34.02254178002332, "pct": 0.44273780652115335}, "tower_damage": {"raw": 6525, "pct": 0.48800862301266507}}}, {"account_id": 65137360, "player_slot": 4, "team_number": 0, "team_slot": 4, "hero_id": 45, "hero_variant": 2, "item_0": 180, "item_1": 58, "item_2": 218, "item_3": 269, "item_4": 206, "item_5": 254, "backpack_0": 244, "backpack_1": 40, "backpack_2": 0, "item_neutral": 675, "item_neutral2": 1583, "kills": 7, "deaths": 8, "assists": 21, "leaver_status": 0, "last_hits": 47, "denies": 4, "gold_per_min": 356, "xp_per_min": 624, "level": 22, "net_worth": 11900, "aghanims_scepter": 0, "aghanims_shard": 0, "moonshard": 0, "hero_damage": 21717, "tower_damage": 10668, "hero_healing": 7352, "gold": 465, "gold_spent": 13405, "ability_upgrades_arr": [5186, 5188, 5186, 5187, 5186, 5189, 5188, 5186, 5187, 5188, 5187, 5189, 5188, 5187, 6859, 6195, 5189, 6541], "personaname": "PatoDeGoma", "name": null, "last_login": "2021-02-10T20:32:57.535Z", "rank_tier": 45, "computed_mmr": null, "is_subscriber": false, "radiant_win": true, "start_time": 1757124213, "duration": 2573, "cluster": 241, "lobby_type": 0, "game_mode": 22, "is_contributor": false, "patch": 58, "region": 14, "isRadiant": true, "win": 1, "lose": 0, "total_gold": 15266, "total_xp": 26759, "kills_per_min": 0.16323357947920716, "kda": 3.11, "abandons": 0, "benchmarks": {"gold_per_min": {"raw": 356, "pct": 0.413290113452188}, "xp_per_min": {"raw": 624, "pct": 0.6596434359805511},