{"players": [{"player_slot": 0, "team_number": 0, "team_slot": 0, "hero_id": 94, "hero_variant": 1, "item_0": 263, "item_1": 50, "item_2": 147, "item_3": 0, "item_4": 65, "item_5": 160, "backpack_0": 0, "backpack_1": 0, "backpack_2": 0, "item_neutral": 675, "item_neutral2": 1577, "kills": 4, "deaths": 7, "assists": 6, "leaver_status": 0, "last_hits": 271, "denies": 8, "gold_per_min": 504, "xp_per_min": 630, "level": 22, "net_worth": 19166, "aghanims_scepter": 0, "aghanims_shard": 0, "moonshard": 0, "hero_damage": 18923, "tower_damage": 1837, "hero_healing": 0, "gold": 366, "gold_spent": 20335, "ability_upgrades_arr": [5505, 1475, 5505, 1475, 5505, 5507, 5504, 5505, 1475, 1475, 1561, 5507, 5504, 5504, 7389, 5504, 5507, 6687], "is_subscriber": false, "radiant_win": false, "start_time": 1753044711, "duration": 2534, "cluster": 346, "lobby_type": 0, "game_mode": 4, "is_contributor": false, "patch": 58, "region": 38, "isRadiant": true, "win": 0, "lose": 1, "total_gold": 21285, "total_xp": 26607, "kills_per_min": 0.0947119179163378, "kda": 1.25, "abandons": 0, "benchmarks": {"gold_per_min": {"raw": 504, "pct": 0.28653295128939826}, "xp_per_min": {"raw": 630, "pct": 0.25358166189111747}, "kills_per_min": {"raw": 0.0947119179163378, "pct": 0.3638968481375358}, "last_hits_per_min": {"raw": 6.416732438831886, "pct": 0.1977077363896848}, "hero_damage_per_min": {"raw": 448.05840568271503, "pct": 0.3008595988538682}, "hero_healing_per_min": {"raw": 0, "pct": 0.9577363896848138}, "tower_damage": {"raw": 1837, "pct": 0.3997134670487106}}}, {"account_id": 65137360, "player_slot": 1, "team_number": 0, "team_slot": 1, "hero_id": 102, "hero_variant": 1, "item_0": 4204, "item_1": 1575, "item_2": 218, "item_3": 231, "item_4": 269, "item_5": 0, "backpack_0": 0, "backpack_1": 0, "backpack_2": 0, "item_neutral": 675, "item_neutral2": 1595, "kills": 3, "deaths": 11, "assists": 10, "leaver_status": 0, "last_hits": 37, "denies": 7, "gold_per_min": 246, "xp_per_min": 267, "level": 14, "net_worth": 9119, "aghanims_scepter": 0, "aghanims_shard": 0, "moonshard": 0, "hero_damage": 13506, "tower_damage": 545, "hero_healing": 7693, "gold": 1269, "gold_spent": 8930, "ability_upgrades_arr": [5586, 5585, 5585, 5586, 5587, 5588, 5585, 5585, 5587, 1165, 5586, 5588, 5586, 5587], "personaname": "PatoDeGoma", "name": null, "last_login": "2021-02-10T20:32:57.535Z", "rank_tier": 45, "computed_mmr": null, "is_subscriber": false, "radiant_win": false, "start_time": 1753044711, "duration": 2534, "cluster": 346, "lobby_type": 0, "game_mode": 4, "is_contributor": false, "patch": 58, "region": 38, "isRadiant": true, "win": 0, "lose": 1, "total_gold": 10389, "total_xp": 11276, "kills_per_min": 0.07103393843725335, "kda": 1.08, "abandons": 0, "benchmarks": {"gold_per_min": {"raw": 246, "pct": 0.1036036036036036}, "xp_per_min": {"raw": 267, "pct": 0.08108108108108109}, "kills_per_min": {"raw": 0.07103393843725336, "pct": 0.3342342342342342}, "last_hits_per_min": {"raw": 0.8760852407261247, "pct": 0.14324324324324325}, "hero_damage_per_min": {"raw": 319.7947908445146, "pct": 0.409009009009009}, "hero_healing_per_min": {"raw": 182.15469613259668, "pct": 0.6783783783783783}, "tower_damage": {"raw": 545, "pct": 0.4486486486486487}}}, {"account_id": 37467834, "player_slot": 2, "team_number": 0, "team_slot": 2, "hero_id": 114, "hero_variant": 2, "item_0": 7, "item_1": 116, "item_2": 174, "item_3": 252, "item_4": 63, "item_5": 75, "backpack_0": 36, "backpack_1": 11, "backpack_2": 0, "item_neutral": 1605, "item_neutral2": 1584, "kills": 8, "deaths": 10, "assists": 5, "leaver_status": 0, "last_hits": 202, "denies": 17, "gold_per_min": 419, "xp_per_min": 542, "level": 20, "net_worth": 15095, "aghanims_scepter": 0, "aghanims_shard": 0, "moonshard": 0, "hero_damage": 23631, "tower_damage": 1805, "hero_healing": 125, "gold": 2490, "gold_spent": 13025, "ability_upgrades_arr": [5716, 5723, 5723, 5721, 5723, 5716, 5725, 5723, 5716, 5721, 5721, 5716, 5725, 5721, 6696, 6421, 5721, 5725, 802], "personaname": "ExtremoDiaz", "name": null, "last_login": null, "rank_tier": 22, "computed_mmr": 3968.35, "is_subscriber": false, "radiant_win": false, "start_time": 1753044711, "duration": 2534, "cluster": 346, "lobby_type": 0, "game_mode": 4, "is_contributor": false, "patch": 58, "region": 38, "isRadiant": true, "win": 0, "lose": 1, "total_gold": 17695, "total_xp": 22890, "kills_per_min": 0.1894238358326756, "kda": 1.18, "abandons": 0, "benchmarks": {"gold_per_min": {"raw": 419, "pct": 0.3215705765407555}, "xp_per_min": {"raw": 542, "pct": 0.2539761431411531}, "kills_per_min": {"raw": 0.1894238358326756, "pct": 0.44831013916500995}, "last_hits_per_min": {"raw": 4.782951854775059, "pct": 0.40755467196819084}, "hero_damage_per_min": {"raw": 559.5343330702447, "pct": 0.4100397614314115}, "hero_healing_per_min": {"raw": 2.959747434885556, "pct": 0.9577534791252486}, "tower_damage": {"raw": 1805, "pct": 0.4865805168986084}}}, {"account_id": 45421382, "player_slot": 3, "team_number": 0, "team_slot": 3, "hero_id": 123, "hero_variant": 3, "item_0": 2, "item_1": 42, "item_2": 267, "item_3": 180, "item_4": 206, "item_5": 263, "backpack_0": 148, "backpack_1": 0, "backpack_2": 0, "item_neutral": 1602, "item_neutral2": 1583, "kills": 1, "deaths": 5, "assists": 17, "leaver_status": 0, "last_hits": 95, "denies": 4, "gold_per_min": 326, "xp_per_min": 522, "level": 20, "net_worth": 12290, "aghanims_scepter": 0, "aghanims_shard": 0, "moonshard": 0, "hero_damage": 31528, "tower_damage": 707, "hero_healing": 221, "gold": 715, "gold_spent": 13270, "ability_upgrades_arr": [8429, 8158, 8429, 8158, 8429, 8106, 9501, 8429, 8158, 9501, 9501, 8106, 9501, 1568, 8158, 9511, 8106, 7383], "personaname": "La Chaucha", "name": null, "last_login": "2026-03-03T14:36:01.200Z", "rank_tier": 42, "computed_mmr": 4031.51, "is_subscriber": false, "radiant_win": false, "start_time": 1753044711, "duration": 2534, "cluster": 346, "lobby_type": 0, "game_mode": 4, "is_contributor": false, "patch": 58, "region": 38, "isRadiant": true, "win": 0, "lose": 1, "total_gold": 13768, "total_xp": 22045, "kills_per_min": 0.02367797947908445, "kda": 3, "abandons": 0, "benchmarks": {"gold_per_min": {"raw": 326, "pct": 0.26464047442550037}, "xp_per_min": {"raw": 522, "pct": 0.3413639733135656}, "kills_per_min": {"raw": 0.02367797947908445, "pct": 0.035211267605633804}, "last_hits_per_min": {"raw": 2.249408050513023, "pct": 0.4870274277242402}, "hero_damage_per_min": {"raw": 746.5193370165746, "pct": 0.8943661971830986}, "hero_healing_per_min": {"raw": 5.232833464877664, "pct": 0.7746478873239436}, "tower_damage": {"raw": 707, "pct": 0.5500370644922165}}}, {"account_id": 136706791, "player_slot": 4, "team_number": 0, "team_slot": 4, "hero_id": 99, "hero_variant": 2, "item_0": 63, "item_1": 137, "item_2": 692, "item_3": 242, "item_4": 127, "item_5": 36, "backpack_0": 6, "backpack_1": 0, "backpack_2": 0, "item_neutral": 1603, "item_neutral2": 1584, "kills": 10, "deaths": 11, "assists": 7, "leaver_status": 0, "last_hits": 212, "denies": 13, "gold_per_min": 524, "xp_per_min": 663, "level": 22, "net_worth": 17894, "aghanims_scepter": 0, "aghanims_shard": 0, "moonshard": 0, "hero_damage": 45588, "tower_damage": 1761, "hero_healing": 125, "gold": 544, "gold_spent": 17875, "ability_upgrades_arr": [5549, 5550, 5549, 5548, 5549, 5551, 5549, 5550, 5550, 7132, 5548, 5551, 5550, 5548, 1078, 5548, 5551, 6360], "personaname": "El Papucho", "name": null, "last_login": null, "rank_tier": 23, "computed_mmr": 4152.04, "is_subscriber": false, "radiant_win": false, "start_time": 1753044711, "duration": 2534, "cluster": 346, "lobby_type": 0, "game_mode": 4, "is_contributor": false, "patch": 58, "region": 38, "isRadiant": true, "win": 0, "lose": 1, "total_gold": 22130, "total_xp": 28000, "kills_per_min": 0.23677979479084452, "kda": 1.42, "abandons": 0, "benchmarks": {"gold_per_min": {"raw": 524, "pct": 0.5891807134457075}, "xp_per_min": {"raw": 663, "pct": 0.42806742453939634},