{"players": [{"player_slot": 0, "team_number": 0, "team_slot": 0, "hero_id": 86, "hero_variant": 2, "item_0": 37, "item_1": 180, "item_2": 100, "item_3": 58, "item_4": 108, "item_5": 102, "backpack_0": 188, "backpack_1": 0, "backpack_2": 0, "item_neutral": 1607, "item_neutral2": 1583, "kills": 12, "deaths": 8, "assists": 17, "leaver_status": 0, "last_hits": 101, "denies": 0, "gold_per_min": 369, "xp_per_min": 594, "level": 25, "net_worth": 19363, "aghanims_scepter": 0, "aghanims_shard": 1, "moonshard": 0, "hero_damage": 24082, "tower_damage": 866, "hero_healing": 0, "gold": 3113, "gold_spent": 19805, "ability_upgrades_arr": [5448, 5450, 5450, 7320, 5450, 5452, 5450, 7320, 7320, 7320, 5452, 6862, 5448, 5448, 518, 5448, 5452, 6863], "is_subscriber": false, "radiant_win": false, "start_time": 1764160866, "duration": 3577, "cluster": 241, "lobby_type": 7, "game_mode": 22, "is_contributor": false, "patch": 58, "region": 14, "isRadiant": true, "win": 0, "lose": 1, "total_gold": 21998, "total_xp": 35412, "kills_per_min": 0.20128599384959464, "kda": 3.22, "abandons": 0, "benchmarks": {"gold_per_min": {"raw": 369, "pct": 0.37180910099889014}, "xp_per_min": {"raw": 594, "pct": 0.4683684794672586}, "kills_per_min": {"raw": 0.20128599384959464, "pct": 0.7293747687754347}, "last_hits_per_min": {"raw": 1.6941571149007548, "pct": 0.18849426563078062}, "hero_damage_per_min": {"raw": 403.94744199049484, "pct": 0.20680725120236773}, "hero_healing_per_min": {"raw": 0, "pct": 0.4803921568627451}, "tower_damage": {"raw": 866, "pct": 0.6176470588235294}}}, {"player_slot": 1, "team_number": 0, "team_slot": 1, "hero_id": 69, "hero_variant": 1, "item_0": 235, "item_1": 110, "item_2": 249, "item_3": 116, "item_4": 48, "item_5": 137, "backpack_0": 0, "backpack_1": 4205, "backpack_2": 0, "item_neutral": 1604, "item_neutral2": 1594, "kills": 10, "deaths": 8, "assists": 14, "leaver_status": 0, "last_hits": 299, "denies": 4, "gold_per_min": 606, "xp_per_min": 1192, "level": 30, "net_worth": 29372, "aghanims_scepter": 0, "aghanims_shard": 1, "moonshard": 0, "hero_damage": 33628, "tower_damage": 1014, "hero_healing": 0, "gold": 1022, "gold_spent": 31715, "ability_upgrades_arr": [5339, 5341, 5341, 5340, 5341, 5342, 5339, 5341, 5340, 6370, 5339, 5342, 5340, 5340, 7123, 5339, 5342, 733, 970, 6369, 6314, 6073, 971], "is_subscriber": false, "radiant_win": false, "start_time": 1764160866, "duration": 3577, "cluster": 241, "lobby_type": 7, "game_mode": 22, "is_contributor": false, "patch": 58, "region": 14, "isRadiant": true, "win": 0, "lose": 1, "total_gold": 36127, "total_xp": 71063, "kills_per_min": 0.16773832820799553, "kda": 2.67, "abandons": 0, "benchmarks": {"gold_per_min": {"raw": 606, "pct": 0.5491329479768786}, "xp_per_min": {"raw": 1192, "pct": 0.9666231586798434}, "kills_per_min": {"raw": 0.16773832820799553, "pct": 0.37963826216669777}, "last_hits_per_min": {"raw": 5.015376013419066, "pct": 0.3544657840760768}, "hero_damage_per_min": {"raw": 564.0704500978474, "pct": 0.42644042513518554}, "hero_healing_per_min": {"raw": 0, "pct": 0.8989371620361738}, "tower_damage": {"raw": 1014, "pct": 0.47846354652246875}}}, {"player_slot": 2, "team_number": 0, "team_slot": 2, "hero_id": 12, "hero_variant": 2, "item_0": 147, "item_1": 108, "item_2": 160, "item_3": 174, "item_4": 208, "item_5": 114, "backpack_0": 63, "backpack_1": 0, "backpack_2": 0, "item_neutral": 1643, "item_neutral2": 1584, "kills": 14, "deaths": 8, "assists": 18, "leaver_status": 0, "last_hits": 493, "denies": 7, "gold_per_min": 679, "xp_per_min": 1167, "level": 30, "net_worth": 32137, "aghanims_scepter": 0, "aghanims_shard": 1, "moonshard": 0, "hero_damage": 41894, "tower_damage": 5277, "hero_healing": 0, "gold": 587, "gold_spent": 35045, "ability_upgrades_arr": [5065, 1221, 5066, 5065, 5065, 5067, 5065, 1221, 1221, 1221, 5066, 5067, 5066, 5066, 1180, 6400, 5067, 564, 6850, 1536, 563, 1631, 1450], "is_subscriber": false, "radiant_win": false, "start_time": 1764160866, "duration": 3577, "cluster": 241, "lobby_type": 7, "game_mode": 22, "is_contributor": false, "patch": 58, "region": 14, "isRadiant": true, "win": 0, "lose": 1, "total_gold": 40479, "total_xp": 69572, "kills_per_min": 0.23483365949119372, "kda": 3.56, "abandons": 0, "benchmarks": {"gold_per_min": {"raw": 679, "pct": 0.718324078748107}, "xp_per_min": {"raw": 1167, "pct": 0.8768298838970217}, "kills_per_min": {"raw": 0.23483365949119372, "pct": 0.5790005047955578}, "last_hits_per_min": {"raw": 8.269499580654179, "pct": 0.6214033316506815}, "hero_damage_per_min": {"raw": 702.7229521945765, "pct": 0.585562847046946}, "hero_healing_per_min": {"raw": 0, "pct": 0.9681978798586572}, "tower_damage": {"raw": 5277, "pct": 0.5588086824835942}}}, {"player_slot": 3, "team_number": 0, "team_slot": 3, "hero_id": 72, "hero_variant": 1, "item_0": 50, "item_1": 116, "item_2": 32, "item_3": 135, "item_4": 174, "item_5": 166, "backpack_0": 0, "backpack_1": 0, "backpack_2": 0, "item_neutral": 1605, "item_neutral2": 1577, "kills": 6, "deaths": 16, "assists": 23, "leaver_status": 0, "last_hits": 289, "denies": 0, "gold_per_min": 451, "xp_per_min": 544, "level": 24, "net_worth": 19112, "aghanims_scepter": 0, "aghanims_shard": 1, "moonshard": 0, "hero_damage": 37923, "tower_damage": 270, "hero_healing": 0, "gold": 612, "gold_spent": 20835, "ability_upgrades_arr": [5363, 5361, 5363, 5362, 5361, 5364, 5363, 5361, 5361, 5363, 5364, 5362, 5362, 5362, 1332, 1012, 5364, 6652], "is_subscriber": false, "radiant_win": false, "start_time": 1764160866, "duration": 3577, "cluster": 241, "lobby_type": 7, "game_mode": 22, "is_contributor": false, "patch": 58, "region": 14, "isRadiant": true, "win": 0, "lose": 1, "total_gold": 26887, "total_xp": 32431, "kills_per_min": 0.10064299692479732, "kda": 1.71, "abandons": 0, "benchmarks": {"gold_per_min": {"raw": 451, "pct": 0.4174397031539889}, "xp_per_min": {"raw": 544, "pct": 0.310760667903525}, "kills_per_min": {"raw": 0.10064299692479732, "pct": 0.24860853432282004}, "last_hits_per_min": {"raw": 4.847637685211071, "pct": 0.41280148423005564}, "hero_damage_per_min": {"raw": 636.1140620631814, "pct": 0.4489795918367347}, "hero_healing_per_min": {"raw": 0, "pct": 0.8831168831168831}, "tower_damage": {"raw": 270, "pct": 0.349721706864564}}}, {"player_slot": 4, "team_number": 0, "team_slot": 4, "hero_id": 37, "hero_variant": 1, "item_0": 218, "item_1": 36, "item_2": 254, "item_3": 180, "item_4": 108, "item_5": 256, "backpack_0": 0, "backpack_1": 0, "backpack_2": 0, "item_neutral": 1607, "item_neutral2": 1592, "kills": 5, "deaths": 11, "assists": 26, "leaver_status": 0, "last_hits": 129, "denies": 2, "gold_per_min": 388, "xp_per_min": 543, "level": 24, "net_worth": 17637, "aghanims_scepter": 0, "aghanims_shard": 1, "moonshard": 0, "hero_damage": 39518, "tower_damage": 2510, "hero_healing": 4442, "gold": 4887, "gold_spent": 15130, "ability_upgrades_arr": [5162, 5163, 5163, 5162, 5163, 5165, 5163, 5162, 5162, 6982, 5164, 5165, 5164, 5164, 845, 5164, 5165, 6505], "is_subscriber": false, "radiant_win": false, "start_time": 1764160866, "duration": 3577, "cluster": 241, "lobby_type": 7, "game_mode": 22, "is_contributor": false, "patch": 58, "region": 14, "isRadiant": true, "win": 0, "lose": 1, "total_gold": 23131, "total_xp": 32371, "kills_per_min": 0.08386916410399776, "kda": 2.58, "abandons": 0, "benchmarks": {"gold_per_min": {"raw": 388, "pct": 0.5090062111801242}, "xp_per_min": {"raw": 543, "pct": 0.5866459627329192}, "kills_per_min": {"raw": 0.08386916410399776, "pct": 0.40217391304347827}, "last_hits_per_min": {"raw": 2.1638244338831423, "pct": 0.37422360248447206}, "hero_damage_per_min": {"raw": 662.8683254123567, "pct": 0.7186335403726708}, "hero_healing_per_min": {"raw": 74.50936538999161, "pct": 0.20745341614906831}, "tower_damage": {"raw": 2510, "pct": 0.5959627329192546}}}, {"account_id": 426224496, "player_slot": 128, "team_number": 1, "team_slot": 0, "hero_id": 79, "hero_variant": 1, "item_0": 254, "item_1": 42, "item_2": 102, "item_3": 180,