{"players": [{"account_id": 199456791, "player_slot": 0, "team_number": 0, "team_slot": 0, "hero_id": 64, "hero_variant": 4, "item_0": 90, "item_1": 256, "item_2": 206, "item_3": 100, "item_4": 218, "item_5": 231, "backpack_0": 0, "backpack_1": 0, "backpack_2": 0, "item_neutral": 71, "item_neutral2": 1583, "kills": 6, "deaths": 9, "assists": 31, "leaver_status": 0, "last_hits": 81, "denies": 0, "gold_per_min": 409, "xp_per_min": 591, "level": 23, "net_worth": 18881, "aghanims_scepter": 0, "aghanims_shard": 0, "moonshard": 0, "hero_damage": 20731, "tower_damage": 2450, "hero_healing": 4314, "gold": 2106, "gold_spent": 19175, "ability_upgrades_arr": [1317, 5297, 5298, 5299, 5297, 5300, 5297, 5298, 5297, 5298, 5963, 5300, 5298, 1317, 6661, 1317, 5300, 542], "personaname": "josue", "name": null, "last_login": null, "rank_tier": 34, "computed_mmr": 3730.19, "is_subscriber": false, "radiant_win": true, "start_time": 1765071887, "duration": 3175, "cluster": 241, "lobby_type": 0, "game_mode": 22, "is_contributor": false, "patch": 58, "region": 14, "isRadiant": true, "win": 1, "lose": 0, "total_gold": 21642, "total_xp": 31273, "kills_per_min": 0.11338582677165354, "kda": 3.7, "abandons": 0, "benchmarks": {"gold_per_min": {"raw": 409, "pct": 0.7881987577639752}, "xp_per_min": {"raw": 591, "pct": 0.6248447204968944}, "kills_per_min": {"raw": 0.11338582677165354, "pct": 0.565527950310559}, "last_hits_per_min": {"raw": 1.5307086614173229, "pct": 0.31521739130434784}, "hero_damage_per_min": {"raw": 391.7669291338583, "pct": 0.41490683229813663}, "hero_healing_per_min": {"raw": 81.5244094488189, "pct": 0.9177018633540373}, "tower_damage": {"raw": 2450, "pct": 0.6313664596273292}}}, {"account_id": 124554565, "player_slot": 1, "team_number": 0, "team_slot": 1, "hero_id": 93, "hero_variant": 1, "item_0": 152, "item_1": 135, "item_2": 174, "item_3": 36, "item_4": 534, "item_5": 63, "backpack_0": 0, "backpack_1": 0, "backpack_2": 0, "item_neutral": 0, "item_neutral2": 0, "kills": 8, "deaths": 10, "assists": 14, "leaver_status": 0, "last_hits": 269, "denies": 4, "gold_per_min": 500, "xp_per_min": 696, "level": 25, "net_worth": 23460, "aghanims_scepter": 0, "aghanims_shard": 1, "moonshard": 0, "hero_damage": 24222, "tower_damage": 3492, "hero_healing": 0, "gold": 6785, "gold_spent": 17650, "ability_upgrades_arr": [5496, 5495, 5494, 5496, 5494, 5497, 5494, 5495, 5495, 821, 5496, 5497, 5494, 5495, 5496, 6892, 5497, 814, 6893], "personaname": "PERROFLACO", "name": null, "last_login": null, "rank_tier": 71, "computed_mmr": 4067.55, "is_subscriber": false, "radiant_win": true, "start_time": 1765071887, "duration": 3175, "cluster": 241, "lobby_type": 0, "game_mode": 22, "is_contributor": false, "patch": 58, "region": 14, "isRadiant": true, "win": 1, "lose": 0, "total_gold": 26458, "total_xp": 36830, "kills_per_min": 0.15118110236220472, "kda": 2, "abandons": 0, "benchmarks": {"gold_per_min": {"raw": 500, "pct": 0.39010223048327136}, "xp_per_min": {"raw": 696, "pct": 0.3673327137546468}, "kills_per_min": {"raw": 0.15118110236220472, "pct": 0.2815985130111524}, "last_hits_per_min": {"raw": 5.083464566929134, "pct": 0.362453531598513}, "hero_damage_per_min": {"raw": 457.73858267716537, "pct": 0.36338289962825276}, "hero_healing_per_min": {"raw": 0, "pct": 0.9658457249070632}, "tower_damage": {"raw": 3492, "pct": 0.487453531598513}}}, {"account_id": 285782684, "player_slot": 2, "team_number": 0, "team_slot": 2, "hero_id": 81, "hero_variant": 4, "item_0": 151, "item_1": 147, "item_2": 114, "item_3": 63, "item_4": 0, "item_5": 252, "backpack_0": 0, "backpack_1": 13, "backpack_2": 36, "item_neutral": 359, "item_neutral2": 1586, "kills": 22, "deaths": 6, "assists": 10, "leaver_status": 0, "last_hits": 192, "denies": 5, "gold_per_min": 540, "xp_per_min": 817, "level": 26, "net_worth": 26478, "aghanims_scepter": 0, "aghanims_shard": 0, "moonshard": 0, "hero_damage": 41682, "tower_damage": 12014, "hero_healing": 0, "gold": 9238, "gold_spent": 18435, "ability_upgrades_arr": [5428, 5426, 5428, 5427, 5428, 5429, 5428, 5427, 5427, 5427, 5426, 5429, 871, 5426, 5426, 6137, 5429, 6133, 510], "personaname": "CallaPndja", "name": null, "last_login": null, "rank_tier": 32, "computed_mmr": 3934.64, "is_subscriber": false, "radiant_win": true, "start_time": 1765071887, "duration": 3175, "cluster": 241, "lobby_type": 0, "game_mode": 22, "is_contributor": false, "patch": 58, "region": 14, "isRadiant": true, "win": 1, "lose": 0, "total_gold": 28575, "total_xp": 43232, "kills_per_min": 0.415748031496063, "kda": 4.57, "abandons": 0, "benchmarks": {"gold_per_min": {"raw": 540, "pct": 0.7180585296216988}, "xp_per_min": {"raw": 817, "pct": 0.7544610992148465}, "kills_per_min": {"raw": 0.41574803149606304, "pct": 0.9064953604568166}, "last_hits_per_min": {"raw": 3.6283464566929133, "pct": 0.29336188436830835}, "hero_damage_per_min": {"raw": 787.6913385826772, "pct": 0.8022840827980015}, "hero_healing_per_min": {"raw": 0, "pct": 0.9528907922912205}, "tower_damage": {"raw": 12014, "pct": 0.9343326195574589}}}, {"account_id": 254830460, "player_slot": 3, "team_number": 0, "team_slot": 3, "hero_id": 75, "hero_variant": 3, "item_0": 96, "item_1": 1466, "item_2": 263, "item_3": 37, "item_4": 63, "item_5": 218, "backpack_0": 0, "backpack_1": 0, "backpack_2": 0, "item_neutral": 1601, "item_neutral2": 1577, "kills": 4, "deaths": 4, "assists": 26, "leaver_status": 0, "last_hits": 114, "denies": 5, "gold_per_min": 375, "xp_per_min": 661, "level": 25, "net_worth": 18524, "aghanims_scepter": 0, "aghanims_shard": 0, "moonshard": 0, "hero_damage": 14104, "tower_damage": 4991, "hero_healing": 0, "gold": 1174, "gold_spent": 19175, "ability_upgrades_arr": [5377, 5379, 5378, 5377, 5379, 5380, 5379, 5378, 5378, 5378, 5377, 5906, 5380, 5379, 721, 5377, 5378, 5380, 7048, 1337], "personaname": "xXChang ChongXx.VAEC", "name": null, "last_login": null, "rank_tier": 24, "computed_mmr": 3648.32, "is_subscriber": false, "radiant_win": true, "start_time": 1765071887, "duration": 3175, "cluster": 241, "lobby_type": 0, "game_mode": 22, "is_contributor": false, "patch": 58, "region": 14, "isRadiant": true, "win": 1, "lose": 0, "total_gold": 19843, "total_xp": 34977, "kills_per_min": 0.07559055118110236, "kda": 6, "abandons": 0, "benchmarks": {"gold_per_min": {"raw": 375, "pct": 0.5342290467050543}, "xp_per_min": {"raw": 661, "pct": 0.7143314139475367}, "kills_per_min": {"raw": 0.07559055118110236, "pct": 0.23224568138195778}, "last_hits_per_min": {"raw": 2.1543307086614174, "pct": 0.5754958413307741}, "hero_damage_per_min": {"raw": 266.53228346456694, "pct": 0.08637236084452975}, "hero_healing_per_min": {"raw": 0, "pct": 0.7293666026871402}, "tower_damage": {"raw": 4991, "pct": 0.9309021113243762}}}, {"player_slot": 4, "team_number": 0, "team_slot": 4, "hero_id": 7, "hero_variant": 3, "item_0": 116, "item_1": 1, "item_2": 110, "item_3": 273, "item_4": 180, "item_5": 37, "backpack_0": 41, "backpack_1": 0, "backpack_2": 0, "item_neutral": 1608, "item_neutral2": 1586, "kills": 8, "deaths": 4, "assists": 26, "leaver_status": 0, "last_hits": 234, "denies": 14, "gold_per_min": 511, "xp_per_min": 854, "level": 27, "net_worth": 26216, "aghanims_scepter": 0, "aghanims_shard": 1, "moonshard": 0, "hero_damage": 37667, "tower_damage": 3988, "hero_healing": 0, "gold": 5641, "gold_spent": 22320, "ability_upgrades_arr": [5024, 5025, 5024, 5023, 5024, 5026, 5024, 5025, 5025, 5025, 5023, 5026, 5023, 5023, 450, 858, 5026, 918, 6035], "is_subscriber": false, "radiant_win": true, "start_time": 1765071887, "duration": 3175, "cluster": 241, "lobby_type": 0, "game_mode": 22, "is_contributor": false, "patch": 58, "region": 14, "isRadiant": true, "win": 1, "lose": 0, "total_gold": 27040, "total_xp": 45190, "kills_per_min": 0.15118110236220472, "kda": 6.8, "abandons": 0, "benchmarks": {"gold_per_min": {"raw": 511, "pct": 0.7072680264291871}, "xp_per_min": {"raw": 854, "pct": 0.8109738580867567}, "kills_per_min": {"raw": 0.15118110236220472,