{"players": [{"account_id": 45421382, "player_slot": 0, "team_number": 0, "team_slot": 0, "hero_id": 86, "hero_variant": 0, "item_0": 40, "item_1": 203, "item_2": 102, "item_3": 231, "item_4": 100, "item_5": 1107, "backpack_0": 0, "backpack_1": 0, "backpack_2": 0, "item_neutral": 1864, "item_neutral2": 1583, "kills": 5, "deaths": 11, "assists": 30, "leaver_status": 0, "last_hits": 171, "denies": 3, "gold_per_min": 465, "xp_per_min": 974, "level": 28, "net_worth": 19558, "aghanims_scepter": 0, "aghanims_shard": 0, "moonshard": 0, "hero_damage": 40725, "tower_damage": 1435, "hero_healing": 1477, "gold": 1028, "gold_spent": 21500, "ability_upgrades_arr": [5450, 7320, 5450, 7320, 5448, 5452, 7320, 7320, 5450, 6864, 730, 730, 5452, 5450, 5448, 6863, 730, 5448, 5448, 5452, 897, 6870, 5959, 518], "personaname": "La Chaucha", "name": null, "last_login": "2026-03-03T14:36:01.200Z", "rank_tier": 44, "computed_mmr": 4147.59, "is_subscriber": false, "radiant_win": false, "start_time": 1775940812, "duration": 3055, "cluster": 251, "lobby_type": 7, "game_mode": 22, "is_contributor": false, "patch": 60, "region": 15, "isRadiant": true, "win": 0, "lose": 1, "total_gold": 23676, "total_xp": 49592, "kills_per_min": 0.09819967266775778, "kda": 2.92, "abandons": 0, "benchmarks": {"gold_per_min": {"raw": 465, "pct": 0.7452711223203027}, "xp_per_min": {"raw": 974, "pct": 0.9451450189155107}, "kills_per_min": {"raw": 0.09819967266775778, "pct": 0.3376418663303909}, "last_hits_per_min": {"raw": 3.358428805237316, "pct": 0.6765447667087011}, "hero_damage_per_min": {"raw": 799.836333878887, "pct": 0.8253467843631778}, "hero_healing_per_min": {"raw": 29.008183306055646, "pct": 0.8666456494325346}, "tower_damage": {"raw": 1435, "pct": 0.7386506935687264}}}, {"player_slot": 1, "team_number": 0, "team_slot": 1, "hero_id": 64, "hero_variant": 0, "item_0": 596, "item_1": 1806, "item_2": 250, "item_3": 1858, "item_4": 63, "item_5": 147, "backpack_0": 0, "backpack_1": 0, "backpack_2": 0, "item_neutral": 1603, "item_neutral2": 1586, "kills": 17, "deaths": 13, "assists": 9, "leaver_status": 0, "last_hits": 431, "denies": 4, "gold_per_min": 647, "xp_per_min": 877, "level": 27, "net_worth": 28795, "aghanims_scepter": 0, "aghanims_shard": 1, "moonshard": 0, "hero_damage": 55909, "tower_damage": 5699, "hero_healing": 0, "gold": 1945, "gold_spent": 27590, "ability_upgrades_arr": [5299, 5297, 5299, 5297, 5297, 5299, 5300, 5299, 5297, 5298, 6661, 5298, 5300, 5298, 5298, 303, 5300, 542, 6538, 526], "is_subscriber": false, "radiant_win": false, "start_time": 1775940812, "duration": 3055, "cluster": 251, "lobby_type": 7, "game_mode": 22, "is_contributor": false, "patch": 60, "region": 15, "isRadiant": true, "win": 0, "lose": 1, "total_gold": 32943, "total_xp": 44653, "kills_per_min": 0.33387888707037644, "kda": 1.86, "abandons": 0, "benchmarks": {"gold_per_min": {"raw": 647, "pct": 0.9893816364772018}, "xp_per_min": {"raw": 877, "pct": 0.9556527170518426}, "kills_per_min": {"raw": 0.33387888707037644, "pct": 0.9818863210493441}, "last_hits_per_min": {"raw": 8.46481178396072, "pct": 0.9962523422860712}, "hero_damage_per_min": {"raw": 1098.0490998363339, "pct": 0.9868831980012492}, "hero_healing_per_min": {"raw": 0, "pct": 0.565896314803248}, "tower_damage": {"raw": 5699, "pct": 0.8875702685821362}}}, {"player_slot": 2, "team_number": 0, "team_slot": 2, "hero_id": 93, "hero_variant": 0, "item_0": 98, "item_1": 63, "item_2": 569, "item_3": 17, "item_4": 123, "item_5": 939, "backpack_0": 41, "backpack_1": 8, "backpack_2": 0, "item_neutral": 1643, "item_neutral2": 1584, "kills": 11, "deaths": 16, "assists": 17, "leaver_status": 0, "last_hits": 177, "denies": 4, "gold_per_min": 439, "xp_per_min": 751, "level": 25, "net_worth": 19731, "aghanims_scepter": 0, "aghanims_shard": 1, "moonshard": 0, "hero_damage": 29696, "tower_damage": 4562, "hero_healing": 191, "gold": 381, "gold_spent": 20930, "ability_upgrades_arr": [1693, 5495, 1693, 5494, 5494, 5497, 1693, 5494, 5494, 1693, 5495, 6147, 5497, 5495, 5495, 921, 5497, 892, 6893], "is_subscriber": false, "radiant_win": false, "start_time": 1775940812, "duration": 3055, "cluster": 251, "lobby_type": 7, "game_mode": 22, "is_contributor": false, "patch": 60, "region": 15, "isRadiant": true, "win": 0, "lose": 1, "total_gold": 22352, "total_xp": 38238, "kills_per_min": 0.21603927986906712, "kda": 1.65, "abandons": 0, "benchmarks": {"gold_per_min": {"raw": 439, "pct": 0.263134261338123}, "xp_per_min": {"raw": 751, "pct": 0.4598114054782218}, "kills_per_min": {"raw": 0.21603927986906712, "pct": 0.46340368208352045}, "last_hits_per_min": {"raw": 3.476268412438625, "pct": 0.13066906151773686}, "hero_damage_per_min": {"raw": 583.227495908347, "pct": 0.5554557700942973}, "hero_healing_per_min": {"raw": 3.7512274959083474, "pct": 0.9829366861248316}, "tower_damage": {"raw": 4562, "pct": 0.5828468792096991}}}, {"player_slot": 3, "team_number": 0, "team_slot": 3, "hero_id": 100, "hero_variant": 0, "item_0": 1, "item_1": 100, "item_2": 40, "item_3": 214, "item_4": 232, "item_5": 108, "backpack_0": 0, "backpack_1": 0, "backpack_2": 0, "item_neutral": 1860, "item_neutral2": 1586, "kills": 5, "deaths": 12, "assists": 19, "leaver_status": 0, "last_hits": 127, "denies": 2, "gold_per_min": 367, "xp_per_min": 670, "level": 24, "net_worth": 13409, "aghanims_scepter": 0, "aghanims_shard": 0, "moonshard": 0, "hero_damage": 26456, "tower_damage": 0, "hero_healing": 33, "gold": 744, "gold_spent": 16525, "ability_upgrades_arr": [5565, 7322, 5566, 7322, 7322, 5568, 7322, 5566, 5566, 5566, 414, 5565, 5568, 5565, 5565, 6411, 5568, 6194], "is_subscriber": false, "radiant_win": false, "start_time": 1775940812, "duration": 3055, "cluster": 251, "lobby_type": 7, "game_mode": 22, "is_contributor": false, "patch": 60, "region": 15, "isRadiant": true, "win": 0, "lose": 1, "total_gold": 18686, "total_xp": 34114, "kills_per_min": 0.09819967266775778, "kda": 1.85, "abandons": 0, "benchmarks": {"gold_per_min": {"raw": 367, "pct": 0.6350515463917525}, "xp_per_min": {"raw": 670, "pct": 0.7134020618556701}, "kills_per_min": {"raw": 0.09819967266775778, "pct": 0.3670103092783505}, "last_hits_per_min": {"raw": 2.4942716857610474, "pct": 0.7670103092783506}, "hero_damage_per_min": {"raw": 519.59410801964, "pct": 0.7587628865979381}, "hero_healing_per_min": {"raw": 0.6481178396072014, "pct": 0.7422680412371134}, "tower_damage": {"raw": 0, "pct": 0.25463917525773194}}}, {"player_slot": 4, "team_number": 0, "team_slot": 4, "hero_id": 69, "hero_variant": 0, "item_0": 119, "item_1": 50, "item_2": 1, "item_3": 226, "item_4": 108, "item_5": 127, "backpack_0": 0, "backpack_1": 0, "backpack_2": 0, "item_neutral": 1603, "item_neutral2": 1577, "kills": 12, "deaths": 13, "assists": 17, "leaver_status": 0, "last_hits": 198, "denies": 2, "gold_per_min": 529, "xp_per_min": 680, "level": 25, "net_worth": 21530, "aghanims_scepter": 0, "aghanims_shard": 1, "moonshard": 0, "hero_damage": 51962, "tower_damage": 1322, "hero_healing": 0, "gold": 1280, "gold_spent": 23235, "ability_upgrades_arr": [5341, 5339, 5340, 5340, 5340, 5342, 5340, 5341, 5341, 5339, 5937, 5342, 5341, 5339, 5339, 7123, 5342, 1676, 970], "is_subscriber": false, "radiant_win": false, "start_time": 1775940812, "duration": 3055, "cluster": 251, "lobby_type": 7, "game_mode": 22, "is_contributor": false, "patch": 60, "region": 15, "isRadiant": true, "win": 0, "lose": 1, "total_gold": 26934, "total_xp": 34623, "kills_per_min": 0.23567921440261866, "kda": 2.07, "abandons": 0, "benchmarks": {"gold_per_min": {"raw": 529, "pct": 0.4874251497005988}, "xp_per_min": {"raw": 680, "pct": 0.5281437125748503}, "kills_per_min": {"raw": 0.23567921440261863, "pct": 0.7580838323353294}, "last_hits_per_min": {"raw": 3.888707037643208, "pct": 0.3149700598802395}, "hero_damage_per_min": {"raw": 1020.530278232406, "pct": 0.9700598802395209}, "hero_healing_per_min": {"raw": 0, "pct": 0.8994011976047904}, "tower_damage": {"raw": 1322,