{"players": [{"player_slot": 0, "team_number": 0, "team_slot": 0, "hero_id": 86, "hero_variant": 1, "item_0": 180, "item_1": 254, "item_2": 100, "item_3": 232, "item_4": 108, "item_5": 36, "backpack_0": 0, "backpack_1": 0, "backpack_2": 0, "item_neutral": 1607, "item_neutral2": 1592, "kills": 3, "deaths": 5, "assists": 17, "leaver_status": 0, "last_hits": 147, "denies": 6, "gold_per_min": 376, "xp_per_min": 613, "level": 23, "net_worth": 17052, "aghanims_scepter": 0, "aghanims_shard": 1, "moonshard": 0, "hero_damage": 15817, "tower_damage": 1429, "hero_healing": 0, "gold": 2477, "gold_spent": 16705, "ability_upgrades_arr": [5450, 5448, 5450, 7320, 5450, 5452, 5450, 7320, 7320, 7320, 6862, 5452, 5448, 5448, 518, 5448, 5452, 6864], "is_subscriber": false, "radiant_win": true, "start_time": 1756092489, "duration": 2862, "cluster": 241, "lobby_type": 7, "game_mode": 22, "is_contributor": false, "patch": 58, "region": 14, "isRadiant": true, "win": 1, "lose": 0, "total_gold": 17935, "total_xp": 29240, "kills_per_min": 0.06289308176100629, "kda": 3.33, "abandons": 0, "benchmarks": {"gold_per_min": {"raw": 376, "pct": 0.3835807860262009}, "xp_per_min": {"raw": 613, "pct": 0.4890829694323144}, "kills_per_min": {"raw": 0.06289308176100629, "pct": 0.15196506550218342}, "last_hits_per_min": {"raw": 3.0817610062893084, "pct": 0.5945851528384279}, "hero_damage_per_min": {"raw": 331.59329140461216, "pct": 0.08786026200873362}, "hero_healing_per_min": {"raw": 0, "pct": 0.48}, "tower_damage": {"raw": 1429, "pct": 0.7503930131004367}}}, {"player_slot": 1, "team_number": 0, "team_slot": 1, "hero_id": 8, "hero_variant": 2, "item_0": 147, "item_1": 158, "item_2": 108, "item_3": 1, "item_4": 50, "item_5": 143, "backpack_0": 0, "backpack_1": 162, "backpack_2": 0, "item_neutral": 1607, "item_neutral2": 1586, "kills": 8, "deaths": 9, "assists": 7, "leaver_status": 0, "last_hits": 374, "denies": 3, "gold_per_min": 583, "xp_per_min": 821, "level": 26, "net_worth": 24925, "aghanims_scepter": 0, "aghanims_shard": 0, "moonshard": 0, "hero_damage": 23401, "tower_damage": 2918, "hero_healing": 4468, "gold": 1650, "gold_spent": 24150, "ability_upgrades_arr": [5027, 5029, 5027, 5028, 5028, 5030, 5029, 5029, 5027, 5027, 5029, 5030, 628, 5028, 1489, 5028, 5030, 6662, 1013], "is_subscriber": false, "radiant_win": true, "start_time": 1756092489, "duration": 2862, "cluster": 241, "lobby_type": 7, "game_mode": 22, "is_contributor": false, "patch": 58, "region": 14, "isRadiant": true, "win": 1, "lose": 0, "total_gold": 27809, "total_xp": 39161, "kills_per_min": 0.16771488469601675, "kda": 1.5, "abandons": 0, "benchmarks": {"gold_per_min": {"raw": 583, "pct": 0.5046941678520626}, "xp_per_min": {"raw": 821, "pct": 0.5459459459459459}, "kills_per_min": {"raw": 0.16771488469601675, "pct": 0.406827880512091}, "last_hits_per_min": {"raw": 7.840670859538784, "pct": 0.4739687055476529}, "hero_damage_per_min": {"raw": 490.58700209643604, "pct": 0.3561877667140825}, "hero_healing_per_min": {"raw": 93.66876310272536, "pct": 0.4204836415362731}, "tower_damage": {"raw": 2918, "pct": 0.45832147937411094}}}, {"account_id": 45421382, "player_slot": 2, "team_number": 0, "team_slot": 2, "hero_id": 45, "hero_variant": 1, "item_0": 42, "item_1": 232, "item_2": 269, "item_3": 231, "item_4": 100, "item_5": 0, "backpack_0": 0, "backpack_1": 0, "backpack_2": 0, "item_neutral": 1599, "item_neutral2": 1592, "kills": 6, "deaths": 6, "assists": 18, "leaver_status": 0, "last_hits": 156, "denies": 3, "gold_per_min": 437, "xp_per_min": 659, "level": 24, "net_worth": 17744, "aghanims_scepter": 0, "aghanims_shard": 1, "moonshard": 0, "hero_damage": 24373, "tower_damage": 9584, "hero_healing": 5941, "gold": 4069, "gold_spent": 17360, "ability_upgrades_arr": [5186, 5187, 5186, 5188, 5186, 5189, 5186, 5187, 5187, 5188, 5188, 5189, 5188, 5187, 6448, 6195, 5189, 6220], "personaname": "La Chaucha", "name": null, "last_login": "2026-03-03T14:36:01.200Z", "rank_tier": 42, "computed_mmr": 4031.51, "is_subscriber": false, "radiant_win": true, "start_time": 1756092489, "duration": 2862, "cluster": 241, "lobby_type": 7, "game_mode": 22, "is_contributor": false, "patch": 58, "region": 14, "isRadiant": true, "win": 1, "lose": 0, "total_gold": 20844, "total_xp": 31434, "kills_per_min": 0.12578616352201258, "kda": 3.43, "abandons": 0, "benchmarks": {"gold_per_min": {"raw": 437, "pct": 0.7641741988496302}, "xp_per_min": {"raw": 659, "pct": 0.7025472473294988}, "kills_per_min": {"raw": 0.12578616352201258, "pct": 0.4683648315529992}, "last_hits_per_min": {"raw": 3.270440251572327, "pct": 0.7888249794576828}, "hero_damage_per_min": {"raw": 510.9643605870021, "pct": 0.34675431388660644}, "hero_healing_per_min": {"raw": 124.54926624737946, "pct": 0.6400986031224322}, "tower_damage": {"raw": 9584, "pct": 0.8619556285949055}}}, {"player_slot": 3, "team_number": 0, "team_slot": 3, "hero_id": 64, "hero_variant": 3, "item_0": 166, "item_1": 48, "item_2": 1806, "item_3": 249, "item_4": 250, "item_5": 263, "backpack_0": 41, "backpack_1": 0, "backpack_2": 0, "item_neutral": 1607, "item_neutral2": 1584, "kills": 17, "deaths": 6, "assists": 8, "leaver_status": 0, "last_hits": 429, "denies": 4, "gold_per_min": 802, "xp_per_min": 1295, "level": 29, "net_worth": 36504, "aghanims_scepter": 1, "aghanims_shard": 1, "moonshard": 0, "hero_damage": 40257, "tower_damage": 13812, "hero_healing": 0, "gold": 329, "gold_spent": 37435, "ability_upgrades_arr": [5297, 1317, 5299, 5297, 5299, 5297, 5298, 5299, 5297, 5963, 5298, 5298, 5300, 5300, 6661, 5298, 5300, 542, 6538, 303, 526, 6064], "is_subscriber": false, "radiant_win": true, "start_time": 1756092489, "duration": 2862, "cluster": 241, "lobby_type": 7, "game_mode": 22, "is_contributor": false, "patch": 58, "region": 14, "isRadiant": true, "win": 1, "lose": 0, "total_gold": 38255, "total_xp": 61771, "kills_per_min": 0.35639412997903563, "kda": 3.57, "abandons": 0, "benchmarks": {"gold_per_min": {"raw": 802, "pct": 0.9988425925925926}, "xp_per_min": {"raw": 1295, "pct": 0.9991319444444444}, "kills_per_min": {"raw": 0.35639412997903563, "pct": 0.9852430555555556}, "last_hits_per_min": {"raw": 8.9937106918239, "pct": 0.9988425925925926}, "hero_damage_per_min": {"raw": 843.9622641509434, "pct": 0.9739583333333334}, "hero_healing_per_min": {"raw": 0, "pct": 0.5746527777777778}, "tower_damage": {"raw": 13812, "pct": 0.9968171296296297}}}, {"account_id": 128377274, "player_slot": 4, "team_number": 0, "team_slot": 4, "hero_id": 41, "hero_variant": 2, "item_0": 158, "item_1": 36, "item_2": 147, "item_3": 123, "item_4": 75, "item_5": 63, "backpack_0": 0, "backpack_1": 0, "backpack_2": 0, "item_neutral": 1603, "item_neutral2": 1585, "kills": 6, "deaths": 8, "assists": 6, "leaver_status": 0, "last_hits": 226, "denies": 4, "gold_per_min": 458, "xp_per_min": 686, "level": 24, "net_worth": 20448, "aghanims_scepter": 0, "aghanims_shard": 1, "moonshard": 0, "hero_damage": 19384, "tower_damage": 4123, "hero_healing": 0, "gold": 1643, "gold_spent": 19195, "ability_upgrades_arr": [5182, 5184, 5182, 5184, 5182, 5185, 5182, 5184, 5691, 5184, 5691, 5185, 5691, 867, 5691, 6807, 5185, 6128], "personaname": "анархия", "name": null, "last_login": null, "rank_tier": 45, "computed_mmr": 3956.3, "is_subscriber": false, "radiant_win": true, "start_time": 1756092489, "duration": 2862, "cluster": 241, "lobby_type": 7, "game_mode": 22, "is_contributor": false, "patch": 58, "region": 14, "isRadiant": true, "win": 1, "lose": 0, "total_gold": 21846, "total_xp": 32722, "kills_per_min": 0.12578616352201258, "kda": 1.33, "abandons": 0, "benchmarks": {"gold_per_min": {"raw": 458, "pct": 0.2829041487839771}, "xp_per_min": {"raw": 686, "pct": 0.35765379113018597}, "kills_per_min": {"raw": 0.12578616352201258, "pct": 0.27861230329041486}, "last_hits_per_min": {"raw": 4.737945492662473, "pct": 0.1756080114449213}, "hero_damage_per_min": {"raw": 406.37316561844864, "pct": 0.33583690987124465}, "hero_healing_per_min": {"raw": 0, "pct": 0.9452789699570815},