{"players": [{"player_slot": 0, "team_number": 0, "team_slot": 0, "hero_id": 82, "hero_variant": 1, "item_0": 63, "item_1": 236, "item_2": 96, "item_3": 1, "item_4": 160, "item_5": 117, "backpack_0": 0, "backpack_1": 0, "backpack_2": 0, "item_neutral": 1603, "item_neutral2": 1586, "kills": 16, "deaths": 4, "assists": 3, "leaver_status": 0, "last_hits": 293, "denies": 7, "gold_per_min": 721, "xp_per_min": 953, "level": 25, "net_worth": 25158, "aghanims_scepter": 1, "aghanims_shard": 0, "moonshard": 0, "hero_damage": 20979, "tower_damage": 7203, "hero_healing": 0, "gold": 2708, "gold_spent": 23135, "additional_units": [{"unitname": "", "item_0": 63, "item_1": 236, "item_2": 96, "item_3": 1, "item_4": 160, "item_5": 117, "backpack_0": 0, "backpack_1": 0, "backpack_2": 0, "item_neutral": 0, "item_neutral2": 0}], "ability_upgrades_arr": [7318, 5430, 5433, 5431, 5431, 5431, 5431, 7318, 7318, 5433, 7318, 5430, 5430, 5430, 5972, 6689, 5433, 618, 5433, 1357], "is_subscriber": false, "radiant_win": true, "start_time": 1758930118, "duration": 2211, "cluster": 241, "lobby_type": 0, "game_mode": 22, "is_contributor": false, "patch": 58, "region": 14, "isRadiant": true, "win": 1, "lose": 0, "total_gold": 26568, "total_xp": 35118, "kills_per_min": 0.4341926729986431, "kda": 3.8, "abandons": 0, "benchmarks": {"gold_per_min": {"raw": 721, "pct": 0.7524850894632207}, "xp_per_min": {"raw": 953, "pct": 0.7634194831013916}, "kills_per_min": {"raw": 0.43419267299864317, "pct": 0.831013916500994}, "last_hits_per_min": {"raw": 7.951153324287653, "pct": 0.5178926441351889}, "hero_damage_per_min": {"raw": 569.3080054274085, "pct": 0.5149105367793241}, "hero_healing_per_min": {"raw": 0, "pct": 0.9701789264413518}, "tower_damage": {"raw": 7203, "pct": 0.5924453280318092}}}, {"player_slot": 1, "team_number": 0, "team_slot": 1, "hero_id": 4, "hero_variant": 1, "item_0": 50, "item_1": 939, "item_2": 75, "item_3": 158, "item_4": 208, "item_5": 108, "backpack_0": 0, "backpack_1": 0, "backpack_2": 0, "item_neutral": 1603, "item_neutral2": 1584, "kills": 18, "deaths": 9, "assists": 10, "leaver_status": 0, "last_hits": 278, "denies": 6, "gold_per_min": 822, "xp_per_min": 1104, "level": 26, "net_worth": 28389, "aghanims_scepter": 0, "aghanims_shard": 1, "moonshard": 0, "hero_damage": 30095, "tower_damage": 17939, "hero_healing": 0, "gold": 4334, "gold_spent": 24715, "ability_upgrades_arr": [5016, 5017, 5016, 5017, 5016, 5018, 5016, 5017, 5017, 5015, 5015, 5018, 5015, 5015, 818, 819, 5018, 6357, 905], "is_subscriber": false, "radiant_win": true, "start_time": 1758930118, "duration": 2211, "cluster": 241, "lobby_type": 0, "game_mode": 22, "is_contributor": false, "patch": 58, "region": 14, "isRadiant": true, "win": 1, "lose": 0, "total_gold": 30290, "total_xp": 40682, "kills_per_min": 0.48846675712347354, "kda": 2.8, "abandons": 0, "benchmarks": {"gold_per_min": {"raw": 822, "pct": 0.9662650602409638}, "xp_per_min": {"raw": 1104, "pct": 0.8572289156626506}, "kills_per_min": {"raw": 0.4884667571234735, "pct": 0.9096385542168675}, "last_hits_per_min": {"raw": 7.544097693351425, "pct": 0.6150602409638555}, "hero_damage_per_min": {"raw": 816.6892808683854, "pct": 0.6355421686746988}, "hero_healing_per_min": {"raw": 0, "pct": 0.9632530120481928}, "tower_damage": {"raw": 17939, "pct": 0.9596385542168675}}}, {"player_slot": 2, "team_number": 0, "team_slot": 2, "hero_id": 31, "hero_variant": 2, "item_0": 254, "item_1": 42, "item_2": 1107, "item_3": 108, "item_4": 180, "item_5": 0, "backpack_0": 0, "backpack_1": 0, "backpack_2": 0, "item_neutral": 675, "item_neutral2": 1577, "kills": 6, "deaths": 9, "assists": 27, "leaver_status": 0, "last_hits": 84, "denies": 4, "gold_per_min": 471, "xp_per_min": 638, "level": 20, "net_worth": 13610, "aghanims_scepter": 0, "aghanims_shard": 1, "moonshard": 0, "hero_damage": 20658, "tower_damage": 119, "hero_healing": 0, "gold": 1760, "gold_spent": 13540, "ability_upgrades_arr": [5136, 5134, 7325, 5134, 5134, 5137, 5134, 5136, 5136, 5136, 775, 5137, 7325, 7325, 6292, 7325, 5137, 531], "is_subscriber": false, "radiant_win": true, "start_time": 1758930118, "duration": 2211, "cluster": 241, "lobby_type": 0, "game_mode": 22, "is_contributor": false, "patch": 58, "region": 14, "isRadiant": true, "win": 1, "lose": 0, "total_gold": 17356, "total_xp": 23510, "kills_per_min": 0.16282225237449116, "kda": 3.3, "abandons": 0, "benchmarks": {"gold_per_min": {"raw": 471, "pct": 0.9415140145663209}, "xp_per_min": {"raw": 638, "pct": 0.6632090046347384}, "kills_per_min": {"raw": 0.16282225237449116, "pct": 0.6656367247848157}, "last_hits_per_min": {"raw": 2.2795115332428764, "pct": 0.8007062458618407}, "hero_damage_per_min": {"raw": 560.5970149253732, "pct": 0.6729198852350474}, "hero_healing_per_min": {"raw": 0, "pct": 0.6685058485985433}, "tower_damage": {"raw": 119, "pct": 0.37475171043919664}}}, {"player_slot": 3, "team_number": 0, "team_slot": 3, "hero_id": 71, "hero_variant": 1, "item_0": 149, "item_1": 127, "item_2": 63, "item_3": 116, "item_4": 40, "item_5": 92, "backpack_0": 0, "backpack_1": 140, "backpack_2": 0, "item_neutral": 1605, "item_neutral2": 1586, "kills": 5, "deaths": 9, "assists": 19, "leaver_status": 0, "last_hits": 44, "denies": 0, "gold_per_min": 405, "xp_per_min": 597, "level": 20, "net_worth": 13686, "aghanims_scepter": 0, "aghanims_shard": 0, "moonshard": 0, "hero_damage": 20110, "tower_damage": 462, "hero_healing": 0, "gold": 2051, "gold_spent": 12975, "ability_upgrades_arr": [5353, 5355, 5355, 7301, 5355, 5356, 5355, 5353, 7301, 7301, 7301, 5356, 5353, 5353, 5931, 6253, 5356, 8254], "is_subscriber": false, "radiant_win": true, "start_time": 1758930118, "duration": 2211, "cluster": 241, "lobby_type": 0, "game_mode": 22, "is_contributor": false, "patch": 58, "region": 14, "isRadiant": true, "win": 1, "lose": 0, "total_gold": 14924, "total_xp": 21999, "kills_per_min": 0.13568521031207598, "kda": 2.4, "abandons": 0, "benchmarks": {"gold_per_min": {"raw": 405, "pct": 0.5265852697912564}, "xp_per_min": {"raw": 597, "pct": 0.4200472627018511}, "kills_per_min": {"raw": 0.13568521031207598, "pct": 0.379873966128397}, "last_hits_per_min": {"raw": 1.1940298507462686, "pct": 0.11421819614021268}, "hero_damage_per_min": {"raw": 545.7259158751697, "pct": 0.6118550610476565}, "hero_healing_per_min": {"raw": 0, "pct": 0.6947617172115006}, "tower_damage": {"raw": 462, "pct": 0.5283576211106735}}}, {"player_slot": 4, "team_number": 0, "team_slot": 4, "hero_id": 6, "hero_variant": 1, "item_0": 75, "item_1": 44, "item_2": 63, "item_3": 75, "item_4": 0, "item_5": 0, "backpack_0": 0, "backpack_1": 0, "backpack_2": 0, "item_neutral": 1124, "item_neutral2": 1585, "kills": 0, "deaths": 2, "assists": 0, "leaver_status": 3, "last_hits": 32, "denies": 2, "gold_per_min": 213, "xp_per_min": 62, "level": 5, "net_worth": 2444, "aghanims_scepter": 0, "aghanims_shard": 0, "moonshard": 0, "hero_damage": 3542, "tower_damage": 0, "hero_healing": 0, "gold": 4, "gold_spent": 2500, "ability_upgrades_arr": [5019, 343, 343, 5019, 343], "is_subscriber": false, "radiant_win": true, "start_time": 1758930118, "duration": 2211, "cluster": 241, "lobby_type": 0, "game_mode": 22, "is_contributor": false, "patch": 58, "region": 14, "isRadiant": true, "win": 1, "lose": 0, "total_gold": 7849, "total_xp": 2284, "kda": 0, "abandons": 1, "benchmarks": {"gold_per_min": {"raw": 213, "pct": 0.009217803529101922}, "xp_per_min": {"raw": 62, "pct": 0.0018435607058203845}, "kills_per_min": {"raw": 0, "pct": 0.023439557545430603}, "last_hits_per_min": {"raw": 0.8683853459972863, "pct": 0.0057940479325783514}, "hero_damage_per_min": {"raw": 96.11940298507463, "pct": 0.0071108770081643406}, "hero_healing_per_min": {"raw": 0, "pct": 0.9657624440347643}, "tower_damage": {"raw": 0, "pct": 0.1409007110877008}}}, {"player_slot": 128, "team_number": 1, "team_slot": 0, "hero_id": 48, "hero_variant": 2, "item_0": 108, "item_1": 127, "item_2": 218, "item_3": 277, "item_4": 263, "item_5": 63, "backpack_0": 21,