{"players": [{"player_slot": 0, "team_number": 0, "team_slot": 0, "hero_id": 123, "hero_variant": 1, "item_0": 149, "item_1": 1466, "item_2": 36, "item_3": 214, "item_4": 232, "item_5": 166, "backpack_0": 0, "backpack_1": 0, "backpack_2": 0, "item_neutral": 1607, "item_neutral2": 1584, "kills": 7, "deaths": 16, "assists": 18, "leaver_status": 0, "last_hits": 143, "denies": 0, "gold_per_min": 448, "xp_per_min": 799, "level": 24, "net_worth": 14880, "aghanims_scepter": 0, "aghanims_shard": 0, "moonshard": 0, "hero_damage": 19311, "tower_damage": 0, "hero_healing": 0, "gold": 1755, "gold_spent": 13705, "ability_upgrades_arr": [8158, 8429, 9501, 8158, 8158, 8106, 8158, 8429, 8429, 1568, 8429, 8106, 9501, 9501, 9501, 9513, 8106, 1569], "is_subscriber": false, "radiant_win": false, "start_time": 1754674122, "duration": 2443, "cluster": 241, "lobby_type": 7, "game_mode": 22, "is_contributor": false, "patch": 58, "region": 14, "isRadiant": true, "win": 0, "lose": 1, "total_gold": 18241, "total_xp": 32532, "kills_per_min": 0.17191977077363896, "kda": 1.47, "abandons": 0, "benchmarks": {"gold_per_min": {"raw": 448, "pct": 0.7745415318230853}, "xp_per_min": {"raw": 799, "pct": 0.8464581085940309}, "kills_per_min": {"raw": 0.17191977077363896, "pct": 0.6163250629270047}, "last_hits_per_min": {"raw": 3.5120753172329104, "pct": 0.7680690399137001}, "hero_damage_per_min": {"raw": 474.2775276299632, "pct": 0.48220064724919093}, "hero_healing_per_min": {"raw": 0, "pct": 0.619920891765552}, "tower_damage": {"raw": 0, "pct": 0.17583603020496225}}}, {"player_slot": 1, "team_number": 0, "team_slot": 1, "hero_id": 8, "hero_variant": 1, "item_0": 108, "item_1": 116, "item_2": 166, "item_3": 143, "item_4": 1, "item_5": 50, "backpack_0": 38, "backpack_1": 36, "backpack_2": 0, "item_neutral": 1643, "item_neutral2": 1594, "kills": 15, "deaths": 13, "assists": 15, "leaver_status": 0, "last_hits": 169, "denies": 1, "gold_per_min": 507, "xp_per_min": 703, "level": 23, "net_worth": 18530, "aghanims_scepter": 0, "aghanims_shard": 0, "moonshard": 0, "hero_damage": 28798, "tower_damage": 0, "hero_healing": 1436, "gold": 155, "gold_spent": 20470, "ability_upgrades_arr": [5028, 5027, 5028, 5029, 5028, 5030, 5028, 5027, 5029, 7021, 5027, 5030, 5027, 5029, 1192, 5029, 5030, 6105], "is_subscriber": false, "radiant_win": false, "start_time": 1754674122, "duration": 2443, "cluster": 241, "lobby_type": 7, "game_mode": 22, "is_contributor": false, "patch": 58, "region": 14, "isRadiant": true, "win": 0, "lose": 1, "total_gold": 20643, "total_xp": 28623, "kills_per_min": 0.3683995088006549, "kda": 2.14, "abandons": 0, "benchmarks": {"gold_per_min": {"raw": 507, "pct": 0.3079331941544885}, "xp_per_min": {"raw": 703, "pct": 0.3431628392484342}, "kills_per_min": {"raw": 0.3683995088006549, "pct": 0.8885699373695198}, "last_hits_per_min": {"raw": 4.150634465820712, "pct": 0.08089770354906055}, "hero_damage_per_min": {"raw": 707.2779369627507, "pct": 0.6411795407098121}, "hero_healing_per_min": {"raw": 35.26811297584937, "pct": 0.18684759916492694}, "tower_damage": {"raw": 0, "pct": 0.1383089770354906}}}, {"player_slot": 2, "team_number": 0, "team_slot": 2, "hero_id": 9, "hero_variant": 4, "item_0": 174, "item_1": 485, "item_2": 7, "item_3": 102, "item_4": 127, "item_5": 75, "backpack_0": 0, "backpack_1": 0, "backpack_2": 0, "item_neutral": 1643, "item_neutral2": 1584, "kills": 7, "deaths": 13, "assists": 18, "leaver_status": 0, "last_hits": 78, "denies": 1, "gold_per_min": 370, "xp_per_min": 445, "level": 18, "net_worth": 11770, "aghanims_scepter": 0, "aghanims_shard": 1, "moonshard": 0, "hero_damage": 20421, "tower_damage": 793, "hero_healing": 0, "gold": 865, "gold_spent": 13135, "ability_upgrades_arr": [5048, 5050, 5051, 5050, 5051, 1213, 5051, 5051, 5050, 5050, 1213, 817, 5048, 6013, 5048, 5048], "is_subscriber": false, "radiant_win": false, "start_time": 1754674122, "duration": 2443, "cluster": 241, "lobby_type": 7, "game_mode": 22, "is_contributor": false, "patch": 58, "region": 14, "isRadiant": true, "win": 0, "lose": 1, "total_gold": 15065, "total_xp": 18118, "kills_per_min": 0.17191977077363896, "kda": 1.79, "abandons": 0, "benchmarks": {"gold_per_min": {"raw": 370, "pct": 0.37801989578398865}, "xp_per_min": {"raw": 445, "pct": 0.2051160587399337}, "kills_per_min": {"raw": 0.17191977077363896, "pct": 0.6333491236380863}, "last_hits_per_min": {"raw": 1.9156774457634056, "pct": 0.22501184272856467}, "hero_damage_per_min": {"raw": 501.53909128121165, "pct": 0.5831359545239223}, "hero_healing_per_min": {"raw": 0, "pct": 0.5997157745144481}, "tower_damage": {"raw": 793, "pct": 0.4798673614400758}}}, {"player_slot": 3, "team_number": 0, "team_slot": 3, "hero_id": 36, "hero_variant": 2, "item_0": 692, "item_1": 92, "item_2": 90, "item_3": 73, "item_4": 162, "item_5": 63, "backpack_0": 4204, "backpack_1": 0, "backpack_2": 4205, "item_neutral": 1642, "item_neutral2": 1585, "kills": 4, "deaths": 17, "assists": 18, "leaver_status": 0, "last_hits": 147, "denies": 7, "gold_per_min": 423, "xp_per_min": 745, "level": 23, "net_worth": 14381, "aghanims_scepter": 0, "aghanims_shard": 1, "moonshard": 0, "hero_damage": 20248, "tower_damage": 420, "hero_healing": 2752, "gold": 726, "gold_spent": 14360, "ability_upgrades_arr": [5158, 5159, 5158, 5159, 1270, 5161, 5158, 5158, 5159, 1270, 5159, 5161, 1049, 1270, 7111, 1270, 5161, 1050], "is_subscriber": false, "radiant_win": false, "start_time": 1754674122, "duration": 2443, "cluster": 241, "lobby_type": 7, "game_mode": 22, "is_contributor": false, "patch": 58, "region": 14, "isRadiant": true, "win": 0, "lose": 1, "total_gold": 17223, "total_xp": 30333, "kills_per_min": 0.09823986901350798, "kda": 1.22, "abandons": 0, "benchmarks": {"gold_per_min": {"raw": 423, "pct": 0.14997557401074743}, "xp_per_min": {"raw": 745, "pct": 0.4323400097703957}, "kills_per_min": {"raw": 0.09823986901350798, "pct": 0.06619443087445041}, "last_hits_per_min": {"raw": 3.6103151862464182, "pct": 0.10429897410845139}, "hero_damage_per_min": {"raw": 497.29021694637737, "pct": 0.12335124572545188}, "hero_healing_per_min": {"raw": 67.58902988129348, "pct": 0.19320957498778701}, "tower_damage": {"raw": 420, "pct": 0.2552515876893014}}}, {"account_id": 1624846999, "player_slot": 4, "team_number": 0, "team_slot": 4, "hero_id": 21, "hero_variant": 5, "item_0": 29, "item_1": 108, "item_2": 166, "item_3": 7, "item_4": 123, "item_5": 36, "backpack_0": 134, "backpack_1": 485, "backpack_2": 0, "item_neutral": 1603, "item_neutral2": 1577, "kills": 13, "deaths": 13, "assists": 15, "leaver_status": 0, "last_hits": 189, "denies": 12, "gold_per_min": 516, "xp_per_min": 707, "level": 23, "net_worth": 16032, "aghanims_scepter": 0, "aghanims_shard": 0, "moonshard": 0, "hero_damage": 25036, "tower_damage": 69, "hero_healing": 0, "gold": 332, "gold_spent": 17055, "ability_upgrades_arr": [5131, 5132, 5131, 5130, 5131, 5133, 5131, 5132, 5132, 5920, 5132, 5133, 5130, 5130, 6992, 5130, 5133, 7889], "personaname": "Elchicobluu💼", "name": null, "last_login": null, "rank_tier": 21, "computed_mmr": 3985.16, "is_subscriber": false, "radiant_win": false, "start_time": 1754674122, "duration": 2443, "cluster": 241, "lobby_type": 7, "game_mode": 22, "is_contributor": false, "patch": 58, "region": 14, "isRadiant": true, "win": 0, "lose": 1, "total_gold": 21009, "total_xp": 28786, "kills_per_min": 0.3192795742939009, "kda": 2, "abandons": 0, "benchmarks": {"gold_per_min": {"raw": 516, "pct": 0.7210007581501138}, "xp_per_min": {"raw": 707, "pct": 0.6082891079100329}, "kills_per_min": {"raw": 0.3192795742939009, "pct": 0.8327015415718979}, "last_hits_per_min": {"raw": 4.641833810888252, "pct": 0.6272428607530958}, "hero_damage_per_min": {"raw": 614.8833401555464, "pct": 0.6512509476876421}, "hero_healing_per_min": {"raw": 0, "pct": 0.8362395754359363}, "tower_damage": {"raw": 69, "pct": 0.1582006570634319}}}, {"account_id": 92552519, "player_slot": 128, "team_number": 1, "team_slot": 0, "hero_id": 20, "hero_variant": 1,