{"players": [{"player_slot": 0, "team_number": 0, "team_slot": 0, "hero_id": 44, "hero_variant": 2, "item_0": 50, "item_1": 250, "item_2": 116, "item_3": 145, "item_4": 168, "item_5": 56, "backpack_0": 0, "backpack_1": 0, "backpack_2": 0, "item_neutral": 1605, "item_neutral2": 1586, "kills": 8, "deaths": 3, "assists": 13, "leaver_status": 0, "last_hits": 290, "denies": 18, "gold_per_min": 589, "xp_per_min": 812, "level": 24, "net_worth": 23071, "aghanims_scepter": 0, "aghanims_shard": 0, "moonshard": 0, "hero_damage": 25902, "tower_damage": 3570, "hero_healing": 0, "gold": 2696, "gold_spent": 22045, "ability_upgrades_arr": [5190, 5191, 5191, 5190, 5190, 5193, 5191, 5191, 5190, 483, 1287, 5193, 1287, 1287, 6848, 1287, 5193, 1074], "is_subscriber": false, "radiant_win": true, "start_time": 1757036851, "duration": 2479, "cluster": 346, "lobby_type": 0, "game_mode": 22, "is_contributor": false, "patch": 58, "region": 38, "isRadiant": true, "win": 1, "lose": 0, "total_gold": 24335, "total_xp": 33549, "kills_per_min": 0.19362646228317867, "kda": 5.25, "abandons": 0, "benchmarks": {"gold_per_min": {"raw": 589, "pct": 0.5806336774652902}, "xp_per_min": {"raw": 812, "pct": 0.5361338554645781}, "kills_per_min": {"raw": 0.1936264622831787, "pct": 0.42684229263082946}, "last_hits_per_min": {"raw": 7.0189592577652276, "pct": 0.5172659309362763}, "hero_damage_per_min": {"raw": 626.9140782573619, "pct": 0.5439658241367035}, "hero_healing_per_min": {"raw": 0, "pct": 0.963688145247419}, "tower_damage": {"raw": 3570, "pct": 0.6037735849056604}}}, {"player_slot": 1, "team_number": 0, "team_slot": 1, "hero_id": 111, "hero_variant": 1, "item_0": 4206, "item_1": 256, "item_2": 180, "item_3": 267, "item_4": 77, "item_5": 232, "backpack_0": 34, "backpack_1": 0, "backpack_2": 0, "item_neutral": 1601, "item_neutral2": 1577, "kills": 9, "deaths": 6, "assists": 10, "leaver_status": 0, "last_hits": 78, "denies": 3, "gold_per_min": 343, "xp_per_min": 540, "level": 20, "net_worth": 13294, "aghanims_scepter": 0, "aghanims_shard": 0, "moonshard": 0, "hero_damage": 20384, "tower_damage": 185, "hero_healing": 10294, "gold": 889, "gold_spent": 13645, "ability_upgrades_arr": [5637, 5639, 5639, 5637, 5639, 5640, 5638, 5639, 5637, 6540, 5637, 5640, 5638, 5638, 681, 5638, 5640, 405], "is_subscriber": false, "radiant_win": true, "start_time": 1757036851, "duration": 2479, "cluster": 346, "lobby_type": 0, "game_mode": 22, "is_contributor": false, "patch": 58, "region": 38, "isRadiant": true, "win": 1, "lose": 0, "total_gold": 14171, "total_xp": 22311, "kills_per_min": 0.217829770068576, "kda": 2.71, "abandons": 0, "benchmarks": {"gold_per_min": {"raw": 343, "pct": 0.6192504258943782}, "xp_per_min": {"raw": 540, "pct": 0.606473594548552}, "kills_per_min": {"raw": 0.21782977006857604, "pct": 0.8424190800681431}, "last_hits_per_min": {"raw": 1.8878580072609923, "pct": 0.8534923339011925}, "hero_damage_per_min": {"raw": 493.3602258975393, "pct": 0.9063032367972743}, "hero_healing_per_min": {"raw": 249.1488503428802, "pct": 0.40545144804088584}, "tower_damage": {"raw": 185, "pct": 0.49318568994889267}}}, {"player_slot": 2, "team_number": 0, "team_slot": 2, "hero_id": 109, "hero_variant": 1, "item_0": 160, "item_1": 596, "item_2": 63, "item_3": 139, "item_4": 147, "item_5": 236, "backpack_0": 0, "backpack_1": 0, "backpack_2": 0, "item_neutral": 1643, "item_neutral2": 1585, "kills": 9, "deaths": 4, "assists": 13, "leaver_status": 0, "last_hits": 267, "denies": 6, "gold_per_min": 587, "xp_per_min": 778, "level": 24, "net_worth": 23625, "aghanims_scepter": 0, "aghanims_shard": 0, "moonshard": 0, "hero_damage": 29691, "tower_damage": 23462, "hero_healing": 0, "gold": 3000, "gold_spent": 21415, "ability_upgrades_arr": [5621, 5619, 5621, 5620, 5620, 5622, 5621, 5620, 5620, 7861, 5621, 5622, 5619, 5619, 1186, 5619, 5622, 6168], "is_subscriber": false, "radiant_win": true, "start_time": 1757036851, "duration": 2479, "cluster": 346, "lobby_type": 0, "game_mode": 22, "is_contributor": false, "patch": 58, "region": 38, "isRadiant": true, "win": 1, "lose": 0, "total_gold": 24252, "total_xp": 32144, "kills_per_min": 0.217829770068576, "kda": 4.4, "abandons": 0, "benchmarks": {"gold_per_min": {"raw": 587, "pct": 0.5454545454545454}, "xp_per_min": {"raw": 778, "pct": 0.5787139689578714}, "kills_per_min": {"raw": 0.21782977006857604, "pct": 0.614190687361419}, "last_hits_per_min": {"raw": 6.462283178701089, "pct": 0.34146341463414637}, "hero_damage_per_min": {"raw": 718.6204114562323, "pct": 0.7217294900221729}, "hero_healing_per_min": {"raw": 0, "pct": 0.9301552106430155}, "tower_damage": {"raw": 23462, "pct": 0.9456762749445676}}}, {"player_slot": 3, "team_number": 0, "team_slot": 3, "hero_id": 27, "hero_variant": 2, "item_0": 43, "item_1": 180, "item_2": 232, "item_3": 254, "item_4": 1, "item_5": 36, "backpack_0": 188, "backpack_1": 37, "backpack_2": 0, "item_neutral": 675, "item_neutral2": 1597, "kills": 6, "deaths": 4, "assists": 27, "leaver_status": 0, "last_hits": 63, "denies": 7, "gold_per_min": 367, "xp_per_min": 713, "level": 23, "net_worth": 13353, "aghanims_scepter": 0, "aghanims_shard": 0, "moonshard": 0, "hero_damage": 18775, "tower_damage": 3233, "hero_healing": 0, "gold": 3128, "gold_spent": 12080, "ability_upgrades_arr": [5080, 5078, 5080, 5079, 5080, 5081, 5080, 5079, 5079, 5079, 468, 5081, 5078, 5078, 760, 5078, 5081, 6295], "is_subscriber": false, "radiant_win": true, "start_time": 1757036851, "duration": 2479, "cluster": 346, "lobby_type": 0, "game_mode": 22, "is_contributor": false, "patch": 58, "region": 38, "isRadiant": true, "win": 1, "lose": 0, "total_gold": 15163, "total_xp": 29458, "kills_per_min": 0.14521984671238403, "kda": 6.6, "abandons": 0, "benchmarks": {"gold_per_min": {"raw": 367, "pct": 0.5598570577724836}, "xp_per_min": {"raw": 713, "pct": 0.8711534643637086}, "kills_per_min": {"raw": 0.14521984671238403, "pct": 0.7506452253325392}, "last_hits_per_min": {"raw": 1.5248083904800322, "pct": 0.3579511614055986}, "hero_damage_per_min": {"raw": 454.41710367083505, "pct": 0.718483224141354}, "hero_healing_per_min": {"raw": 0, "pct": 0.669446098868374}, "tower_damage": {"raw": 3233, "pct": 0.5715703791939647}}}, {"player_slot": 4, "team_number": 0, "team_slot": 4, "hero_id": 69, "hero_variant": 1, "item_0": 112, "item_1": 116, "item_2": 50, "item_3": 1, "item_4": 119, "item_5": 65, "backpack_0": 0, "backpack_1": 0, "backpack_2": 0, "item_neutral": 1608, "item_neutral2": 1597, "kills": 8, "deaths": 5, "assists": 18, "leaver_status": 0, "last_hits": 200, "denies": 19, "gold_per_min": 617, "xp_per_min": 780, "level": 24, "net_worth": 23701, "aghanims_scepter": 0, "aghanims_shard": 0, "moonshard": 0, "hero_damage": 32572, "tower_damage": 1618, "hero_healing": 0, "gold": 3301, "gold_spent": 23045, "ability_upgrades_arr": [5340, 5339, 5340, 5341, 5340, 5342, 5340, 5339, 5339, 5339, 5341, 5342, 5341, 5341, 6370, 7123, 5342, 6073], "is_subscriber": false, "radiant_win": true, "start_time": 1757036851, "duration": 2479, "cluster": 346, "lobby_type": 0, "game_mode": 22, "is_contributor": false, "patch": 58, "region": 38, "isRadiant": true, "win": 1, "lose": 0, "total_gold": 25492, "total_xp": 32227, "kills_per_min": 0.19362646228317867, "kda": 4.33, "abandons": 0, "benchmarks": {"gold_per_min": {"raw": 617, "pct": 0.579526384486295}, "xp_per_min": {"raw": 780, "pct": 0.5780346820809249}, "kills_per_min": {"raw": 0.1936264622831787, "pct": 0.47193734849897445}, "last_hits_per_min": {"raw": 4.840661557079468, "pct": 0.3184784635465225}, "hero_damage_per_min": {"raw": 788.3501411859621, "pct": 0.7685996643669588}, "hero_healing_per_min": {"raw": 0, "pct": 0.8989371620361738}, "tower_damage": {"raw": 1618, "pct": 0.5573373112064143}}}, {"account_id": 45421382, "player_slot": 128, "team_number": 1, "team_slot": 0, "hero_id": 28, "hero_variant": 1, "item_0": 36, "item_1": 63, "item_2": 226, "item_3": 127, "item_4": 1, "item_5": 26, "backpack_0": 0, "backpack_1": 0, "backpack_2": 0,