{"players": [{"player_slot": 0, "team_number": 0, "team_slot": 0, "hero_id": 2, "hero_variant": 1, "item_0": 600, "item_1": 127, "item_2": 50, "item_3": 242, "item_4": 114, "item_5": 0, "backpack_0": 0, "backpack_1": 0, "backpack_2": 0, "item_neutral": 1643, "item_neutral2": 1594, "kills": 16, "deaths": 8, "assists": 22, "leaver_status": 0, "last_hits": 252, "denies": 5, "gold_per_min": 528, "xp_per_min": 846, "level": 26, "net_worth": 22740, "aghanims_scepter": 0, "aghanims_shard": 0, "moonshard": 0, "hero_damage": 35832, "tower_damage": 1551, "hero_healing": 0, "gold": 3115, "gold_spent": 19625, "ability_upgrades_arr": [5008, 5009, 5009, 5007, 5009, 5010, 5007, 5009, 5008, 5007, 5007, 5010, 1189, 5008, 5008, 670, 5010, 6991, 6608], "is_subscriber": false, "radiant_win": true, "start_time": 1761281848, "duration": 2749, "cluster": 381, "lobby_type": 7, "game_mode": 22, "is_contributor": false, "patch": 58, "isRadiant": true, "win": 1, "lose": 0, "total_gold": 24191, "total_xp": 38760, "kills_per_min": 0.34921789741724263, "kda": 4.22, "abandons": 0, "benchmarks": {"gold_per_min": {"raw": 528, "pct": 0.6780567178056718}, "xp_per_min": {"raw": 846, "pct": 0.7798698279869828}, "kills_per_min": {"raw": 0.34921789741724263, "pct": 0.7691771269177127}, "last_hits_per_min": {"raw": 5.500181884321571, "pct": 0.7324500232450023}, "hero_damage_per_min": {"raw": 782.0734812659149, "pct": 0.6452812645281265}, "hero_healing_per_min": {"raw": 0, "pct": 0.9225941422594143}, "tower_damage": {"raw": 1551, "pct": 0.6831706183170618}}}, {"player_slot": 1, "team_number": 0, "team_slot": 1, "hero_id": 123, "hero_variant": 1, "item_0": 180, "item_1": 98, "item_2": 249, "item_3": 610, "item_4": 168, "item_5": 141, "backpack_0": 0, "backpack_1": 0, "backpack_2": 0, "item_neutral": 1643, "item_neutral2": 1577, "kills": 18, "deaths": 1, "assists": 36, "leaver_status": 0, "last_hits": 233, "denies": 8, "gold_per_min": 612, "xp_per_min": 1163, "level": 28, "net_worth": 28208, "aghanims_scepter": 0, "aghanims_shard": 0, "moonshard": 0, "hero_damage": 45427, "tower_damage": 3561, "hero_healing": 0, "gold": 2233, "gold_spent": 26330, "ability_upgrades_arr": [8158, 8429, 8158, 8429, 9501, 8106, 8158, 8158, 8429, 8429, 9501, 8106, 9501, 9501, 9513, 7132, 8106, 1569, 1134, 1568, 9511], "is_subscriber": false, "radiant_win": true, "start_time": 1761281848, "duration": 2749, "cluster": 381, "lobby_type": 7, "game_mode": 22, "is_contributor": false, "patch": 58, "isRadiant": true, "win": 1, "lose": 0, "total_gold": 28039, "total_xp": 53284, "kills_per_min": 0.39287013459439796, "kda": 27, "abandons": 0, "benchmarks": {"gold_per_min": {"raw": 612, "pct": 0.9725859247135843}, "xp_per_min": {"raw": 1163, "pct": 0.9930441898527005}, "kills_per_min": {"raw": 0.39287013459439796, "pct": 0.9656301145662848}, "last_hits_per_min": {"raw": 5.085485631138596, "pct": 0.9226677577741408}, "hero_damage_per_min": {"raw": 991.4950891233175, "pct": 0.9738134206219312}, "hero_healing_per_min": {"raw": 0, "pct": 0.6239770867430442}, "tower_damage": {"raw": 3561, "pct": 0.9320785597381342}}}, {"player_slot": 2, "team_number": 0, "team_slot": 2, "hero_id": 14, "hero_variant": 3, "item_0": 73, "item_1": 114, "item_2": 1, "item_3": 13, "item_4": 108, "item_5": 50, "backpack_0": 0, "backpack_1": 11, "backpack_2": 0, "item_neutral": 1603, "item_neutral2": 1577, "kills": 19, "deaths": 14, "assists": 31, "leaver_status": 0, "last_hits": 201, "denies": 4, "gold_per_min": 541, "xp_per_min": 832, "level": 25, "net_worth": 19658, "aghanims_scepter": 0, "aghanims_shard": 0, "moonshard": 0, "hero_damage": 57335, "tower_damage": 5772, "hero_healing": 0, "gold": 1113, "gold_spent": 18825, "ability_upgrades_arr": [5076, 5075, 5076, 5075, 5076, 5077, 5076, 5074, 5075, 5075, 5074, 5077, 5074, 5074, 7142, 507, 5077, 408, 6023], "is_subscriber": false, "radiant_win": true, "start_time": 1761281848, "duration": 2749, "cluster": 381, "lobby_type": 7, "game_mode": 22, "is_contributor": false, "patch": 58, "isRadiant": true, "win": 1, "lose": 0, "total_gold": 24786, "total_xp": 38119, "kills_per_min": 0.4146962531829756, "kda": 3.33, "abandons": 0, "benchmarks": {"gold_per_min": {"raw": 541, "pct": 0.9104957349486957}, "xp_per_min": {"raw": 832, "pct": 0.8821856842625788}, "kills_per_min": {"raw": 0.41469625318297565, "pct": 0.9418964025219434}, "last_hits_per_min": {"raw": 4.387049836304111, "pct": 0.8442329088886141}, "hero_damage_per_min": {"raw": 1251.4005092761004, "pct": 0.9873902831005069}, "hero_healing_per_min": {"raw": 0, "pct": 0.7490419087649894}, "tower_damage": {"raw": 5772, "pct": 0.9909753986895784}}}, {"account_id": 1808962253, "player_slot": 3, "team_number": 0, "team_slot": 3, "hero_id": 70, "hero_variant": 1, "item_0": 116, "item_1": 603, "item_2": 50, "item_3": 156, "item_4": 174, "item_5": 143, "backpack_0": 0, "backpack_1": 0, "backpack_2": 0, "item_neutral": 1603, "item_neutral2": 1577, "kills": 27, "deaths": 5, "assists": 26, "leaver_status": 0, "last_hits": 188, "denies": 4, "gold_per_min": 658, "xp_per_min": 1254, "level": 29, "net_worth": 28207, "aghanims_scepter": 0, "aghanims_shard": 1, "moonshard": 0, "hero_damage": 61270, "tower_damage": 10059, "hero_healing": 0, "gold": 4032, "gold_spent": 28435, "ability_upgrades_arr": [5357, 5359, 5358, 5358, 5358, 5360, 5358, 5359, 5359, 6975, 5359, 5360, 5357, 5357, 6132, 5357, 5360, 1062, 424, 758, 6926], "personaname": "PRINCESS_KENNY", "name": null, "last_login": null, "rank_tier": 21, "computed_mmr": 4269.15, "is_subscriber": false, "radiant_win": true, "start_time": 1761281848, "duration": 2749, "cluster": 381, "lobby_type": 7, "game_mode": 22, "is_contributor": false, "patch": 58, "isRadiant": true, "win": 1, "lose": 0, "total_gold": 30147, "total_xp": 57454, "kills_per_min": 0.5893052018915969, "kda": 8.83, "abandons": 0, "benchmarks": {"gold_per_min": {"raw": 658, "pct": 0.69769820971867}, "xp_per_min": {"raw": 1254, "pct": 0.9560102301790281}, "kills_per_min": {"raw": 0.589305201891597, "pct": 0.9324808184143223}, "last_hits_per_min": {"raw": 4.1033102946526006, "pct": 0.14168797953964193}, "hero_damage_per_min": {"raw": 1337.2862859221536, "pct": 0.9601023017902813}, "hero_healing_per_min": {"raw": 0, "pct": 0.950383631713555}, "tower_damage": {"raw": 10059, "pct": 0.8675191815856778}}}, {"account_id": 139178223, "player_slot": 4, "team_number": 0, "team_slot": 4, "hero_id": 27, "hero_variant": 2, "item_0": 180, "item_1": 218, "item_2": 1, "item_3": 232, "item_4": 108, "item_5": 110, "backpack_0": 40, "backpack_1": 0, "backpack_2": 0, "item_neutral": 1607, "item_neutral2": 1583, "kills": 5, "deaths": 10, "assists": 33, "leaver_status": 0, "last_hits": 126, "denies": 3, "gold_per_min": 444, "xp_per_min": 643, "level": 23, "net_worth": 16952, "aghanims_scepter": 0, "aghanims_shard": 0, "moonshard": 0, "hero_damage": 20233, "tower_damage": 4588, "hero_healing": 0, "gold": 1647, "gold_spent": 17345, "ability_upgrades_arr": [5080, 5079, 5078, 5080, 5078, 5081, 5078, 5078, 5080, 5080, 5079, 5081, 5079, 5079, 468, 760, 5081, 6295], "personaname": "DOPE af", "name": null, "last_login": null, "rank_tier": 31, "computed_mmr": 4119.41, "is_subscriber": false, "radiant_win": true, "start_time": 1761281848, "duration": 2749, "cluster": 381, "lobby_type": 7, "game_mode": 22, "is_contributor": false, "patch": 58, "isRadiant": true, "win": 1, "lose": 0, "total_gold": 20342, "total_xp": 29460, "kills_per_min": 0.10913059294288832, "kda": 3.45, "abandons": 0, "benchmarks": {"gold_per_min": {"raw": 444, "pct": 0.8854476871153464}, "xp_per_min": {"raw": 643, "pct": 0.7556084971213024}, "kills_per_min": {"raw": 0.10913059294288832, "pct": 0.5773277744689299}, "last_hits_per_min": {"raw": 2.7500909421607855, "pct": 0.8409767718880286}, "hero_damage_per_min": {"raw": 441.6078574026919, "pct": 0.6896962477665277}, "hero_healing_per_min": {"raw": 0, "pct": 0.669446098868374}, "tower_damage": {"raw": 4588, "pct": 0.6857256303355171}}}, {"player_slot": 128,