{"players": [{"player_slot": 0, "team_number": 0, "team_slot": 0, "hero_id": 54, "hero_variant": 4, "item_0": 158, "item_1": 152, "item_2": 63, "item_3": 137, "item_4": 154, "item_5": 40, "backpack_0": 0, "backpack_1": 0, "backpack_2": 0, "item_neutral": 1719, "item_neutral2": 1586, "kills": 8, "deaths": 6, "assists": 10, "leaver_status": 0, "last_hits": 274, "denies": 18, "gold_per_min": 548, "xp_per_min": 805, "level": 24, "net_worth": 20170, "aghanims_scepter": 0, "aghanims_shard": 0, "moonshard": 0, "hero_damage": 27214, "tower_damage": 1575, "hero_healing": 1052, "gold": 940, "gold_spent": 21880, "ability_upgrades_arr": [5249, 631, 5251, 631, 631, 5252, 631, 5249, 5249, 6676, 5249, 5251, 5252, 5251, 5251, 499, 5252, 709], "is_subscriber": false, "radiant_win": false, "start_time": 1767344237, "duration": 2380, "cluster": 192, "lobby_type": 7, "game_mode": 22, "is_contributor": false, "patch": 59, "region": 9, "isRadiant": true, "win": 0, "lose": 1, "total_gold": 21737, "total_xp": 31931, "kills_per_min": 0.20168067226890757, "kda": 2.57, "abandons": 0, "benchmarks": {"gold_per_min": {"raw": 548, "pct": 0.49870801033591733}, "xp_per_min": {"raw": 805, "pct": 0.5431524547803618}, "kills_per_min": {"raw": 0.20168067226890757, "pct": 0.5540051679586563}, "last_hits_per_min": {"raw": 6.9075630252100835, "pct": 0.5142118863049095}, "hero_damage_per_min": {"raw": 686.0672268907563, "pct": 0.6211886304909561}, "hero_healing_per_min": {"raw": 26.521008403361343, "pct": 0.3798449612403101}, "tower_damage": {"raw": 1575, "pct": 0.3912144702842377}}}, {"account_id": 122343943, "player_slot": 1, "team_number": 0, "team_slot": 1, "hero_id": 60, "hero_variant": 2, "item_0": 50, "item_1": 21, "item_2": 116, "item_3": 42, "item_4": 143, "item_5": 73, "backpack_0": 0, "backpack_1": 0, "backpack_2": 0, "item_neutral": 1605, "item_neutral2": 1583, "kills": 6, "deaths": 12, "assists": 13, "leaver_status": 0, "last_hits": 95, "denies": 6, "gold_per_min": 349, "xp_per_min": 630, "level": 21, "net_worth": 10192, "aghanims_scepter": 0, "aghanims_shard": 0, "moonshard": 0, "hero_damage": 16006, "tower_damage": 523, "hero_healing": 125, "gold": 162, "gold_spent": 10870, "ability_upgrades_arr": [5275, 5277, 5275, 5277, 5276, 5278, 5275, 5275, 5276, 5277, 816, 5276, 5278, 5277, 5276, 480, 5278, 6145], "personaname": "Silver Surfer", "name": null, "last_login": null, "rank_tier": 42, "computed_mmr": 3961.7, "is_subscriber": false, "radiant_win": false, "start_time": 1767344237, "duration": 2380, "cluster": 192, "lobby_type": 7, "game_mode": 22, "is_contributor": false, "patch": 59, "region": 9, "isRadiant": true, "win": 0, "lose": 1, "total_gold": 13843, "total_xp": 24990, "kills_per_min": 0.1512605042016807, "kda": 1.46, "abandons": 0, "benchmarks": {"gold_per_min": {"raw": 349, "pct": 0.1986754966887417}, "xp_per_min": {"raw": 630, "pct": 0.47019867549668876}, "kills_per_min": {"raw": 0.1512605042016807, "pct": 0.33774834437086093}, "last_hits_per_min": {"raw": 2.3949579831932772, "pct": 0.12334437086092716}, "hero_damage_per_min": {"raw": 403.5126050420168, "pct": 0.31539735099337746}, "hero_healing_per_min": {"raw": 3.1512605042016806, "pct": 0.9213576158940397}, "tower_damage": {"raw": 523, "pct": 0.32367549668874174}}}, {"player_slot": 2, "team_number": 0, "team_slot": 2, "hero_id": 53, "hero_variant": 1, "item_0": 168, "item_1": 75, "item_2": 36, "item_3": 98, "item_4": 249, "item_5": 29, "backpack_0": 0, "backpack_1": 0, "backpack_2": 0, "item_neutral": 1720, "item_neutral2": 1597, "kills": 4, "deaths": 13, "assists": 9, "leaver_status": 0, "last_hits": 211, "denies": 3, "gold_per_min": 426, "xp_per_min": 482, "level": 18, "net_worth": 14866, "aghanims_scepter": 0, "aghanims_shard": 0, "moonshard": 0, "hero_damage": 22851, "tower_damage": 2893, "hero_healing": 359, "gold": 826, "gold_spent": 15200, "ability_upgrades_arr": [5245, 5246, 5247, 5246, 5247, 5248, 5245, 5246, 5247, 926, 5246, 5247, 5248, 5245, 1620, 5245, 5248], "is_subscriber": false, "radiant_win": false, "start_time": 1767344237, "duration": 2380, "cluster": 192, "lobby_type": 7, "game_mode": 22, "is_contributor": false, "patch": 59, "region": 9, "isRadiant": true, "win": 0, "lose": 1, "total_gold": 16898, "total_xp": 19119, "kills_per_min": 0.10084033613445378, "kda": 0.93, "abandons": 0, "benchmarks": {"gold_per_min": {"raw": 426, "pct": 0.24234470691163604}, "xp_per_min": {"raw": 482, "pct": 0.2204724409448819}, "kills_per_min": {"raw": 0.10084033613445378, "pct": 0.2572178477690289}, "last_hits_per_min": {"raw": 5.319327731092438, "pct": 0.41863517060367456}, "hero_damage_per_min": {"raw": 576.0756302521008, "pct": 0.41776027996500437}, "hero_healing_per_min": {"raw": 9.050420168067227, "pct": 0.5135608048993876}, "tower_damage": {"raw": 2893, "pct": 0.5148731408573928}}}, {"account_id": 122490871, "player_slot": 3, "team_number": 0, "team_slot": 3, "hero_id": 102, "hero_variant": 3, "item_0": 939, "item_1": 231, "item_2": 36, "item_3": 40, "item_4": 218, "item_5": 0, "backpack_0": 73, "backpack_1": 0, "backpack_2": 0, "item_neutral": 1720, "item_neutral2": 1584, "kills": 7, "deaths": 11, "assists": 9, "leaver_status": 0, "last_hits": 89, "denies": 1, "gold_per_min": 318, "xp_per_min": 457, "level": 18, "net_worth": 10630, "aghanims_scepter": 0, "aghanims_shard": 0, "moonshard": 0, "hero_damage": 17010, "tower_damage": 0, "hero_healing": 4800, "gold": 535, "gold_spent": 11465, "ability_upgrades_arr": [5586, 5587, 5586, 5587, 5586, 5588, 5586, 5587, 5587, 1165, 5585, 5585, 5588, 5585, 5585, 6601, 5588], "personaname": "Hrabia", "name": null, "last_login": null, "rank_tier": 34, "computed_mmr": 4032.19, "is_subscriber": false, "radiant_win": false, "start_time": 1767344237, "duration": 2380, "cluster": 192, "lobby_type": 7, "game_mode": 22, "is_contributor": false, "patch": 59, "region": 9, "isRadiant": true, "win": 0, "lose": 1, "total_gold": 12614, "total_xp": 18127, "kills_per_min": 0.17647058823529413, "kda": 1.33, "abandons": 0, "benchmarks": {"gold_per_min": {"raw": 318, "pct": 0.2950949367088608}, "xp_per_min": {"raw": 457, "pct": 0.2563291139240506}, "kills_per_min": {"raw": 0.1764705882352941, "pct": 0.6613924050632911}, "last_hits_per_min": {"raw": 2.2436974789915967, "pct": 0.38449367088607594}, "hero_damage_per_min": {"raw": 428.82352941176475, "pct": 0.4849683544303797}, "hero_healing_per_min": {"raw": 121.00840336134453, "pct": 0.7143987341772152}, "tower_damage": {"raw": 0, "pct": 0.2088607594936709}}}, {"player_slot": 4, "team_number": 0, "team_slot": 4, "hero_id": 27, "hero_variant": 3, "item_0": 36, "item_1": 1, "item_2": 61, "item_3": 267, "item_4": 232, "item_5": 214, "backpack_0": 43, "backpack_1": 0, "backpack_2": 0, "item_neutral": 675, "item_neutral2": 1593, "kills": 3, "deaths": 14, "assists": 14, "leaver_status": 0, "last_hits": 57, "denies": 4, "gold_per_min": 323, "xp_per_min": 456, "level": 18, "net_worth": 10157, "aghanims_scepter": 0, "aghanims_shard": 0, "moonshard": 0, "hero_damage": 16584, "tower_damage": 167, "hero_healing": 6, "gold": 397, "gold_spent": 11475, "ability_upgrades_arr": [5080, 5078, 5080, 5079, 5080, 5081, 5080, 5079, 5079, 5079, 468, 5078, 5081, 5078, 5078, 760, 5081], "is_subscriber": false, "radiant_win": false, "start_time": 1767344237, "duration": 2380, "cluster": 192, "lobby_type": 7, "game_mode": 22, "is_contributor": false, "patch": 59, "region": 9, "isRadiant": true, "win": 0, "lose": 1, "total_gold": 12812, "total_xp": 18088, "kills_per_min": 0.07563025210084034, "kda": 1.13, "abandons": 0, "benchmarks": {"gold_per_min": {"raw": 323, "pct": 0.38235294117647056}, "xp_per_min": {"raw": 456, "pct": 0.30709939148073023}, "kills_per_min": {"raw": 0.07563025210084034, "pct": 0.38722109533468557}, "last_hits_per_min": {"raw": 1.4369747899159664, "pct": 0.3851926977687627}, "hero_damage_per_min": {"raw": 418.0840336134454, "pct": 0.6858012170385396}, "hero_healing_per_min": {"raw": 0.1512605042016807, "pct": 0.6866125760649088},