{"players": [{"account_id": 115132074, "player_slot": 0, "team_number": 0, "team_slot": 0, "hero_id": 64, "hero_variant": 0, "item_0": 77, "item_1": 180, "item_2": 1466, "item_3": 36, "item_4": 23, "item_5": 218, "backpack_0": 94, "backpack_1": 0, "backpack_2": 0, "item_neutral": 1605, "item_neutral2": 1595, "kills": 4, "deaths": 10, "assists": 13, "leaver_status": 0, "last_hits": 96, "denies": 3, "gold_per_min": 304, "xp_per_min": 532, "level": 19, "net_worth": 10526, "aghanims_scepter": 0, "aghanims_shard": 1, "moonshard": 0, "hero_damage": 18837, "tower_damage": 187, "hero_healing": 0, "gold": 386, "gold_spent": 10910, "ability_upgrades_arr": [5299, 5297, 5299, 5298, 5299, 5300, 5299, 5298, 5298, 6661, 5298, 5297, 5300, 5297, 5297, 6186, 5300], "personaname": "Durotan", "name": null, "last_login": null, "rank_tier": 41, "computed_mmr": 3905.19, "is_subscriber": false, "radiant_win": false, "start_time": 1774915194, "duration": 2362, "cluster": 346, "lobby_type": 0, "game_mode": 22, "is_contributor": false, "patch": 60, "region": 38, "isRadiant": true, "win": 0, "lose": 1, "total_gold": 11967, "total_xp": 20943, "kills_per_min": 0.10160880609652836, "kda": 1.55, "abandons": 0, "benchmarks": {"gold_per_min": {"raw": 304, "pct": 0.2804703183252079}, "xp_per_min": {"raw": 532, "pct": 0.496988815600803}, "kills_per_min": {"raw": 0.10160880609652836, "pct": 0.5213650702609693}, "last_hits_per_min": {"raw": 2.4386113463166805, "pct": 0.6911385144823631}, "hero_damage_per_min": {"raw": 478.5012701100762, "pct": 0.6389446515629481}, "hero_healing_per_min": {"raw": 0, "pct": 0.5856036707771723}, "tower_damage": {"raw": 187, "pct": 0.211930025810152}}}, {"account_id": 45421382, "player_slot": 1, "team_number": 0, "team_slot": 1, "hero_id": 104, "hero_variant": 0, "item_0": 36, "item_1": 149, "item_2": 127, "item_3": 50, "item_4": 1, "item_5": 158, "backpack_0": 0, "backpack_1": 0, "backpack_2": 0, "item_neutral": 1860, "item_neutral2": 1585, "kills": 3, "deaths": 10, "assists": 15, "leaver_status": 0, "last_hits": 224, "denies": 4, "gold_per_min": 438, "xp_per_min": 521, "level": 19, "net_worth": 14871, "aghanims_scepter": 0, "aghanims_shard": 0, "moonshard": 0, "hero_damage": 27597, "tower_damage": 75, "hero_healing": 973, "gold": 811, "gold_spent": 16240, "ability_upgrades_arr": [5595, 5596, 5595, 5597, 5596, 5598, 5597, 5597, 5597, 1113, 730, 5595, 5598, 5595, 5596, 5596, 463, 5598], "personaname": "La Chaucha", "name": null, "last_login": "2026-03-03T14:36:01.200Z", "rank_tier": 42, "computed_mmr": 4050.01, "is_subscriber": false, "radiant_win": false, "start_time": 1774915194, "duration": 2362, "cluster": 346, "lobby_type": 0, "game_mode": 22, "is_contributor": false, "patch": 60, "region": 38, "isRadiant": true, "win": 0, "lose": 1, "total_gold": 17242, "total_xp": 20510, "kills_per_min": 0.07620660457239627, "kda": 1.64, "abandons": 0, "benchmarks": {"gold_per_min": {"raw": 438, "pct": 0.35328772329912583}, "xp_per_min": {"raw": 521, "pct": 0.21930824781451919}, "kills_per_min": {"raw": 0.07620660457239627, "pct": 0.11079437476244774}, "last_hits_per_min": {"raw": 5.690093141405589, "pct": 0.7791714177118966}, "hero_damage_per_min": {"raw": 701.0245554614734, "pct": 0.5824781451919422}, "hero_healing_per_min": {"raw": 24.716342082980525, "pct": 0.45286963131889013}, "tower_damage": {"raw": 75, "pct": 0.21493728620296465}}}, {"account_id": 101379453, "player_slot": 2, "team_number": 0, "team_slot": 2, "hero_id": 56, "hero_variant": 0, "item_0": 168, "item_1": 116, "item_2": 149, "item_3": 40, "item_4": 236, "item_5": 63, "backpack_0": 26, "backpack_1": 0, "backpack_2": 0, "item_neutral": 1605, "item_neutral2": 1874, "kills": 10, "deaths": 12, "assists": 6, "leaver_status": 0, "last_hits": 196, "denies": 8, "gold_per_min": 447, "xp_per_min": 608, "level": 21, "net_worth": 14699, "aghanims_scepter": 0, "aghanims_shard": 0, "moonshard": 0, "hero_damage": 23349, "tower_damage": 1633, "hero_healing": 0, "gold": 789, "gold_spent": 16050, "ability_upgrades_arr": [5260, 5262, 5260, 5262, 1120, 5261, 5262, 5260, 5260, 5262, 523, 1120, 1120, 5261, 1120, 5992, 5261, 494], "personaname": "Vendetta", "name": null, "last_login": "2020-11-04T22:54:17.883Z", "rank_tier": 55, "computed_mmr": 4184.66, "is_subscriber": false, "radiant_win": false, "start_time": 1774915194, "duration": 2362, "cluster": 346, "lobby_type": 0, "game_mode": 22, "is_contributor": false, "patch": 60, "region": 38, "isRadiant": true, "win": 0, "lose": 1, "total_gold": 17596, "total_xp": 23934, "kills_per_min": 0.2540220152413209, "kda": 1.23, "abandons": 0, "benchmarks": {"gold_per_min": {"raw": 447, "pct": 0.29093886462882096}, "xp_per_min": {"raw": 608, "pct": 0.31495633187772926}, "kills_per_min": {"raw": 0.2540220152413209, "pct": 0.5}, "last_hits_per_min": {"raw": 4.97883149872989, "pct": 0.462882096069869}, "hero_damage_per_min": {"raw": 593.1160033869603, "pct": 0.32860262008733626}, "hero_healing_per_min": {"raw": 0, "pct": 0.9617903930131004}, "tower_damage": {"raw": 1633, "pct": 0.32259825327510916}}}, {"player_slot": 3, "team_number": 0, "team_slot": 3, "hero_id": 105, "hero_variant": 0, "item_0": 232, "item_1": 98, "item_2": 42, "item_3": 244, "item_4": 63, "item_5": 77, "backpack_0": 0, "backpack_1": 0, "backpack_2": 0, "item_neutral": 1859, "item_neutral2": 1577, "kills": 2, "deaths": 11, "assists": 10, "leaver_status": 0, "last_hits": 79, "denies": 2, "gold_per_min": 281, "xp_per_min": 403, "level": 17, "net_worth": 8724, "aghanims_scepter": 0, "aghanims_shard": 0, "moonshard": 0, "hero_damage": 33759, "tower_damage": 102, "hero_healing": 0, "gold": 1044, "gold_spent": 8965, "ability_upgrades_arr": [5601, 879, 879, 5601, 5601, 5599, 5601, 886, 879, 6997, 879, 886, 5599, 886, 886, 6282], "is_subscriber": false, "radiant_win": false, "start_time": 1774915194, "duration": 2362, "cluster": 346, "lobby_type": 0, "game_mode": 22, "is_contributor": false, "patch": 60, "region": 38, "isRadiant": true, "win": 0, "lose": 1, "total_gold": 11062, "total_xp": 15864, "kills_per_min": 0.05080440304826418, "kda": 1, "abandons": 0, "benchmarks": {"gold_per_min": {"raw": 281, "pct": 0.06680400235432607}, "xp_per_min": {"raw": 403, "pct": 0.16274278987639787}, "kills_per_min": {"raw": 0.05080440304826418, "pct": 0.05326662742789876}, "last_hits_per_min": {"raw": 2.0067739204064354, "pct": 0.27398469688051796}, "hero_damage_per_min": {"raw": 857.5529212531753, "pct": 0.5594467333725721}, "hero_healing_per_min": {"raw": 0, "pct": 0.7404355503237199}, "tower_damage": {"raw": 102, "pct": 0.24249558563861096}}}, {"account_id": 74576082, "player_slot": 4, "team_number": 0, "team_slot": 4, "hero_id": 71, "hero_variant": 0, "item_0": 249, "item_1": 50, "item_2": 36, "item_3": 100, "item_4": 0, "item_5": 108, "backpack_0": 0, "backpack_1": 0, "backpack_2": 0, "item_neutral": 1864, "item_neutral2": 1577, "kills": 9, "deaths": 10, "assists": 16, "leaver_status": 0, "last_hits": 135, "denies": 2, "gold_per_min": 425, "xp_per_min": 553, "level": 20, "net_worth": 14878, "aghanims_scepter": 0, "aghanims_shard": 0, "moonshard": 0, "hero_damage": 21983, "tower_damage": 214, "hero_healing": 0, "gold": 468, "gold_spent": 15660, "ability_upgrades_arr": [5353, 5355, 5353, 5355, 5353, 5356, 5353, 5355, 5355, 7301, 7022, 7301, 7301, 5356, 7301, 1821, 5356, 1822], "personaname": "Mr.Fox", "name": null, "last_login": null, "rank_tier": 61, "computed_mmr": 3816.78, "is_subscriber": false, "radiant_win": false, "start_time": 1774915194, "duration": 2362, "cluster": 346, "lobby_type": 0, "game_mode": 22, "is_contributor": false, "patch": 60, "region": 38, "isRadiant": true, "win": 0, "lose": 1, "total_gold": 16730, "total_xp": 21769, "kills_per_min": 0.2286198137171888, "kda": 2.27, "abandons": 0, "benchmarks": {"gold_per_min": {"raw": 425, "pct": 0.5888338465658053}, "xp_per_min": {"raw": 553, "pct": 0.32641585218904806}, "kills_per_min": {"raw": 0.22861981371718884, "pct": 0.7270049538090775},