{"players": [{"player_slot": 0, "team_number": 0, "team_slot": 0, "hero_id": 30, "hero_variant": 4, "item_0": 37, "item_1": 218, "item_2": 232, "item_3": 1, "item_4": 180, "item_5": 108, "backpack_0": 255, "backpack_1": 0, "backpack_2": 0, "item_neutral": 1637, "item_neutral2": 1593, "kills": 10, "deaths": 9, "assists": 15, "leaver_status": 0, "last_hits": 56, "denies": 1, "gold_per_min": 412, "xp_per_min": 748, "level": 25, "net_worth": 16781, "aghanims_scepter": 0, "aghanims_shard": 1, "moonshard": 0, "hero_damage": 35381, "tower_damage": 335, "hero_healing": 2471, "gold": 2406, "gold_spent": 16000, "ability_upgrades_arr": [5140, 5138, 5140, 5138, 5140, 5141, 5140, 5138, 5138, 5959, 5139, 5141, 5139, 5139, 6524, 5139, 5141, 5998, 555], "is_subscriber": false, "radiant_win": false, "start_time": 1764116286, "duration": 2988, "cluster": 241, "lobby_type": 7, "game_mode": 22, "is_contributor": false, "patch": 58, "region": 14, "isRadiant": true, "win": 0, "lose": 1, "total_gold": 20517, "total_xp": 37250, "kills_per_min": 0.20080321285140562, "kda": 2.5, "abandons": 0, "benchmarks": {"gold_per_min": {"raw": 412, "pct": 0.746232801921817}, "xp_per_min": {"raw": 748, "pct": 0.8720244594889713}, "kills_per_min": {"raw": 0.20080321285140562, "pct": 0.5907403363179734}, "last_hits_per_min": {"raw": 1.1244979919678715, "pct": 0.5081895610395283}, "hero_damage_per_min": {"raw": 710.4618473895582, "pct": 0.7931862852151125}, "hero_healing_per_min": {"raw": 49.618473895582326, "pct": 0.23127320375627866}, "tower_damage": {"raw": 335, "pct": 0.5287180607119458}}}, {"account_id": 1035823621, "player_slot": 1, "team_number": 0, "team_slot": 1, "hero_id": 104, "hero_variant": 1, "item_0": 127, "item_1": 135, "item_2": 48, "item_3": 1, "item_4": 98, "item_5": 108, "backpack_0": 608, "backpack_1": 4205, "backpack_2": 4204, "item_neutral": 828, "item_neutral2": 1586, "kills": 15, "deaths": 12, "assists": 13, "leaver_status": 0, "last_hits": 287, "denies": 33, "gold_per_min": 633, "xp_per_min": 991, "level": 27, "net_worth": 24676, "aghanims_scepter": 0, "aghanims_shard": 1, "moonshard": 0, "hero_damage": 43565, "tower_damage": 275, "hero_healing": 552, "gold": 2301, "gold_spent": 23235, "ability_upgrades_arr": [5595, 5597, 5596, 5595, 5595, 5598, 5597, 5595, 5597, 1176, 5597, 5598, 5596, 5596, 6671, 5596, 5598, 6526, 880, 1113], "personaname": "ANNDY", "name": null, "last_login": null, "rank_tier": 22, "computed_mmr": 3974.7, "is_subscriber": false, "radiant_win": false, "start_time": 1764116286, "duration": 2988, "cluster": 241, "lobby_type": 7, "game_mode": 22, "is_contributor": false, "patch": 58, "region": 14, "isRadiant": true, "win": 0, "lose": 1, "total_gold": 31523, "total_xp": 49351, "kills_per_min": 0.30120481927710846, "kda": 2.15, "abandons": 0, "benchmarks": {"gold_per_min": {"raw": 633, "pct": 0.9016638935108153}, "xp_per_min": {"raw": 991, "pct": 0.889351081530782}, "kills_per_min": {"raw": 0.3012048192771084, "pct": 0.710981697171381}, "last_hits_per_min": {"raw": 5.763052208835341, "pct": 0.7767054908485856}, "hero_damage_per_min": {"raw": 874.7991967871486, "pct": 0.7708818635607321}, "hero_healing_per_min": {"raw": 11.08433734939759, "pct": 0.2254575707154742}, "tower_damage": {"raw": 275, "pct": 0.2690515806988353}}}, {"player_slot": 2, "team_number": 0, "team_slot": 2, "hero_id": 7, "hero_variant": 1, "item_0": 1, "item_1": 180, "item_2": 108, "item_3": 0, "item_4": 218, "item_5": 114, "backpack_0": 0, "backpack_1": 0, "backpack_2": 0, "item_neutral": 1603, "item_neutral2": 1585, "kills": 4, "deaths": 14, "assists": 22, "leaver_status": 0, "last_hits": 128, "denies": 3, "gold_per_min": 377, "xp_per_min": 644, "level": 24, "net_worth": 15460, "aghanims_scepter": 0, "aghanims_shard": 1, "moonshard": 0, "hero_damage": 21713, "tower_damage": 1474, "hero_healing": 0, "gold": 910, "gold_spent": 15840, "ability_upgrades_arr": [5023, 5024, 5025, 5024, 5024, 5026, 5024, 5025, 5025, 5025, 5023, 5026, 5023, 5023, 744, 858, 5026, 918], "is_subscriber": false, "radiant_win": false, "start_time": 1764116286, "duration": 2988, "cluster": 241, "lobby_type": 7, "game_mode": 22, "is_contributor": false, "patch": 58, "region": 14, "isRadiant": true, "win": 0, "lose": 1, "total_gold": 18774, "total_xp": 32071, "kills_per_min": 0.08032128514056225, "kda": 1.73, "abandons": 0, "benchmarks": {"gold_per_min": {"raw": 377, "pct": 0.29129560471128985}, "xp_per_min": {"raw": 644, "pct": 0.4964090778511922}, "kills_per_min": {"raw": 0.08032128514056225, "pct": 0.22120080436656134}, "last_hits_per_min": {"raw": 2.570281124497992, "pct": 0.24102269462798045}, "hero_damage_per_min": {"raw": 436.00401606425703, "pct": 0.22752082734846307}, "hero_healing_per_min": {"raw": 0, "pct": 0.8465958058029301}, "tower_damage": {"raw": 1474, "pct": 0.6610169491525424}}}, {"player_slot": 3, "team_number": 0, "team_slot": 3, "hero_id": 2, "hero_variant": 1, "item_0": 1, "item_1": 53, "item_2": 127, "item_3": 242, "item_4": 692, "item_5": 29, "backpack_0": 218, "backpack_1": 0, "backpack_2": 0, "item_neutral": 359, "item_neutral2": 1585, "kills": 11, "deaths": 11, "assists": 14, "leaver_status": 0, "last_hits": 229, "denies": 5, "gold_per_min": 478, "xp_per_min": 743, "level": 25, "net_worth": 18334, "aghanims_scepter": 0, "aghanims_shard": 1, "moonshard": 0, "hero_damage": 32744, "tower_damage": 2176, "hero_healing": 0, "gold": 1609, "gold_spent": 18185, "ability_upgrades_arr": [5007, 5009, 5009, 5007, 5009, 5010, 5007, 5008, 5009, 1189, 5007, 5010, 5008, 5008, 974, 5008, 5010, 562], "is_subscriber": false, "radiant_win": false, "start_time": 1764116286, "duration": 2988, "cluster": 241, "lobby_type": 7, "game_mode": 22, "is_contributor": false, "patch": 58, "region": 14, "isRadiant": true, "win": 0, "lose": 1, "total_gold": 23804, "total_xp": 37001, "kills_per_min": 0.22088353413654618, "kda": 2.08, "abandons": 0, "benchmarks": {"gold_per_min": {"raw": 478, "pct": 0.4932589493258949}, "xp_per_min": {"raw": 743, "pct": 0.6122733612273361}, "kills_per_min": {"raw": 0.22088353413654618, "pct": 0.44258484425848443}, "last_hits_per_min": {"raw": 4.598393574297188, "pct": 0.4941887494188749}, "hero_damage_per_min": {"raw": 657.5100401606426, "pct": 0.44514179451417946}, "hero_healing_per_min": {"raw": 0, "pct": 0.9225941422594143}, "tower_damage": {"raw": 2176, "pct": 0.7870757787075778}}}, {"player_slot": 4, "team_number": 0, "team_slot": 4, "hero_id": 101, "hero_variant": 2, "item_0": 108, "item_1": 37, "item_2": 259, "item_3": 48, "item_4": 96, "item_5": 41, "backpack_0": 0, "backpack_1": 0, "backpack_2": 0, "item_neutral": 1602, "item_neutral2": 1595, "kills": 6, "deaths": 8, "assists": 11, "leaver_status": 0, "last_hits": 277, "denies": 2, "gold_per_min": 447, "xp_per_min": 632, "level": 24, "net_worth": 20686, "aghanims_scepter": 0, "aghanims_shard": 1, "moonshard": 0, "hero_damage": 30565, "tower_damage": 1121, "hero_healing": 0, "gold": 3011, "gold_spent": 19275, "ability_upgrades_arr": [5582, 5581, 5582, 5581, 5582, 5584, 5582, 5581, 5583, 7132, 5581, 5584, 5583, 5583, 1480, 5583, 5584, 6885], "is_subscriber": false, "radiant_win": false, "start_time": 1764116286, "duration": 2988, "cluster": 241, "lobby_type": 7, "game_mode": 22, "is_contributor": false, "patch": 58, "region": 14, "isRadiant": true, "win": 0, "lose": 1, "total_gold": 22260, "total_xp": 31473, "kills_per_min": 0.12048192771084339, "kda": 1.89, "abandons": 0, "benchmarks": {"gold_per_min": {"raw": 447, "pct": 0.7726570545829042}, "xp_per_min": {"raw": 632, "pct": 0.583676622039135}, "kills_per_min": {"raw": 0.12048192771084336, "pct": 0.26055612770339853}, "last_hits_per_min": {"raw": 5.562248995983936, "pct": 0.9593202883625128}, "hero_damage_per_min": {"raw": 613.7550200803213, "pct": 0.5018022657054583}, "hero_healing_per_min": {"raw": 0, "pct": 0.7868177136972193}, "tower_damage": {"raw": 1121, "pct": 0.7729145211122554}}}, {"player_slot": 128, "team_number": 1, "team_slot": 0, "hero_id": 70, "hero_variant": 1,