{"players": [{"player_slot": 0, "team_number": 0, "team_slot": 0, "hero_id": 107, "hero_variant": 4, "item_0": 1802, "item_1": 0, "item_2": 36, "item_3": 214, "item_4": 267, "item_5": 127, "backpack_0": 0, "backpack_1": 0, "backpack_2": 0, "item_neutral": 71, "item_neutral2": 1584, "kills": 7, "deaths": 6, "assists": 20, "leaver_status": 0, "last_hits": 55, "denies": 5, "gold_per_min": 385, "xp_per_min": 663, "level": 20, "net_worth": 11402, "aghanims_scepter": 0, "aghanims_shard": 0, "moonshard": 0, "hero_damage": 17651, "tower_damage": 1733, "hero_healing": 985, "gold": 117, "gold_spent": 12545, "ability_upgrades_arr": [5609, 5608, 5608, 5609, 5608, 5612, 5608, 5609, 5609, 7662, 5610, 5610, 5610, 5612, 5610, 1713, 5612], "is_subscriber": false, "radiant_win": true, "start_time": 1767328466, "duration": 1980, "cluster": 187, "lobby_type": 7, "game_mode": 22, "is_contributor": false, "patch": 59, "region": 8, "isRadiant": true, "win": 1, "lose": 0, "total_gold": 12705, "total_xp": 21879, "kills_per_min": 0.21212121212121213, "kda": 3.86, "abandons": 0, "benchmarks": {"gold_per_min": {"raw": 385, "pct": 0.5487674169346195}, "xp_per_min": {"raw": 663, "pct": 0.6184351554126474}, "kills_per_min": {"raw": 0.21212121212121213, "pct": 0.7127545551982851}, "last_hits_per_min": {"raw": 1.6666666666666665, "pct": 0.3215434083601286}, "hero_damage_per_min": {"raw": 534.8787878787879, "pct": 0.5519828510182208}, "hero_healing_per_min": {"raw": 29.848484848484848, "pct": 0.8510182207931404}, "tower_damage": {"raw": 1733, "pct": 0.8135048231511254}}}, {"account_id": 89026444, "player_slot": 1, "team_number": 0, "team_slot": 1, "hero_id": 25, "hero_variant": 2, "item_0": 96, "item_1": 77, "item_2": 77, "item_3": 249, "item_4": 41, "item_5": 48, "backpack_0": 0, "backpack_1": 0, "backpack_2": 0, "item_neutral": 1603, "item_neutral2": 1586, "kills": 14, "deaths": 3, "assists": 6, "leaver_status": 0, "last_hits": 269, "denies": 2, "gold_per_min": 686, "xp_per_min": 1014, "level": 24, "net_worth": 22604, "aghanims_scepter": 0, "aghanims_shard": 0, "moonshard": 0, "hero_damage": 24774, "tower_damage": 10962, "hero_healing": 0, "gold": 7519, "gold_spent": 15395, "ability_upgrades_arr": [5040, 5042, 5040, 5042, 5040, 5043, 5040, 5042, 5042, 5041, 6009, 5041, 5043, 5041, 5041, 6388, 5043, 6313], "personaname": "Durotan", "name": null, "last_login": null, "rank_tier": 41, "computed_mmr": 3927.53, "is_subscriber": false, "radiant_win": true, "start_time": 1767328466, "duration": 1980, "cluster": 187, "lobby_type": 7, "game_mode": 22, "is_contributor": false, "patch": 59, "region": 8, "isRadiant": true, "win": 1, "lose": 0, "total_gold": 22638, "total_xp": 33462, "kills_per_min": 0.42424242424242425, "kda": 5, "abandons": 0, "benchmarks": {"gold_per_min": {"raw": 686, "pct": 0.8070374574347332}, "xp_per_min": {"raw": 1014, "pct": 0.8019296254256527}, "kills_per_min": {"raw": 0.42424242424242425, "pct": 0.8652099886492622}, "last_hits_per_min": {"raw": 8.15151515151515, "pct": 0.7837684449489217}, "hero_damage_per_min": {"raw": 750.7272727272727, "pct": 0.5391600454029511}, "hero_healing_per_min": {"raw": 0, "pct": 0.854994324631101}, "tower_damage": {"raw": 10962, "pct": 0.8425085130533485}}}, {"player_slot": 2, "team_number": 0, "team_slot": 2, "hero_id": 12, "hero_variant": 4, "item_0": 123, "item_1": 63, "item_2": 75, "item_3": 147, "item_4": 108, "item_5": 160, "backpack_0": 0, "backpack_1": 0, "backpack_2": 0, "item_neutral": 1716, "item_neutral2": 1584, "kills": 27, "deaths": 1, "assists": 10, "leaver_status": 0, "last_hits": 246, "denies": 17, "gold_per_min": 775, "xp_per_min": 863, "level": 22, "net_worth": 25198, "aghanims_scepter": 0, "aghanims_shard": 1, "moonshard": 0, "hero_damage": 30361, "tower_damage": 12820, "hero_healing": 0, "gold": 2243, "gold_spent": 24005, "ability_upgrades_arr": [5066, 5065, 5065, 1221, 5065, 5067, 5065, 1221, 1221, 1221, 1536, 5066, 5067, 5066, 5066, 1696, 5067, 1056], "is_subscriber": false, "radiant_win": true, "start_time": 1767328466, "duration": 1980, "cluster": 187, "lobby_type": 7, "game_mode": 22, "is_contributor": false, "patch": 59, "region": 8, "isRadiant": true, "win": 1, "lose": 0, "total_gold": 25575, "total_xp": 28479, "kills_per_min": 0.8181818181818182, "kda": 18.5, "abandons": 0, "benchmarks": {"gold_per_min": {"raw": 775, "pct": 0.897196261682243}, "xp_per_min": {"raw": 863, "pct": 0.6057774001699235}, "kills_per_min": {"raw": 0.8181818181818181, "pct": 0.9966015293118097}, "last_hits_per_min": {"raw": 7.454545454545454, "pct": 0.5378079864061173}, "hero_damage_per_min": {"raw": 920.030303030303, "pct": 0.7884451996601529}, "hero_healing_per_min": {"raw": 0, "pct": 0.9575191163976211}, "tower_damage": {"raw": 12820, "pct": 0.8411214953271028}}}, {"account_id": 135984513, "player_slot": 3, "team_number": 0, "team_slot": 3, "hero_id": 7, "hero_variant": 1, "item_0": 100, "item_1": 1, "item_2": 8, "item_3": 36, "item_4": 48, "item_5": 77, "backpack_0": 11, "backpack_1": 0, "backpack_2": 0, "item_neutral": 1158, "item_neutral2": 1576, "kills": 5, "deaths": 7, "assists": 11, "leaver_status": 0, "last_hits": 138, "denies": 6, "gold_per_min": 433, "xp_per_min": 643, "level": 19, "net_worth": 13997, "aghanims_scepter": 0, "aghanims_shard": 1, "moonshard": 0, "hero_damage": 14780, "tower_damage": 2450, "hero_healing": 0, "gold": 2582, "gold_spent": 11595, "ability_upgrades_arr": [5024, 5025, 5023, 5024, 5025, 5026, 5024, 5024, 5025, 5025, 744, 5023, 5026, 5023, 5023, 858, 5026], "personaname": "☺", "name": null, "last_login": null, "rank_tier": 42, "computed_mmr": 3993.99, "is_subscriber": false, "radiant_win": true, "start_time": 1767328466, "duration": 1980, "cluster": 187, "lobby_type": 7, "game_mode": 22, "is_contributor": false, "patch": 59, "region": 8, "isRadiant": true, "win": 1, "lose": 0, "total_gold": 14289, "total_xp": 21219, "kills_per_min": 0.15151515151515152, "kda": 2, "abandons": 0, "benchmarks": {"gold_per_min": {"raw": 433, "pct": 0.510829817158931}, "xp_per_min": {"raw": 643, "pct": 0.5189873417721519}, "kills_per_min": {"raw": 0.15151515151515152, "pct": 0.5392405063291139}, "last_hits_per_min": {"raw": 4.181818181818182, "pct": 0.5566807313642756}, "hero_damage_per_min": {"raw": 447.8787878787879, "pct": 0.2742616033755274}, "hero_healing_per_min": {"raw": 0, "pct": 0.8576652601969058}, "tower_damage": {"raw": 2450, "pct": 0.8002812939521801}}}, {"account_id": 155073909, "player_slot": 4, "team_number": 0, "team_slot": 4, "hero_id": 75, "hero_variant": 4, "item_0": 206, "item_1": 42, "item_2": 0, "item_3": 36, "item_4": 180, "item_5": 40, "backpack_0": 0, "backpack_1": 0, "backpack_2": 0, "item_neutral": 840, "item_neutral2": 1586, "kills": 1, "deaths": 4, "assists": 26, "leaver_status": 0, "last_hits": 44, "denies": 1, "gold_per_min": 319, "xp_per_min": 525, "level": 17, "net_worth": 9330, "aghanims_scepter": 0, "aghanims_shard": 1, "moonshard": 0, "hero_damage": 11381, "tower_damage": 859, "hero_healing": 194, "gold": 590, "gold_spent": 10215, "ability_upgrades_arr": [5377, 5379, 5377, 5378, 5377, 5380, 5379, 5379, 5379, 6016, 5377, 5378, 5380, 5378, 5378, 721], "personaname": "пососамбус", "name": null, "last_login": "2018-05-22T03:29:01.637Z", "rank_tier": 35, "computed_mmr": 4073.19, "is_subscriber": false, "radiant_win": true, "start_time": 1767328466, "duration": 1980, "cluster": 187, "lobby_type": 7, "game_mode": 22, "is_contributor": false, "patch": 59, "region": 8, "isRadiant": true, "win": 1, "lose": 0, "total_gold": 10527, "total_xp": 17325, "kills_per_min": 0.030303030303030304, "kda": 5.4, "abandons": 0, "benchmarks": {"gold_per_min": {"raw": 319, "pct": 0.36877181847032686}, "xp_per_min": {"raw": 525, "pct": 0.47699143129165344}, "kills_per_min": {"raw": 0.030303030303030304, "pct": 0.08663916217073944}, "last_hits_per_min": {"raw": 1.3333333333333335, "pct": 0.3370358616312282}, "hero_damage_per_min": {"raw": 344.8787878787879, "pct": 0.27705490320533166},