{"players": [{"player_slot": 0, "team_number": 0, "team_slot": 0, "hero_id": 12, "hero_variant": 3, "item_0": 174, "item_1": 250, "item_2": 108, "item_3": 29, "item_4": 4204, "item_5": 0, "backpack_0": 0, "backpack_1": 0, "backpack_2": 0, "item_neutral": 1124, "item_neutral2": 1584, "kills": 8, "deaths": 4, "assists": 8, "leaver_status": 0, "last_hits": 219, "denies": 14, "gold_per_min": 599, "xp_per_min": 693, "level": 19, "net_worth": 16607, "aghanims_scepter": 0, "aghanims_shard": 1, "moonshard": 0, "hero_damage": 14703, "tower_damage": 5600, "hero_healing": 0, "gold": 1382, "gold_spent": 17420, "ability_upgrades_arr": [5065, 1221, 1221, 5065, 5066, 5067, 1221, 1221, 5066, 1180, 5065, 5067, 5065, 5066, 5066, 6400, 5067], "is_subscriber": false, "radiant_win": true, "start_time": 1765231706, "duration": 1816, "cluster": 346, "lobby_type": 0, "game_mode": 22, "is_contributor": false, "patch": 58, "region": 38, "isRadiant": true, "win": 1, "lose": 0, "total_gold": 18129, "total_xp": 20974, "kills_per_min": 0.2643171806167401, "kda": 3.2, "abandons": 0, "benchmarks": {"gold_per_min": {"raw": 599, "pct": 0.5446744068652196}, "xp_per_min": {"raw": 693, "pct": 0.3770822816759212}, "kills_per_min": {"raw": 0.2643171806167401, "pct": 0.6420999495204442}, "last_hits_per_min": {"raw": 7.23568281938326, "pct": 0.4628975265017668}, "hero_damage_per_min": {"raw": 485.7819383259912, "pct": 0.3498233215547703}, "hero_healing_per_min": {"raw": 0, "pct": 0.9681978798586572}, "tower_damage": {"raw": 5600, "pct": 0.5658758202927814}}}, {"player_slot": 1, "team_number": 0, "team_slot": 1, "hero_id": 58, "hero_variant": 1, "item_0": 29, "item_1": 235, "item_2": 0, "item_3": 0, "item_4": 0, "item_5": 263, "backpack_0": 0, "backpack_1": 0, "backpack_2": 0, "item_neutral": 0, "item_neutral2": 0, "kills": 6, "deaths": 1, "assists": 5, "leaver_status": 0, "last_hits": 46, "denies": 5, "gold_per_min": 360, "xp_per_min": 516, "level": 16, "net_worth": 11258, "aghanims_scepter": 0, "aghanims_shard": 0, "moonshard": 0, "hero_damage": 9856, "tower_damage": 3357, "hero_healing": 2124, "gold": 1508, "gold_spent": 9900, "ability_upgrades_arr": [5270, 5269, 5270, 5268, 5269, 5267, 5270, 5270, 5268, 5268, 5269, 5267, 5269, 5268, 1541, 1174], "is_subscriber": false, "radiant_win": true, "start_time": 1765231706, "duration": 1816, "cluster": 346, "lobby_type": 0, "game_mode": 22, "is_contributor": false, "patch": 58, "region": 38, "isRadiant": true, "win": 1, "lose": 0, "total_gold": 10896, "total_xp": 15617, "kills_per_min": 0.19823788546255508, "kda": 5.5, "abandons": 0, "benchmarks": {"gold_per_min": {"raw": 360, "pct": 0.5194986072423399}, "xp_per_min": {"raw": 516, "pct": 0.3551532033426184}, "kills_per_min": {"raw": 0.19823788546255508, "pct": 0.6782729805013927}, "last_hits_per_min": {"raw": 1.5198237885462555, "pct": 0.3286908077994429}, "hero_damage_per_min": {"raw": 325.63876651982383, "pct": 0.31337047353760444}, "hero_healing_per_min": {"raw": 70.1762114537445, "pct": 0.49303621169916434}, "tower_damage": {"raw": 3357, "pct": 0.7520891364902507}}}, {"account_id": 37467834, "player_slot": 2, "team_number": 0, "team_slot": 2, "hero_id": 37, "hero_variant": 2, "item_0": 36, "item_1": 254, "item_2": 180, "item_3": 1440, "item_4": 0, "item_5": 43, "backpack_0": 0, "backpack_1": 0, "backpack_2": 0, "item_neutral": 1600, "item_neutral2": 1583, "kills": 5, "deaths": 4, "assists": 25, "leaver_status": 0, "last_hits": 50, "denies": 4, "gold_per_min": 359, "xp_per_min": 500, "level": 16, "net_worth": 10226, "aghanims_scepter": 0, "aghanims_shard": 0, "moonshard": 0, "hero_damage": 13517, "tower_damage": 4848, "hero_healing": 11779, "gold": 5826, "gold_spent": 5300, "ability_upgrades_arr": [5162, 5163, 5163, 5162, 5163, 5165, 5163, 5164, 5162, 5162, 6982, 5165, 5164, 5164, 5164, 845], "personaname": "ExtremoDiaz", "name": null, "last_login": null, "rank_tier": 22, "computed_mmr": 3968.35, "is_subscriber": false, "radiant_win": true, "start_time": 1765231706, "duration": 1816, "cluster": 346, "lobby_type": 0, "game_mode": 22, "is_contributor": false, "patch": 58, "region": 38, "isRadiant": true, "win": 1, "lose": 0, "total_gold": 10865, "total_xp": 15133, "kills_per_min": 0.16519823788546256, "kda": 6, "abandons": 0, "benchmarks": {"gold_per_min": {"raw": 359, "pct": 0.36832298136645963}, "xp_per_min": {"raw": 500, "pct": 0.47267080745341616}, "kills_per_min": {"raw": 0.16519823788546256, "pct": 0.7866459627329192}, "last_hits_per_min": {"raw": 1.6519823788546255, "pct": 0.18726708074534162}, "hero_damage_per_min": {"raw": 446.59691629955944, "pct": 0.31490683229813665}, "hero_healing_per_min": {"raw": 389.1740088105727, "pct": 0.9363354037267081}, "tower_damage": {"raw": 4848, "pct": 0.8055900621118013}}}, {"player_slot": 3, "team_number": 0, "team_slot": 3, "hero_id": 104, "hero_variant": 1, "item_0": 36, "item_1": 692, "item_2": 127, "item_3": 50, "item_4": 1, "item_5": 168, "backpack_0": 0, "backpack_1": 0, "backpack_2": 0, "item_neutral": 1599, "item_neutral2": 1585, "kills": 14, "deaths": 2, "assists": 13, "leaver_status": 0, "last_hits": 133, "denies": 6, "gold_per_min": 577, "xp_per_min": 640, "level": 18, "net_worth": 16342, "aghanims_scepter": 0, "aghanims_shard": 0, "moonshard": 0, "hero_damage": 21411, "tower_damage": 6515, "hero_healing": 3655, "gold": 2542, "gold_spent": 15385, "ability_upgrades_arr": [5595, 5597, 5595, 5596, 5597, 5598, 5595, 5597, 5595, 5597, 5596, 5598, 1113, 5596, 5596, 463, 5598], "is_subscriber": false, "radiant_win": true, "start_time": 1765231706, "duration": 1816, "cluster": 346, "lobby_type": 0, "game_mode": 22, "is_contributor": false, "patch": 58, "region": 38, "isRadiant": true, "win": 1, "lose": 0, "total_gold": 17463, "total_xp": 19370, "kills_per_min": 0.4625550660792952, "kda": 9, "abandons": 0, "benchmarks": {"gold_per_min": {"raw": 577, "pct": 0.7913477537437604}, "xp_per_min": {"raw": 640, "pct": 0.39916805324459237}, "kills_per_min": {"raw": 0.46255506607929514, "pct": 0.9183028286189684}, "last_hits_per_min": {"raw": 4.394273127753304, "pct": 0.39584026622296176}, "hero_damage_per_min": {"raw": 707.4118942731277, "pct": 0.5524126455906821}, "hero_healing_per_min": {"raw": 120.75991189427312, "pct": 0.8687188019966722}, "tower_damage": {"raw": 6515, "pct": 0.8064891846921797}}}, {"account_id": 57067300, "player_slot": 4, "team_number": 0, "team_slot": 4, "hero_id": 29, "hero_variant": 1, "item_0": 90, "item_1": 81, "item_2": 1, "item_3": 53, "item_4": 50, "item_5": 178, "backpack_0": 0, "backpack_1": 0, "backpack_2": 0, "item_neutral": 565, "item_neutral2": 1584, "kills": 6, "deaths": 0, "assists": 23, "leaver_status": 0, "last_hits": 137, "denies": 5, "gold_per_min": 477, "xp_per_min": 569, "level": 17, "net_worth": 14568, "aghanims_scepter": 0, "aghanims_shard": 0, "moonshard": 0, "hero_damage": 12824, "tower_damage": 3797, "hero_healing": 3303, "gold": 1088, "gold_spent": 14275, "ability_upgrades_arr": [5120, 5119, 5118, 5120, 5120, 5121, 5120, 5119, 5119, 5119, 5118, 5121, 963, 5118], "personaname": "[L]and", "name": null, "last_login": "2021-04-05T18:45:38.489Z", "rank_tier": 32, "computed_mmr": null, "is_subscriber": false, "radiant_win": true, "start_time": 1765231706, "duration": 1816, "cluster": 346, "lobby_type": 0, "game_mode": 22, "is_contributor": false, "patch": 58, "region": 38, "isRadiant": true, "win": 1, "lose": 0, "total_gold": 14437, "total_xp": 17221, "kills_per_min": 0.19823788546255508, "kda": 29, "abandons": 0, "benchmarks": {"gold_per_min": {"raw": 477, "pct": 0.5219369515762106}, "xp_per_min": {"raw": 569, "pct": 0.29964250893727656}, "kills_per_min": {"raw": 0.19823788546255508, "pct": 0.7390315242118947}, "last_hits_per_min": {"raw": 4.526431718061675, "pct": 0.3490412739681508}, "hero_damage_per_min": {"raw": 423.7004405286344, "pct": 0.2284692882677933}, "hero_healing_per_min": {"raw": 109.12995594713657, "pct": 0.8820279493012675}, "tower_damage": {"raw": 3797,