{"players": [{"account_id": 189757323, "player_slot": 0, "team_number": 0, "team_slot": 0, "hero_id": 62, "hero_variant": 2, "item_0": 214, "item_1": 102, "item_2": 1107, "item_3": 185, "item_4": 36, "item_5": 100, "backpack_0": 0, "backpack_1": 0, "backpack_2": 0, "item_neutral": 840, "item_neutral2": 1595, "kills": 1, "deaths": 10, "assists": 11, "leaver_status": 0, "last_hits": 51, "denies": 1, "gold_per_min": 322, "xp_per_min": 569, "level": 20, "net_worth": 11493, "aghanims_scepter": 0, "aghanims_shard": 0, "moonshard": 0, "hero_damage": 8512, "tower_damage": 0, "hero_healing": 0, "gold": 1018, "gold_spent": 11215, "ability_upgrades_arr": [5287, 1314, 1314, 5286, 1314, 5288, 1314, 5286, 5287, 5287, 5287, 5288, 869, 5286, 7040, 5286, 5288, 878], "personaname": "Emalltt", "name": null, "last_login": null, "rank_tier": 35, "computed_mmr": 3785.57, "is_subscriber": false, "radiant_win": false, "start_time": 1761430639, "duration": 2268, "cluster": 241, "lobby_type": 7, "game_mode": 22, "is_contributor": false, "patch": 58, "region": 14, "isRadiant": true, "win": 0, "lose": 1, "total_gold": 12171, "total_xp": 21508, "kills_per_min": 0.026455026455026457, "kda": 1.09, "abandons": 0, "benchmarks": {"gold_per_min": {"raw": 322, "pct": 0.19968135953266064}, "xp_per_min": {"raw": 569, "pct": 0.4843335103558152}, "kills_per_min": {"raw": 0.026455026455026454, "pct": 0.07647371216144451}, "last_hits_per_min": {"raw": 1.349206349206349, "pct": 0.5485926712692512}, "hero_damage_per_min": {"raw": 225.18518518518516, "pct": 0.17153478491768454}, "hero_healing_per_min": {"raw": 0, "pct": 0.6070100902814658}, "tower_damage": {"raw": 0, "pct": 0.31917153478491767}}}, {"player_slot": 1, "team_number": 0, "team_slot": 1, "hero_id": 73, "hero_variant": 1, "item_0": 112, "item_1": 210, "item_2": 50, "item_3": 178, "item_4": 137, "item_5": 1, "backpack_0": 0, "backpack_1": 0, "backpack_2": 0, "item_neutral": 1605, "item_neutral2": 1584, "kills": 5, "deaths": 11, "assists": 5, "leaver_status": 0, "last_hits": 227, "denies": 5, "gold_per_min": 591, "xp_per_min": 620, "level": 20, "net_worth": 18764, "aghanims_scepter": 0, "aghanims_shard": 0, "moonshard": 0, "hero_damage": 17528, "tower_damage": 59, "hero_healing": 0, "gold": 1584, "gold_spent": 20130, "ability_upgrades_arr": [5365, 5366, 5365, 1116, 5365, 5369, 5365, 5366, 5366, 7144, 5366, 5369, 1116, 1116, 1116, 1002, 5369, 6350], "is_subscriber": false, "radiant_win": false, "start_time": 1761430639, "duration": 2268, "cluster": 241, "lobby_type": 7, "game_mode": 22, "is_contributor": false, "patch": 58, "region": 14, "isRadiant": true, "win": 0, "lose": 1, "total_gold": 22339, "total_xp": 23436, "kills_per_min": 0.1322751322751323, "kda": 0.83, "abandons": 0, "benchmarks": {"gold_per_min": {"raw": 591, "pct": 0.3447322970639033}, "xp_per_min": {"raw": 620, "pct": 0.28739205526770295}, "kills_per_min": {"raw": 0.13227513227513227, "pct": 0.557167530224525}, "last_hits_per_min": {"raw": 6.005291005291005, "pct": 0.2169257340241796}, "hero_damage_per_min": {"raw": 463.7037037037037, "pct": 0.5436960276338515}, "hero_healing_per_min": {"raw": 0, "pct": 0.9329879101899827}, "tower_damage": {"raw": 59, "pct": 0.2704663212435233}}}, {"account_id": 45421382, "player_slot": 2, "team_number": 0, "team_slot": 2, "hero_id": 41, "hero_variant": 2, "item_0": 11, "item_1": 56, "item_2": 172, "item_3": 147, "item_4": 63, "item_5": 0, "backpack_0": 0, "backpack_1": 0, "backpack_2": 0, "item_neutral": 1605, "item_neutral2": 1594, "kills": 1, "deaths": 9, "assists": 5, "leaver_status": 0, "last_hits": 196, "denies": 3, "gold_per_min": 337, "xp_per_min": 514, "level": 19, "net_worth": 11032, "aghanims_scepter": 0, "aghanims_shard": 0, "moonshard": 0, "hero_damage": 5437, "tower_damage": 0, "hero_healing": 0, "gold": 2282, "gold_spent": 10200, "ability_upgrades_arr": [5182, 5184, 5182, 5691, 5182, 5185, 5184, 5184, 5184, 5691, 5691, 5185, 5182, 856, 5691, 6807, 5185], "personaname": "La Chaucha", "name": null, "last_login": "2026-03-03T14:36:01.200Z", "rank_tier": 42, "computed_mmr": 4031.51, "is_subscriber": false, "radiant_win": false, "start_time": 1761430639, "duration": 2268, "cluster": 241, "lobby_type": 7, "game_mode": 22, "is_contributor": false, "patch": 58, "region": 14, "isRadiant": true, "win": 0, "lose": 1, "total_gold": 12738, "total_xp": 19429, "kills_per_min": 0.026455026455026457, "kda": 0.6, "abandons": 0, "benchmarks": {"gold_per_min": {"raw": 337, "pct": 0.08765898934341698}, "xp_per_min": {"raw": 514, "pct": 0.16638019938123066}, "kills_per_min": {"raw": 0.026455026455026454, "pct": 0.04090752836026126}, "last_hits_per_min": {"raw": 5.185185185185185, "pct": 0.21863183224475766}, "hero_damage_per_min": {"raw": 143.83597883597884, "pct": 0.037126160192506016}, "hero_healing_per_min": {"raw": 0, "pct": 0.9491234101065659}, "tower_damage": {"raw": 0, "pct": 0.1962873839807494}}}, {"player_slot": 3, "team_number": 0, "team_slot": 3, "hero_id": 35, "hero_variant": 2, "item_0": 149, "item_1": 108, "item_2": 75, "item_3": 263, "item_4": 42, "item_5": 63, "backpack_0": 44, "backpack_1": 0, "backpack_2": 0, "item_neutral": 1604, "item_neutral2": 1586, "kills": 6, "deaths": 8, "assists": 9, "leaver_status": 0, "last_hits": 104, "denies": 8, "gold_per_min": 400, "xp_per_min": 502, "level": 18, "net_worth": 13260, "aghanims_scepter": 0, "aghanims_shard": 0, "moonshard": 0, "hero_damage": 23631, "tower_damage": 11, "hero_healing": 0, "gold": 675, "gold_spent": 14175, "ability_upgrades_arr": [5154, 5155, 5154, 5156, 5154, 5157, 5154, 5155, 5155, 928, 5155, 5157, 5156, 5156, 6305, 5156, 5157], "is_subscriber": false, "radiant_win": false, "start_time": 1761430639, "duration": 2268, "cluster": 241, "lobby_type": 7, "game_mode": 22, "is_contributor": false, "patch": 58, "region": 14, "isRadiant": true, "win": 0, "lose": 1, "total_gold": 15120, "total_xp": 18975, "kills_per_min": 0.15873015873015875, "kda": 1.67, "abandons": 0, "benchmarks": {"gold_per_min": {"raw": 400, "pct": 0.1496146289859453}, "xp_per_min": {"raw": 502, "pct": 0.16774973552969624}, "kills_per_min": {"raw": 0.15873015873015872, "pct": 0.27353785703491007}, "last_hits_per_min": {"raw": 2.751322751322751, "pct": 0.08296811243766057}, "hero_damage_per_min": {"raw": 625.1587301587301, "pct": 0.23061810488136616}, "hero_healing_per_min": {"raw": 0, "pct": 0.9321444763487986}, "tower_damage": {"raw": 11, "pct": 0.09158228804594228}}}, {"player_slot": 4, "team_number": 0, "team_slot": 4, "hero_id": 42, "hero_variant": 1, "item_0": 22, "item_1": 36, "item_2": 1, "item_3": 4204, "item_4": 23, "item_5": 137, "backpack_0": 21, "backpack_1": 0, "backpack_2": 0, "item_neutral": 1603, "item_neutral2": 1586, "kills": 3, "deaths": 6, "assists": 4, "leaver_status": 0, "last_hits": 256, "denies": 11, "gold_per_min": 414, "xp_per_min": 532, "level": 19, "net_worth": 13322, "aghanims_scepter": 0, "aghanims_shard": 1, "moonshard": 0, "hero_damage": 10865, "tower_damage": 784, "hero_healing": 0, "gold": 322, "gold_spent": 15985, "ability_upgrades_arr": [5086, 5087, 5088, 5087, 5087, 5089, 5088, 5088, 5087, 5088, 5086, 5089, 5086, 5086, 1545, 5976, 5089], "is_subscriber": false, "radiant_win": false, "start_time": 1761430639, "duration": 2268, "cluster": 241, "lobby_type": 7, "game_mode": 22, "is_contributor": false, "patch": 58, "region": 14, "isRadiant": true, "win": 0, "lose": 1, "total_gold": 15649, "total_xp": 20109, "kills_per_min": 0.07936507936507937, "kda": 1, "abandons": 0, "benchmarks": {"gold_per_min": {"raw": 414, "pct": 0.12702156334231807}, "xp_per_min": {"raw": 532, "pct": 0.13746630727762804}, "kills_per_min": {"raw": 0.07936507936507936, "pct": 0.10865902964959569}, "last_hits_per_min": {"raw": 6.772486772486772, "pct": 0.44575471698113206}, "hero_damage_per_min": {"raw": 287.43386243386243, "pct": 0.04026280323450135}, "hero_healing_per_min": {"raw": 0, "pct": 0.956199460916442}, "tower_damage": {"raw": 784, "pct": 0.13089622641509435}}}, {"player_slot": 128,