{"players": [{"player_slot": 0, "team_number": 0, "team_slot": 0, "hero_id": 93, "hero_variant": 1, "item_0": 939, "item_1": 174, "item_2": 108, "item_3": 63, "item_4": 569, "item_5": 75, "backpack_0": 0, "backpack_1": 0, "backpack_2": 0, "item_neutral": 359, "item_neutral2": 1594, "kills": 7, "deaths": 2, "assists": 18, "leaver_status": 0, "last_hits": 209, "denies": 10, "gold_per_min": 555, "xp_per_min": 699, "level": 21, "net_worth": 18859, "aghanims_scepter": 0, "aghanims_shard": 1, "moonshard": 0, "hero_damage": 15809, "tower_damage": 9379, "hero_healing": 0, "gold": 3004, "gold_spent": 19245, "ability_upgrades_arr": [5496, 5495, 5494, 5494, 5494, 5497, 5494, 5495, 5495, 5495, 6147, 5497, 5496, 5496, 6892, 5496, 5497, 814], "is_subscriber": false, "radiant_win": true, "start_time": 1752982610, "duration": 2174, "cluster": 346, "lobby_type": 7, "game_mode": 22, "is_contributor": false, "patch": 58, "region": 38, "isRadiant": true, "win": 1, "lose": 0, "total_gold": 20109, "total_xp": 25327, "kills_per_min": 0.19319227230910763, "kda": 8.33, "abandons": 0, "benchmarks": {"gold_per_min": {"raw": 555, "pct": 0.5634448007329363}, "xp_per_min": {"raw": 699, "pct": 0.37631699496106275}, "kills_per_min": {"raw": 0.19319227230910763, "pct": 0.38662391204764085}, "last_hits_per_min": {"raw": 5.768169273229072, "pct": 0.5629867155290884}, "hero_damage_per_min": {"raw": 436.3109475620975, "pct": 0.33554741181859826}, "hero_healing_per_min": {"raw": 0, "pct": 0.9654145671094824}, "tower_damage": {"raw": 9379, "pct": 0.7769125057260651}}}, {"player_slot": 1, "team_number": 0, "team_slot": 1, "hero_id": 17, "hero_variant": 1, "item_0": 63, "item_1": 100, "item_2": 41, "item_3": 123, "item_4": 277, "item_5": 108, "backpack_0": 0, "backpack_1": 0, "backpack_2": 0, "item_neutral": 1640, "item_neutral2": 1583, "kills": 12, "deaths": 2, "assists": 16, "leaver_status": 0, "last_hits": 250, "denies": 17, "gold_per_min": 620, "xp_per_min": 725, "level": 22, "net_worth": 21899, "aghanims_scepter": 0, "aghanims_shard": 1, "moonshard": 0, "hero_damage": 22046, "tower_damage": 4030, "hero_healing": 0, "gold": 2524, "gold_spent": 20420, "ability_upgrades_arr": [5098, 5100, 5099, 5100, 5100, 5101, 5098, 5098, 5100, 7132, 5098, 5101, 5099, 5099, 6916, 5099, 5101, 6167], "is_subscriber": false, "radiant_win": true, "start_time": 1752982610, "duration": 2174, "cluster": 346, "lobby_type": 7, "game_mode": 22, "is_contributor": false, "patch": 58, "region": 38, "isRadiant": true, "win": 1, "lose": 0, "total_gold": 22464, "total_xp": 26269, "kills_per_min": 0.3311867525298988, "kda": 9.33, "abandons": 0, "benchmarks": {"gold_per_min": {"raw": 620, "pct": 0.7314502529510961}, "xp_per_min": {"raw": 725, "pct": 0.41989881956155145}, "kills_per_min": {"raw": 0.3311867525298988, "pct": 0.725548060708263}, "last_hits_per_min": {"raw": 6.899724011039559, "pct": 0.6838111298482293}, "hero_damage_per_min": {"raw": 608.4452621895124, "pct": 0.4822934232715008}, "hero_healing_per_min": {"raw": 0, "pct": 0.8882799325463744}, "tower_damage": {"raw": 4030, "pct": 0.7280775716694773}}}, {"account_id": 187163611, "player_slot": 2, "team_number": 0, "team_slot": 2, "hero_id": 30, "hero_variant": 3, "item_0": 180, "item_1": 254, "item_2": 0, "item_3": 256, "item_4": 0, "item_5": 0, "backpack_0": 0, "backpack_1": 0, "backpack_2": 0, "item_neutral": 1604, "item_neutral2": 1577, "kills": 4, "deaths": 10, "assists": 16, "leaver_status": 0, "last_hits": 30, "denies": 6, "gold_per_min": 319, "xp_per_min": 461, "level": 17, "net_worth": 10739, "aghanims_scepter": 0, "aghanims_shard": 1, "moonshard": 0, "hero_damage": 12413, "tower_damage": 713, "hero_healing": 9479, "gold": 2789, "gold_spent": 9000, "ability_upgrades_arr": [5140, 5138, 5140, 5139, 5140, 5141, 5138, 5138, 5138, 5140, 6995, 5141, 5139, 5139, 417, 5139], "personaname": "L3ON", "name": null, "last_login": null, "rank_tier": 51, "computed_mmr": null, "is_subscriber": false, "radiant_win": true, "start_time": 1752982610, "duration": 2174, "cluster": 346, "lobby_type": 7, "game_mode": 22, "is_contributor": false, "patch": 58, "region": 38, "isRadiant": true, "win": 1, "lose": 0, "total_gold": 11558, "total_xp": 16703, "kills_per_min": 0.11039558417663294, "kda": 1.82, "abandons": 0, "benchmarks": {"gold_per_min": {"raw": 319, "pct": 0.2587759603014152}, "xp_per_min": {"raw": 461, "pct": 0.2922256938062856}, "kills_per_min": {"raw": 0.11039558417663294, "pct": 0.2038228266862709}, "last_hits_per_min": {"raw": 0.827966881324747, "pct": 0.2786252527108987}, "hero_damage_per_min": {"raw": 342.5850965961361, "pct": 0.12516081602646573}, "hero_healing_per_min": {"raw": 261.6099356025759, "pct": 0.7864363168535196}, "tower_damage": {"raw": 713, "pct": 0.69601176254365}}}, {"account_id": 368883524, "player_slot": 3, "team_number": 0, "team_slot": 3, "hero_id": 2, "hero_variant": 1, "item_0": 50, "item_1": 127, "item_2": 1, "item_3": 100, "item_4": 92, "item_5": 36, "backpack_0": 0, "backpack_1": 0, "backpack_2": 0, "item_neutral": 1603, "item_neutral2": 1586, "kills": 9, "deaths": 6, "assists": 28, "leaver_status": 0, "last_hits": 78, "denies": 2, "gold_per_min": 427, "xp_per_min": 665, "level": 21, "net_worth": 15025, "aghanims_scepter": 0, "aghanims_shard": 1, "moonshard": 0, "hero_damage": 20538, "tower_damage": 1111, "hero_healing": 0, "gold": 3600, "gold_spent": 12080, "ability_upgrades_arr": [5008, 5007, 5008, 5009, 5008, 5010, 5008, 5007, 5009, 1189, 5009, 5010, 5007, 5007, 670, 5009, 5010, 562], "personaname": "SAiEvaPruShKa", "name": null, "last_login": "2025-08-02T23:01:13.161Z", "rank_tier": 62, "computed_mmr": 4051.77, "is_subscriber": false, "radiant_win": true, "start_time": 1752982610, "duration": 2174, "cluster": 346, "lobby_type": 7, "game_mode": 22, "is_contributor": false, "patch": 58, "region": 38, "isRadiant": true, "win": 1, "lose": 0, "total_gold": 15471, "total_xp": 24095, "kills_per_min": 0.2483900643974241, "kda": 5.29, "abandons": 0, "benchmarks": {"gold_per_min": {"raw": 427, "pct": 0.2866341030195382}, "xp_per_min": {"raw": 665, "pct": 0.43650088809946713}, "kills_per_min": {"raw": 0.2483900643974241, "pct": 0.5166518650088809}, "last_hits_per_min": {"raw": 2.152713891444342, "pct": 0.04018650088809947}, "hero_damage_per_min": {"raw": 566.8261269549218, "pct": 0.2677619893428064}, "hero_healing_per_min": {"raw": 0, "pct": 0.9231793960923623}, "tower_damage": {"raw": 1111, "pct": 0.5754884547069272}}}, {"player_slot": 4, "team_number": 0, "team_slot": 4, "hero_id": 85, "hero_variant": 1, "item_0": 231, "item_1": 125, "item_2": 108, "item_3": 1802, "item_4": 73, "item_5": 127, "backpack_0": 38, "backpack_1": 61, "backpack_2": 0, "item_neutral": 565, "item_neutral2": 1585, "kills": 13, "deaths": 6, "assists": 29, "leaver_status": 0, "last_hits": 179, "denies": 7, "gold_per_min": 578, "xp_per_min": 723, "level": 22, "net_worth": 19232, "aghanims_scepter": 0, "aghanims_shard": 0, "moonshard": 0, "hero_damage": 26652, "tower_damage": 1999, "hero_healing": 11820, "gold": 527, "gold_spent": 20680, "ability_upgrades_arr": [5444, 5443, 5443, 5442, 5443, 5447, 5443, 5442, 5442, 5442, 5444, 5447, 5444, 5444, 807, 6155, 5447, 6420], "is_subscriber": false, "radiant_win": true, "start_time": 1752982610, "duration": 2174, "cluster": 346, "lobby_type": 7, "game_mode": 22, "is_contributor": false, "patch": 58, "region": 38, "isRadiant": true, "win": 1, "lose": 0, "total_gold": 20942, "total_xp": 26196, "kills_per_min": 0.35878564857405704, "kda": 6, "abandons": 0, "benchmarks": {"gold_per_min": {"raw": 578, "pct": 0.9526864474739375}, "xp_per_min": {"raw": 723, "pct": 0.7161186848436247}, "kills_per_min": {"raw": 0.35878564857405704, "pct": 0.9226142742582197}, "last_hits_per_min": {"raw": 4.940202391904324, "pct": 0.8877305533279871}, "hero_damage_per_min": {"raw": 735.5657773689053, "pct": 0.9101844426623897}, "hero_healing_per_min": {"raw": 326.2189512419503, "pct": 0.9137931034482759}, "tower_damage": {"raw": 1999,