{"players": [{"player_slot": 0, "team_number": 0, "team_slot": 0, "hero_id": 100, "hero_variant": 1, "item_0": 218, "item_1": 96, "item_2": 37, "item_3": 210, "item_4": 267, "item_5": 50, "backpack_0": 40, "backpack_1": 0, "backpack_2": 0, "item_neutral": 2193, "item_neutral2": 1584, "kills": 11, "deaths": 10, "assists": 26, "leaver_status": 0, "last_hits": 125, "denies": 1, "gold_per_min": 455, "xp_per_min": 780, "level": 26, "net_worth": 19490, "aghanims_scepter": 0, "aghanims_shard": 0, "moonshard": 0, "hero_damage": 29115, "tower_damage": 1598, "hero_healing": 320, "gold": 5730, "gold_spent": 16990, "ability_upgrades_arr": [5566, 7322, 5565, 7322, 7322, 5568, 7322, 5566, 5566, 5565, 5565, 5568, 5566, 414, 6423, 5565, 5568, 6194], "is_subscriber": false, "radiant_win": false, "start_time": 1745705157, "duration": 3056, "cluster": 241, "lobby_type": 7, "game_mode": 22, "is_contributor": false, "patch": 57, "region": 14, "isRadiant": true, "win": 0, "lose": 1, "total_gold": 23174, "total_xp": 39728, "kills_per_min": 0.21596858638743457, "kda": 3.36, "abandons": 0, "benchmarks": {"gold_per_min": {"raw": 455, "pct": 0.8808123997862106}, "xp_per_min": {"raw": 780, "pct": 0.8610368786745056}, "kills_per_min": {"raw": 0.21596858638743455, "pct": 0.8001068947087119}, "last_hits_per_min": {"raw": 2.4541884816753927, "pct": 0.7536076964190273}, "hero_damage_per_min": {"raw": 571.6295811518326, "pct": 0.8546231961517905}, "hero_healing_per_min": {"raw": 6.282722513089006, "pct": 0.8695884553714591}, "tower_damage": {"raw": 1598, "pct": 0.8647781934794228}}}, {"player_slot": 1, "team_number": 0, "team_slot": 1, "hero_id": 49, "hero_variant": 1, "item_0": 73, "item_1": 116, "item_2": 1, "item_3": 112, "item_4": 90, "item_5": 63, "backpack_0": 0, "backpack_1": 0, "backpack_2": 0, "item_neutral": 949, "item_neutral2": 1594, "kills": 8, "deaths": 13, "assists": 13, "leaver_status": 0, "last_hits": 208, "denies": 3, "gold_per_min": 391, "xp_per_min": 601, "level": 23, "net_worth": 17324, "aghanims_scepter": 0, "aghanims_shard": 0, "moonshard": 0, "hero_damage": 19479, "tower_damage": 1129, "hero_healing": 0, "gold": 269, "gold_spent": 18575, "ability_upgrades_arr": [5226, 5228, 5228, 5227, 5226, 5229, 5228, 5228, 5226, 5938, 5226, 5229, 5227, 5227, 5993, 5227, 5229, 740], "is_subscriber": false, "radiant_win": false, "start_time": 1745705157, "duration": 3056, "cluster": 241, "lobby_type": 7, "game_mode": 22, "is_contributor": false, "patch": 57, "region": 14, "isRadiant": true, "win": 0, "lose": 1, "total_gold": 19914, "total_xp": 30610, "kills_per_min": 0.15706806282722513, "kda": 1.5, "abandons": 0, "benchmarks": {"gold_per_min": {"raw": 391, "pct": 0.16436191228763333}, "xp_per_min": {"raw": 601, "pct": 0.2943500592651126}, "kills_per_min": {"raw": 0.15706806282722513, "pct": 0.4203871987356776}, "last_hits_per_min": {"raw": 4.0837696335078535, "pct": 0.15250888976689056}, "hero_damage_per_min": {"raw": 382.4410994764398, "pct": 0.16317661003555906}, "hero_healing_per_min": {"raw": 0, "pct": 0.9573291189253259}, "tower_damage": {"raw": 1129, "pct": 0.2990912682734097}}}, {"account_id": 37467834, "player_slot": 2, "team_number": 0, "team_slot": 2, "hero_id": 131, "hero_variant": 2, "item_0": 36, "item_1": 206, "item_2": 231, "item_3": 232, "item_4": 43, "item_5": 102, "backpack_0": 188, "backpack_1": 0, "backpack_2": 0, "item_neutral": 1158, "item_neutral2": 1577, "kills": 6, "deaths": 13, "assists": 26, "leaver_status": 0, "last_hits": 80, "denies": 3, "gold_per_min": 364, "xp_per_min": 730, "level": 25, "net_worth": 16669, "aghanims_scepter": 0, "aghanims_shard": 0, "moonshard": 0, "hero_damage": 27365, "tower_damage": 228, "hero_healing": 2948, "gold": 4344, "gold_spent": 12965, "ability_upgrades_arr": [386, 352, 386, 383, 386, 385, 386, 352, 352, 352, 397, 385, 383, 383, 1492, 383, 385, 399], "personaname": "ExtremoDiaz", "name": null, "last_login": null, "rank_tier": 22, "computed_mmr": 3968.35, "is_subscriber": false, "radiant_win": false, "start_time": 1745705157, "duration": 3056, "cluster": 241, "lobby_type": 7, "game_mode": 22, "is_contributor": false, "patch": 57, "region": 14, "isRadiant": true, "win": 0, "lose": 1, "total_gold": 18539, "total_xp": 37181, "kills_per_min": 0.11780104712041886, "kda": 2.29, "abandons": 0, "benchmarks": {"gold_per_min": {"raw": 364, "pct": 0.6606463878326996}, "xp_per_min": {"raw": 730, "pct": 0.8726235741444867}, "kills_per_min": {"raw": 0.11780104712041885, "pct": 0.5665399239543726}, "last_hits_per_min": {"raw": 1.5706806282722514, "pct": 0.5884030418250951}, "hero_damage_per_min": {"raw": 537.270942408377, "pct": 0.7271863117870723}, "hero_healing_per_min": {"raw": 57.879581151832454, "pct": 0.9173003802281369}, "tower_damage": {"raw": 228, "pct": 0.5104562737642585}}}, {"account_id": 130462877, "player_slot": 3, "team_number": 0, "team_slot": 3, "hero_id": 6, "hero_variant": 1, "item_0": 263, "item_1": 172, "item_2": 116, "item_3": 152, "item_4": 63, "item_5": 139, "backpack_0": 0, "backpack_1": 0, "backpack_2": 188, "item_neutral": 309, "item_neutral2": 1597, "kills": 10, "deaths": 9, "assists": 21, "leaver_status": 0, "last_hits": 290, "denies": 11, "gold_per_min": 548, "xp_per_min": 911, "level": 27, "net_worth": 23079, "aghanims_scepter": 0, "aghanims_shard": 0, "moonshard": 0, "hero_damage": 46640, "tower_damage": 4604, "hero_healing": 0, "gold": 2179, "gold_spent": 22675, "ability_upgrades_arr": [5019, 343, 343, 5632, 343, 5022, 343, 5019, 5019, 5019, 6209, 5022, 5632, 5632, 6027, 5632, 5022, 6202, 6280], "personaname": "Mr.Arch", "name": null, "last_login": null, "rank_tier": 22, "computed_mmr": 3906.47, "is_subscriber": false, "radiant_win": false, "start_time": 1745705157, "duration": 3056, "cluster": 241, "lobby_type": 7, "game_mode": 22, "is_contributor": false, "patch": 57, "region": 14, "isRadiant": true, "win": 0, "lose": 1, "total_gold": 27911, "total_xp": 46400, "kills_per_min": 0.19633507853403143, "kda": 3.1, "abandons": 0, "benchmarks": {"gold_per_min": {"raw": 548, "pct": 0.46053946053946054}, "xp_per_min": {"raw": 911, "pct": 0.7292707292707292}, "kills_per_min": {"raw": 0.19633507853403143, "pct": 0.47002997002997005}, "last_hits_per_min": {"raw": 5.693717277486911, "pct": 0.263986013986014}, "hero_damage_per_min": {"raw": 915.7068062827225, "pct": 0.7937062937062938}, "hero_healing_per_min": {"raw": 0, "pct": 0.9647852147852148}, "tower_damage": {"raw": 4604, "pct": 0.5174825174825175}}}, {"player_slot": 4, "team_number": 0, "team_slot": 4, "hero_id": 114, "hero_variant": 1, "item_0": 158, "item_1": 26, "item_2": 63, "item_3": 569, "item_4": 154, "item_5": 116, "backpack_0": 0, "backpack_1": 0, "backpack_2": 0, "item_neutral": 1608, "item_neutral2": 1584, "kills": 7, "deaths": 13, "assists": 15, "leaver_status": 0, "last_hits": 257, "denies": 1, "gold_per_min": 450, "xp_per_min": 707, "level": 25, "net_worth": 18639, "aghanims_scepter": 0, "aghanims_shard": 1, "moonshard": 0, "hero_damage": 26081, "tower_damage": 457, "hero_healing": 0, "gold": 189, "gold_spent": 19530, "ability_upgrades_arr": [5716, 5723, 5723, 5716, 5721, 5725, 5721, 5721, 5721, 5723, 5716, 5725, 5723, 748, 5716, 6421, 5725, 802, 7025], "is_subscriber": false, "radiant_win": false, "start_time": 1745705157, "duration": 3056, "cluster": 241, "lobby_type": 7, "game_mode": 22, "is_contributor": false, "patch": 57, "region": 14, "isRadiant": true, "win": 0, "lose": 1, "total_gold": 22920, "total_xp": 36009, "kills_per_min": 0.137434554973822, "kda": 1.57, "abandons": 0, "benchmarks": {"gold_per_min": {"raw": 450, "pct": 0.3766114180478821}, "xp_per_min": {"raw": 707, "pct": 0.4976979742173112}, "kills_per_min": {"raw": 0.13743455497382198, "pct": 0.3268876611418048}, "last_hits_per_min": {"raw": 5.045811518324608, "pct": 0.4203499079189687}, "hero_damage_per_min": {"raw": 512.0615183246073, "pct": 0.3816758747697974}, "hero_healing_per_min": {"raw": 0, "pct": 0.9392265193370166}, "tower_damage": {"raw": 457,