{"players": [{"player_slot": 0, "team_number": 0, "team_slot": 0, "hero_id": 128, "hero_variant": 2, "item_0": 135, "item_1": 152, "item_2": 96, "item_3": 26, "item_4": 168, "item_5": 1575, "backpack_0": 0, "backpack_1": 0, "backpack_2": 0, "item_neutral": 1643, "item_neutral2": 1583, "kills": 8, "deaths": 13, "assists": 9, "leaver_status": 0, "last_hits": 162, "denies": 0, "gold_per_min": 472, "xp_per_min": 683, "level": 24, "net_worth": 20984, "aghanims_scepter": 0, "aghanims_shard": 0, "moonshard": 0, "hero_damage": 17552, "tower_damage": 4131, "hero_healing": 0, "gold": 3034, "gold_spent": 18770, "ability_upgrades_arr": [6480, 6488, 6488, 6480, 6488, 6482, 6483, 6488, 6480, 384, 6480, 6482, 6483, 6483, 6487, 6483, 6482, 500], "is_subscriber": false, "radiant_win": true, "start_time": 1757474448, "duration": 2893, "cluster": 241, "lobby_type": 7, "game_mode": 22, "is_contributor": false, "patch": 58, "region": 14, "isRadiant": true, "win": 1, "lose": 0, "total_gold": 22758, "total_xp": 32931, "kills_per_min": 0.1659177324576564, "kda": 1.21, "abandons": 0, "benchmarks": {"gold_per_min": {"raw": 472, "pct": 0.8006711409395973}, "xp_per_min": {"raw": 683, "pct": 0.7429530201342281}, "kills_per_min": {"raw": 0.1659177324576564, "pct": 0.5791946308724832}, "last_hits_per_min": {"raw": 3.3598340822675423, "pct": 0.6885906040268457}, "hero_damage_per_min": {"raw": 364.02350501209816, "pct": 0.17986577181208055}, "hero_healing_per_min": {"raw": 0, "pct": 0.31208053691275167}, "tower_damage": {"raw": 4131, "pct": 0.9174496644295302}}}, {"player_slot": 1, "team_number": 0, "team_slot": 1, "hero_id": 94, "hero_variant": 4, "item_0": 1466, "item_1": 147, "item_2": 36, "item_3": 1808, "item_4": 160, "item_5": 108, "backpack_0": 0, "backpack_1": 0, "backpack_2": 0, "item_neutral": 1603, "item_neutral2": 1583, "kills": 5, "deaths": 8, "assists": 17, "leaver_status": 0, "last_hits": 274, "denies": 2, "gold_per_min": 617, "xp_per_min": 933, "level": 27, "net_worth": 29130, "aghanims_scepter": 0, "aghanims_shard": 1, "moonshard": 0, "hero_damage": 24749, "tower_damage": 5177, "hero_healing": 0, "gold": 2280, "gold_spent": 27745, "ability_upgrades_arr": [1475, 5505, 5505, 1475, 5505, 1475, 5505, 1475, 5507, 1561, 5504, 5507, 5504, 5504, 7389, 5504, 5507, 6182, 1574], "is_subscriber": false, "radiant_win": true, "start_time": 1757474448, "duration": 2893, "cluster": 241, "lobby_type": 7, "game_mode": 22, "is_contributor": false, "patch": 58, "region": 14, "isRadiant": true, "win": 1, "lose": 0, "total_gold": 29749, "total_xp": 44986, "kills_per_min": 0.10369858278603525, "kda": 2.44, "abandons": 0, "benchmarks": {"gold_per_min": {"raw": 617, "pct": 0.5093525179856115}, "xp_per_min": {"raw": 933, "pct": 0.6302158273381295}, "kills_per_min": {"raw": 0.10369858278603526, "pct": 0.3935251798561151}, "last_hits_per_min": {"raw": 5.682682336674731, "pct": 0.13453237410071942}, "hero_damage_per_min": {"raw": 513.2872450743173, "pct": 0.3640287769784173}, "hero_healing_per_min": {"raw": 0, "pct": 0.9597122302158273}, "tower_damage": {"raw": 5177, "pct": 0.5381294964028777}}}, {"account_id": 37467834, "player_slot": 2, "team_number": 0, "team_slot": 2, "hero_id": 49, "hero_variant": 3, "item_0": 73, "item_1": 29, "item_2": 0, "item_3": 36, "item_4": 0, "item_5": 0, "backpack_0": 0, "backpack_1": 0, "backpack_2": 0, "item_neutral": 0, "item_neutral2": 0, "kills": 0, "deaths": 2, "assists": 1, "leaver_status": 4, "last_hits": 9, "denies": 0, "gold_per_min": 171, "xp_per_min": 60, "level": 6, "net_worth": 1559, "aghanims_scepter": 0, "aghanims_shard": 0, "moonshard": 0, "hero_damage": 1918, "tower_damage": 0, "hero_healing": 0, "gold": 4, "gold_spent": 1845, "ability_upgrades_arr": [5226, 5228, 5226, 5227, 5226, 5229], "personaname": "ExtremoDiaz", "name": null, "last_login": null, "rank_tier": 22, "computed_mmr": 3968.35, "is_subscriber": false, "radiant_win": true, "start_time": 1757474448, "duration": 2893, "cluster": 241, "lobby_type": 7, "game_mode": 22, "is_contributor": false, "patch": 58, "region": 14, "isRadiant": true, "win": 1, "lose": 0, "total_gold": 8245, "total_xp": 2893, "kda": 0.33, "abandons": 1, "benchmarks": {"gold_per_min": {"raw": 171, "pct": 0.00482897384305835}, "xp_per_min": {"raw": 60, "pct": 0.00040241448692152917}, "kills_per_min": {"raw": 0, "pct": 0.0317907444668008}, "last_hits_per_min": {"raw": 0.18665744901486347, "pct": 0.00040241448692152917}, "hero_damage_per_min": {"raw": 39.77877635672313, "pct": 0.002414486921529175}, "hero_healing_per_min": {"raw": 0, "pct": 0.9613682092555332}, "tower_damage": {"raw": 0, "pct": 0.09617706237424548}}}, {"account_id": 842418650, "player_slot": 3, "team_number": 0, "team_slot": 3, "hero_id": 1, "hero_variant": 2, "item_0": 147, "item_1": 160, "item_2": 139, "item_3": 145, "item_4": 123, "item_5": 208, "backpack_0": 0, "backpack_1": 0, "backpack_2": 0, "item_neutral": 1603, "item_neutral2": 1584, "kills": 21, "deaths": 3, "assists": 3, "leaver_status": 0, "last_hits": 532, "denies": 10, "gold_per_min": 1023, "xp_per_min": 1403, "level": 30, "net_worth": 43039, "aghanims_scepter": 0, "aghanims_shard": 0, "moonshard": 0, "hero_damage": 60120, "tower_damage": 18693, "hero_healing": 0, "gold": 12089, "gold_spent": 33525, "ability_upgrades_arr": [5003, 7314, 5004, 5003, 5003, 5006, 5003, 5004, 5004, 5004, 5006, 7314, 7314, 7314, 666, 966, 5006, 665, 6353, 1495, 6800, 735, 6606], "personaname": "Zzz", "name": null, "last_login": null, "rank_tier": 21, "computed_mmr": 4103.57, "is_subscriber": false, "radiant_win": true, "start_time": 1757474448, "duration": 2893, "cluster": 241, "lobby_type": 7, "game_mode": 22, "is_contributor": false, "patch": 58, "region": 14, "isRadiant": true, "win": 1, "lose": 0, "total_gold": 49325, "total_xp": 67647, "kills_per_min": 0.43553404770134807, "kda": 6, "abandons": 0, "benchmarks": {"gold_per_min": {"raw": 1023, "pct": 0.9979750253121836}, "xp_per_min": {"raw": 1403, "pct": 0.9814377320283496}, "kills_per_min": {"raw": 0.4355340477013481, "pct": 0.9395882551468107}, "last_hits_per_min": {"raw": 11.033529208434151, "pct": 0.8548768140398245}, "hero_damage_per_min": {"raw": 1246.8717594192879, "pct": 0.9814377320283496}, "hero_healing_per_min": {"raw": 0, "pct": 0.9412757340533243}, "tower_damage": {"raw": 18693, "pct": 0.9517381032737091}}}, {"player_slot": 4, "team_number": 0, "team_slot": 4, "hero_id": 14, "hero_variant": 1, "item_0": 210, "item_1": 127, "item_2": 92, "item_3": 214, "item_4": 90, "item_5": 1, "backpack_0": 0, "backpack_1": 218, "backpack_2": 0, "item_neutral": 1608, "item_neutral2": 1597, "kills": 2, "deaths": 15, "assists": 11, "leaver_status": 0, "last_hits": 47, "denies": 2, "gold_per_min": 355, "xp_per_min": 565, "level": 22, "net_worth": 14099, "aghanims_scepter": 0, "aghanims_shard": 0, "moonshard": 0, "hero_damage": 11221, "tower_damage": 382, "hero_healing": 0, "gold": 1229, "gold_spent": 15645, "ability_upgrades_arr": [5075, 5076, 5076, 5074, 5076, 5077, 5076, 5074, 5074, 7142, 5077, 5074, 5075, 5075, 6565, 5075, 5077, 332], "is_subscriber": false, "radiant_win": true, "start_time": 1757474448, "duration": 2893, "cluster": 241, "lobby_type": 7, "game_mode": 22, "is_contributor": false, "patch": 58, "region": 14, "isRadiant": true, "win": 1, "lose": 0, "total_gold": 17116, "total_xp": 27242, "kills_per_min": 0.0414794331144141, "kda": 0.81, "abandons": 0, "benchmarks": {"gold_per_min": {"raw": 355, "pct": 0.4011620719495611}, "xp_per_min": {"raw": 565, "pct": 0.45296081097787116}, "kills_per_min": {"raw": 0.0414794331144141, "pct": 0.06082334033873161}, "last_hits_per_min": {"raw": 0.9747666781887314, "pct": 0.11039683520830758}, "hero_damage_per_min": {"raw": 232.7203594884203, "pct": 0.05427123253801459}, "hero_healing_per_min": {"raw": 0, "pct": 0.7490419087649894}, "tower_damage": {"raw": 382, "pct": 0.5364074669303993}}}, {"player_slot": 128, "team_number": 1, "team_slot": 0, "hero_id": 104, "hero_variant": 2, "item_0": 1, "item_1": 168,