{"players": [{"player_slot": 0, "team_number": 0, "team_slot": 0, "hero_id": 8, "hero_variant": 1, "item_0": 116, "item_1": 90, "item_2": 210, "item_3": 249, "item_4": 50, "item_5": 158, "backpack_0": 0, "backpack_1": 4206, "backpack_2": 4206, "item_neutral": 1643, "item_neutral2": 1585, "kills": 11, "deaths": 14, "assists": 17, "leaver_status": 0, "last_hits": 325, "denies": 9, "gold_per_min": 604, "xp_per_min": 1090, "level": 30, "net_worth": 28393, "aghanims_scepter": 0, "aghanims_shard": 0, "moonshard": 0, "hero_damage": 42589, "tower_damage": 5135, "hero_healing": 9731, "gold": 5018, "gold_spent": 31220, "ability_upgrades_arr": [5028, 5027, 5028, 5027, 5028, 5030, 5027, 5028, 5027, 730, 7021, 5030, 5029, 5029, 1192, 5029, 5029, 5030, 6105, 915, 628, 1489, 6662, 1013], "is_subscriber": false, "radiant_win": false, "start_time": 1754878725, "duration": 3722, "cluster": 241, "lobby_type": 0, "game_mode": 22, "is_contributor": false, "patch": 58, "region": 14, "isRadiant": true, "win": 0, "lose": 1, "total_gold": 37468, "total_xp": 67616, "kills_per_min": 0.17732401934443848, "kda": 1.87, "abandons": 0, "benchmarks": {"gold_per_min": {"raw": 604, "pct": 0.5519203413940256}, "xp_per_min": {"raw": 1090, "pct": 0.8540540540540541}, "kills_per_min": {"raw": 0.17732401934443848, "pct": 0.4395448079658606}, "last_hits_per_min": {"raw": 5.23911875335841, "pct": 0.1442389758179232}, "hero_damage_per_min": {"raw": 686.5502418054809, "pct": 0.6261735419630157}, "hero_healing_per_min": {"raw": 156.86727565824827, "pct": 0.6062588904694168}, "tower_damage": {"raw": 5135, "pct": 0.5357041251778094}}}, {"account_id": 45421382, "player_slot": 1, "team_number": 0, "team_slot": 1, "hero_id": 7, "hero_variant": 1, "item_0": 911, "item_1": 119, "item_2": 210, "item_3": 180, "item_4": 1, "item_5": 0, "backpack_0": 0, "backpack_1": 0, "backpack_2": 0, "item_neutral": 1607, "item_neutral2": 1597, "kills": 18, "deaths": 14, "assists": 28, "leaver_status": 0, "last_hits": 323, "denies": 7, "gold_per_min": 636, "xp_per_min": 917, "level": 29, "net_worth": 26507, "aghanims_scepter": 1, "aghanims_shard": 1, "moonshard": 0, "hero_damage": 64784, "tower_damage": 5002, "hero_healing": 239, "gold": 4482, "gold_spent": 30700, "ability_upgrades_arr": [5024, 5025, 5023, 5024, 5024, 5026, 5025, 5025, 5024, 5025, 744, 5026, 5023, 5023, 5023, 858, 5026, 918, 1208, 450, 6511, 6425], "personaname": "La Chaucha", "name": null, "last_login": "2026-03-03T14:36:01.200Z", "rank_tier": 42, "computed_mmr": 4031.51, "is_subscriber": false, "radiant_win": false, "start_time": 1754878725, "duration": 3722, "cluster": 241, "lobby_type": 0, "game_mode": 22, "is_contributor": false, "patch": 58, "region": 14, "isRadiant": true, "win": 0, "lose": 1, "total_gold": 39453, "total_xp": 56884, "kills_per_min": 0.29016657710908117, "kda": 3.07, "abandons": 0, "benchmarks": {"gold_per_min": {"raw": 636, "pct": 0.9107045330420536}, "xp_per_min": {"raw": 917, "pct": 0.8506280720917532}, "kills_per_min": {"raw": 0.2901665771090811, "pct": 0.8104860731840524}, "last_hits_per_min": {"raw": 5.206878022568511, "pct": 0.695794647733479}, "hero_damage_per_min": {"raw": 1044.341751746373, "pct": 0.9366466411796832}, "hero_healing_per_min": {"raw": 3.8527673293927993, "pct": 0.9044238121245222}, "tower_damage": {"raw": 5002, "pct": 0.9396504642271982}}}, {"account_id": 37467834, "player_slot": 2, "team_number": 0, "team_slot": 2, "hero_id": 48, "hero_variant": 3, "item_0": 156, "item_1": 147, "item_2": 108, "item_3": 135, "item_4": 139, "item_5": 48, "backpack_0": 263, "backpack_1": 0, "backpack_2": 0, "item_neutral": 1637, "item_neutral2": 1584, "kills": 25, "deaths": 13, "assists": 21, "leaver_status": 0, "last_hits": 351, "denies": 12, "gold_per_min": 663, "xp_per_min": 810, "level": 28, "net_worth": 32752, "aghanims_scepter": 0, "aghanims_shard": 0, "moonshard": 0, "hero_damage": 57048, "tower_damage": 16801, "hero_healing": 0, "gold": 1452, "gold_spent": 33480, "ability_upgrades_arr": [5222, 5223, 5222, 5223, 5222, 5225, 5222, 5223, 5223, 847, 1462, 5225, 1462, 1462, 770, 1462, 5225, 6180, 6682, 7047, 323], "personaname": "ExtremoDiaz", "name": null, "last_login": null, "rank_tier": 22, "computed_mmr": 3968.35, "is_subscriber": false, "radiant_win": false, "start_time": 1754878725, "duration": 3722, "cluster": 241, "lobby_type": 0, "game_mode": 22, "is_contributor": false, "patch": 58, "region": 14, "isRadiant": true, "win": 0, "lose": 1, "total_gold": 41128, "total_xp": 50247, "kills_per_min": 0.4030091348737238, "kda": 3.29, "abandons": 0, "benchmarks": {"gold_per_min": {"raw": 663, "pct": 0.5452312730249693}, "xp_per_min": {"raw": 810, "pct": 0.4674580433892755}, "kills_per_min": {"raw": 0.4030091348737238, "pct": 0.9140401146131805}, "last_hits_per_min": {"raw": 5.658248253627082, "pct": 0.12402783462955383}, "hero_damage_per_min": {"raw": 919.6346050510479, "pct": 0.7503069995906673}, "hero_healing_per_min": {"raw": 0, "pct": 0.9594760540319279}, "tower_damage": {"raw": 16801, "pct": 0.7760949652067131}}}, {"account_id": 65137360, "player_slot": 3, "team_number": 0, "team_slot": 3, "hero_id": 26, "hero_variant": 1, "item_0": 232, "item_1": 108, "item_2": 214, "item_3": 256, "item_4": 102, "item_5": 37, "backpack_0": 36, "backpack_1": 40, "backpack_2": 218, "item_neutral": 1642, "item_neutral2": 1577, "kills": 8, "deaths": 11, "assists": 36, "leaver_status": 1, "last_hits": 60, "denies": 6, "gold_per_min": 437, "xp_per_min": 872, "level": 28, "net_worth": 19803, "aghanims_scepter": 0, "aghanims_shard": 0, "moonshard": 0, "hero_damage": 23211, "tower_damage": 201, "hero_healing": 60, "gold": 4968, "gold_spent": 16325, "ability_upgrades_arr": [5044, 5046, 5046, 5045, 5046, 5047, 5044, 5046, 5044, 5045, 5044, 5047, 465, 5045, 5045, 401, 5047, 777, 6389, 5918, 781], "personaname": "PatoDeGoma", "name": null, "last_login": "2021-02-10T20:32:57.535Z", "rank_tier": 45, "computed_mmr": null, "is_subscriber": false, "radiant_win": false, "start_time": 1754878725, "duration": 3722, "cluster": 241, "lobby_type": 0, "game_mode": 22, "is_contributor": false, "patch": 58, "region": 14, "isRadiant": true, "win": 0, "lose": 1, "total_gold": 27108, "total_xp": 54093, "kills_per_min": 0.12896292315959162, "kda": 3.67, "abandons": 0, "benchmarks": {"gold_per_min": {"raw": 437, "pct": 0.8659970926390907}, "xp_per_min": {"raw": 872, "pct": 0.9158186864014801}, "kills_per_min": {"raw": 0.12896292315959162, "pct": 0.45222677415091844}, "last_hits_per_min": {"raw": 0.9672219236969372, "pct": 0.3737280296022202}, "hero_damage_per_min": {"raw": 374.16980118216014, "pct": 0.6471521078366592}, "hero_healing_per_min": {"raw": 0.9672219236969372, "pct": 0.7663539051143121}, "tower_damage": {"raw": 201, "pct": 0.45116955200211445}}}, {"player_slot": 4, "team_number": 0, "team_slot": 4, "hero_id": 4, "hero_variant": 1, "item_0": 116, "item_1": 143, "item_2": 141, "item_3": 108, "item_4": 50, "item_5": 154, "backpack_0": 0, "backpack_1": 0, "backpack_2": 0, "item_neutral": 1605, "item_neutral2": 1594, "kills": 5, "deaths": 12, "assists": 17, "leaver_status": 0, "last_hits": 241, "denies": 0, "gold_per_min": 461, "xp_per_min": 776, "level": 27, "net_worth": 25361, "aghanims_scepter": 0, "aghanims_shard": 1, "moonshard": 0, "hero_damage": 25417, "tower_damage": 5164, "hero_healing": 0, "gold": 1936, "gold_spent": 27370, "ability_upgrades_arr": [5015, 5016, 5017, 5015, 5017, 5018, 5015, 5015, 5017, 818, 5016, 5018, 5017, 5016, 819, 5016, 5018, 6230, 905, 6034], "is_subscriber": false, "radiant_win": false, "start_time": 1754878725, "duration": 3722, "cluster": 241, "lobby_type": 0, "game_mode": 22, "is_contributor": false, "patch": 58, "region": 14, "isRadiant": true, "win": 0, "lose": 1, "total_gold": 28597, "total_xp": 48137, "kills_per_min": 0.08060182697474476, "kda": 1.69, "abandons": 0, "benchmarks": {"gold_per_min": {"raw": 461, "pct": 0.26692139737991266}, "xp_per_min": {"raw": 776, "pct": 0.4443231441048035},