{"players": [{"player_slot": 0, "team_number": 0, "team_slot": 0, "hero_id": 53, "hero_variant": 1, "item_0": 36, "item_1": 63, "item_2": 250, "item_3": 108, "item_4": 166, "item_5": 0, "backpack_0": 0, "backpack_1": 0, "backpack_2": 0, "item_neutral": 1643, "item_neutral2": 1594, "kills": 8, "deaths": 9, "assists": 17, "leaver_status": 0, "last_hits": 187, "denies": 10, "gold_per_min": 452, "xp_per_min": 555, "level": 20, "net_worth": 18059, "aghanims_scepter": 0, "aghanims_shard": 1, "moonshard": 0, "hero_damage": 26165, "tower_damage": 1889, "hero_healing": 2064, "gold": 1024, "gold_spent": 16145, "ability_upgrades_arr": [5245, 5246, 5245, 5246, 5245, 5248, 5245, 5246, 5246, 470, 5247, 5247, 5248, 5247, 5247, 1620, 5248, 6702], "is_subscriber": false, "radiant_win": false, "start_time": 1769235038, "duration": 2433, "cluster": 271, "lobby_type": 7, "game_mode": 22, "is_contributor": false, "patch": 59, "region": 3, "isRadiant": true, "win": 0, "lose": 1, "total_gold": 18328, "total_xp": 22505, "kills_per_min": 0.19728729963008632, "kda": 2.5, "abandons": 0, "benchmarks": {"gold_per_min": {"raw": 452, "pct": 0.29571303587051617}, "xp_per_min": {"raw": 555, "pct": 0.326334208223972}, "kills_per_min": {"raw": 0.19728729963008632, "pct": 0.5901137357830272}, "last_hits_per_min": {"raw": 4.611590628853268, "pct": 0.3184601924759405}, "hero_damage_per_min": {"raw": 645.252774352651, "pct": 0.531496062992126}, "hero_healing_per_min": {"raw": 50.90012330456227, "pct": 0.9326334208223972}, "tower_damage": {"raw": 1889, "pct": 0.42344706911636043}}}, {"player_slot": 1, "team_number": 0, "team_slot": 1, "hero_id": 42, "hero_variant": 1, "item_0": 50, "item_1": 1, "item_2": 108, "item_3": 55, "item_4": 116, "item_5": 137, "backpack_0": 0, "backpack_1": 0, "backpack_2": 0, "item_neutral": 1643, "item_neutral2": 1584, "kills": 11, "deaths": 5, "assists": 12, "leaver_status": 0, "last_hits": 288, "denies": 5, "gold_per_min": 568, "xp_per_min": 765, "level": 23, "net_worth": 21386, "aghanims_scepter": 0, "aghanims_shard": 1, "moonshard": 0, "hero_damage": 32085, "tower_damage": 4420, "hero_healing": 0, "gold": 1186, "gold_spent": 21555, "ability_upgrades_arr": [5088, 5086, 5087, 5087, 5087, 5089, 5087, 5088, 5088, 5088, 6088, 5086, 5089, 5086, 5086, 6195, 5089, 6020], "is_subscriber": false, "radiant_win": false, "start_time": 1769235038, "duration": 2433, "cluster": 271, "lobby_type": 7, "game_mode": 22, "is_contributor": false, "patch": 59, "region": 3, "isRadiant": true, "win": 0, "lose": 1, "total_gold": 23032, "total_xp": 31020, "kills_per_min": 0.2712700369913687, "kda": 3.83, "abandons": 0, "benchmarks": {"gold_per_min": {"raw": 568, "pct": 0.6061120543293718}, "xp_per_min": {"raw": 765, "pct": 0.5120543293718166}, "kills_per_min": {"raw": 0.2712700369913687, "pct": 0.7327674023769101}, "last_hits_per_min": {"raw": 7.102342786683107, "pct": 0.7157894736842105}, "hero_damage_per_min": {"raw": 791.2453760789149, "pct": 0.6529711375212224}, "hero_healing_per_min": {"raw": 0, "pct": 0.9507640067911715}, "tower_damage": {"raw": 4420, "pct": 0.5178268251273345}}}, {"player_slot": 2, "team_number": 0, "team_slot": 2, "hero_id": 102, "hero_variant": 1, "item_0": 147, "item_1": 939, "item_2": 98, "item_3": 50, "item_4": 73, "item_5": 137, "backpack_0": 0, "backpack_1": 0, "backpack_2": 0, "item_neutral": 1168, "item_neutral2": 1584, "kills": 10, "deaths": 4, "assists": 16, "leaver_status": 0, "last_hits": 302, "denies": 10, "gold_per_min": 569, "xp_per_min": 748, "level": 23, "net_worth": 20996, "aghanims_scepter": 0, "aghanims_shard": 0, "moonshard": 0, "hero_damage": 38871, "tower_damage": 4902, "hero_healing": 1450, "gold": 1666, "gold_spent": 20320, "ability_upgrades_arr": [5587, 5586, 5587, 5586, 5586, 5588, 5587, 5587, 5586, 1165, 5585, 5585, 5588, 5585, 5585, 7340, 5588, 8251], "is_subscriber": false, "radiant_win": false, "start_time": 1769235038, "duration": 2433, "cluster": 271, "lobby_type": 7, "game_mode": 22, "is_contributor": false, "patch": 59, "region": 3, "isRadiant": true, "win": 0, "lose": 1, "total_gold": 23072, "total_xp": 30331, "kills_per_min": 0.24660912453760792, "kda": 5.2, "abandons": 0, "benchmarks": {"gold_per_min": {"raw": 569, "pct": 0.8299050632911392}, "xp_per_min": {"raw": 748, "pct": 0.7017405063291139}, "kills_per_min": {"raw": 0.2466091245376079, "pct": 0.814873417721519}, "last_hits_per_min": {"raw": 7.447595561035759, "pct": 0.879746835443038}, "hero_damage_per_min": {"raw": 958.5943279901356, "pct": 0.9082278481012658}, "hero_healing_per_min": {"raw": 35.75832305795315, "pct": 0.5181962025316456}, "tower_damage": {"raw": 4902, "pct": 0.8006329113924051}}}, {"player_slot": 3, "team_number": 0, "team_slot": 3, "hero_id": 83, "hero_variant": 3, "item_0": 180, "item_1": 1, "item_2": 43, "item_3": 267, "item_4": 36, "item_5": 0, "backpack_0": 0, "backpack_1": 0, "backpack_2": 216, "item_neutral": 1720, "item_neutral2": 1577, "kills": 3, "deaths": 8, "assists": 18, "leaver_status": 1, "last_hits": 60, "denies": 2, "gold_per_min": 280, "xp_per_min": 534, "level": 20, "net_worth": 9898, "aghanims_scepter": 0, "aghanims_shard": 1, "moonshard": 0, "hero_damage": 15331, "tower_damage": 103, "hero_healing": 7462, "gold": 1398, "gold_spent": 9890, "ability_upgrades_arr": [5435, 338, 5435, 5436, 5435, 5437, 5435, 5436, 5436, 339, 730, 5436, 5437, 338, 338, 340, 730, 338, 5437, 756], "is_subscriber": false, "radiant_win": false, "start_time": 1769235038, "duration": 2433, "cluster": 271, "lobby_type": 7, "game_mode": 22, "is_contributor": false, "patch": 59, "region": 3, "isRadiant": true, "win": 0, "lose": 1, "total_gold": 11354, "total_xp": 21653, "kills_per_min": 0.07398273736128237, "kda": 2.33, "abandons": 0, "benchmarks": {"gold_per_min": {"raw": 280, "pct": 0.3049295774647887}, "xp_per_min": {"raw": 534, "pct": 0.569718309859155}, "kills_per_min": {"raw": 0.07398273736128237, "pct": 0.49014084507042255}, "last_hits_per_min": {"raw": 1.4796547472256474, "pct": 0.5809859154929577}, "hero_damage_per_min": {"raw": 378.07644882860666, "pct": 0.7070422535211267}, "hero_healing_per_min": {"raw": 184.01972872996302, "pct": 0.8485915492957746}, "tower_damage": {"raw": 103, "pct": 0.37253521126760564}}}, {"player_slot": 4, "team_number": 0, "team_slot": 4, "hero_id": 22, "hero_variant": 2, "item_0": 180, "item_1": 41, "item_2": 108, "item_3": 1, "item_4": 77, "item_5": 1808, "backpack_0": 188, "backpack_1": 42, "backpack_2": 0, "item_neutral": 1604, "item_neutral2": 1577, "kills": 13, "deaths": 9, "assists": 16, "leaver_status": 0, "last_hits": 137, "denies": 13, "gold_per_min": 483, "xp_per_min": 638, "level": 21, "net_worth": 16502, "aghanims_scepter": 0, "aghanims_shard": 1, "moonshard": 0, "hero_damage": 50458, "tower_damage": 753, "hero_healing": 0, "gold": 422, "gold_spent": 18825, "ability_upgrades_arr": [5110, 5111, 641, 5111, 5111, 5113, 5111, 5110, 5110, 6157, 5110, 641, 5113, 641, 641, 611, 5113, 6501], "is_subscriber": false, "radiant_win": false, "start_time": 1769235038, "duration": 2433, "cluster": 271, "lobby_type": 7, "game_mode": 22, "is_contributor": false, "patch": 59, "region": 3, "isRadiant": true, "win": 0, "lose": 1, "total_gold": 19585, "total_xp": 25870, "kills_per_min": 0.3205918618988903, "kda": 2.9, "abandons": 0, "benchmarks": {"gold_per_min": {"raw": 483, "pct": 0.6228924246022323}, "xp_per_min": {"raw": 638, "pct": 0.4647352172880551}, "kills_per_min": {"raw": 0.3205918618988902, "pct": 0.8534789836143434}, "last_hits_per_min": {"raw": 3.3785450061652282, "pct": 0.46164806459273333}, "hero_damage_per_min": {"raw": 1244.3403205918619, "pct": 0.8689147470909523}, "hero_healing_per_min": {"raw": 0, "pct": 0.8197577772500594}, "tower_damage": {"raw": 753, "pct": 0.6321538826881976}}}, {"account_id": 89026444, "player_slot": 128, "team_number": 1, "team_slot": 0, "hero_id": 25, "hero_variant": 2, "item_0": 96, "item_1": 596, "item_2": 277, "item_3": 48, "item_4": 166, "item_5": 41, "backpack_0": 0, "backpack_1": 0,