{"players": [{"account_id": 37467834, "player_slot": 0, "team_number": 0, "team_slot": 0, "hero_id": 84, "hero_variant": 1, "item_0": 231, "item_1": 65, "item_2": 1, "item_3": 36, "item_4": 218, "item_5": 0, "backpack_0": 0, "backpack_1": 0, "backpack_2": 0, "item_neutral": 1607, "item_neutral2": 1597, "kills": 4, "deaths": 11, "assists": 24, "leaver_status": 0, "last_hits": 53, "denies": 1, "gold_per_min": 419, "xp_per_min": 812, "level": 24, "net_worth": 15062, "aghanims_scepter": 0, "aghanims_shard": 0, "moonshard": 0, "hero_damage": 19450, "tower_damage": 3644, "hero_healing": 1543, "gold": 5012, "gold_spent": 11290, "ability_upgrades_arr": [5439, 5438, 5439, 5440, 5439, 5441, 5439, 5440, 5440, 5438, 403, 5441, 5440, 5438, 1181, 5438, 5441, 6183], "personaname": "ExtremoDiaz", "name": null, "last_login": null, "rank_tier": 22, "computed_mmr": 3968.35, "is_subscriber": false, "radiant_win": true, "start_time": 1746553383, "duration": 2498, "cluster": 346, "lobby_type": 7, "game_mode": 22, "is_contributor": false, "patch": 57, "region": 38, "isRadiant": true, "win": 1, "lose": 0, "total_gold": 17444, "total_xp": 33806, "kills_per_min": 0.09607686148919135, "kda": 2.33, "abandons": 0, "benchmarks": {"gold_per_min": {"raw": 419, "pct": 0.3956704750450992}, "xp_per_min": {"raw": 812, "pct": 0.8418520745640409}, "kills_per_min": {"raw": 0.09607686148919134, "pct": 0.40849869713369413}, "last_hits_per_min": {"raw": 1.2730184147317853, "pct": 0.11785929043896573}, "hero_damage_per_min": {"raw": 467.173738991193, "pct": 0.3890559230306675}, "hero_healing_per_min": {"raw": 37.06164931945557, "pct": 0.8879534976949288}, "tower_damage": {"raw": 3644, "pct": 0.8506714772499498}}}, {"player_slot": 1, "team_number": 0, "team_slot": 1, "hero_id": 10, "hero_variant": 1, "item_0": 63, "item_1": 36, "item_2": 147, "item_3": 141, "item_4": 81, "item_5": 236, "backpack_0": 4206, "backpack_1": 0, "backpack_2": 0, "item_neutral": 1159, "item_neutral2": 1584, "kills": 10, "deaths": 7, "assists": 7, "leaver_status": 0, "last_hits": 305, "denies": 5, "gold_per_min": 589, "xp_per_min": 846, "level": 25, "net_worth": 21086, "aghanims_scepter": 0, "aghanims_shard": 1, "moonshard": 0, "hero_damage": 28210, "tower_damage": 11148, "hero_healing": 2560, "gold": 3986, "gold_spent": 18135, "ability_upgrades_arr": [5052, 5055, 5052, 5053, 5052, 5055, 5052, 5055, 5053, 5055, 5053, 5053, 6138, 5057, 5057, 6062, 5057, 5962, 7135], "is_subscriber": false, "radiant_win": true, "start_time": 1746553383, "duration": 2498, "cluster": 346, "lobby_type": 7, "game_mode": 22, "is_contributor": false, "patch": 57, "region": 38, "isRadiant": true, "win": 1, "lose": 0, "total_gold": 24522, "total_xp": 35221, "kills_per_min": 0.2401921537229784, "kda": 2.13, "abandons": 0, "benchmarks": {"gold_per_min": {"raw": 589, "pct": 0.5937149270482603}, "xp_per_min": {"raw": 846, "pct": 0.6150392817059483}, "kills_per_min": {"raw": 0.24019215372297836, "pct": 0.7008978675645342}, "last_hits_per_min": {"raw": 7.325860688550841, "pct": 0.45286195286195285}, "hero_damage_per_min": {"raw": 677.582065652522, "pct": 0.7166105499438833}, "hero_healing_per_min": {"raw": 61.48919135308246, "pct": 0.9046015712682379}, "tower_damage": {"raw": 11148, "pct": 0.7104377104377104}}}, {"account_id": 118804597, "player_slot": 2, "team_number": 0, "team_slot": 2, "hero_id": 104, "hero_variant": 1, "item_0": 1, "item_1": 36, "item_2": 29, "item_3": 11, "item_4": 235, "item_5": 127, "backpack_0": 0, "backpack_1": 0, "backpack_2": 0, "item_neutral": 309, "item_neutral2": 1584, "kills": 7, "deaths": 9, "assists": 17, "leaver_status": 0, "last_hits": 220, "denies": 7, "gold_per_min": 489, "xp_per_min": 657, "level": 22, "net_worth": 18930, "aghanims_scepter": 1, "aghanims_shard": 1, "moonshard": 0, "hero_damage": 32015, "tower_damage": 68, "hero_healing": 752, "gold": 1330, "gold_spent": 18150, "ability_upgrades_arr": [5595, 5597, 5595, 5597, 5595, 5598, 5597, 5595, 5597, 1113, 5596, 5596, 5598, 5596, 6671, 5596, 5598, 6526], "personaname": "-Yamat]o[-", "name": null, "last_login": null, "rank_tier": 23, "computed_mmr": 4016.13, "is_subscriber": false, "radiant_win": true, "start_time": 1746553383, "duration": 2498, "cluster": 346, "lobby_type": 7, "game_mode": 22, "is_contributor": false, "patch": 57, "region": 38, "isRadiant": true, "win": 1, "lose": 0, "total_gold": 20358, "total_xp": 27353, "kills_per_min": 0.16813450760608487, "kda": 2.4, "abandons": 0, "benchmarks": {"gold_per_min": {"raw": 489, "pct": 0.4896124031007752}, "xp_per_min": {"raw": 657, "pct": 0.41472868217054265}, "kills_per_min": {"raw": 0.16813450760608487, "pct": 0.3375193798449612}, "last_hits_per_min": {"raw": 5.2842273819055245, "pct": 0.669922480620155}, "hero_damage_per_min": {"raw": 768.9751801441153, "pct": 0.6317829457364341}, "hero_healing_per_min": {"raw": 18.062449959967974, "pct": 0.3192248062015504}, "tower_damage": {"raw": 68, "pct": 0.17968992248062016}}}, {"account_id": 169285308, "player_slot": 3, "team_number": 0, "team_slot": 3, "hero_id": 44, "hero_variant": 3, "item_0": 75, "item_1": 117, "item_2": 50, "item_3": 116, "item_4": 168, "item_5": 143, "backpack_0": 0, "backpack_1": 11, "backpack_2": 36, "item_neutral": 1603, "item_neutral2": 1585, "kills": 9, "deaths": 10, "assists": 8, "leaver_status": 0, "last_hits": 212, "denies": 11, "gold_per_min": 520, "xp_per_min": 805, "level": 24, "net_worth": 19785, "aghanims_scepter": 0, "aghanims_shard": 0, "moonshard": 0, "hero_damage": 33284, "tower_damage": 2663, "hero_healing": 0, "gold": 2430, "gold_spent": 18285, "ability_upgrades_arr": [5190, 5191, 5192, 5191, 5190, 5193, 5190, 5190, 5191, 5191, 559, 5193, 5192, 5192, 491, 5192, 5193, 490], "personaname": "DE MOQUEGUA PARA EL MUNDO", "name": null, "last_login": null, "rank_tier": 25, "computed_mmr": 3798.23, "is_subscriber": false, "radiant_win": true, "start_time": 1746553383, "duration": 2498, "cluster": 346, "lobby_type": 7, "game_mode": 22, "is_contributor": false, "patch": 57, "region": 38, "isRadiant": true, "win": 1, "lose": 0, "total_gold": 21649, "total_xp": 33514, "kills_per_min": 0.21617293835068055, "kda": 1.55, "abandons": 0, "benchmarks": {"gold_per_min": {"raw": 520, "pct": 0.4101281650515786}, "xp_per_min": {"raw": 805, "pct": 0.5085964363863708}, "kills_per_min": {"raw": 0.21617293835068055, "pct": 0.4613941856830259}, "last_hits_per_min": {"raw": 5.092073658927141, "pct": 0.22319474835886213}, "hero_damage_per_min": {"raw": 799.4555644515613, "pct": 0.7086589559237262}, "hero_healing_per_min": {"raw": 0, "pct": 0.9584245076586433}, "tower_damage": {"raw": 2663, "pct": 0.543607377305408}}}, {"player_slot": 4, "team_number": 0, "team_slot": 4, "hero_id": 85, "hero_variant": 1, "item_0": 210, "item_1": 127, "item_2": 116, "item_3": 114, "item_4": 1575, "item_5": 180, "backpack_0": 0, "backpack_1": 0, "backpack_2": 0, "item_neutral": 309, "item_neutral2": 1585, "kills": 14, "deaths": 8, "assists": 17, "leaver_status": 0, "last_hits": 187, "denies": 0, "gold_per_min": 496, "xp_per_min": 607, "level": 21, "net_worth": 18282, "aghanims_scepter": 0, "aghanims_shard": 0, "moonshard": 0, "hero_damage": 30911, "tower_damage": 178, "hero_healing": 0, "gold": 2482, "gold_spent": 17445, "ability_upgrades_arr": [5444, 5442, 5444, 5442, 5444, 5447, 5444, 5442, 5443, 813, 5442, 5447, 5443, 5443, 6155, 5443, 5447, 6420], "is_subscriber": false, "radiant_win": true, "start_time": 1746553383, "duration": 2498, "cluster": 346, "lobby_type": 7, "game_mode": 22, "is_contributor": false, "patch": 57, "region": 38, "isRadiant": true, "win": 1, "lose": 0, "total_gold": 20650, "total_xp": 25271, "kills_per_min": 0.33626901521216973, "kda": 3.44, "abandons": 0, "benchmarks": {"gold_per_min": {"raw": 496, "pct": 0.8230054221533695}, "xp_per_min": {"raw": 607, "pct": 0.5081332300542215}, "kills_per_min": {"raw": 0.33626901521216973, "pct": 0.8938807126258714}, "last_hits_per_min": {"raw": 4.491593274619696, "pct": 0.8330751355538343},