{"players": [{"player_slot": 0, "team_number": 0, "team_slot": 0, "hero_id": 28, "hero_variant": 2, "item_0": 939, "item_1": 63, "item_2": 112, "item_3": 116, "item_4": 1, "item_5": 81, "backpack_0": 0, "backpack_1": 0, "backpack_2": 0, "item_neutral": 1643, "item_neutral2": 1594, "kills": 13, "deaths": 8, "assists": 20, "leaver_status": 0, "last_hits": 223, "denies": 11, "gold_per_min": 592, "xp_per_min": 872, "level": 26, "net_worth": 23392, "aghanims_scepter": 0, "aghanims_shard": 1, "moonshard": 0, "hero_damage": 51624, "tower_damage": 5465, "hero_healing": 3503, "gold": 2167, "gold_spent": 25350, "ability_upgrades_arr": [5116, 5115, 5114, 5116, 5114, 5117, 5115, 5114, 5114, 5116, 5116, 5117, 5115, 5115, 695, 6889, 5117, 504, 6890], "is_subscriber": false, "radiant_win": true, "start_time": 1761519489, "duration": 2690, "cluster": 381, "lobby_type": 0, "game_mode": 22, "is_contributor": false, "patch": 58, "isRadiant": true, "win": 1, "lose": 0, "total_gold": 26541, "total_xp": 39094, "kills_per_min": 0.2899628252788104, "kda": 3.67, "abandons": 0, "benchmarks": {"gold_per_min": {"raw": 592, "pct": 0.8702726473175022}, "xp_per_min": {"raw": 872, "pct": 0.7792436235708003}, "kills_per_min": {"raw": 0.28996282527881045, "pct": 0.7959542656112577}, "last_hits_per_min": {"raw": 4.973977695167286, "pct": 0.6424802110817942}, "hero_damage_per_min": {"raw": 1151.46468401487, "pct": 0.9846086191732629}, "hero_healing_per_min": {"raw": 78.13382899628252, "pct": 1}, "tower_damage": {"raw": 5465, "pct": 0.9063324538258575}}}, {"account_id": 65137360, "player_slot": 1, "team_number": 0, "team_slot": 1, "hero_id": 123, "hero_variant": 1, "item_0": 40, "item_1": 36, "item_2": 218, "item_3": 231, "item_4": 100, "item_5": 267, "backpack_0": 38, "backpack_1": 0, "backpack_2": 0, "item_neutral": 1607, "item_neutral2": 1592, "kills": 7, "deaths": 5, "assists": 26, "leaver_status": 0, "last_hits": 100, "denies": 3, "gold_per_min": 429, "xp_per_min": 806, "level": 25, "net_worth": 18250, "aghanims_scepter": 0, "aghanims_shard": 0, "moonshard": 0, "hero_damage": 27421, "tower_damage": 2925, "hero_healing": 2650, "gold": 7015, "gold_spent": 12420, "ability_upgrades_arr": [8429, 8158, 9501, 8158, 8429, 8106, 8158, 8429, 8429, 8158, 7132, 8106, 9501, 9501, 9513, 9501, 8106, 7383], "personaname": "PatoDeGoma", "name": null, "last_login": "2021-02-10T20:32:57.535Z", "rank_tier": 45, "computed_mmr": null, "is_subscriber": false, "radiant_win": true, "start_time": 1761519489, "duration": 2690, "cluster": 381, "lobby_type": 0, "game_mode": 22, "is_contributor": false, "patch": 58, "isRadiant": true, "win": 1, "lose": 0, "total_gold": 19233, "total_xp": 36135, "kills_per_min": 0.15613382899628253, "kda": 5.5, "abandons": 0, "benchmarks": {"gold_per_min": {"raw": 429, "pct": 0.7315875613747954}, "xp_per_min": {"raw": 806, "pct": 0.8596563011456628}, "kills_per_min": {"raw": 0.1561338289962825, "pct": 0.5687397708674304}, "last_hits_per_min": {"raw": 2.2304832713754648, "pct": 0.48567921440261863}, "hero_damage_per_min": {"raw": 611.6208178438661, "pct": 0.7675941080196399}, "hero_healing_per_min": {"raw": 59.10780669144981, "pct": 0.9476268412438625}, "tower_damage": {"raw": 2925, "pct": 0.9034369885433715}}}, {"player_slot": 2, "team_number": 0, "team_slot": 2, "hero_id": 93, "hero_variant": 2, "item_0": 225, "item_1": 249, "item_2": 160, "item_3": 174, "item_4": 123, "item_5": 63, "backpack_0": 11, "backpack_1": 0, "backpack_2": 0, "item_neutral": 1605, "item_neutral2": 1576, "kills": 20, "deaths": 7, "assists": 11, "leaver_status": 0, "last_hits": 251, "denies": 13, "gold_per_min": 636, "xp_per_min": 1025, "level": 27, "net_worth": 27749, "aghanims_scepter": 0, "aghanims_shard": 1, "moonshard": 0, "hero_damage": 43515, "tower_damage": 6741, "hero_healing": 0, "gold": 1374, "gold_spent": 27100, "ability_upgrades_arr": [5496, 5495, 5494, 5494, 5494, 5497, 5494, 5496, 5496, 5496, 6147, 5497, 5495, 5495, 5495, 921, 5497, 892, 6894, 821], "is_subscriber": false, "radiant_win": true, "start_time": 1761519489, "duration": 2690, "cluster": 381, "lobby_type": 0, "game_mode": 22, "is_contributor": false, "patch": 58, "isRadiant": true, "win": 1, "lose": 0, "total_gold": 28514, "total_xp": 45954, "kills_per_min": 0.44609665427509293, "kda": 3.88, "abandons": 0, "benchmarks": {"gold_per_min": {"raw": 636, "pct": 0.7697490706319703}, "xp_per_min": {"raw": 1025, "pct": 0.8138940520446096}, "kills_per_min": {"raw": 0.44609665427509293, "pct": 0.8515334572490706}, "last_hits_per_min": {"raw": 5.598513011152416, "pct": 0.4888475836431227}, "hero_damage_per_min": {"raw": 970.5947955390334, "pct": 0.879182156133829}, "hero_healing_per_min": {"raw": 0, "pct": 0.9658457249070632}, "tower_damage": {"raw": 6741, "pct": 0.6445167286245354}}}, {"player_slot": 3, "team_number": 0, "team_slot": 3, "hero_id": 39, "hero_variant": 2, "item_0": 36, "item_1": 100, "item_2": 98, "item_3": 123, "item_4": 119, "item_5": 63, "backpack_0": 77, "backpack_1": 41, "backpack_2": 0, "item_neutral": 1607, "item_neutral2": 1592, "kills": 10, "deaths": 9, "assists": 20, "leaver_status": 0, "last_hits": 222, "denies": 18, "gold_per_min": 538, "xp_per_min": 840, "level": 25, "net_worth": 22416, "aghanims_scepter": 0, "aghanims_shard": 1, "moonshard": 0, "hero_damage": 50586, "tower_damage": 5213, "hero_healing": 0, "gold": 2136, "gold_spent": 20705, "ability_upgrades_arr": [5173, 5174, 5173, 5175, 5173, 5176, 5173, 5175, 5175, 5175, 5174, 5176, 5174, 5174, 6115, 5939, 5176, 590], "is_subscriber": false, "radiant_win": true, "start_time": 1761519489, "duration": 2690, "cluster": 381, "lobby_type": 0, "game_mode": 22, "is_contributor": false, "patch": 58, "isRadiant": true, "win": 1, "lose": 0, "total_gold": 24120, "total_xp": 37660, "kills_per_min": 0.22304832713754646, "kda": 3, "abandons": 0, "benchmarks": {"gold_per_min": {"raw": 538, "pct": 0.5429299363057325}, "xp_per_min": {"raw": 840, "pct": 0.6152866242038216}, "kills_per_min": {"raw": 0.22304832713754646, "pct": 0.46267515923566876}, "last_hits_per_min": {"raw": 4.951672862453531, "pct": 0.4063694267515924}, "hero_damage_per_min": {"raw": 1128.3122676579926, "pct": 0.7890445859872611}, "hero_healing_per_min": {"raw": 0, "pct": 0.8264968152866242}, "tower_damage": {"raw": 5213, "pct": 0.8509554140127389}}}, {"player_slot": 4, "team_number": 0, "team_slot": 4, "hero_id": 86, "hero_variant": 2, "item_0": 593, "item_1": 123, "item_2": 37, "item_3": 180, "item_4": 232, "item_5": 108, "backpack_0": 23, "backpack_1": 57, "backpack_2": 244, "item_neutral": 1603, "item_neutral2": 1593, "kills": 6, "deaths": 9, "assists": 22, "leaver_status": 0, "last_hits": 114, "denies": 6, "gold_per_min": 429, "xp_per_min": 631, "level": 22, "net_worth": 16970, "aghanims_scepter": 0, "aghanims_shard": 0, "moonshard": 0, "hero_damage": 24259, "tower_damage": 91, "hero_healing": 629, "gold": 620, "gold_spent": 17250, "ability_upgrades_arr": [5450, 5448, 7320, 5450, 5450, 5452, 5448, 7320, 7320, 5448, 5448, 5452, 5450, 7320, 897, 518, 5452, 6863], "is_subscriber": false, "radiant_win": true, "start_time": 1761519489, "duration": 2690, "cluster": 381, "lobby_type": 0, "game_mode": 22, "is_contributor": false, "patch": 58, "isRadiant": true, "win": 1, "lose": 0, "total_gold": 19233, "total_xp": 28289, "kills_per_min": 0.13382899628252787, "kda": 2.8, "abandons": 0, "benchmarks": {"gold_per_min": {"raw": 429, "pct": 0.621716611172771}, "xp_per_min": {"raw": 631, "pct": 0.5394006659267481}, "kills_per_min": {"raw": 0.1338289962825279, "pct": 0.48261191268960413}, "last_hits_per_min": {"raw": 2.54275092936803, "pct": 0.4707732149463559}, "hero_damage_per_min": {"raw": 541.092936802974, "pct": 0.48335183129855713}, "hero_healing_per_min": {"raw": 14.029739776951672, "pct": 0.7604513503514614}, "tower_damage": {"raw": 91, "pct": 0.2587865334813171}}}, {"account_id": 1730805424, "player_slot": 128, "team_number": 1, "team_slot": 0, "hero_id": 5, "hero_variant": 3, "item_0": 102, "item_1": 214,