{"players": [{"player_slot": 0, "team_number": 0, "team_slot": 0, "hero_id": 50, "hero_variant": 2, "item_0": 180, "item_1": 79, "item_2": 123, "item_3": 0, "item_4": 43, "item_5": 254, "backpack_0": 0, "backpack_1": 0, "backpack_2": 0, "item_neutral": 1607, "item_neutral2": 1594, "kills": 2, "deaths": 10, "assists": 15, "leaver_status": 0, "last_hits": 64, "denies": 1, "gold_per_min": 291, "xp_per_min": 499, "level": 20, "net_worth": 12439, "aghanims_scepter": 0, "aghanims_shard": 1, "moonshard": 0, "hero_damage": 7658, "tower_damage": 221, "hero_healing": 5702, "gold": 764, "gold_spent": 11925, "ability_upgrades_arr": [5233, 5234, 5233, 5235, 5233, 1550, 5233, 5235, 5235, 5235, 1018, 1550, 5234, 5234, 6232, 5234, 1550, 1552], "is_subscriber": false, "radiant_win": false, "start_time": 1762043232, "duration": 2795, "cluster": 381, "lobby_type": 0, "game_mode": 22, "is_contributor": false, "patch": 58, "isRadiant": true, "win": 0, "lose": 1, "total_gold": 13555, "total_xp": 23245, "kills_per_min": 0.04293381037567084, "kda": 1.55, "abandons": 0, "benchmarks": {"gold_per_min": {"raw": 291, "pct": 0.3252840909090909}, "xp_per_min": {"raw": 499, "pct": 0.4169034090909091}, "kills_per_min": {"raw": 0.04293381037567084, "pct": 0.2634943181818182}, "last_hits_per_min": {"raw": 1.3738819320214668, "pct": 0.4637784090909091}, "hero_damage_per_min": {"raw": 164.39355992844366, "pct": 0.11789772727272728}, "hero_healing_per_min": {"raw": 122.40429338103758, "pct": 0.1690340909090909}, "tower_damage": {"raw": 221, "pct": 0.37642045454545453}}}, {"account_id": 212095881, "player_slot": 1, "team_number": 0, "team_slot": 1, "hero_id": 63, "hero_variant": 1, "item_0": 123, "item_1": 40, "item_2": 141, "item_3": 75, "item_4": 63, "item_5": 168, "backpack_0": 218, "backpack_1": 34, "backpack_2": 0, "item_neutral": 1605, "item_neutral2": 1586, "kills": 5, "deaths": 8, "assists": 7, "leaver_status": 0, "last_hits": 279, "denies": 5, "gold_per_min": 462, "xp_per_min": 692, "level": 24, "net_worth": 17557, "aghanims_scepter": 0, "aghanims_shard": 1, "moonshard": 0, "hero_damage": 28996, "tower_damage": 5398, "hero_healing": 0, "gold": 82, "gold_spent": 18785, "ability_upgrades_arr": [5290, 5291, 5289, 5290, 5290, 5292, 5289, 5291, 5290, 6115, 5291, 5292, 5291, 5289, 5289, 6989, 5292, 6988], "personaname": "HSTCrisandkTDECJR86", "name": null, "last_login": null, "rank_tier": 52, "computed_mmr": 4113.22, "is_subscriber": false, "radiant_win": false, "start_time": 1762043232, "duration": 2795, "cluster": 381, "lobby_type": 0, "game_mode": 22, "is_contributor": false, "patch": 58, "isRadiant": true, "win": 0, "lose": 1, "total_gold": 21521, "total_xp": 32235, "kills_per_min": 0.1073345259391771, "kda": 1.33, "abandons": 0, "benchmarks": {"gold_per_min": {"raw": 462, "pct": 0.3798076923076923}, "xp_per_min": {"raw": 692, "pct": 0.4140625}, "kills_per_min": {"raw": 0.1073345259391771, "pct": 0.17698317307692307}, "last_hits_per_min": {"raw": 5.989266547406082, "pct": 0.5294471153846154}, "hero_damage_per_min": {"raw": 622.4543828264759, "pct": 0.5063100961538461}, "hero_healing_per_min": {"raw": 0, "pct": 0.81640625}, "tower_damage": {"raw": 5398, "pct": 0.60546875}}}, {"player_slot": 2, "team_number": 0, "team_slot": 2, "hero_id": 68, "hero_variant": 1, "item_0": 231, "item_1": 43, "item_2": 100, "item_3": 0, "item_4": 0, "item_5": 254, "backpack_0": 0, "backpack_1": 0, "backpack_2": 0, "item_neutral": 1158, "item_neutral2": 1592, "kills": 9, "deaths": 10, "assists": 9, "leaver_status": 0, "last_hits": 58, "denies": 3, "gold_per_min": 343, "xp_per_min": 626, "level": 23, "net_worth": 12588, "aghanims_scepter": 0, "aghanims_shard": 1, "moonshard": 0, "hero_damage": 31598, "tower_damage": 74, "hero_healing": 0, "gold": 1238, "gold_spent": 12335, "ability_upgrades_arr": [5347, 5345, 5346, 5346, 5346, 5348, 5346, 5345, 5345, 973, 5345, 5348, 5347, 5347, 6214, 5347, 5348, 6291], "is_subscriber": false, "radiant_win": false, "start_time": 1762043232, "duration": 2795, "cluster": 381, "lobby_type": 0, "game_mode": 22, "is_contributor": false, "patch": 58, "isRadiant": true, "win": 0, "lose": 1, "total_gold": 15978, "total_xp": 29161, "kills_per_min": 0.19320214669051877, "kda": 1.64, "abandons": 0, "benchmarks": {"gold_per_min": {"raw": 343, "pct": 0.485307621671258}, "xp_per_min": {"raw": 626, "pct": 0.6923783287419651}, "kills_per_min": {"raw": 0.1932021466905188, "pct": 0.8319559228650137}, "last_hits_per_min": {"raw": 1.2450805008944545, "pct": 0.40587695133149676}, "hero_damage_per_min": {"raw": 678.3112701252237, "pct": 0.9453627180899908}, "hero_healing_per_min": {"raw": 0, "pct": 0.6882460973370065}, "tower_damage": {"raw": 74, "pct": 0.3475665748393021}}}, {"account_id": 131447212, "player_slot": 3, "team_number": 0, "team_slot": 3, "hero_id": 95, "hero_variant": 2, "item_0": 145, "item_1": 116, "item_2": 154, "item_3": 143, "item_4": 63, "item_5": 135, "backpack_0": 36, "backpack_1": 0, "backpack_2": 0, "item_neutral": 1605, "item_neutral2": 1577, "kills": 7, "deaths": 7, "assists": 8, "leaver_status": 0, "last_hits": 345, "denies": 10, "gold_per_min": 536, "xp_per_min": 733, "level": 24, "net_worth": 23774, "aghanims_scepter": 0, "aghanims_shard": 1, "moonshard": 0, "hero_damage": 38162, "tower_damage": 980, "hero_healing": 0, "gold": 799, "gold_spent": 23165, "ability_upgrades_arr": [5509, 5511, 5508, 5511, 5511, 5512, 5511, 5508, 5508, 5508, 6958, 5512, 5510, 5510, 492, 5510, 5512, 1011], "personaname": "HSTNune", "name": null, "last_login": null, "rank_tier": 35, "computed_mmr": 3890.46, "is_subscriber": false, "radiant_win": false, "start_time": 1762043232, "duration": 2795, "cluster": 381, "lobby_type": 0, "game_mode": 22, "is_contributor": false, "patch": 58, "isRadiant": true, "win": 0, "lose": 1, "total_gold": 24968, "total_xp": 34145, "kills_per_min": 0.15026833631484793, "kda": 1.88, "abandons": 0, "benchmarks": {"gold_per_min": {"raw": 536, "pct": 0.48704663212435234}, "xp_per_min": {"raw": 733, "pct": 0.4585492227979275}, "kills_per_min": {"raw": 0.15026833631484796, "pct": 0.3601036269430052}, "last_hits_per_min": {"raw": 7.40608228980322, "pct": 0.6075129533678757}, "hero_damage_per_min": {"raw": 819.2200357781753, "pct": 0.75}, "hero_healing_per_min": {"raw": 0, "pct": 0.961139896373057}, "tower_damage": {"raw": 980, "pct": 0.327720207253886}}}, {"player_slot": 4, "team_number": 0, "team_slot": 4, "hero_id": 4, "hero_variant": 1, "item_0": 75, "item_1": 94, "item_2": 50, "item_3": 692, "item_4": 123, "item_5": 125, "backpack_0": 0, "backpack_1": 0, "backpack_2": 0, "item_neutral": 71, "item_neutral2": 1577, "kills": 3, "deaths": 13, "assists": 7, "leaver_status": 0, "last_hits": 173, "denies": 12, "gold_per_min": 367, "xp_per_min": 456, "level": 19, "net_worth": 14724, "aghanims_scepter": 0, "aghanims_shard": 1, "moonshard": 0, "hero_damage": 14807, "tower_damage": 201, "hero_healing": 125, "gold": 594, "gold_spent": 12970, "ability_upgrades_arr": [5016, 5015, 5016, 5017, 5016, 5018, 5016, 5017, 5017, 6034, 5015, 5018, 5017, 5015, 6356, 5015, 5018], "is_subscriber": false, "radiant_win": false, "start_time": 1762043232, "duration": 2795, "cluster": 381, "lobby_type": 0, "game_mode": 22, "is_contributor": false, "patch": 58, "isRadiant": true, "win": 0, "lose": 1, "total_gold": 17096, "total_xp": 21242, "kills_per_min": 0.06440071556350625, "kda": 0.71, "abandons": 0, "benchmarks": {"gold_per_min": {"raw": 367, "pct": 0.09879518072289156}, "xp_per_min": {"raw": 456, "pct": 0.09759036144578313}, "kills_per_min": {"raw": 0.06440071556350625, "pct": 0.06325301204819277}, "last_hits_per_min": {"raw": 3.7137745974955276, "pct": 0.13795180722891567}, "hero_damage_per_min": {"raw": 317.86046511627904, "pct": 0.0746987951807229}, "hero_healing_per_min": {"raw": 2.683363148479428, "pct": 0.9728915662650602}, "tower_damage": {"raw": 201, "pct": 0.19457831325301206}}}, {"player_slot": 128, "team_number": 1, "team_slot": 0, "hero_id": 104, "hero_variant": 1,