{"players": [{"account_id": 96945377, "player_slot": 0, "team_number": 0, "team_slot": 0, "hero_id": 22, "hero_variant": 1, "item_0": 96, "item_1": 48, "item_2": 110, "item_3": 116, "item_4": 108, "item_5": 277, "backpack_0": 41, "backpack_1": 0, "backpack_2": 0, "item_neutral": 326, "item_neutral2": 1590, "kills": 11, "deaths": 8, "assists": 42, "leaver_status": 0, "last_hits": 381, "denies": 3, "gold_per_min": 620, "xp_per_min": 1012, "level": 30, "net_worth": 32651, "aghanims_scepter": 0, "aghanims_shard": 1, "moonshard": 0, "hero_damage": 86184, "tower_damage": 3375, "hero_healing": 0, "gold": 5326, "gold_spent": 29910, "ability_upgrades_arr": [5110, 641, 5110, 5111, 5110, 5113, 5110, 5111, 5111, 5111, 5959, 5113, 641, 641, 611, 641, 5113, 6501, 8038, 6157, 1615, 6518, 1539], "personaname": "Yuri", "name": null, "last_login": "2021-10-24T04:04:37.294Z", "rank_tier": 51, "computed_mmr": 4073.92, "is_subscriber": false, "radiant_win": true, "start_time": 1765759388, "duration": 3842, "cluster": 241, "lobby_type": 0, "game_mode": 22, "is_contributor": false, "patch": 58, "region": 14, "isRadiant": true, "win": 1, "lose": 0, "total_gold": 39700, "total_xp": 64801, "kills_per_min": 0.1717855283706403, "kda": 5.89, "abandons": 0, "benchmarks": {"gold_per_min": {"raw": 620, "pct": 0.8827995255041519}, "xp_per_min": {"raw": 1012, "pct": 0.929300118623962}, "kills_per_min": {"raw": 0.1717855283706403, "pct": 0.41494661921708187}, "last_hits_per_min": {"raw": 5.95002602811036, "pct": 0.8011862396204034}, "hero_damage_per_min": {"raw": 1345.9239979177512, "pct": 0.9079478054567023}, "hero_healing_per_min": {"raw": 0, "pct": 0.8208778173190985}, "tower_damage": {"raw": 3375, "pct": 0.9539739027283511}}}, {"account_id": 108910635, "player_slot": 1, "team_number": 0, "team_slot": 1, "hero_id": 44, "hero_variant": 3, "item_0": 145, "item_1": 63, "item_2": 116, "item_3": 168, "item_4": 135, "item_5": 250, "backpack_0": 4206, "backpack_1": 0, "backpack_2": 0, "item_neutral": 327, "item_neutral2": 1581, "kills": 19, "deaths": 12, "assists": 22, "leaver_status": 0, "last_hits": 570, "denies": 5, "gold_per_min": 737, "xp_per_min": 1167, "level": 30, "net_worth": 36210, "aghanims_scepter": 1, "aghanims_shard": 0, "moonshard": 0, "hero_damage": 82927, "tower_damage": 8773, "hero_healing": 0, "gold": 6035, "gold_spent": 31760, "ability_upgrades_arr": [5190, 5191, 5190, 5191, 5190, 5193, 5190, 5191, 5191, 559, 1287, 5193, 1287, 1287, 491, 1287, 5193, 490, 6192, 483, 6848, 1074, 6847], "personaname": "Cheech", "name": null, "last_login": null, "rank_tier": 35, "computed_mmr": 3938.85, "is_subscriber": false, "radiant_win": true, "start_time": 1765759388, "duration": 3842, "cluster": 241, "lobby_type": 0, "game_mode": 22, "is_contributor": false, "patch": 58, "region": 14, "isRadiant": true, "win": 1, "lose": 0, "total_gold": 47192, "total_xp": 74726, "kills_per_min": 0.29672045809474235, "kda": 3.15, "abandons": 0, "benchmarks": {"gold_per_min": {"raw": 737, "pct": 0.8686365254538981}, "xp_per_min": {"raw": 1167, "pct": 0.8907084371662514}, "kills_per_min": {"raw": 0.29672045809474235, "pct": 0.6788892844428622}, "last_hits_per_min": {"raw": 8.90161374284227, "pct": 0.8177287290850836}, "hero_damage_per_min": {"raw": 1295.059864653826, "pct": 0.9583481666073336}, "hero_healing_per_min": {"raw": 0, "pct": 0.963688145247419}, "tower_damage": {"raw": 8773, "pct": 0.8355286578853685}}}, {"player_slot": 2, "team_number": 0, "team_slot": 2, "hero_id": 83, "hero_variant": 2, "item_0": 108, "item_1": 269, "item_2": 231, "item_3": 0, "item_4": 73, "item_5": 1, "backpack_0": 0, "backpack_1": 0, "backpack_2": 0, "item_neutral": 326, "item_neutral2": 1587, "kills": 4, "deaths": 7, "assists": 42, "leaver_status": 0, "last_hits": 70, "denies": 2, "gold_per_min": 347, "xp_per_min": 760, "level": 27, "net_worth": 19731, "aghanims_scepter": 0, "aghanims_shard": 1, "moonshard": 0, "hero_damage": 21480, "tower_damage": 0, "hero_healing": 24476, "gold": 3976, "gold_spent": 18265, "ability_upgrades_arr": [338, 5435, 5436, 5435, 338, 5437, 5436, 338, 5436, 339, 5436, 5437, 5435, 340, 5435, 338, 5437, 6531, 7115, 755], "is_subscriber": false, "radiant_win": true, "start_time": 1765759388, "duration": 3842, "cluster": 241, "lobby_type": 0, "game_mode": 22, "is_contributor": false, "patch": 58, "region": 14, "isRadiant": true, "win": 1, "lose": 0, "total_gold": 22219, "total_xp": 48665, "kills_per_min": 0.062467464862051014, "kda": 5.75, "abandons": 0, "benchmarks": {"gold_per_min": {"raw": 347, "pct": 0.5905006418485238}, "xp_per_min": {"raw": 760, "pct": 0.9101412066752247}, "kills_per_min": {"raw": 0.062467464862051014, "pct": 0.40436456996148906}, "last_hits_per_min": {"raw": 1.0931806350858928, "pct": 0.306803594351733}, "hero_damage_per_min": {"raw": 335.45028630921394, "pct": 0.5391527599486521}, "hero_healing_per_min": {"raw": 382.2384174908902, "pct": 0.9961489088575096}, "tower_damage": {"raw": 0, "pct": 0.27086007702182285}}}, {"player_slot": 3, "team_number": 0, "team_slot": 3, "hero_id": 101, "hero_variant": 1, "item_0": 256, "item_1": 277, "item_2": 90, "item_3": 254, "item_4": 180, "item_5": 102, "backpack_0": 0, "backpack_1": 0, "backpack_2": 0, "item_neutral": 370, "item_neutral2": 1592, "kills": 7, "deaths": 9, "assists": 40, "leaver_status": 0, "last_hits": 102, "denies": 6, "gold_per_min": 416, "xp_per_min": 876, "level": 28, "net_worth": 23001, "aghanims_scepter": 0, "aghanims_shard": 1, "moonshard": 0, "hero_damage": 39228, "tower_damage": 3494, "hero_healing": 0, "gold": 4926, "gold_spent": 21890, "ability_upgrades_arr": [5582, 5583, 5582, 5581, 5582, 5584, 5583, 5583, 5582, 7132, 5581, 5584, 5583, 5581, 6181, 5581, 5584, 6885, 6884, 411, 1480], "is_subscriber": false, "radiant_win": true, "start_time": 1765759388, "duration": 3842, "cluster": 241, "lobby_type": 0, "game_mode": 22, "is_contributor": false, "patch": 58, "region": 14, "isRadiant": true, "win": 1, "lose": 0, "total_gold": 26637, "total_xp": 56093, "kills_per_min": 0.10931806350858927, "kda": 4.7, "abandons": 0, "benchmarks": {"gold_per_min": {"raw": 416, "pct": 0.6804840370751802}, "xp_per_min": {"raw": 876, "pct": 0.9073120494335737}, "kills_per_min": {"raw": 0.10931806350858927, "pct": 0.22013388259526262}, "last_hits_per_min": {"raw": 1.592920353982301, "pct": 0.4812049433573635}, "hero_damage_per_min": {"raw": 612.6184279021343, "pct": 0.5}, "hero_healing_per_min": {"raw": 0, "pct": 0.7868177136972193}, "tower_damage": {"raw": 3494, "pct": 0.9868692070030896}}}, {"player_slot": 4, "team_number": 0, "team_slot": 4, "hero_id": 2, "hero_variant": 1, "item_0": 127, "item_1": 50, "item_2": 600, "item_3": 226, "item_4": 119, "item_5": 114, "backpack_0": 0, "backpack_1": 0, "backpack_2": 0, "item_neutral": 327, "item_neutral2": 1588, "kills": 23, "deaths": 13, "assists": 31, "leaver_status": 0, "last_hits": 379, "denies": 14, "gold_per_min": 690, "xp_per_min": 1103, "level": 30, "net_worth": 36770, "aghanims_scepter": 1, "aghanims_shard": 1, "moonshard": 0, "hero_damage": 64474, "tower_damage": 3304, "hero_healing": 125, "gold": 4745, "gold_spent": 33235, "ability_upgrades_arr": [5008, 5009, 5008, 5007, 5008, 5010, 5008, 5009, 5009, 5009, 5007, 5010, 5007, 5007, 670, 9401, 5010, 562, 6102, 1189, 974, 6991, 6608], "is_subscriber": false, "radiant_win": true, "start_time": 1765759388, "duration": 3842, "cluster": 241, "lobby_type": 0, "game_mode": 22, "is_contributor": false, "patch": 58, "region": 14, "isRadiant": true, "win": 1, "lose": 0, "total_gold": 44183, "total_xp": 70628, "kills_per_min": 0.35918792295679336, "kda": 3.86, "abandons": 0, "benchmarks": {"gold_per_min": {"raw": 690, "pct": 0.9781496978149697}, "xp_per_min": {"raw": 1103, "pct": 0.9639702463970247}, "kills_per_min": {"raw": 0.35918792295679336, "pct": 0.7891678289167829}, "last_hits_per_min": {"raw": 5.918792295679334, "pct": 0.8138075313807531}, "hero_damage_per_min": {"raw": 1006.8818323789694, "pct": 0.8816829381682938},