{"players": [{"player_slot": 0, "team_number": 0, "team_slot": 0, "hero_id": 96, "hero_variant": 1, "item_0": 1, "item_1": 119, "item_2": 29, "item_3": 125, "item_4": 114, "item_5": 692, "backpack_0": 0, "backpack_1": 0, "backpack_2": 0, "item_neutral": 1158, "item_neutral2": 1597, "kills": 13, "deaths": 4, "assists": 23, "leaver_status": 0, "last_hits": 262, "denies": 11, "gold_per_min": 527, "xp_per_min": 835, "level": 25, "net_worth": 22187, "aghanims_scepter": 0, "aghanims_shard": 1, "moonshard": 0, "hero_damage": 19985, "tower_damage": 1633, "hero_healing": 0, "gold": 237, "gold_spent": 25485, "ability_upgrades_arr": [5514, 5516, 5515, 5515, 5515, 5517, 5515, 5516, 5516, 5516, 5909, 5514, 5517, 5514, 5514, 6137, 5517, 6616, 6322], "is_subscriber": false, "radiant_win": true, "start_time": 1772937769, "duration": 2662, "cluster": 346, "lobby_type": 0, "game_mode": 22, "is_contributor": false, "patch": 59, "region": 38, "isRadiant": true, "win": 1, "lose": 0, "total_gold": 23381, "total_xp": 37046, "kills_per_min": 0.2930127723516153, "kda": 7.2, "abandons": 0, "benchmarks": {"gold_per_min": {"raw": 527, "pct": 0.7677496991576414}, "xp_per_min": {"raw": 835, "pct": 0.8080625752105897}, "kills_per_min": {"raw": 0.2930127723516153, "pct": 0.9332129963898917}, "last_hits_per_min": {"raw": 5.905334335086401, "pct": 0.7346570397111913}, "hero_damage_per_min": {"raw": 450.450788880541, "pct": 0.3561973525872443}, "hero_healing_per_min": {"raw": 0, "pct": 0.9181708784596871}, "tower_damage": {"raw": 1633, "pct": 0.5824308062575211}}}, {"account_id": 45421382, "player_slot": 1, "team_number": 0, "team_slot": 1, "hero_id": 104, "hero_variant": 1, "item_0": 158, "item_1": 226, "item_2": 127, "item_3": 50, "item_4": 1, "item_5": 273, "backpack_0": 0, "backpack_1": 0, "backpack_2": 0, "item_neutral": 1720, "item_neutral2": 1583, "kills": 16, "deaths": 3, "assists": 27, "leaver_status": 0, "last_hits": 212, "denies": 3, "gold_per_min": 588, "xp_per_min": 876, "level": 26, "net_worth": 24190, "aghanims_scepter": 0, "aghanims_shard": 0, "moonshard": 0, "hero_damage": 42771, "tower_damage": 15726, "hero_healing": 7511, "gold": 4490, "gold_spent": 22170, "ability_upgrades_arr": [5595, 5596, 5597, 5596, 5597, 5598, 5595, 5595, 5596, 1176, 5595, 5597, 5596, 5598, 5597, 6671, 5598, 7395, 925], "personaname": "La Chaucha", "name": null, "last_login": "2026-03-03T14:36:01.200Z", "rank_tier": 42, "computed_mmr": 4031.51, "is_subscriber": false, "radiant_win": true, "start_time": 1772937769, "duration": 2662, "cluster": 346, "lobby_type": 0, "game_mode": 22, "is_contributor": false, "patch": 59, "region": 38, "isRadiant": true, "win": 1, "lose": 0, "total_gold": 26087, "total_xp": 38865, "kills_per_min": 0.3606311044327573, "kda": 10.75, "abandons": 0, "benchmarks": {"gold_per_min": {"raw": 588, "pct": 0.8162790697674419}, "xp_per_min": {"raw": 876, "pct": 0.7737984496124031}, "kills_per_min": {"raw": 0.36063110443275737, "pct": 0.8035658914728682}, "last_hits_per_min": {"raw": 4.778362133734035, "pct": 0.5210852713178294}, "hero_damage_per_min": {"raw": 964.0345604808415, "pct": 0.8410852713178295}, "hero_healing_per_min": {"raw": 169.2937640871525, "pct": 0.9282170542635659}, "tower_damage": {"raw": 15726, "pct": 0.9871317829457364}}}, {"account_id": 65137360, "player_slot": 2, "team_number": 0, "team_slot": 2, "hero_id": 27, "hero_variant": 2, "item_0": 40, "item_1": 231, "item_2": 42, "item_3": 102, "item_4": 1, "item_5": 0, "backpack_0": 44, "backpack_1": 36, "backpack_2": 0, "item_neutral": 1599, "item_neutral2": 1593, "kills": 5, "deaths": 7, "assists": 36, "leaver_status": 0, "last_hits": 63, "denies": 5, "gold_per_min": 385, "xp_per_min": 637, "level": 22, "net_worth": 15080, "aghanims_scepter": 0, "aghanims_shard": 0, "moonshard": 0, "hero_damage": 13160, "tower_damage": 5210, "hero_healing": 1708, "gold": 3950, "gold_spent": 12705, "ability_upgrades_arr": [5080, 5078, 5079, 5080, 5080, 5081, 5080, 5079, 5079, 468, 730, 5078, 5081, 5079, 5078, 5078, 793, 5081, 6052], "personaname": "PatoDeGoma", "name": null, "last_login": "2021-02-10T20:32:57.535Z", "rank_tier": 45, "computed_mmr": null, "is_subscriber": false, "radiant_win": true, "start_time": 1772937769, "duration": 2662, "cluster": 346, "lobby_type": 0, "game_mode": 22, "is_contributor": false, "patch": 59, "region": 38, "isRadiant": true, "win": 1, "lose": 0, "total_gold": 17081, "total_xp": 28261, "kills_per_min": 0.11269722013523667, "kda": 5.13, "abandons": 0, "benchmarks": {"gold_per_min": {"raw": 385, "pct": 0.6499545867393279}, "xp_per_min": {"raw": 637, "pct": 0.7251589464123525}, "kills_per_min": {"raw": 0.11269722013523667, "pct": 0.6136239782016348}, "last_hits_per_min": {"raw": 1.419984973703982, "pct": 0.31553133514986376}, "hero_damage_per_min": {"raw": 296.6190833959429, "pct": 0.2826521344232516}, "hero_healing_per_min": {"raw": 38.49737039819684, "pct": 0.9571298819255223}, "tower_damage": {"raw": 5210, "pct": 0.7253405994550409}}}, {"account_id": 37467834, "player_slot": 3, "team_number": 0, "team_slot": 3, "hero_id": 32, "hero_variant": 3, "item_0": 141, "item_1": 147, "item_2": 174, "item_3": 108, "item_4": 63, "item_5": 75, "backpack_0": 36, "backpack_1": 0, "backpack_2": 0, "item_neutral": 2097, "item_neutral2": 1586, "kills": 20, "deaths": 5, "assists": 24, "leaver_status": 0, "last_hits": 174, "denies": 11, "gold_per_min": 544, "xp_per_min": 1008, "level": 27, "net_worth": 23513, "aghanims_scepter": 0, "aghanims_shard": 1, "moonshard": 0, "hero_damage": 42744, "tower_damage": 9053, "hero_healing": 0, "gold": 3298, "gold_spent": 20625, "ability_upgrades_arr": [5143, 5145, 5143, 5142, 5143, 5144, 5143, 5145, 5145, 5145, 782, 5142, 5144, 5142, 5142, 1702, 5144, 6330, 795, 474], "personaname": "ExtremoDiaz", "name": null, "last_login": null, "rank_tier": 22, "computed_mmr": 3968.35, "is_subscriber": false, "radiant_win": true, "start_time": 1772937769, "duration": 2662, "cluster": 346, "lobby_type": 0, "game_mode": 22, "is_contributor": false, "patch": 59, "region": 38, "isRadiant": true, "win": 1, "lose": 0, "total_gold": 24135, "total_xp": 44721, "kills_per_min": 0.4507888805409467, "kda": 7.33, "abandons": 0, "benchmarks": {"gold_per_min": {"raw": 544, "pct": 0.6672862453531598}, "xp_per_min": {"raw": 1008, "pct": 0.6852540272614622}, "kills_per_min": {"raw": 0.4507888805409467, "pct": 0.8116480793060719}, "last_hits_per_min": {"raw": 3.921863260706236, "pct": 0.5154894671623296}, "hero_damage_per_min": {"raw": 963.4259954921113, "pct": 0.8017348203221809}, "hero_healing_per_min": {"raw": 0, "pct": 0.9281288723667905}, "tower_damage": {"raw": 9053, "pct": 0.969640644361834}}}, {"account_id": 295876281, "player_slot": 4, "team_number": 0, "team_slot": 4, "hero_id": 7, "hero_variant": 1, "item_0": 1, "item_1": 180, "item_2": 65, "item_3": 259, "item_4": 73, "item_5": 129, "backpack_0": 0, "backpack_1": 110, "backpack_2": 0, "item_neutral": 1601, "item_neutral2": 1594, "kills": 3, "deaths": 4, "assists": 21, "leaver_status": 0, "last_hits": 216, "denies": 2, "gold_per_min": 473, "xp_per_min": 643, "level": 22, "net_worth": 20380, "aghanims_scepter": 0, "aghanims_shard": 1, "moonshard": 0, "hero_damage": 19340, "tower_damage": 813, "hero_healing": 0, "gold": 2225, "gold_spent": 19105, "ability_upgrades_arr": [5024, 5025, 5024, 5025, 5023, 5026, 5024, 5024, 5025, 5025, 450, 5023, 5026, 5023, 5023, 858, 5026, 918], "personaname": "SOmR147", "name": null, "last_login": null, "rank_tier": 34, "computed_mmr": null, "is_subscriber": false, "radiant_win": true, "start_time": 1772937769, "duration": 2662, "cluster": 346, "lobby_type": 0, "game_mode": 22, "is_contributor": false, "patch": 59, "region": 38, "isRadiant": true, "win": 1, "lose": 0, "total_gold": 20985, "total_xp": 28527, "kills_per_min": 0.067618332081142, "kda": 4.8, "abandons": 0, "benchmarks": {"gold_per_min": {"raw": 473, "pct": 0.576271186440678}, "xp_per_min": {"raw": 643, "pct": 0.4622496147919877},