{"players": [{"player_slot": 0, "team_number": 0, "team_slot": 0, "hero_id": 8, "hero_variant": 1, "item_0": 135, "item_1": 50, "item_2": 1, "item_3": 174, "item_4": 147, "item_5": 143, "backpack_0": 270, "backpack_1": 60, "backpack_2": 23, "item_neutral": 1605, "item_neutral2": 1577, "kills": 16, "deaths": 10, "assists": 18, "leaver_status": 0, "last_hits": 236, "denies": 18, "gold_per_min": 553, "xp_per_min": 722, "level": 24, "net_worth": 22449, "aghanims_scepter": 0, "aghanims_shard": 0, "moonshard": 0, "hero_damage": 46472, "tower_damage": 6685, "hero_healing": 5129, "gold": 74, "gold_spent": 22905, "ability_upgrades_arr": [5028, 5027, 5029, 5027, 5027, 5030, 5027, 5028, 5028, 7021, 5028, 5030, 5029, 5029, 1192, 5029, 5030, 6662], "is_subscriber": false, "radiant_win": true, "start_time": 1757536213, "duration": 2781, "cluster": 241, "lobby_type": 7, "game_mode": 22, "is_contributor": false, "patch": 58, "region": 14, "isRadiant": true, "win": 1, "lose": 0, "total_gold": 25631, "total_xp": 33464, "kills_per_min": 0.34519956850053934, "kda": 3.09, "abandons": 0, "benchmarks": {"gold_per_min": {"raw": 553, "pct": 0.43542128603104213}, "xp_per_min": {"raw": 722, "pct": 0.40659645232815966}, "kills_per_min": {"raw": 0.34519956850053934, "pct": 0.8614190687361419}, "last_hits_per_min": {"raw": 5.091693635382956, "pct": 0.13442350332594236}, "hero_damage_per_min": {"raw": 1002.6321467098167, "pct": 0.8952328159645233}, "hero_healing_per_min": {"raw": 110.65803667745416, "pct": 0.458980044345898}, "tower_damage": {"raw": 6685, "pct": 0.5845343680709535}}}, {"account_id": 37467834, "player_slot": 1, "team_number": 0, "team_slot": 1, "hero_id": 49, "hero_variant": 3, "item_0": 158, "item_1": 1, "item_2": 50, "item_3": 178, "item_4": 112, "item_5": 52, "backpack_0": 4204, "backpack_1": 0, "backpack_2": 36, "item_neutral": 565, "item_neutral2": 1585, "kills": 14, "deaths": 8, "assists": 23, "leaver_status": 0, "last_hits": 231, "denies": 4, "gold_per_min": 508, "xp_per_min": 680, "level": 24, "net_worth": 21331, "aghanims_scepter": 0, "aghanims_shard": 0, "moonshard": 0, "hero_damage": 33431, "tower_damage": 7805, "hero_healing": 0, "gold": 1051, "gold_spent": 21815, "ability_upgrades_arr": [5226, 5228, 5226, 5227, 5226, 5229, 5226, 5228, 5228, 5938, 5228, 5229, 5227, 5227, 5993, 5227, 5229, 740], "personaname": "ExtremoDiaz", "name": null, "last_login": null, "rank_tier": 22, "computed_mmr": 3968.35, "is_subscriber": false, "radiant_win": true, "start_time": 1757536213, "duration": 2781, "cluster": 241, "lobby_type": 7, "game_mode": 22, "is_contributor": false, "patch": 58, "region": 14, "isRadiant": true, "win": 1, "lose": 0, "total_gold": 23545, "total_xp": 31518, "kills_per_min": 0.30204962243797195, "kda": 4.11, "abandons": 0, "benchmarks": {"gold_per_min": {"raw": 508, "pct": 0.45835010060362175}, "xp_per_min": {"raw": 680, "pct": 0.4309859154929577}, "kills_per_min": {"raw": 0.30204962243797195, "pct": 0.8346076458752515}, "last_hits_per_min": {"raw": 4.983818770226537, "pct": 0.2627766599597586}, "hero_damage_per_min": {"raw": 721.2729234088457, "pct": 0.6490945674044266}, "hero_healing_per_min": {"raw": 0, "pct": 0.9613682092555332}, "tower_damage": {"raw": 7805, "pct": 0.6736418511066399}}}, {"player_slot": 2, "team_number": 0, "team_slot": 2, "hero_id": 74, "hero_variant": 3, "item_0": 610, "item_1": 0, "item_2": 0, "item_3": 108, "item_4": 48, "item_5": 1, "backpack_0": 0, "backpack_1": 0, "backpack_2": 0, "item_neutral": 675, "item_neutral2": 1586, "kills": 10, "deaths": 3, "assists": 16, "leaver_status": 0, "last_hits": 186, "denies": 10, "gold_per_min": 470, "xp_per_min": 847, "level": 26, "net_worth": 19756, "aghanims_scepter": 0, "aghanims_shard": 1, "moonshard": 0, "hero_damage": 26585, "tower_damage": 4902, "hero_healing": 0, "gold": 2606, "gold_spent": 20130, "ability_upgrades_arr": [5372, 5370, 5372, 5371, 5372, 5370, 5372, 5371, 5372, 5370, 5372, 5370, 5372, 5371, 5371, 6099, 7148, 5370, 5371, 5762, 5371, 5371, 5370], "is_subscriber": false, "radiant_win": true, "start_time": 1757536213, "duration": 2781, "cluster": 241, "lobby_type": 7, "game_mode": 22, "is_contributor": false, "patch": 58, "region": 14, "isRadiant": true, "win": 1, "lose": 0, "total_gold": 21784, "total_xp": 39258, "kills_per_min": 0.2157497303128371, "kda": 6.5, "abandons": 0, "benchmarks": {"gold_per_min": {"raw": 470, "pct": 0.5253802455561664}, "xp_per_min": {"raw": 847, "pct": 0.784863478101521}, "kills_per_min": {"raw": 0.21574973031283712, "pct": 0.6146234194612424}, "last_hits_per_min": {"raw": 4.0129449838187705, "pct": 0.5107201759208356}, "hero_damage_per_min": {"raw": 573.5706580366774, "pct": 0.45281290086127907}, "hero_healing_per_min": {"raw": 0, "pct": 0.8402052409748947}, "tower_damage": {"raw": 4902, "pct": 0.7505955653289353}}}, {"player_slot": 3, "team_number": 0, "team_slot": 3, "hero_id": 47, "hero_variant": 1, "item_0": 116, "item_1": 263, "item_2": 75, "item_3": 63, "item_4": 147, "item_5": 244, "backpack_0": 42, "backpack_1": 0, "backpack_2": 0, "item_neutral": 1607, "item_neutral2": 1594, "kills": 20, "deaths": 11, "assists": 26, "leaver_status": 0, "last_hits": 204, "denies": 11, "gold_per_min": 542, "xp_per_min": 841, "level": 26, "net_worth": 21630, "aghanims_scepter": 0, "aghanims_shard": 1, "moonshard": 0, "hero_damage": 61943, "tower_damage": 6947, "hero_healing": 0, "gold": 700, "gold_spent": 23450, "ability_upgrades_arr": [5218, 5220, 5218, 5219, 5218, 5221, 5218, 5220, 5220, 5220, 5219, 5221, 5219, 5219, 6156, 984, 5221, 6165, 985], "is_subscriber": false, "radiant_win": true, "start_time": 1757536213, "duration": 2781, "cluster": 241, "lobby_type": 7, "game_mode": 22, "is_contributor": false, "patch": 58, "region": 14, "isRadiant": true, "win": 1, "lose": 0, "total_gold": 25121, "total_xp": 38980, "kills_per_min": 0.4314994606256742, "kda": 3.83, "abandons": 0, "benchmarks": {"gold_per_min": {"raw": 542, "pct": 0.6930031446540881}, "xp_per_min": {"raw": 841, "pct": 0.7775157232704403}, "kills_per_min": {"raw": 0.43149946062567424, "pct": 0.8911163522012578}, "last_hits_per_min": {"raw": 4.401294498381876, "pct": 0.4602987421383648}, "hero_damage_per_min": {"raw": 1336.4185544768068, "pct": 0.972877358490566}, "hero_healing_per_min": {"raw": 0, "pct": 0.8848270440251572}, "tower_damage": {"raw": 6947, "pct": 0.8109276729559748}}}, {"player_slot": 4, "team_number": 0, "team_slot": 4, "hero_id": 121, "hero_variant": 2, "item_0": 108, "item_1": 77, "item_2": 232, "item_3": 180, "item_4": 254, "item_5": 96, "backpack_0": 43, "backpack_1": 0, "backpack_2": 0, "item_neutral": 1604, "item_neutral2": 1583, "kills": 10, "deaths": 6, "assists": 28, "leaver_status": 0, "last_hits": 176, "denies": 4, "gold_per_min": 503, "xp_per_min": 888, "level": 26, "net_worth": 21954, "aghanims_scepter": 0, "aghanims_shard": 0, "moonshard": 0, "hero_damage": 49867, "tower_damage": 1080, "hero_healing": 0, "gold": 5884, "gold_spent": 17200, "ability_upgrades_arr": [8000, 8006, 8006, 8000, 8007, 6491, 8006, 8006, 8000, 774, 8000, 6491, 8007, 8007, 1019, 8007, 6491, 8002, 8003], "is_subscriber": false, "radiant_win": true, "start_time": 1757536213, "duration": 2781, "cluster": 241, "lobby_type": 7, "game_mode": 22, "is_contributor": false, "patch": 58, "region": 14, "isRadiant": true, "win": 1, "lose": 0, "total_gold": 23314, "total_xp": 41158, "kills_per_min": 0.2157497303128371, "kda": 5.43, "abandons": 0, "benchmarks": {"gold_per_min": {"raw": 503, "pct": 0.9577861163227017}, "xp_per_min": {"raw": 888, "pct": 0.9634146341463414}, "kills_per_min": {"raw": 0.21574973031283712, "pct": 0.8470919324577861}, "last_hits_per_min": {"raw": 3.7971952535059335, "pct": 0.9418386491557224}, "hero_damage_per_min": {"raw": 1075.879180151025, "pct": 0.9924953095684803}, "hero_healing_per_min": {"raw": 0, "pct": 0.4343339587242026}, "tower_damage": {"raw": 1080, "pct": 0.7720450281425891}}}, {"account_id": 446970107, "player_slot": 128, "team_number": 1, "team_slot": 0,