{"players": [{"player_slot": 0, "team_number": 0, "team_slot": 0, "hero_id": 104, "hero_variant": 1, "item_0": 108, "item_1": 112, "item_2": 127, "item_3": 50, "item_4": 600, "item_5": 117, "backpack_0": 0, "backpack_1": 0, "backpack_2": 168, "item_neutral": 1599, "item_neutral2": 1584, "kills": 15, "deaths": 5, "assists": 21, "leaver_status": 0, "last_hits": 324, "denies": 10, "gold_per_min": 740, "xp_per_min": 1063, "level": 27, "net_worth": 29367, "aghanims_scepter": 0, "aghanims_shard": 1, "moonshard": 0, "hero_damage": 35217, "tower_damage": 15187, "hero_healing": 2640, "gold": 4442, "gold_spent": 26570, "ability_upgrades_arr": [5595, 5597, 5595, 5596, 5597, 5598, 5595, 5595, 5597, 1176, 5596, 5598, 5597, 5596, 5596, 463, 5598, 7395, 880], "is_subscriber": false, "radiant_win": true, "start_time": 1761527803, "duration": 2541, "cluster": 251, "lobby_type": 0, "game_mode": 22, "is_contributor": false, "patch": 58, "region": 15, "isRadiant": true, "win": 1, "lose": 0, "total_gold": 31339, "total_xp": 45018, "kills_per_min": 0.3541912632821724, "kda": 6, "abandons": 0, "benchmarks": {"gold_per_min": {"raw": 740, "pct": 0.9851913477537437}, "xp_per_min": {"raw": 1063, "pct": 0.9292845257903494}, "kills_per_min": {"raw": 0.3541912632821724, "pct": 0.799667221297837}, "last_hits_per_min": {"raw": 7.650531286894923, "pct": 0.9698835274542429}, "hero_damage_per_min": {"raw": 831.5702479338844, "pct": 0.724459234608985}, "hero_healing_per_min": {"raw": 62.33766233766233, "pct": 0.6961730449251248}, "tower_damage": {"raw": 15187, "pct": 0.9858569051580699}}}, {"account_id": 65137360, "player_slot": 1, "team_number": 0, "team_slot": 1, "hero_id": 101, "hero_variant": 2, "item_0": 36, "item_1": 40, "item_2": 218, "item_3": 231, "item_4": 1466, "item_5": 102, "backpack_0": 244, "backpack_1": 0, "backpack_2": 0, "item_neutral": 675, "item_neutral2": 1583, "kills": 6, "deaths": 3, "assists": 31, "leaver_status": 0, "last_hits": 46, "denies": 4, "gold_per_min": 380, "xp_per_min": 713, "level": 23, "net_worth": 14858, "aghanims_scepter": 0, "aghanims_shard": 0, "moonshard": 0, "hero_damage": 17706, "tower_damage": 1424, "hero_healing": 1456, "gold": 2103, "gold_spent": 14355, "ability_upgrades_arr": [5582, 5581, 5582, 5583, 5582, 5584, 5582, 5583, 5583, 5581, 5583, 5584, 7132, 5581, 6181, 5581, 5584, 6886], "personaname": "PatoDeGoma", "name": null, "last_login": "2021-02-10T20:32:57.535Z", "rank_tier": 45, "computed_mmr": null, "is_subscriber": false, "radiant_win": true, "start_time": 1761527803, "duration": 2541, "cluster": 251, "lobby_type": 0, "game_mode": 22, "is_contributor": false, "patch": 58, "region": 15, "isRadiant": true, "win": 1, "lose": 0, "total_gold": 16093, "total_xp": 30195, "kills_per_min": 0.14167650531286893, "kda": 9.25, "abandons": 0, "benchmarks": {"gold_per_min": {"raw": 380, "pct": 0.5463439752832132}, "xp_per_min": {"raw": 713, "pct": 0.7270854788877446}, "kills_per_min": {"raw": 0.14167650531286893, "pct": 0.33753861997940265}, "last_hits_per_min": {"raw": 1.0861865407319953, "pct": 0.2850154479917611}, "hero_damage_per_min": {"raw": 418.0873671782763, "pct": 0.14958805355303811}, "hero_healing_per_min": {"raw": 34.3801652892562, "pct": 0.9827497425334707}, "tower_damage": {"raw": 1424, "pct": 0.838053553038105}}}, {"player_slot": 2, "team_number": 0, "team_slot": 2, "hero_id": 42, "hero_variant": 1, "item_0": 50, "item_1": 1, "item_2": 73, "item_3": 55, "item_4": 168, "item_5": 137, "backpack_0": 11, "backpack_1": 0, "backpack_2": 0, "item_neutral": 1642, "item_neutral2": 1577, "kills": 4, "deaths": 5, "assists": 16, "leaver_status": 0, "last_hits": 222, "denies": 5, "gold_per_min": 451, "xp_per_min": 696, "level": 23, "net_worth": 18477, "aghanims_scepter": 0, "aghanims_shard": 0, "moonshard": 0, "hero_damage": 14001, "tower_damage": 5617, "hero_healing": 0, "gold": 3822, "gold_spent": 14945, "ability_upgrades_arr": [5086, 5087, 5088, 5087, 5088, 5089, 5088, 5087, 5088, 5087, 5086, 5089, 1545, 5086, 809, 5086, 5089, 5908], "is_subscriber": false, "radiant_win": true, "start_time": 1761527803, "duration": 2541, "cluster": 251, "lobby_type": 0, "game_mode": 22, "is_contributor": false, "patch": 58, "region": 15, "isRadiant": true, "win": 1, "lose": 0, "total_gold": 19099, "total_xp": 29475, "kills_per_min": 0.09445100354191263, "kda": 3.33, "abandons": 0, "benchmarks": {"gold_per_min": {"raw": 451, "pct": 0.18213058419243985}, "xp_per_min": {"raw": 696, "pct": 0.3371134020618557}, "kills_per_min": {"raw": 0.09445100354191263, "pct": 0.15240549828178696}, "last_hits_per_min": {"raw": 5.242030696576151, "pct": 0.20463917525773195}, "hero_damage_per_min": {"raw": 330.6021251475797, "pct": 0.06151202749140893}, "hero_healing_per_min": {"raw": 0, "pct": 0.9589347079037801}, "tower_damage": {"raw": 5617, "pct": 0.45893470790378005}}}, {"player_slot": 3, "team_number": 0, "team_slot": 3, "hero_id": 72, "hero_variant": 1, "item_0": 166, "item_1": 108, "item_2": 63, "item_3": 75, "item_4": 75, "item_5": 236, "backpack_0": 0, "backpack_1": 0, "backpack_2": 0, "item_neutral": 1605, "item_neutral2": 1585, "kills": 2, "deaths": 13, "assists": 14, "leaver_status": 0, "last_hits": 211, "denies": 2, "gold_per_min": 427, "xp_per_min": 508, "level": 20, "net_worth": 15984, "aghanims_scepter": 0, "aghanims_shard": 0, "moonshard": 0, "hero_damage": 18601, "tower_damage": 4963, "hero_healing": 0, "gold": 4524, "gold_spent": 11925, "ability_upgrades_arr": [5361, 5362, 5361, 5363, 5361, 5364, 5361, 5363, 5363, 5363, 5362, 5364, 5902, 5362, 5362, 7141, 5364], "is_subscriber": false, "radiant_win": true, "start_time": 1761527803, "duration": 2541, "cluster": 251, "lobby_type": 0, "game_mode": 22, "is_contributor": false, "patch": 58, "region": 15, "isRadiant": true, "win": 1, "lose": 0, "total_gold": 18083, "total_xp": 21513, "kills_per_min": 0.047225501770956316, "kda": 1.14, "abandons": 0, "benchmarks": {"gold_per_min": {"raw": 427, "pct": 0.36178107606679033}, "xp_per_min": {"raw": 508, "pct": 0.2727272727272727}, "kills_per_min": {"raw": 0.047225501770956316, "pct": 0.08070500927643785}, "last_hits_per_min": {"raw": 4.982290436835892, "pct": 0.4202226345083488}, "hero_damage_per_min": {"raw": 439.2207792207792, "pct": 0.2012987012987013}, "hero_healing_per_min": {"raw": 0, "pct": 0.8831168831168831}, "tower_damage": {"raw": 4963, "pct": 0.7263450834879406}}}, {"player_slot": 4, "team_number": 0, "team_slot": 4, "hero_id": 26, "hero_variant": 2, "item_0": 50, "item_1": 108, "item_2": 939, "item_3": 235, "item_4": 1, "item_5": 141, "backpack_0": 0, "backpack_1": 0, "backpack_2": 0, "item_neutral": 1605, "item_neutral2": 1577, "kills": 32, "deaths": 6, "assists": 15, "leaver_status": 0, "last_hits": 155, "denies": 9, "gold_per_min": 680, "xp_per_min": 1204, "level": 28, "net_worth": 25955, "aghanims_scepter": 0, "aghanims_shard": 1, "moonshard": 0, "hero_damage": 56973, "tower_damage": 3448, "hero_healing": 0, "gold": 1905, "gold_spent": 30205, "ability_upgrades_arr": [5044, 5046, 5046, 5044, 5046, 5047, 5045, 5046, 5044, 5044, 5045, 5047, 5045, 5045, 5918, 401, 5047, 541, 6389, 465, 781], "is_subscriber": false, "radiant_win": true, "start_time": 1761527803, "duration": 2541, "cluster": 251, "lobby_type": 0, "game_mode": 22, "is_contributor": false, "patch": 58, "region": 15, "isRadiant": true, "win": 1, "lose": 0, "total_gold": 28798, "total_xp": 50989, "kills_per_min": 0.755608028335301, "kda": 6.71, "abandons": 0, "benchmarks": {"gold_per_min": {"raw": 680, "pct": 0.9908738938053098}, "xp_per_min": {"raw": 1204, "pct": 0.9901825221238938}, "kills_per_min": {"raw": 0.755608028335301, "pct": 0.9975110619469026}, "last_hits_per_min": {"raw": 3.6599763872491144, "pct": 0.9359789823008849}, "hero_damage_per_min": {"raw": 1345.2892561983472, "pct": 0.9933628318584071}, "hero_healing_per_min": {"raw": 0, "pct": 0.7679756637168141}, "tower_damage": {"raw": 3448, "pct": 0.9359789823008849}}}, {"player_slot": 128, "team_number": 1, "team_slot": 0,