{"players": [{"account_id": 89026444, "player_slot": 0, "team_number": 0, "team_slot": 0, "hero_id": 25, "hero_variant": 1, "item_0": 41, "item_1": 249, "item_2": 48, "item_3": 596, "item_4": 158, "item_5": 77, "backpack_0": 0, "backpack_1": 0, "backpack_2": 0, "item_neutral": 1605, "item_neutral2": 1584, "kills": 7, "deaths": 7, "assists": 7, "leaver_status": 0, "last_hits": 263, "denies": 3, "gold_per_min": 561, "xp_per_min": 643, "level": 21, "net_worth": 17615, "aghanims_scepter": 0, "aghanims_shard": 0, "moonshard": 0, "hero_damage": 14557, "tower_damage": 7612, "hero_healing": 220, "gold": 1610, "gold_spent": 16665, "ability_upgrades_arr": [5040, 5042, 5040, 5042, 5040, 5043, 5040, 5042, 5042, 5041, 6009, 5041, 5043, 5041, 5041, 6509, 5043, 6313], "personaname": "Durotan", "name": null, "last_login": null, "rank_tier": 41, "computed_mmr": 3927.53, "is_subscriber": false, "radiant_win": true, "start_time": 1767388438, "duration": 2276, "cluster": 185, "lobby_type": 7, "game_mode": 22, "is_contributor": false, "patch": 59, "region": 8, "isRadiant": true, "win": 1, "lose": 0, "total_gold": 21280, "total_xp": 24391, "kills_per_min": 0.18453427065026365, "kda": 1.75, "abandons": 0, "benchmarks": {"gold_per_min": {"raw": 561, "pct": 0.5312145289443814}, "xp_per_min": {"raw": 643, "pct": 0.30703745743473326}, "kills_per_min": {"raw": 0.18453427065026362, "pct": 0.3456299659477866}, "last_hits_per_min": {"raw": 6.933216168717047, "pct": 0.6089670828603859}, "hero_damage_per_min": {"raw": 383.75219683655536, "pct": 0.08881952326901249}, "hero_healing_per_min": {"raw": 5.799648506151142, "pct": 0.9483541430192962}, "tower_damage": {"raw": 7612, "pct": 0.7133938706015891}}}, {"player_slot": 1, "team_number": 0, "team_slot": 1, "hero_id": 74, "hero_variant": 2, "item_0": 36, "item_1": 267, "item_2": 48, "item_3": 100, "item_4": 43, "item_5": 0, "backpack_0": 0, "backpack_1": 0, "backpack_2": 0, "item_neutral": 1603, "item_neutral2": 1577, "kills": 5, "deaths": 7, "assists": 13, "leaver_status": 0, "last_hits": 73, "denies": 8, "gold_per_min": 368, "xp_per_min": 599, "level": 20, "net_worth": 17267, "aghanims_scepter": 0, "aghanims_shard": 0, "moonshard": 0, "hero_damage": 13155, "tower_damage": 1497, "hero_healing": 593, "gold": 3332, "gold_spent": 9100, "ability_upgrades_arr": [5370, 5371, 5371, 5370, 5371, 5370, 5371, 5370, 5372, 5371, 6099, 5372, 5371, 5371, 5372, 5372, 1654, 5372, 5372, 5372, 5370, 5370, 5762], "is_subscriber": false, "radiant_win": true, "start_time": 1767388438, "duration": 2276, "cluster": 185, "lobby_type": 7, "game_mode": 22, "is_contributor": false, "patch": 59, "region": 8, "isRadiant": true, "win": 1, "lose": 0, "total_gold": 13959, "total_xp": 22722, "kills_per_min": 0.1318101933216169, "kda": 2.25, "abandons": 0, "benchmarks": {"gold_per_min": {"raw": 368, "pct": 0.2223551529653051}, "xp_per_min": {"raw": 599, "pct": 0.3630148692531191}, "kills_per_min": {"raw": 0.1318101933216169, "pct": 0.2585882755084601}, "last_hits_per_min": {"raw": 1.924428822495606, "pct": 0.1707400444368484}, "hero_damage_per_min": {"raw": 346.792618629174, "pct": 0.0857972996069048}, "hero_healing_per_min": {"raw": 15.632688927943759, "pct": 0.9560758844641941}, "tower_damage": {"raw": 1497, "pct": 0.37019312937959326}}}, {"player_slot": 2, "team_number": 0, "team_slot": 2, "hero_id": 28, "hero_variant": 2, "item_0": 116, "item_1": 252, "item_2": 63, "item_3": 73, "item_4": 154, "item_5": 1, "backpack_0": 0, "backpack_1": 0, "backpack_2": 0, "item_neutral": 565, "item_neutral2": 1584, "kills": 6, "deaths": 6, "assists": 15, "leaver_status": 0, "last_hits": 145, "denies": 7, "gold_per_min": 446, "xp_per_min": 672, "level": 21, "net_worth": 16022, "aghanims_scepter": 0, "aghanims_shard": 0, "moonshard": 0, "hero_damage": 14959, "tower_damage": 2200, "hero_healing": 195, "gold": 917, "gold_spent": 16110, "ability_upgrades_arr": [5115, 5116, 5115, 5114, 5115, 5117, 5115, 5114, 5114, 5114, 695, 5116, 5117, 5116, 5116, 6889, 5117, 504], "is_subscriber": false, "radiant_win": true, "start_time": 1767388438, "duration": 2276, "cluster": 185, "lobby_type": 7, "game_mode": 22, "is_contributor": false, "patch": 59, "region": 8, "isRadiant": true, "win": 1, "lose": 0, "total_gold": 16918, "total_xp": 25491, "kills_per_min": 0.15817223198594027, "kda": 3, "abandons": 0, "benchmarks": {"gold_per_min": {"raw": 446, "pct": 0.44698388909704007}, "xp_per_min": {"raw": 672, "pct": 0.4870738104158861}, "kills_per_min": {"raw": 0.15817223198594024, "pct": 0.47545897339827653}, "last_hits_per_min": {"raw": 3.822495606326889, "pct": 0.32821281378793554}, "hero_damage_per_min": {"raw": 394.3497363796133, "pct": 0.396777819408018}, "hero_healing_per_min": {"raw": 5.140597539543059, "pct": 0.9823904083926565}, "tower_damage": {"raw": 2200, "pct": 0.6440614462345448}}}, {"account_id": 1164075196, "player_slot": 3, "team_number": 0, "team_slot": 3, "hero_id": 101, "hero_variant": 1, "item_0": 77, "item_1": 77, "item_2": 108, "item_3": 180, "item_4": 206, "item_5": 273, "backpack_0": 188, "backpack_1": 0, "backpack_2": 0, "item_neutral": 1158, "item_neutral2": 1594, "kills": 9, "deaths": 10, "assists": 21, "leaver_status": 0, "last_hits": 87, "denies": 4, "gold_per_min": 409, "xp_per_min": 672, "level": 21, "net_worth": 15760, "aghanims_scepter": 0, "aghanims_shard": 1, "moonshard": 0, "hero_damage": 17036, "tower_damage": 324, "hero_healing": 0, "gold": 1150, "gold_spent": 14485, "ability_upgrades_arr": [5581, 5582, 5581, 5583, 5581, 5584, 5582, 5583, 5581, 411, 5582, 5582, 5584, 5583, 5583, 6181, 5584, 6885], "personaname": "pretty bitches never die", "name": null, "last_login": null, "rank_tier": 34, "computed_mmr": 3937.71, "is_subscriber": false, "radiant_win": true, "start_time": 1767388438, "duration": 2276, "cluster": 185, "lobby_type": 7, "game_mode": 22, "is_contributor": false, "patch": 59, "region": 8, "isRadiant": true, "win": 1, "lose": 0, "total_gold": 15514, "total_xp": 25491, "kills_per_min": 0.23725834797891038, "kda": 2.73, "abandons": 0, "benchmarks": {"gold_per_min": {"raw": 409, "pct": 0.6408544726301736}, "xp_per_min": {"raw": 672, "pct": 0.6145972407654651}, "kills_per_min": {"raw": 0.23725834797891038, "pct": 0.6283934134401424}, "last_hits_per_min": {"raw": 2.2934973637961336, "pct": 0.6290609701824655}, "hero_damage_per_min": {"raw": 449.10369068541297, "pct": 0.16889185580774366}, "hero_healing_per_min": {"raw": 0, "pct": 0.7908322207387628}, "tower_damage": {"raw": 324, "pct": 0.4303515798842902}}}, {"account_id": 974729679, "player_slot": 4, "team_number": 0, "team_slot": 4, "hero_id": 6, "hero_variant": 2, "item_0": 63, "item_1": 147, "item_2": 141, "item_3": 263, "item_4": 139, "item_5": 133, "backpack_0": 0, "backpack_1": 0, "backpack_2": 0, "item_neutral": 1643, "item_neutral2": 1584, "kills": 16, "deaths": 4, "assists": 13, "leaver_status": 0, "last_hits": 250, "denies": 24, "gold_per_min": 667, "xp_per_min": 887, "level": 24, "net_worth": 24112, "aghanims_scepter": 0, "aghanims_shard": 0, "moonshard": 0, "hero_damage": 28736, "tower_damage": 15431, "hero_healing": 0, "gold": 2862, "gold_spent": 22310, "ability_upgrades_arr": [5019, 343, 5019, 5632, 343, 5022, 343, 343, 5019, 580, 5019, 5632, 5022, 5632, 5632, 486, 5022, 6202], "personaname": "Mesmerizing夢", "name": null, "last_login": "2025-10-03T20:56:12.242Z", "rank_tier": 45, "computed_mmr": 4239.33, "is_subscriber": false, "radiant_win": true, "start_time": 1767388438, "duration": 2276, "cluster": 185, "lobby_type": 7, "game_mode": 22, "is_contributor": false, "patch": 59, "region": 8, "isRadiant": true, "win": 1, "lose": 0, "total_gold": 25301, "total_xp": 33646, "kills_per_min": 0.421792618629174, "kda": 5.8, "abandons": 0, "benchmarks": {"gold_per_min": {"raw": 667, "pct": 0.7237437485115503}, "xp_per_min": {"raw": 887, "pct": 0.6963562753036437}, "kills_per_min": {"raw": 0.42179261862917394, "pct": 0.8997380328649679}, "last_hits_per_min": {"raw": 6.590509666080844,