{"players": [{"player_slot": 0, "team_number": 0, "team_slot": 0, "hero_id": 14, "hero_variant": 3, "item_0": 108, "item_1": 1, "item_2": 226, "item_3": 119, "item_4": 50, "item_5": 116, "backpack_0": 608, "backpack_1": 0, "backpack_2": 0, "item_neutral": 565, "item_neutral2": 1583, "kills": 16, "deaths": 5, "assists": 13, "leaver_status": 0, "last_hits": 267, "denies": 13, "gold_per_min": 590, "xp_per_min": 785, "level": 24, "net_worth": 24697, "aghanims_scepter": 0, "aghanims_shard": 1, "moonshard": 0, "hero_damage": 32727, "tower_damage": 3243, "hero_healing": 0, "gold": 422, "gold_spent": 25720, "ability_upgrades_arr": [5075, 5076, 5076, 5074, 5076, 5077, 5076, 5074, 5074, 5074, 7142, 5075, 5077, 5075, 5075, 6565, 5077, 408], "is_subscriber": false, "radiant_win": true, "start_time": 1766797613, "duration": 2619, "cluster": 381, "lobby_type": 0, "game_mode": 22, "is_contributor": false, "patch": 59, "isRadiant": true, "win": 1, "lose": 0, "total_gold": 25753, "total_xp": 34265, "kills_per_min": 0.36655211912943875, "kda": 4.83, "abandons": 0, "benchmarks": {"gold_per_min": {"raw": 590, "pct": 0.9545061194214365}, "xp_per_min": {"raw": 785, "pct": 0.8369390530349858}, "kills_per_min": {"raw": 0.36655211912943875, "pct": 0.9116083570280628}, "last_hits_per_min": {"raw": 6.116838487972508, "pct": 0.9577203609840524}, "hero_damage_per_min": {"raw": 749.7594501718213, "pct": 0.8413895413524539}, "hero_healing_per_min": {"raw": 0, "pct": 0.7490419087649894}, "tower_damage": {"raw": 3243, "pct": 0.943874397329707}}}, {"player_slot": 1, "team_number": 0, "team_slot": 1, "hero_id": 12, "hero_variant": 4, "item_0": 29, "item_1": 208, "item_2": 154, "item_3": 108, "item_4": 114, "item_5": 75, "backpack_0": 34, "backpack_1": 0, "backpack_2": 0, "item_neutral": 1168, "item_neutral2": 1597, "kills": 12, "deaths": 1, "assists": 14, "leaver_status": 0, "last_hits": 281, "denies": 18, "gold_per_min": 594, "xp_per_min": 887, "level": 26, "net_worth": 26001, "aghanims_scepter": 0, "aghanims_shard": 1, "moonshard": 0, "hero_damage": 32690, "tower_damage": 11148, "hero_healing": 0, "gold": 3546, "gold_spent": 22800, "ability_upgrades_arr": [5065, 5066, 1221, 5065, 1221, 5067, 1221, 1221, 5065, 1536, 5065, 5066, 5067, 5066, 5066, 1697, 5067, 1698, 6850], "is_subscriber": false, "radiant_win": true, "start_time": 1766797613, "duration": 2619, "cluster": 381, "lobby_type": 0, "game_mode": 22, "is_contributor": false, "patch": 59, "isRadiant": true, "win": 1, "lose": 0, "total_gold": 25928, "total_xp": 38717, "kills_per_min": 0.27491408934707906, "kda": 13, "abandons": 0, "benchmarks": {"gold_per_min": {"raw": 594, "pct": 0.5340737001514386}, "xp_per_min": {"raw": 887, "pct": 0.6092882382635033}, "kills_per_min": {"raw": 0.27491408934707906, "pct": 0.6668349318525997}, "last_hits_per_min": {"raw": 6.437571592210768, "pct": 0.34830893488137304}, "hero_damage_per_min": {"raw": 748.9117983963345, "pct": 0.6325088339222615}, "hero_healing_per_min": {"raw": 0, "pct": 0.9681978798586572}, "tower_damage": {"raw": 11148, "pct": 0.7910146390711762}}}, {"account_id": 137051685, "player_slot": 2, "team_number": 0, "team_slot": 2, "hero_id": 94, "hero_variant": 4, "item_0": 1466, "item_1": 100, "item_2": 223, "item_3": 235, "item_4": 77, "item_5": 36, "backpack_0": 0, "backpack_1": 0, "backpack_2": 0, "item_neutral": 1604, "item_neutral2": 1577, "kills": 3, "deaths": 1, "assists": 21, "leaver_status": 0, "last_hits": 192, "denies": 6, "gold_per_min": 476, "xp_per_min": 725, "level": 24, "net_worth": 20807, "aghanims_scepter": 0, "aghanims_shard": 1, "moonshard": 0, "hero_damage": 22156, "tower_damage": 12754, "hero_healing": 0, "gold": 3542, "gold_spent": 17775, "ability_upgrades_arr": [5505, 1475, 5505, 1475, 5505, 1475, 5505, 1475, 5507, 1561, 730, 5504, 5507, 5504, 5504, 7389, 730, 5504, 5507, 6687], "personaname": "Gustavo Petro Prime", "name": null, "last_login": null, "rank_tier": 54, "computed_mmr": 4102.57, "is_subscriber": false, "radiant_win": true, "start_time": 1766797613, "duration": 2619, "cluster": 381, "lobby_type": 0, "game_mode": 22, "is_contributor": false, "patch": 59, "isRadiant": true, "win": 1, "lose": 0, "total_gold": 20777, "total_xp": 31646, "kills_per_min": 0.06872852233676977, "kda": 12, "abandons": 0, "benchmarks": {"gold_per_min": {"raw": 476, "pct": 0.23884892086330936}, "xp_per_min": {"raw": 725, "pct": 0.3949640287769784}, "kills_per_min": {"raw": 0.06872852233676977, "pct": 0.24244604316546764}, "last_hits_per_min": {"raw": 4.398625429553265, "pct": 0.07553956834532374}, "hero_damage_per_min": {"raw": 507.5830469644902, "pct": 0.35467625899280575}, "hero_healing_per_min": {"raw": 0, "pct": 0.9597122302158273}, "tower_damage": {"raw": 12754, "pct": 0.7611510791366907}}}, {"player_slot": 3, "team_number": 0, "team_slot": 3, "hero_id": 26, "hero_variant": 1, "item_0": 232, "item_1": 0, "item_2": 108, "item_3": 214, "item_4": 0, "item_5": 244, "backpack_0": 0, "backpack_1": 0, "backpack_2": 188, "item_neutral": 675, "item_neutral2": 1577, "kills": 10, "deaths": 8, "assists": 18, "leaver_status": 0, "last_hits": 38, "denies": 8, "gold_per_min": 341, "xp_per_min": 577, "level": 21, "net_worth": 13267, "aghanims_scepter": 0, "aghanims_shard": 1, "moonshard": 0, "hero_damage": 13351, "tower_damage": 2450, "hero_healing": 0, "gold": 3917, "gold_spent": 11500, "ability_upgrades_arr": [5044, 5046, 5046, 5045, 5046, 5047, 5046, 5044, 5044, 5044, 5918, 5045, 5047, 5045, 5045, 401, 5047, 541], "is_subscriber": false, "radiant_win": true, "start_time": 1766797613, "duration": 2619, "cluster": 381, "lobby_type": 0, "game_mode": 22, "is_contributor": false, "patch": 59, "isRadiant": true, "win": 1, "lose": 0, "total_gold": 14884, "total_xp": 25186, "kills_per_min": 0.22909507445589922, "kda": 3.11, "abandons": 0, "benchmarks": {"gold_per_min": {"raw": 341, "pct": 0.546183628318584}, "xp_per_min": {"raw": 577, "pct": 0.5510232300884956}, "kills_per_min": {"raw": 0.22909507445589922, "pct": 0.8115320796460177}, "last_hits_per_min": {"raw": 0.870561282932417, "pct": 0.3083517699115044}, "hero_damage_per_min": {"raw": 305.864833906071, "pct": 0.4435840707964602}, "hero_healing_per_min": {"raw": 0, "pct": 0.7679756637168141}, "tower_damage": {"raw": 2450, "pct": 0.8998893805309734}}}, {"account_id": 127832532, "player_slot": 4, "team_number": 0, "team_slot": 4, "hero_id": 71, "hero_variant": 1, "item_0": 90, "item_1": 50, "item_2": 152, "item_3": 162, "item_4": 34, "item_5": 73, "backpack_0": 0, "backpack_1": 0, "backpack_2": 0, "item_neutral": 565, "item_neutral2": 1584, "kills": 3, "deaths": 6, "assists": 18, "leaver_status": 0, "last_hits": 98, "denies": 8, "gold_per_min": 329, "xp_per_min": 570, "level": 21, "net_worth": 13720, "aghanims_scepter": 0, "aghanims_shard": 1, "moonshard": 0, "hero_damage": 9870, "tower_damage": 2058, "hero_healing": 0, "gold": 40, "gold_spent": 14110, "ability_upgrades_arr": [5355, 5353, 5355, 5353, 5355, 5356, 7301, 7301, 5353, 5355, 5931, 5353, 5356, 7301, 7301, 6296, 5356, 8254], "personaname": "Empoleon Bonaparte", "name": null, "last_login": null, "rank_tier": 42, "computed_mmr": 3915.94, "is_subscriber": false, "radiant_win": true, "start_time": 1766797613, "duration": 2619, "cluster": 381, "lobby_type": 0, "game_mode": 22, "is_contributor": false, "patch": 59, "isRadiant": true, "win": 1, "lose": 0, "total_gold": 14360, "total_xp": 24880, "kills_per_min": 0.06872852233676977, "kda": 3, "abandons": 0, "benchmarks": {"gold_per_min": {"raw": 329, "pct": 0.2288302481291847}, "xp_per_min": {"raw": 570, "pct": 0.36392280425364315}, "kills_per_min": {"raw": 0.06872852233676977, "pct": 0.11953525009846397}, "last_hits_per_min": {"raw": 2.245131729667812, "pct": 0.4316660102402521}, "hero_damage_per_min": {"raw": 226.1168384879725, "pct": 0.036037810161480895}, "hero_healing_per_min": {"raw": 0, "pct": 0.6947617172115006}, "tower_damage": {"raw": 2058, "pct": 0.8639228042536432}}}, {"player_slot": 128, "team_number": 1, "team_slot": 0,