{"players": [{"player_slot": 0, "team_number": 0, "team_slot": 0, "hero_id": 54, "hero_variant": 5, "item_0": 137, "item_1": 208, "item_2": 249, "item_3": 50, "item_4": 149, "item_5": 154, "backpack_0": 0, "backpack_1": 0, "backpack_2": 0, "item_neutral": 1643, "item_neutral2": 1586, "kills": 18, "deaths": 2, "assists": 13, "leaver_status": 0, "last_hits": 401, "denies": 13, "gold_per_min": 649, "xp_per_min": 940, "level": 28, "net_worth": 34556, "aghanims_scepter": 1, "aghanims_shard": 0, "moonshard": 0, "hero_damage": 58971, "tower_damage": 4843, "hero_healing": 1155, "gold": 1106, "gold_spent": 36320, "ability_upgrades_arr": [631, 5251, 631, 5249, 631, 5252, 631, 5249, 5249, 5249, 5251, 5252, 5251, 5251, 499, 5920, 5252, 709, 6173, 6676, 464], "is_subscriber": false, "radiant_win": true, "start_time": 1753928701, "duration": 3241, "cluster": 241, "lobby_type": 0, "game_mode": 22, "is_contributor": false, "patch": 58, "region": 14, "isRadiant": true, "win": 1, "lose": 0, "total_gold": 35056, "total_xp": 50775, "kills_per_min": 0.33323048441838937, "kda": 10.33, "abandons": 0, "benchmarks": {"gold_per_min": {"raw": 649, "pct": 0.598737989387638}, "xp_per_min": {"raw": 940, "pct": 0.6076294277929155}, "kills_per_min": {"raw": 0.33323048441838937, "pct": 0.7450164921841388}, "last_hits_per_min": {"raw": 7.42363468065412, "pct": 0.449161049763373}, "hero_damage_per_min": {"raw": 1091.7186053687135, "pct": 0.8441130073139251}, "hero_healing_per_min": {"raw": 21.382289416846653, "pct": 0.25670443137817295}, "tower_damage": {"raw": 4843, "pct": 0.4193317080166356}}}, {"account_id": 181107531, "player_slot": 1, "team_number": 0, "team_slot": 1, "hero_id": 74, "hero_variant": 3, "item_0": 65, "item_1": 931, "item_2": 0, "item_3": 77, "item_4": 108, "item_5": 77, "backpack_0": 0, "backpack_1": 41, "backpack_2": 0, "item_neutral": 1607, "item_neutral2": 1577, "kills": 9, "deaths": 7, "assists": 20, "leaver_status": 0, "last_hits": 195, "denies": 6, "gold_per_min": 491, "xp_per_min": 641, "level": 25, "net_worth": 25232, "aghanims_scepter": 0, "aghanims_shard": 1, "moonshard": 0, "hero_damage": 31227, "tower_damage": 10476, "hero_healing": 0, "gold": 11422, "gold_spent": 14550, "ability_upgrades_arr": [5372, 5371, 5372, 5371, 5372, 5370, 5371, 5371, 5370, 5761, 5372, 5372, 5372, 5372, 5371, 1654, 5371, 5371, 5370, 5762, 5370, 5370, 5370, 5370, 6098], "personaname": "Gabot3", "name": null, "last_login": null, "rank_tier": 41, "computed_mmr": 4046.29, "is_subscriber": false, "radiant_win": true, "start_time": 1753928701, "duration": 3241, "cluster": 241, "lobby_type": 0, "game_mode": 22, "is_contributor": false, "patch": 58, "region": 14, "isRadiant": true, "win": 1, "lose": 0, "total_gold": 26522, "total_xp": 34624, "kills_per_min": 0.16661524220919469, "kda": 3.63, "abandons": 0, "benchmarks": {"gold_per_min": {"raw": 491, "pct": 0.5763616386752473}, "xp_per_min": {"raw": 641, "pct": 0.48705069847747606}, "kills_per_min": {"raw": 0.16661524220919469, "pct": 0.4526761889813216}, "last_hits_per_min": {"raw": 3.6099969145325517, "pct": 0.44294459268560665}, "hero_damage_per_min": {"raw": 578.0993520518358, "pct": 0.45911159943493957}, "hero_healing_per_min": {"raw": 0, "pct": 0.8446083817297128}, "tower_damage": {"raw": 10476, "pct": 0.9478888714487521}}}, {"player_slot": 2, "team_number": 0, "team_slot": 2, "hero_id": 27, "hero_variant": 2, "item_0": 1, "item_1": 254, "item_2": 231, "item_3": 43, "item_4": 0, "item_5": 0, "backpack_0": 0, "backpack_1": 0, "backpack_2": 0, "item_neutral": 1604, "item_neutral2": 1586, "kills": 3, "deaths": 4, "assists": 15, "leaver_status": 0, "last_hits": 99, "denies": 2, "gold_per_min": 312, "xp_per_min": 505, "level": 22, "net_worth": 15336, "aghanims_scepter": 0, "aghanims_shard": 1, "moonshard": 0, "hero_damage": 12715, "tower_damage": 5591, "hero_healing": 1748, "gold": 4336, "gold_spent": 13740, "ability_upgrades_arr": [5080, 5078, 5079, 5080, 5080, 5081, 5080, 5078, 5078, 468, 5078, 5081, 5079, 5079, 5079, 793, 5081, 6295], "is_subscriber": false, "radiant_win": true, "start_time": 1753928701, "duration": 3241, "cluster": 241, "lobby_type": 0, "game_mode": 22, "is_contributor": false, "patch": 58, "region": 14, "isRadiant": true, "win": 1, "lose": 0, "total_gold": 16853, "total_xp": 27278, "kills_per_min": 0.05553841406973156, "kda": 3.6, "abandons": 0, "benchmarks": {"gold_per_min": {"raw": 312, "pct": 0.28201386355344765}, "xp_per_min": {"raw": 505, "pct": 0.4157241882524626}, "kills_per_min": {"raw": 0.05553841406973157, "pct": 0.24936154688070047}, "last_hits_per_min": {"raw": 1.8327676643011417, "pct": 0.5401313389273987}, "hero_damage_per_min": {"raw": 235.3903116322123, "pct": 0.1322510032834732}, "hero_healing_per_min": {"raw": 32.36038259796359, "pct": 0.9449106165632981}, "tower_damage": {"raw": 5591, "pct": 0.7531922655964977}}}, {"player_slot": 3, "team_number": 0, "team_slot": 3, "hero_id": 129, "hero_variant": 1, "item_0": 112, "item_1": 90, "item_2": 116, "item_3": 1, "item_4": 127, "item_5": 63, "backpack_0": 218, "backpack_1": 0, "backpack_2": 4206, "item_neutral": 1643, "item_neutral2": 1586, "kills": 5, "deaths": 6, "assists": 16, "leaver_status": 0, "last_hits": 345, "denies": 4, "gold_per_min": 500, "xp_per_min": 703, "level": 25, "net_worth": 25210, "aghanims_scepter": 0, "aghanims_shard": 1, "moonshard": 0, "hero_damage": 29550, "tower_damage": 4808, "hero_healing": 554, "gold": 4710, "gold_spent": 22410, "ability_upgrades_arr": [6495, 6583, 6582, 6495, 6495, 1416, 6495, 6583, 6583, 1020, 6583, 1416, 6582, 6582, 545, 6582, 1416, 1542, 6756], "is_subscriber": false, "radiant_win": true, "start_time": 1753928701, "duration": 3241, "cluster": 241, "lobby_type": 0, "game_mode": 22, "is_contributor": false, "patch": 58, "region": 14, "isRadiant": true, "win": 1, "lose": 0, "total_gold": 27008, "total_xp": 37973, "kills_per_min": 0.09256402344955261, "kda": 3, "abandons": 0, "benchmarks": {"gold_per_min": {"raw": 500, "pct": 0.6691699604743083}, "xp_per_min": {"raw": 703, "pct": 0.6011857707509881}, "kills_per_min": {"raw": 0.09256402344955261, "pct": 0.2972332015810277}, "last_hits_per_min": {"raw": 6.38691761801913, "pct": 0.8616600790513834}, "hero_damage_per_min": {"raw": 547.053378586856, "pct": 0.6280632411067194}, "hero_healing_per_min": {"raw": 10.25609379821043, "pct": 0.8347826086956521}, "tower_damage": {"raw": 4808, "pct": 0.9588932806324111}}}, {"player_slot": 4, "team_number": 0, "team_slot": 4, "hero_id": 75, "hero_variant": 4, "item_0": 231, "item_1": 102, "item_2": 110, "item_3": 36, "item_4": 108, "item_5": 42, "backpack_0": 0, "backpack_1": 0, "backpack_2": 0, "item_neutral": 1642, "item_neutral2": 1592, "kills": 2, "deaths": 6, "assists": 21, "leaver_status": 0, "last_hits": 229, "denies": 6, "gold_per_min": 413, "xp_per_min": 574, "level": 23, "net_worth": 21142, "aghanims_scepter": 0, "aghanims_shard": 1, "moonshard": 0, "hero_damage": 33366, "tower_damage": 0, "hero_healing": 0, "gold": 2642, "gold_spent": 19820, "ability_upgrades_arr": [5377, 5379, 5377, 5379, 5377, 5380, 5377, 5379, 5379, 6184, 5378, 5380, 5378, 5378, 721, 5378, 5380, 6880], "is_subscriber": false, "radiant_win": true, "start_time": 1753928701, "duration": 3241, "cluster": 241, "lobby_type": 0, "game_mode": 22, "is_contributor": false, "patch": 58, "region": 14, "isRadiant": true, "win": 1, "lose": 0, "total_gold": 22308, "total_xp": 31005, "kills_per_min": 0.037025609379821044, "kda": 3.29, "abandons": 0, "benchmarks": {"gold_per_min": {"raw": 413, "pct": 0.6688503111693417}, "xp_per_min": {"raw": 574, "pct": 0.5280052407468064}, "kills_per_min": {"raw": 0.037025609379821044, "pct": 0.08417949557811988}, "last_hits_per_min": {"raw": 4.239432273989509, "pct": 0.864723223059286}, "hero_damage_per_min": {"raw": 617.6982412835545, "pct": 0.77104487389453}, "hero_healing_per_min": {"raw": 0, "pct": 0.7264985260399607}, "tower_damage": {"raw": 0, "pct": 0.19914837864395676}}}, {"player_slot": 128, "team_number": 1,