{"players": [{"player_slot": 0, "team_number": 0, "team_slot": 0, "hero_id": 22, "hero_variant": 1, "item_0": 180, "item_1": 1808, "item_2": 108, "item_3": 176, "item_4": 1802, "item_5": 77, "backpack_0": 0, "backpack_1": 0, "backpack_2": 0, "item_neutral": 1599, "item_neutral2": 1593, "kills": 13, "deaths": 3, "assists": 22, "leaver_status": 0, "last_hits": 148, "denies": 8, "gold_per_min": 573, "xp_per_min": 857, "level": 24, "net_worth": 21944, "aghanims_scepter": 0, "aghanims_shard": 0, "moonshard": 0, "hero_damage": 37693, "tower_damage": 628, "hero_healing": 0, "gold": 2864, "gold_spent": 20170, "ability_upgrades_arr": [5111, 641, 5111, 5110, 5111, 5113, 5111, 5110, 5110, 5110, 6157, 5113, 641, 641, 611, 641, 5113, 6501], "is_subscriber": false, "radiant_win": true, "start_time": 1759026553, "duration": 2329, "cluster": 241, "lobby_type": 7, "game_mode": 22, "is_contributor": false, "patch": 58, "region": 14, "isRadiant": true, "win": 1, "lose": 0, "total_gold": 22241, "total_xp": 33265, "kills_per_min": 0.334907685702018, "kda": 8.75, "abandons": 0, "benchmarks": {"gold_per_min": {"raw": 573, "pct": 0.8119369369369369}, "xp_per_min": {"raw": 857, "pct": 0.8033783783783783}, "kills_per_min": {"raw": 0.334907685702018, "pct": 0.8421171171171171}, "last_hits_per_min": {"raw": 3.812795191069128, "pct": 0.5403153153153153}, "hero_damage_per_min": {"raw": 971.0519536281665, "pct": 0.6029279279279279}, "hero_healing_per_min": {"raw": 0, "pct": 0.8135135135135135}, "tower_damage": {"raw": 628, "pct": 0.593018018018018}}}, {"account_id": 153396290, "player_slot": 1, "team_number": 0, "team_slot": 1, "hero_id": 18, "hero_variant": 2, "item_0": 1, "item_1": 939, "item_2": 116, "item_3": 154, "item_4": 141, "item_5": 63, "backpack_0": 0, "backpack_1": 0, "backpack_2": 0, "item_neutral": 1605, "item_neutral2": 1586, "kills": 12, "deaths": 2, "assists": 7, "leaver_status": 0, "last_hits": 400, "denies": 7, "gold_per_min": 692, "xp_per_min": 915, "level": 25, "net_worth": 22657, "aghanims_scepter": 0, "aghanims_shard": 0, "moonshard": 0, "hero_damage": 30130, "tower_damage": 9284, "hero_healing": 0, "gold": 757, "gold_spent": 24060, "ability_upgrades_arr": [5094, 5095, 5095, 5094, 5095, 5097, 5094, 5095, 5094, 5096, 6045, 5097, 5096, 5096, 6911, 5096, 5097, 1188, 6910], "personaname": "Murdock", "name": null, "last_login": null, "rank_tier": 43, "computed_mmr": 3975.64, "is_subscriber": false, "radiant_win": true, "start_time": 1759026553, "duration": 2329, "cluster": 241, "lobby_type": 7, "game_mode": 22, "is_contributor": false, "patch": 58, "region": 14, "isRadiant": true, "win": 1, "lose": 0, "total_gold": 26861, "total_xp": 35517, "kills_per_min": 0.309145556032632, "kda": 6.33, "abandons": 0, "benchmarks": {"gold_per_min": {"raw": 692, "pct": 0.7178217821782178}, "xp_per_min": {"raw": 915, "pct": 0.6244695898161244}, "kills_per_min": {"raw": 0.30914555603263205, "pct": 0.7326732673267327}, "last_hits_per_min": {"raw": 10.304851867754401, "pct": 0.7758132956152758}, "hero_damage_per_min": {"raw": 776.2129669386003, "pct": 0.6845827439886846}, "hero_healing_per_min": {"raw": 0, "pct": 0.9596888260254597}, "tower_damage": {"raw": 9284, "pct": 0.7517680339462518}}}, {"player_slot": 2, "team_number": 0, "team_slot": 2, "hero_id": 99, "hero_variant": 2, "item_0": 63, "item_1": 127, "item_2": 116, "item_3": 242, "item_4": 154, "item_5": 108, "backpack_0": 0, "backpack_1": 0, "backpack_2": 0, "item_neutral": 1605, "item_neutral2": 1585, "kills": 9, "deaths": 5, "assists": 21, "leaver_status": 0, "last_hits": 270, "denies": 15, "gold_per_min": 641, "xp_per_min": 902, "level": 25, "net_worth": 23640, "aghanims_scepter": 0, "aghanims_shard": 1, "moonshard": 0, "hero_damage": 35401, "tower_damage": 10821, "hero_healing": 0, "gold": 2365, "gold_spent": 22225, "ability_upgrades_arr": [5549, 5548, 5548, 5550, 5549, 5551, 5549, 5548, 5548, 5550, 5550, 5550, 6016, 5551, 1079, 5549, 5551, 6360], "is_subscriber": false, "radiant_win": true, "start_time": 1759026553, "duration": 2329, "cluster": 241, "lobby_type": 7, "game_mode": 22, "is_contributor": false, "patch": 58, "region": 14, "isRadiant": true, "win": 1, "lose": 0, "total_gold": 24881, "total_xp": 35012, "kills_per_min": 0.231859167024474, "kda": 5, "abandons": 0, "benchmarks": {"gold_per_min": {"raw": 641, "pct": 0.8881226053639847}, "xp_per_min": {"raw": 902, "pct": 0.7758620689655172}, "kills_per_min": {"raw": 0.231859167024474, "pct": 0.6800766283524904}, "last_hits_per_min": {"raw": 6.955775010734221, "pct": 0.8272030651340996}, "hero_damage_per_min": {"raw": 912.0051524259338, "pct": 0.6329501915708812}, "hero_healing_per_min": {"raw": 0, "pct": 0.9118773946360154}, "tower_damage": {"raw": 10821, "pct": 0.9386973180076629}}}, {"account_id": 45421382, "player_slot": 3, "team_number": 0, "team_slot": 3, "hero_id": 43, "hero_variant": 2, "item_0": 692, "item_1": 0, "item_2": 116, "item_3": 50, "item_4": 108, "item_5": 36, "backpack_0": 0, "backpack_1": 0, "backpack_2": 0, "item_neutral": 1606, "item_neutral2": 1585, "kills": 14, "deaths": 10, "assists": 11, "leaver_status": 0, "last_hits": 132, "denies": 2, "gold_per_min": 511, "xp_per_min": 696, "level": 22, "net_worth": 17385, "aghanims_scepter": 0, "aghanims_shard": 1, "moonshard": 0, "hero_damage": 25080, "tower_damage": 9722, "hero_healing": 557, "gold": 2085, "gold_spent": 17920, "ability_upgrades_arr": [5090, 5685, 5685, 5090, 5685, 5093, 5685, 5090, 5091, 6299, 5090, 5093, 5091, 5091, 5091, 6367, 5093, 6628], "personaname": "La Chaucha", "name": null, "last_login": "2026-03-03T14:36:01.200Z", "rank_tier": 42, "computed_mmr": 4031.51, "is_subscriber": false, "radiant_win": true, "start_time": 1759026553, "duration": 2329, "cluster": 241, "lobby_type": 7, "game_mode": 22, "is_contributor": false, "patch": 58, "region": 14, "isRadiant": true, "win": 1, "lose": 0, "total_gold": 19835, "total_xp": 27016, "kills_per_min": 0.360669815371404, "kda": 2.27, "abandons": 0, "benchmarks": {"gold_per_min": {"raw": 511, "pct": 0.5830285296269203}, "xp_per_min": {"raw": 696, "pct": 0.5413313825896123}, "kills_per_min": {"raw": 0.360669815371404, "pct": 0.8500365764447696}, "last_hits_per_min": {"raw": 3.4006011163589522, "pct": 0.2282370153621068}, "hero_damage_per_min": {"raw": 646.114212108201, "pct": 0.42574981711777615}, "hero_healing_per_min": {"raw": 14.349506225848003, "pct": 0.8690563277249451}, "tower_damage": {"raw": 9722, "pct": 0.8792977322604243}}}, {"player_slot": 4, "team_number": 0, "team_slot": 4, "hero_id": 30, "hero_variant": 3, "item_0": 180, "item_1": 232, "item_2": 43, "item_3": 34, "item_4": 254, "item_5": 0, "backpack_0": 0, "backpack_1": 0, "backpack_2": 0, "item_neutral": 1639, "item_neutral2": 1583, "kills": 3, "deaths": 8, "assists": 22, "leaver_status": 0, "last_hits": 52, "denies": 6, "gold_per_min": 348, "xp_per_min": 524, "level": 19, "net_worth": 11869, "aghanims_scepter": 0, "aghanims_shard": 1, "moonshard": 0, "hero_damage": 13103, "tower_damage": 423, "hero_healing": 3360, "gold": 4144, "gold_spent": 8905, "ability_upgrades_arr": [5140, 5138, 5140, 5139, 5140, 5141, 5140, 5138, 5138, 5138, 5959, 5141, 5139, 5139, 5139, 417, 5141], "is_subscriber": false, "radiant_win": true, "start_time": 1759026553, "duration": 2329, "cluster": 241, "lobby_type": 7, "game_mode": 22, "is_contributor": false, "patch": 58, "region": 14, "isRadiant": true, "win": 1, "lose": 0, "total_gold": 13508, "total_xp": 20339, "kills_per_min": 0.077286389008158, "kda": 2.78, "abandons": 0, "benchmarks": {"gold_per_min": {"raw": 348, "pct": 0.3926731539782484}, "xp_per_min": {"raw": 524, "pct": 0.45182217134134706}, "kills_per_min": {"raw": 0.07728638900815801, "pct": 0.10074413279908415}, "last_hits_per_min": {"raw": 1.339630742808072, "pct": 0.6370921579851173}, "hero_damage_per_min": {"raw": 337.5611850579648, "pct": 0.11867964128983019}, "hero_healing_per_min": {"raw": 86.56075568913697, "pct": 0.3680595306239267}, "tower_damage": {"raw": 423,