{"players": [{"player_slot": 0, "team_number": 0, "team_slot": 0, "hero_id": 7, "hero_variant": 1, "item_0": 110, "item_1": 73, "item_2": 180, "item_3": 1, "item_4": 0, "item_5": 0, "backpack_0": 0, "backpack_1": 0, "backpack_2": 0, "item_neutral": 1604, "item_neutral2": 1586, "kills": 1, "deaths": 5, "assists": 13, "leaver_status": 0, "last_hits": 137, "denies": 7, "gold_per_min": 396, "xp_per_min": 414, "level": 15, "net_worth": 12649, "aghanims_scepter": 0, "aghanims_shard": 0, "moonshard": 0, "hero_damage": 9008, "tower_damage": 1023, "hero_healing": 0, "gold": 3494, "gold_spent": 9640, "ability_upgrades_arr": [5024, 5025, 5023, 5024, 5025, 5026, 5025, 5025, 5024, 5024, 450, 5026, 5023, 5023, 858], "is_subscriber": false, "radiant_win": true, "start_time": 1750460723, "duration": 1979, "cluster": 241, "lobby_type": 0, "game_mode": 22, "is_contributor": false, "patch": 58, "region": 14, "isRadiant": true, "win": 1, "lose": 0, "total_gold": 13061, "total_xp": 13655, "kills_per_min": 0.03031834259727135, "kda": 2.33, "abandons": 0, "benchmarks": {"gold_per_min": {"raw": 396, "pct": 0.3036592026215183}, "xp_per_min": {"raw": 414, "pct": 0.10540688148552703}, "kills_per_min": {"raw": 0.030318342597271352, "pct": 0.04833424358274167}, "last_hits_per_min": {"raw": 4.153612935826175, "pct": 0.5076460950300382}, "hero_damage_per_min": {"raw": 273.1076301162203, "pct": 0.03986892408519935}, "hero_healing_per_min": {"raw": 0, "pct": 0.835608956854178}, "tower_damage": {"raw": 1023, "pct": 0.568814855270344}}}, {"player_slot": 1, "team_number": 0, "team_slot": 1, "hero_id": 126, "hero_variant": 3, "item_0": 50, "item_1": 41, "item_2": 42, "item_3": 168, "item_4": 235, "item_5": 273, "backpack_0": 0, "backpack_1": 0, "backpack_2": 0, "item_neutral": 828, "item_neutral2": 1584, "kills": 11, "deaths": 0, "assists": 13, "leaver_status": 0, "last_hits": 238, "denies": 20, "gold_per_min": 652, "xp_per_min": 868, "level": 23, "net_worth": 21198, "aghanims_scepter": 0, "aghanims_shard": 1, "moonshard": 0, "hero_damage": 24917, "tower_damage": 5085, "hero_healing": 0, "gold": 823, "gold_spent": 21820, "ability_upgrades_arr": [7710, 7701, 7710, 7701, 7710, 7705, 7710, 6470, 6470, 6470, 6470, 7705, 7701, 7701, 7709, 1657, 7705, 1070], "is_subscriber": false, "radiant_win": true, "start_time": 1750460723, "duration": 1979, "cluster": 241, "lobby_type": 0, "game_mode": 22, "is_contributor": false, "patch": 58, "region": 14, "isRadiant": true, "win": 1, "lose": 0, "total_gold": 21505, "total_xp": 28629, "kills_per_min": 0.3335017685699848, "kda": 24, "abandons": 0, "benchmarks": {"gold_per_min": {"raw": 652, "pct": 0.8741758241758242}, "xp_per_min": {"raw": 868, "pct": 0.6664835164835164}, "kills_per_min": {"raw": 0.33350176856998487, "pct": 0.7175824175824176}, "last_hits_per_min": {"raw": 7.215765538150581, "pct": 0.906043956043956}, "hero_damage_per_min": {"raw": 755.4421424962103, "pct": 0.5802197802197803}, "hero_healing_per_min": {"raw": 0, "pct": 0.6714285714285714}, "tower_damage": {"raw": 5085, "pct": 0.7675824175824176}}}, {"player_slot": 2, "team_number": 0, "team_slot": 2, "hero_id": 104, "hero_variant": 2, "item_0": 149, "item_1": 50, "item_2": 1, "item_3": 11, "item_4": 108, "item_5": 127, "backpack_0": 36, "backpack_1": 0, "backpack_2": 0, "item_neutral": 1605, "item_neutral2": 1586, "kills": 9, "deaths": 1, "assists": 19, "leaver_status": 0, "last_hits": 123, "denies": 5, "gold_per_min": 484, "xp_per_min": 668, "level": 20, "net_worth": 15842, "aghanims_scepter": 0, "aghanims_shard": 1, "moonshard": 0, "hero_damage": 19471, "tower_damage": 7610, "hero_healing": 2255, "gold": 1342, "gold_spent": 16545, "ability_upgrades_arr": [5597, 5595, 5595, 5596, 5595, 5598, 5595, 5597, 5597, 1176, 5597, 5598, 5596, 5596, 5596, 463, 5598], "is_subscriber": false, "radiant_win": true, "start_time": 1750460723, "duration": 1979, "cluster": 241, "lobby_type": 0, "game_mode": 22, "is_contributor": false, "patch": 58, "region": 14, "isRadiant": true, "win": 1, "lose": 0, "total_gold": 15963, "total_xp": 22032, "kills_per_min": 0.27286508337544213, "kda": 14, "abandons": 0, "benchmarks": {"gold_per_min": {"raw": 484, "pct": 0.481766740018862}, "xp_per_min": {"raw": 668, "pct": 0.43366865765482554}, "kills_per_min": {"raw": 0.27286508337544213, "pct": 0.6326626846903489}, "last_hits_per_min": {"raw": 3.729156139464376, "pct": 0.23750392958189248}, "hero_damage_per_min": {"raw": 590.3284487114705, "pct": 0.34988997170701036}, "hero_healing_per_min": {"raw": 68.3678625568469, "pct": 0.7296447657969192}, "tower_damage": {"raw": 7610, "pct": 0.8522477208425023}}}, {"player_slot": 3, "team_number": 0, "team_slot": 3, "hero_id": 42, "hero_variant": 2, "item_0": 137, "item_1": 50, "item_2": 939, "item_3": 154, "item_4": 86, "item_5": 1, "backpack_0": 111, "backpack_1": 0, "backpack_2": 0, "item_neutral": 828, "item_neutral2": 1584, "kills": 20, "deaths": 3, "assists": 17, "leaver_status": 0, "last_hits": 200, "denies": 2, "gold_per_min": 661, "xp_per_min": 771, "level": 21, "net_worth": 21778, "aghanims_scepter": 0, "aghanims_shard": 0, "moonshard": 0, "hero_damage": 30870, "tower_damage": 7179, "hero_healing": 0, "gold": 2503, "gold_spent": 19965, "ability_upgrades_arr": [5086, 5088, 1282, 5088, 5088, 5089, 1282, 1282, 5088, 1282, 5086, 5089, 5086, 5086, 5976, 6088, 5089, 1547], "is_subscriber": false, "radiant_win": true, "start_time": 1750460723, "duration": 1979, "cluster": 241, "lobby_type": 0, "game_mode": 22, "is_contributor": false, "patch": 58, "region": 14, "isRadiant": true, "win": 1, "lose": 0, "total_gold": 21801, "total_xp": 25430, "kills_per_min": 0.6063668519454269, "kda": 9.25, "abandons": 0, "benchmarks": {"gold_per_min": {"raw": 661, "pct": 0.6862381922578256}, "xp_per_min": {"raw": 771, "pct": 0.4182255973328394}, "kills_per_min": {"raw": 0.606366851945427, "pct": 0.9727727356917948}, "last_hits_per_min": {"raw": 6.06366851945427, "pct": 0.3358029264678644}, "hero_damage_per_min": {"raw": 935.9272359777665, "pct": 0.6851268753472866}, "hero_healing_per_min": {"raw": 0, "pct": 0.9507316169661049}, "tower_damage": {"raw": 7179, "pct": 0.5262085571402112}}}, {"player_slot": 4, "team_number": 0, "team_slot": 4, "hero_id": 119, "hero_variant": 1, "item_0": 214, "item_1": 1, "item_2": 190, "item_3": 0, "item_4": 108, "item_5": 0, "backpack_0": 0, "backpack_1": 0, "backpack_2": 0, "item_neutral": 947, "item_neutral2": 1585, "kills": 6, "deaths": 1, "assists": 4, "leaver_status": 0, "last_hits": 45, "denies": 0, "gold_per_min": 315, "xp_per_min": 506, "level": 17, "net_worth": 10659, "aghanims_scepter": 0, "aghanims_shard": 0, "moonshard": 0, "hero_damage": 13193, "tower_damage": 1580, "hero_healing": 0, "gold": 1584, "gold_spent": 9375, "ability_upgrades_arr": [6339, 6341, 6342, 6341, 6339, 6340, 6341, 6339, 6341, 515, 6339, 6340, 6342, 6342, 7655, 6342], "is_subscriber": false, "radiant_win": true, "start_time": 1750460723, "duration": 1979, "cluster": 241, "lobby_type": 0, "game_mode": 22, "is_contributor": false, "patch": 58, "region": 14, "isRadiant": true, "win": 1, "lose": 0, "total_gold": 10389, "total_xp": 16689, "kills_per_min": 0.18191005558362808, "kda": 5, "abandons": 0, "benchmarks": {"gold_per_min": {"raw": 315, "pct": 0.34029649595687333}, "xp_per_min": {"raw": 506, "pct": 0.37331536388140163}, "kills_per_min": {"raw": 0.1819100555836281, "pct": 0.6340970350404312}, "last_hits_per_min": {"raw": 1.3643254168772108, "pct": 0.431266846361186}, "hero_damage_per_min": {"raw": 399.98989388580094, "pct": 0.3807277628032345}, "hero_healing_per_min": {"raw": 0, "pct": 0.6725067385444744}, "tower_damage": {"raw": 1580, "pct": 0.7587601078167115}}}, {"account_id": 45421382, "player_slot": 128, "team_number": 1, "team_slot": 0, "hero_id": 41, "hero_variant": 2, "item_0": 36, "item_1": 63, "item_2": 172, "item_3": 0, "item_4": 7, "item_5": 485, "backpack_0": 134, "backpack_1": 0, "backpack_2": 0, "item_neutral": 1602, "item_neutral2": 1585, "kills": 1, "deaths": 8,