{"players": [{"player_slot": 0, "team_number": 0, "team_slot": 0, "hero_id": 26, "hero_variant": 2, "item_0": 1, "item_1": 188, "item_2": 218, "item_3": 29, "item_4": 256, "item_5": 108, "backpack_0": 0, "backpack_1": 0, "backpack_2": 0, "item_neutral": 840, "item_neutral2": 1593, "kills": 6, "deaths": 13, "assists": 15, "leaver_status": 0, "last_hits": 49, "denies": 9, "gold_per_min": 373, "xp_per_min": 502, "level": 19, "net_worth": 12035, "aghanims_scepter": 0, "aghanims_shard": 0, "moonshard": 0, "hero_damage": 17114, "tower_damage": 0, "hero_healing": 0, "gold": 1585, "gold_spent": 12310, "ability_upgrades_arr": [5044, 5046, 5046, 5044, 5046, 5047, 5046, 5044, 5044, 5045, 5047, 5045, 5045, 5045, 781, 5918, 5047], "is_subscriber": false, "radiant_win": false, "start_time": 1753663055, "duration": 2503, "cluster": 241, "lobby_type": 0, "game_mode": 22, "is_contributor": false, "patch": 58, "region": 14, "isRadiant": true, "win": 0, "lose": 1, "total_gold": 15560, "total_xp": 20941, "kills_per_min": 0.14382740711146624, "kda": 1.5, "abandons": 0, "benchmarks": {"gold_per_min": {"raw": 373, "pct": 0.6846834941192018}, "xp_per_min": {"raw": 502, "pct": 0.37346372406501915}, "kills_per_min": {"raw": 0.14382740711146624, "pct": 0.5217391304347826}, "last_hits_per_min": {"raw": 1.1745904914103076, "pct": 0.5033698955993128}, "hero_damage_per_min": {"raw": 410.24370755093884, "pct": 0.722082727633144}, "hero_healing_per_min": {"raw": 0, "pct": 0.7417734901546187}, "tower_damage": {"raw": 0, "pct": 0.2491079688119466}}}, {"player_slot": 1, "team_number": 0, "team_slot": 1, "hero_id": 6, "hero_variant": 2, "item_0": 55, "item_1": 598, "item_2": 152, "item_3": 263, "item_4": 0, "item_5": 63, "backpack_0": 0, "backpack_1": 0, "backpack_2": 0, "item_neutral": 1603, "item_neutral2": 1584, "kills": 8, "deaths": 5, "assists": 9, "leaver_status": 0, "last_hits": 149, "denies": 11, "gold_per_min": 410, "xp_per_min": 581, "level": 21, "net_worth": 15049, "aghanims_scepter": 0, "aghanims_shard": 0, "moonshard": 0, "hero_damage": 23317, "tower_damage": 522, "hero_healing": 0, "gold": 949, "gold_spent": 15635, "ability_upgrades_arr": [5019, 343, 5632, 5019, 343, 5022, 5019, 343, 343, 580, 5019, 5022, 5632, 5632, 6027, 5632, 5022, 6202], "is_subscriber": false, "radiant_win": false, "start_time": 1753663055, "duration": 2503, "cluster": 241, "lobby_type": 0, "game_mode": 22, "is_contributor": false, "patch": 58, "region": 14, "isRadiant": true, "win": 0, "lose": 1, "total_gold": 17103, "total_xp": 24237, "kills_per_min": 0.19176987614862165, "kda": 2.83, "abandons": 0, "benchmarks": {"gold_per_min": {"raw": 410, "pct": 0.15095805282237182}, "xp_per_min": {"raw": 581, "pct": 0.2260486794407043}, "kills_per_min": {"raw": 0.19176987614862165, "pct": 0.4531330916623511}, "last_hits_per_min": {"raw": 3.5717139432680782, "pct": 0.08130502330398758}, "hero_damage_per_min": {"raw": 558.9372752696764, "pct": 0.37881926462972554}, "hero_healing_per_min": {"raw": 0, "pct": 0.9611600207146557}, "tower_damage": {"raw": 522, "pct": 0.24262040393578457}}}, {"player_slot": 2, "team_number": 0, "team_slot": 2, "hero_id": 39, "hero_variant": 2, "item_0": 0, "item_1": 277, "item_2": 98, "item_3": 77, "item_4": 63, "item_5": 166, "backpack_0": 0, "backpack_1": 0, "backpack_2": 0, "item_neutral": 1605, "item_neutral2": 1576, "kills": 7, "deaths": 7, "assists": 10, "leaver_status": 0, "last_hits": 219, "denies": 16, "gold_per_min": 481, "xp_per_min": 695, "level": 23, "net_worth": 18633, "aghanims_scepter": 0, "aghanims_shard": 1, "moonshard": 0, "hero_damage": 26819, "tower_damage": 282, "hero_healing": 0, "gold": 753, "gold_spent": 18200, "ability_upgrades_arr": [5175, 5174, 5175, 5173, 5173, 5176, 5173, 5173, 5175, 5175, 5174, 5176, 1279, 5174, 629, 5174, 5176, 590], "is_subscriber": false, "radiant_win": false, "start_time": 1753663055, "duration": 2503, "cluster": 241, "lobby_type": 0, "game_mode": 22, "is_contributor": false, "patch": 58, "region": 14, "isRadiant": true, "win": 0, "lose": 1, "total_gold": 20065, "total_xp": 28993, "kills_per_min": 0.16779864163004393, "kda": 2.13, "abandons": 0, "benchmarks": {"gold_per_min": {"raw": 481, "pct": 0.3877124183006536}, "xp_per_min": {"raw": 695, "pct": 0.38666666666666666}, "kills_per_min": {"raw": 0.16779864163004393, "pct": 0.2734640522875817}, "last_hits_per_min": {"raw": 5.249700359568518, "pct": 0.4857516339869281}, "hero_damage_per_min": {"raw": 642.8845385537354, "pct": 0.31006535947712416}, "hero_healing_per_min": {"raw": 0, "pct": 0.7934640522875817}, "tower_damage": {"raw": 282, "pct": 0.20444444444444446}}}, {"player_slot": 3, "team_number": 0, "team_slot": 3, "hero_id": 4, "hero_variant": 1, "item_0": 127, "item_1": 116, "item_2": 75, "item_3": 63, "item_4": 143, "item_5": 0, "backpack_0": 0, "backpack_1": 0, "backpack_2": 0, "item_neutral": 1605, "item_neutral2": 1595, "kills": 2, "deaths": 13, "assists": 11, "leaver_status": 0, "last_hits": 110, "denies": 1, "gold_per_min": 318, "xp_per_min": 492, "level": 19, "net_worth": 11977, "aghanims_scepter": 0, "aghanims_shard": 0, "moonshard": 0, "hero_damage": 25135, "tower_damage": 0, "hero_healing": 0, "gold": 847, "gold_spent": 11220, "ability_upgrades_arr": [5016, 5017, 5015, 5016, 5015, 5018, 5015, 5016, 5017, 6034, 5015, 5018, 5016, 730, 5017, 5017, 730, 5018, 819], "is_subscriber": false, "radiant_win": false, "start_time": 1753663055, "duration": 2503, "cluster": 241, "lobby_type": 0, "game_mode": 22, "is_contributor": false, "patch": 58, "region": 14, "isRadiant": true, "win": 0, "lose": 1, "total_gold": 13265, "total_xp": 20524, "kills_per_min": 0.04794246903715541, "kda": 0.93, "abandons": 0, "benchmarks": {"gold_per_min": {"raw": 318, "pct": 0.07423580786026202}, "xp_per_min": {"raw": 492, "pct": 0.13155021834061134}, "kills_per_min": {"raw": 0.04794246903715541, "pct": 0.05131004366812227}, "last_hits_per_min": {"raw": 2.6368357970435476, "pct": 0.09170305676855896}, "hero_damage_per_min": {"raw": 602.5169796244506, "pct": 0.34770742358078605}, "hero_healing_per_min": {"raw": 0, "pct": 0.9546943231441049}, "tower_damage": {"raw": 0, "pct": 0.1331877729257642}}}, {"player_slot": 4, "team_number": 0, "team_slot": 4, "hero_id": 96, "hero_variant": 2, "item_0": 90, "item_1": 36, "item_2": 1, "item_3": 127, "item_4": 50, "item_5": 11, "backpack_0": 0, "backpack_1": 0, "backpack_2": 0, "item_neutral": 1602, "item_neutral2": 1577, "kills": 1, "deaths": 16, "assists": 13, "leaver_status": 0, "last_hits": 134, "denies": 1, "gold_per_min": 332, "xp_per_min": 342, "level": 16, "net_worth": 11895, "aghanims_scepter": 0, "aghanims_shard": 0, "moonshard": 0, "hero_damage": 15452, "tower_damage": 0, "hero_healing": 0, "gold": 1570, "gold_spent": 11395, "ability_upgrades_arr": [5516, 5514, 5515, 5514, 5514, 5517, 5516, 5516, 5514, 5516, 5515, 5517, 5515, 5917, 5928, 5515], "is_subscriber": false, "radiant_win": false, "start_time": 1753663055, "duration": 2503, "cluster": 241, "lobby_type": 0, "game_mode": 22, "is_contributor": false, "patch": 58, "region": 14, "isRadiant": true, "win": 0, "lose": 1, "total_gold": 13849, "total_xp": 14267, "kills_per_min": 0.023971234518577706, "kda": 0.82, "abandons": 0, "benchmarks": {"gold_per_min": {"raw": 332, "pct": 0.15345911949685534}, "xp_per_min": {"raw": 342, "pct": 0.09433962264150944}, "kills_per_min": {"raw": 0.023971234518577706, "pct": 0.0660377358490566}, "last_hits_per_min": {"raw": 3.212145425489413, "pct": 0.17295597484276728}, "hero_damage_per_min": {"raw": 370.4035157810627, "pct": 0.22955974842767296}, "hero_healing_per_min": {"raw": 0, "pct": 0.9264150943396227}, "tower_damage": {"raw": 0, "pct": 0.10251572327044026}}}, {"account_id": 45421382, "player_slot": 128, "team_number": 1, "team_slot": 0, "hero_id": 104, "hero_variant": 1, "item_0": 911, "item_1": 226, "item_2": 127, "item_3": 50, "item_4": 1, "item_5": 168, "backpack_0": 0, "backpack_1": 0, "backpack_2": 0, "item_neutral": 1605, "item_neutral2": 1597, "kills": 12,