{"players": [{"player_slot": 0, "team_number": 0, "team_slot": 0, "hero_id": 14, "hero_variant": 3, "item_0": 252, "item_1": 692, "item_2": 116, "item_3": 50, "item_4": 232, "item_5": 108, "backpack_0": 0, "backpack_1": 0, "backpack_2": 0, "item_neutral": 949, "item_neutral2": 1589, "kills": 14, "deaths": 6, "assists": 15, "leaver_status": 0, "last_hits": 155, "denies": 17, "gold_per_min": 472, "xp_per_min": 720, "level": 24, "net_worth": 20211, "aghanims_scepter": 0, "aghanims_shard": 0, "moonshard": 0, "hero_damage": 32195, "tower_damage": 992, "hero_healing": 0, "gold": 1786, "gold_spent": 24620, "ability_upgrades_arr": [5075, 5076, 5076, 5074, 5076, 5077, 5076, 5074, 5074, 5074, 7142, 5077, 5075, 5075, 6565, 5075, 5077, 332], "is_subscriber": false, "radiant_win": true, "start_time": 1743818713, "duration": 2796, "cluster": 241, "lobby_type": 0, "game_mode": 22, "is_contributor": false, "patch": 57, "region": 14, "isRadiant": true, "win": 1, "lose": 0, "total_gold": 21995, "total_xp": 33552, "kills_per_min": 0.3004291845493562, "kda": 4.14, "abandons": 0, "benchmarks": {"gold_per_min": {"raw": 472, "pct": 0.7789486147288658}, "xp_per_min": {"raw": 720, "pct": 0.7246033625384798}, "kills_per_min": {"raw": 0.30042918454935624, "pct": 0.8358986502486384}, "last_hits_per_min": {"raw": 3.3261802575107295, "pct": 0.6964243428842055}, "hero_damage_per_min": {"raw": 690.8798283261802, "pct": 0.7757518351882547}, "hero_healing_per_min": {"raw": 0, "pct": 0.7493488041676534}, "tower_damage": {"raw": 992, "pct": 0.7103954534690978}}}, {"player_slot": 1, "team_number": 0, "team_slot": 1, "hero_id": 26, "hero_variant": 2, "item_0": 108, "item_1": 1, "item_2": 102, "item_3": 0, "item_4": 214, "item_5": 232, "backpack_0": 4206, "backpack_1": 4204, "backpack_2": 4206, "item_neutral": 1607, "item_neutral2": 1592, "kills": 8, "deaths": 13, "assists": 17, "leaver_status": 0, "last_hits": 84, "denies": 4, "gold_per_min": 373, "xp_per_min": 629, "level": 23, "net_worth": 15038, "aghanims_scepter": 0, "aghanims_shard": 0, "moonshard": 0, "hero_damage": 18385, "tower_damage": 1546, "hero_healing": 0, "gold": 3213, "gold_spent": 13630, "ability_upgrades_arr": [5044, 5046, 5046, 5045, 5046, 5047, 5046, 5045, 5044, 5044, 5044, 5047, 5045, 5045, 465, 401, 5047, 777], "is_subscriber": false, "radiant_win": true, "start_time": 1743818713, "duration": 2796, "cluster": 241, "lobby_type": 0, "game_mode": 22, "is_contributor": false, "patch": 57, "region": 14, "isRadiant": true, "win": 1, "lose": 0, "total_gold": 17381, "total_xp": 29311, "kills_per_min": 0.17167381974248927, "kda": 1.79, "abandons": 0, "benchmarks": {"gold_per_min": {"raw": 373, "pct": 0.6846834941192018}, "xp_per_min": {"raw": 629, "pct": 0.6331439143650059}, "kills_per_min": {"raw": 0.17167381974248927, "pct": 0.635786969737016}, "last_hits_per_min": {"raw": 1.8025751072961373, "pct": 0.7437557816836263}, "hero_damage_per_min": {"raw": 394.52789699570815, "pct": 0.6912911325492269}, "hero_healing_per_min": {"raw": 0, "pct": 0.7417734901546187}, "tower_damage": {"raw": 1546, "pct": 0.819215012554513}}}, {"account_id": 45421382, "player_slot": 2, "team_number": 0, "team_slot": 2, "hero_id": 1, "hero_variant": 1, "item_0": 145, "item_1": 63, "item_2": 147, "item_3": 143, "item_4": 116, "item_5": 139, "backpack_0": 0, "backpack_1": 0, "backpack_2": 0, "item_neutral": 1159, "item_neutral2": 1585, "kills": 10, "deaths": 5, "assists": 15, "leaver_status": 0, "last_hits": 416, "denies": 12, "gold_per_min": 688, "xp_per_min": 877, "level": 26, "net_worth": 30100, "aghanims_scepter": 0, "aghanims_shard": 1, "moonshard": 0, "hero_damage": 25839, "tower_damage": 6439, "hero_healing": 0, "gold": 5075, "gold_spent": 26965, "ability_upgrades_arr": [5004, 5003, 7314, 5003, 5003, 5006, 5004, 5004, 5003, 5004, 1495, 5006, 7314, 7314, 7314, 6800, 5006, 735, 6353], "personaname": "La Chaucha", "name": null, "last_login": "2026-03-03T14:36:01.200Z", "rank_tier": 42, "computed_mmr": 4031.51, "is_subscriber": false, "radiant_win": true, "start_time": 1743818713, "duration": 2796, "cluster": 241, "lobby_type": 0, "game_mode": 22, "is_contributor": false, "patch": 57, "region": 14, "isRadiant": true, "win": 1, "lose": 0, "total_gold": 32060, "total_xp": 40868, "kills_per_min": 0.2145922746781116, "kda": 4.17, "abandons": 0, "benchmarks": {"gold_per_min": {"raw": 688, "pct": 0.6864153201675643}, "xp_per_min": {"raw": 877, "pct": 0.5194494314781568}, "kills_per_min": {"raw": 0.2145922746781116, "pct": 0.5517654099341711}, "last_hits_per_min": {"raw": 8.927038626609441, "pct": 0.5595451825254338}, "hero_damage_per_min": {"raw": 554.4849785407725, "pct": 0.6163973668461998}, "hero_healing_per_min": {"raw": 0, "pct": 0.9470377019748654}, "tower_damage": {"raw": 6439, "pct": 0.5864751645721125}}}, {"account_id": 65137360, "player_slot": 3, "team_number": 0, "team_slot": 3, "hero_id": 30, "hero_variant": 1, "item_0": 23, "item_1": 218, "item_2": 0, "item_3": 36, "item_4": 100, "item_5": 231, "backpack_0": 21, "backpack_1": 22, "backpack_2": 1575, "item_neutral": 1607, "item_neutral2": 1583, "kills": 4, "deaths": 4, "assists": 27, "leaver_status": 0, "last_hits": 56, "denies": 5, "gold_per_min": 353, "xp_per_min": 504, "level": 20, "net_worth": 15154, "aghanims_scepter": 0, "aghanims_shard": 1, "moonshard": 0, "hero_damage": 15614, "tower_damage": 457, "hero_healing": 24461, "gold": 2354, "gold_spent": 14590, "ability_upgrades_arr": [5138, 5140, 5139, 5140, 5138, 5141, 5140, 5138, 5139, 5139, 5140, 5141, 5959, 5139, 5138, 417, 5141], "personaname": "PatoDeGoma", "name": null, "last_login": "2021-02-10T20:32:57.535Z", "rank_tier": 45, "computed_mmr": null, "is_subscriber": false, "radiant_win": true, "start_time": 1743818713, "duration": 2796, "cluster": 241, "lobby_type": 0, "game_mode": 22, "is_contributor": false, "patch": 57, "region": 14, "isRadiant": true, "win": 1, "lose": 0, "total_gold": 16449, "total_xp": 23486, "kills_per_min": 0.08583690987124463, "kda": 6.2, "abandons": 0, "benchmarks": {"gold_per_min": {"raw": 353, "pct": 0.41867303804447714}, "xp_per_min": {"raw": 504, "pct": 0.386877412240397}, "kills_per_min": {"raw": 0.08583690987124463, "pct": 0.11633890828891748}, "last_hits_per_min": {"raw": 1.201716738197425, "pct": 0.5546774489983459}, "hero_damage_per_min": {"raw": 335.0643776824034, "pct": 0.11394964160999817}, "hero_healing_per_min": {"raw": 524.9141630901287, "pct": 0.9715125895975004}, "tower_damage": {"raw": 457, "pct": 0.584267597868039}}}, {"player_slot": 4, "team_number": 0, "team_slot": 4, "hero_id": 11, "hero_variant": 2, "item_0": 116, "item_1": 123, "item_2": 48, "item_3": 263, "item_4": 100, "item_5": 1, "backpack_0": 41, "backpack_1": 23, "backpack_2": 21, "item_neutral": 1599, "item_neutral2": 1594, "kills": 16, "deaths": 5, "assists": 24, "leaver_status": 0, "last_hits": 304, "denies": 13, "gold_per_min": 632, "xp_per_min": 938, "level": 27, "net_worth": 28243, "aghanims_scepter": 0, "aghanims_shard": 1, "moonshard": 0, "hero_damage": 44042, "tower_damage": 10523, "hero_healing": 106, "gold": 918, "gold_spent": 28415, "ability_upgrades_arr": [5063, 5059, 5059, 5063, 5059, 5064, 5059, 5063, 5063, 999, 1216, 5064, 1216, 1216, 6070, 1216, 5064, 815, 1217, 6876], "is_subscriber": false, "radiant_win": true, "start_time": 1743818713, "duration": 2796, "cluster": 241, "lobby_type": 0, "game_mode": 22, "is_contributor": false, "patch": 57, "region": 14, "isRadiant": true, "win": 1, "lose": 0, "total_gold": 29451, "total_xp": 43710, "kills_per_min": 0.34334763948497854, "kda": 6.67, "abandons": 0, "benchmarks": {"gold_per_min": {"raw": 632, "pct": 0.6155844155844156}, "xp_per_min": {"raw": 938, "pct": 0.7123376623376624}, "kills_per_min": {"raw": 0.34334763948497854, "pct": 0.7372294372294372}, "last_hits_per_min": {"raw": 6.523605150214593, "pct": 0.31623376623376626}, "hero_damage_per_min": {"raw": 945.1072961373391, "pct": 0.783982683982684}, "hero_healing_per_min": {"raw": 2.2746781115879826,