{"players": [{"account_id": 145354424, "player_slot": 0, "team_number": 0, "team_slot": 0, "hero_id": 60, "hero_variant": 2, "item_0": 36, "item_1": 73, "item_2": 210, "item_3": 50, "item_4": 116, "item_5": 143, "backpack_0": 11, "backpack_1": 0, "backpack_2": 0, "item_neutral": 1605, "item_neutral2": 1577, "kills": 3, "deaths": 4, "assists": 16, "leaver_status": 0, "last_hits": 138, "denies": 3, "gold_per_min": 428, "xp_per_min": 523, "level": 19, "net_worth": 16180, "aghanims_scepter": 0, "aghanims_shard": 0, "moonshard": 0, "hero_damage": 11547, "tower_damage": 11142, "hero_healing": 0, "gold": 4000, "gold_spent": 12485, "ability_upgrades_arr": [5275, 5276, 5275, 5277, 5275, 5278, 5276, 5276, 5277, 5277, 816, 5278, 5275, 5277, 1048, 5276, 5278], "personaname": "[Jason]", "name": null, "last_login": null, "rank_tier": 43, "computed_mmr": 3963.79, "is_subscriber": false, "radiant_win": true, "start_time": 1760658222, "duration": 2295, "cluster": 381, "lobby_type": 7, "game_mode": 22, "is_contributor": false, "patch": 58, "isRadiant": true, "win": 1, "lose": 0, "total_gold": 16371, "total_xp": 20004, "kills_per_min": 0.0784313725490196, "kda": 3.8, "abandons": 0, "benchmarks": {"gold_per_min": {"raw": 428, "pct": 0.2929717341482047}, "xp_per_min": {"raw": 523, "pct": 0.20244461420932008}, "kills_per_min": {"raw": 0.0784313725490196, "pct": 0.07944996180290298}, "last_hits_per_min": {"raw": 3.607843137254902, "pct": 0.18716577540106952}, "hero_damage_per_min": {"raw": 301.88235294117646, "pct": 0.0920550038197097}, "hero_healing_per_min": {"raw": 0, "pct": 0.9102368220015279}, "tower_damage": {"raw": 11142, "pct": 0.9583651642475172}}}, {"player_slot": 1, "team_number": 0, "team_slot": 1, "hero_id": 77, "hero_variant": 2, "item_0": 939, "item_1": 116, "item_2": 250, "item_3": 63, "item_4": 145, "item_5": 73, "backpack_0": 36, "backpack_1": 0, "backpack_2": 0, "item_neutral": 1603, "item_neutral2": 1577, "kills": 5, "deaths": 2, "assists": 12, "leaver_status": 0, "last_hits": 352, "denies": 7, "gold_per_min": 683, "xp_per_min": 742, "level": 22, "net_worth": 25611, "aghanims_scepter": 0, "aghanims_shard": 0, "moonshard": 0, "hero_damage": 13602, "tower_damage": 17369, "hero_healing": 0, "gold": 3781, "gold_spent": 22470, "ability_upgrades_arr": [5395, 5397, 5395, 5396, 5395, 5398, 5395, 5397, 5397, 5397, 5396, 5398, 5396, 5396, 1152, 846, 5398, 6134], "is_subscriber": false, "radiant_win": true, "start_time": 1760658222, "duration": 2295, "cluster": 381, "lobby_type": 7, "game_mode": 22, "is_contributor": false, "patch": 58, "isRadiant": true, "win": 1, "lose": 0, "total_gold": 26124, "total_xp": 28381, "kills_per_min": 0.13071895424836602, "kda": 5.67, "abandons": 0, "benchmarks": {"gold_per_min": {"raw": 683, "pct": 0.9371069182389937}, "xp_per_min": {"raw": 742, "pct": 0.7064989517819706}, "kills_per_min": {"raw": 0.13071895424836602, "pct": 0.35639412997903563}, "last_hits_per_min": {"raw": 9.202614379084967, "pct": 0.9874213836477987}, "hero_damage_per_min": {"raw": 355.6078431372549, "pct": 0.32914046121593293}, "hero_healing_per_min": {"raw": 0, "pct": 0.7484276729559748}, "tower_damage": {"raw": 17369, "pct": 0.9287211740041929}}}, {"player_slot": 2, "team_number": 0, "team_slot": 2, "hero_id": 84, "hero_variant": 2, "item_0": 37, "item_1": 232, "item_2": 254, "item_3": 90, "item_4": 218, "item_5": 180, "backpack_0": 36, "backpack_1": 0, "backpack_2": 0, "item_neutral": 1604, "item_neutral2": 1577, "kills": 5, "deaths": 3, "assists": 16, "leaver_status": 0, "last_hits": 62, "denies": 1, "gold_per_min": 377, "xp_per_min": 541, "level": 19, "net_worth": 13520, "aghanims_scepter": 0, "aghanims_shard": 0, "moonshard": 0, "hero_damage": 14990, "tower_damage": 1638, "hero_healing": 0, "gold": 1820, "gold_spent": 13990, "ability_upgrades_arr": [5439, 5438, 5438, 5439, 5438, 5441, 5438, 5439, 5439, 801, 5440, 5441, 5440, 5440, 5440, 1181, 5441, 6183], "is_subscriber": false, "radiant_win": true, "start_time": 1760658222, "duration": 2295, "cluster": 381, "lobby_type": 7, "game_mode": 22, "is_contributor": false, "patch": 58, "isRadiant": true, "win": 1, "lose": 0, "total_gold": 14420, "total_xp": 20693, "kills_per_min": 0.13071895424836602, "kda": 5.25, "abandons": 0, "benchmarks": {"gold_per_min": {"raw": 377, "pct": 0.27159751453197034}, "xp_per_min": {"raw": 541, "pct": 0.3619963920625376}, "kills_per_min": {"raw": 0.13071895424836602, "pct": 0.5816796953297254}, "last_hits_per_min": {"raw": 1.6209150326797386, "pct": 0.20805772699939867}, "hero_damage_per_min": {"raw": 391.8954248366013, "pct": 0.22369212266987373}, "hero_healing_per_min": {"raw": 0, "pct": 0.6630587292042494}, "tower_damage": {"raw": 1638, "pct": 0.6806975345760673}}}, {"account_id": 347529164, "player_slot": 3, "team_number": 0, "team_slot": 3, "hero_id": 52, "hero_variant": 2, "item_0": 1, "item_1": 96, "item_2": 116, "item_3": 180, "item_4": 41, "item_5": 273, "backpack_0": 0, "backpack_1": 36, "backpack_2": 0, "item_neutral": 1599, "item_neutral2": 1583, "kills": 12, "deaths": 4, "assists": 11, "leaver_status": 0, "last_hits": 254, "denies": 3, "gold_per_min": 598, "xp_per_min": 670, "level": 21, "net_worth": 22015, "aghanims_scepter": 0, "aghanims_shard": 0, "moonshard": 0, "hero_damage": 34603, "tower_damage": 2830, "hero_healing": 0, "gold": 3690, "gold_spent": 19380, "ability_upgrades_arr": [5243, 5242, 5242, 5243, 5242, 5244, 5242, 5243, 5243, 5931, 5241, 5244, 5241, 5241, 7101, 5241, 5244, 9418], "personaname": "Big.Daddy.Sexy.Mandy~", "name": null, "last_login": null, "rank_tier": 44, "computed_mmr": 3833.47, "is_subscriber": false, "radiant_win": true, "start_time": 1760658222, "duration": 2295, "cluster": 381, "lobby_type": 7, "game_mode": 22, "is_contributor": false, "patch": 58, "isRadiant": true, "win": 1, "lose": 0, "total_gold": 22873, "total_xp": 25627, "kills_per_min": 0.3137254901960784, "kda": 4.6, "abandons": 0, "benchmarks": {"gold_per_min": {"raw": 598, "pct": 0.6012371134020619}, "xp_per_min": {"raw": 670, "pct": 0.34845360824742266}, "kills_per_min": {"raw": 0.3137254901960784, "pct": 0.674639175257732}, "last_hits_per_min": {"raw": 6.640522875816994, "pct": 0.5451546391752577}, "hero_damage_per_min": {"raw": 904.6535947712417, "pct": 0.5785567010309278}, "hero_healing_per_min": {"raw": 0, "pct": 0.7983505154639176}, "tower_damage": {"raw": 2830, "pct": 0.368659793814433}}}, {"player_slot": 4, "team_number": 0, "team_slot": 4, "hero_id": 26, "hero_variant": 1, "item_0": 1, "item_1": 37, "item_2": 36, "item_3": 232, "item_4": 4206, "item_5": 214, "backpack_0": 0, "backpack_1": 0, "backpack_2": 0, "item_neutral": 840, "item_neutral2": 1576, "kills": 5, "deaths": 7, "assists": 21, "leaver_status": 0, "last_hits": 76, "denies": 9, "gold_per_min": 372, "xp_per_min": 455, "level": 17, "net_worth": 11569, "aghanims_scepter": 0, "aghanims_shard": 1, "moonshard": 0, "hero_damage": 14063, "tower_damage": 1686, "hero_healing": 125, "gold": 2494, "gold_spent": 10110, "ability_upgrades_arr": [5044, 5046, 5044, 5045, 5044, 5047, 5044, 5046, 5045, 5045, 465, 5047, 5046, 5045, 401, 5046], "is_subscriber": false, "radiant_win": true, "start_time": 1760658222, "duration": 2295, "cluster": 381, "lobby_type": 7, "game_mode": 22, "is_contributor": false, "patch": 58, "isRadiant": true, "win": 1, "lose": 0, "total_gold": 14229, "total_xp": 17403, "kills_per_min": 0.13071895424836602, "kda": 3.25, "abandons": 0, "benchmarks": {"gold_per_min": {"raw": 372, "pct": 0.6902242378432855}, "xp_per_min": {"raw": 455, "pct": 0.2802973041068279}, "kills_per_min": {"raw": 0.13071895424836602, "pct": 0.48097757621567144}, "last_hits_per_min": {"raw": 1.9869281045751632, "pct": 0.7899974804736709}, "hero_damage_per_min": {"raw": 367.66013071895424, "pct": 0.6400856638951877}, "hero_healing_per_min": {"raw": 3.2679738562091507, "pct": 0.8450491307634165}, "tower_damage": {"raw": 1686, "pct": 0.8509700176366843}}}, {"account_id": 45421382, "player_slot": 128, "team_number": 1,