{"players": [{"account_id": 45421382, "player_slot": 0, "team_number": 0, "team_slot": 0, "hero_id": 41, "hero_variant": 2, "item_0": 63, "item_1": 135, "item_2": 172, "item_3": 147, "item_4": 139, "item_5": 0, "backpack_0": 0, "backpack_1": 0, "backpack_2": 0, "item_neutral": 1605, "item_neutral2": 1585, "kills": 7, "deaths": 8, "assists": 25, "leaver_status": 0, "last_hits": 270, "denies": 16, "gold_per_min": 555, "xp_per_min": 864, "level": 26, "net_worth": 21910, "aghanims_scepter": 0, "aghanims_shard": 0, "moonshard": 0, "hero_damage": 24139, "tower_damage": 8289, "hero_healing": 0, "gold": 2310, "gold_spent": 22615, "ability_upgrades_arr": [5182, 5184, 5182, 5691, 5184, 5185, 5182, 5184, 5184, 5182, 5691, 5185, 5691, 5691, 868, 856, 5185, 7388, 7001], "personaname": "La Chaucha", "name": null, "last_login": "2026-03-03T14:36:01.200Z", "rank_tier": 42, "computed_mmr": 4031.51, "is_subscriber": false, "radiant_win": true, "start_time": 1748139519, "duration": 2675, "cluster": 241, "lobby_type": 0, "game_mode": 22, "is_contributor": false, "patch": 58, "region": 14, "isRadiant": true, "win": 1, "lose": 0, "total_gold": 24743, "total_xp": 38520, "kills_per_min": 0.15700934579439252, "kda": 3.56, "abandons": 0, "benchmarks": {"gold_per_min": {"raw": 555, "pct": 0.4924892703862661}, "xp_per_min": {"raw": 864, "pct": 0.5854792560801144}, "kills_per_min": {"raw": 0.15700934579439252, "pct": 0.36838340486409155}, "last_hits_per_min": {"raw": 6.05607476635514, "pct": 0.35157367668097284}, "hero_damage_per_min": {"raw": 541.4355140186916, "pct": 0.5003576537911302}, "hero_healing_per_min": {"raw": 0, "pct": 0.9452789699570815}, "tower_damage": {"raw": 8289, "pct": 0.7149499284692418}}}, {"account_id": 115132074, "player_slot": 1, "team_number": 0, "team_slot": 1, "hero_id": 30, "hero_variant": 4, "item_0": 218, "item_1": 36, "item_2": 231, "item_3": 96, "item_4": 108, "item_5": 0, "backpack_0": 0, "backpack_1": 0, "backpack_2": 0, "item_neutral": 1642, "item_neutral2": 1592, "kills": 12, "deaths": 9, "assists": 33, "leaver_status": 0, "last_hits": 52, "denies": 5, "gold_per_min": 491, "xp_per_min": 741, "level": 24, "net_worth": 20258, "aghanims_scepter": 0, "aghanims_shard": 1, "moonshard": 0, "hero_damage": 38090, "tower_damage": 1128, "hero_healing": 8805, "gold": 3808, "gold_spent": 17570, "ability_upgrades_arr": [5138, 5140, 5138, 5140, 5138, 5141, 5140, 5138, 5139, 5140, 5139, 5141, 5139, 5139, 417, 6995, 5141, 5998], "personaname": "Durotan", "name": null, "last_login": null, "rank_tier": 41, "computed_mmr": 3905.19, "is_subscriber": false, "radiant_win": true, "start_time": 1748139519, "duration": 2675, "cluster": 241, "lobby_type": 0, "game_mode": 22, "is_contributor": false, "patch": 58, "region": 14, "isRadiant": true, "win": 1, "lose": 0, "total_gold": 21890, "total_xp": 33036, "kills_per_min": 0.2691588785046729, "kda": 4.5, "abandons": 0, "benchmarks": {"gold_per_min": {"raw": 491, "pct": 0.9507443484653556}, "xp_per_min": {"raw": 741, "pct": 0.852968204374196}, "kills_per_min": {"raw": 0.2691588785046729, "pct": 0.8005881271825032}, "last_hits_per_min": {"raw": 1.1663551401869159, "pct": 0.530968571953685}, "hero_damage_per_min": {"raw": 854.3551401869158, "pct": 0.9040617533541628}, "hero_healing_per_min": {"raw": 197.49532710280374, "pct": 0.6732218342216504}, "tower_damage": {"raw": 1128, "pct": 0.8331189119647123}}}, {"account_id": 297584805, "player_slot": 2, "team_number": 0, "team_slot": 2, "hero_id": 105, "hero_variant": 3, "item_0": 77, "item_1": 0, "item_2": 277, "item_3": 180, "item_4": 232, "item_5": 48, "backpack_0": 0, "backpack_1": 0, "backpack_2": 0, "item_neutral": 1643, "item_neutral2": 1584, "kills": 4, "deaths": 12, "assists": 17, "leaver_status": 0, "last_hits": 131, "denies": 1, "gold_per_min": 352, "xp_per_min": 407, "level": 18, "net_worth": 12831, "aghanims_scepter": 0, "aghanims_shard": 0, "moonshard": 0, "hero_damage": 15473, "tower_damage": 1526, "hero_healing": 0, "gold": 1951, "gold_spent": 12055, "ability_upgrades_arr": [5601, 879, 5601, 886, 879, 5599, 5601, 879, 5601, 6997, 730, 879, 5599, 730, 6282, 886, 730, 5599], "personaname": "bnyx", "name": null, "last_login": null, "rank_tier": 32, "computed_mmr": 3999.97, "is_subscriber": false, "radiant_win": true, "start_time": 1748139519, "duration": 2675, "cluster": 241, "lobby_type": 0, "game_mode": 22, "is_contributor": false, "patch": 58, "region": 14, "isRadiant": true, "win": 1, "lose": 0, "total_gold": 15693, "total_xp": 18145, "kills_per_min": 0.08971962616822429, "kda": 1.62, "abandons": 0, "benchmarks": {"gold_per_min": {"raw": 352, "pct": 0.20286396181384247}, "xp_per_min": {"raw": 407, "pct": 0.15725271811190666}, "kills_per_min": {"raw": 0.08971962616822429, "pct": 0.12596128347918323}, "last_hits_per_min": {"raw": 2.9383177570093455, "pct": 0.526385574118271}, "hero_damage_per_min": {"raw": 347.05794392523364, "pct": 0.032086979581012996}, "hero_healing_per_min": {"raw": 0, "pct": 0.7364094404667197}, "tower_damage": {"raw": 1526, "pct": 0.6592415804826306}}}, {"account_id": 87710863, "player_slot": 3, "team_number": 0, "team_slot": 3, "hero_id": 35, "hero_variant": 1, "item_0": 152, "item_1": 147, "item_2": 141, "item_3": 63, "item_4": 247, "item_5": 135, "backpack_0": 0, "backpack_1": 0, "backpack_2": 0, "item_neutral": 1643, "item_neutral2": 1584, "kills": 14, "deaths": 5, "assists": 16, "leaver_status": 0, "last_hits": 321, "denies": 8, "gold_per_min": 638, "xp_per_min": 967, "level": 26, "net_worth": 26822, "aghanims_scepter": 0, "aghanims_shard": 0, "moonshard": 0, "hero_damage": 40590, "tower_damage": 9597, "hero_healing": 0, "gold": 3522, "gold_spent": 24570, "ability_upgrades_arr": [5154, 5155, 5155, 5154, 5155, 5157, 5155, 5156, 5156, 5156, 5156, 928, 5157, 5154, 7892, 5154, 5157, 1455, 6896], "personaname": "KaylenVaz", "name": null, "last_login": "2025-12-02T21:32:11.428Z", "rank_tier": 33, "computed_mmr": 3858.43, "is_subscriber": false, "radiant_win": true, "start_time": 1748139519, "duration": 2675, "cluster": 241, "lobby_type": 0, "game_mode": 22, "is_contributor": false, "patch": 58, "region": 14, "isRadiant": true, "win": 1, "lose": 0, "total_gold": 28444, "total_xp": 43112, "kills_per_min": 0.31401869158878504, "kda": 5, "abandons": 0, "benchmarks": {"gold_per_min": {"raw": 638, "pct": 0.6903561057618829}, "xp_per_min": {"raw": 967, "pct": 0.8505272810637322}, "kills_per_min": {"raw": 0.31401869158878504, "pct": 0.6688063579397829}, "last_hits_per_min": {"raw": 7.199999999999999, "pct": 0.6400733608436497}, "hero_damage_per_min": {"raw": 910.4299065420561, "pct": 0.5832187070151307}, "hero_healing_per_min": {"raw": 0, "pct": 0.9301543634418462}, "tower_damage": {"raw": 9597, "pct": 0.7281063732232921}}}, {"player_slot": 4, "team_number": 0, "team_slot": 4, "hero_id": 126, "hero_variant": 3, "item_0": 116, "item_1": 147, "item_2": 149, "item_3": 1806, "item_4": 63, "item_5": 123, "backpack_0": 36, "backpack_1": 0, "backpack_2": 0, "item_neutral": 1642, "item_neutral2": 1584, "kills": 13, "deaths": 2, "assists": 19, "leaver_status": 0, "last_hits": 234, "denies": 22, "gold_per_min": 597, "xp_per_min": 1066, "level": 27, "net_worth": 26361, "aghanims_scepter": 0, "aghanims_shard": 0, "moonshard": 0, "hero_damage": 29483, "tower_damage": 5875, "hero_healing": 0, "gold": 2936, "gold_spent": 23965, "ability_upgrades_arr": [7710, 7701, 7710, 6470, 7710, 7705, 7701, 7710, 7701, 6470, 6470, 7705, 6470, 7701, 7709, 1657, 7705, 7706, 7714, 7132], "is_subscriber": false, "radiant_win": true, "start_time": 1748139519, "duration": 2675, "cluster": 241, "lobby_type": 0, "game_mode": 22, "is_contributor": false, "patch": 58, "region": 14, "isRadiant": true, "win": 1, "lose": 0, "total_gold": 26616, "total_xp": 47525, "kills_per_min": 0.29158878504672897, "kda": 10.67, "abandons": 0, "benchmarks": {"gold_per_min": {"raw": 597, "pct": 0.75}, "xp_per_min": {"raw": 1066, "pct": 0.906043956043956}, "kills_per_min": {"raw": 0.29158878504672897,