{"players": [{"account_id": 441930544, "player_slot": 0, "team_number": 0, "team_slot": 0, "hero_id": 35, "hero_variant": 2, "item_0": 63, "item_1": 249, "item_2": 158, "item_3": 263, "item_4": 141, "item_5": 135, "backpack_0": 0, "backpack_1": 0, "backpack_2": 0, "item_neutral": 828, "item_neutral2": 1577, "kills": 13, "deaths": 14, "assists": 22, "leaver_status": 0, "last_hits": 547, "denies": 22, "gold_per_min": 732, "xp_per_min": 1015, "level": 29, "net_worth": 34620, "aghanims_scepter": 1, "aghanims_shard": 0, "moonshard": 0, "hero_damage": 66753, "tower_damage": 7026, "hero_healing": 0, "gold": 1870, "gold_spent": 33225, "ability_upgrades_arr": [5154, 5155, 5155, 5154, 5154, 5157, 5155, 5155, 5156, 5154, 5156, 5157, 5156, 5156, 928, 6305, 5157, 6897, 6896, 7396, 7892, 1455], "personaname": "soyGOKU", "name": null, "last_login": null, "rank_tier": 15, "computed_mmr": 3947.54, "is_subscriber": false, "radiant_win": false, "start_time": 1761595898, "duration": 3482, "cluster": 346, "lobby_type": 7, "game_mode": 22, "is_contributor": false, "patch": 58, "region": 38, "isRadiant": true, "win": 0, "lose": 1, "total_gold": 42480, "total_xp": 58903, "kills_per_min": 0.22400919012062034, "kda": 2.33, "abandons": 0, "benchmarks": {"gold_per_min": {"raw": 732, "pct": 0.8952539550374687}, "xp_per_min": {"raw": 1015, "pct": 0.8992506244796004}, "kills_per_min": {"raw": 0.22400919012062034, "pct": 0.4684429641965029}, "last_hits_per_min": {"raw": 9.42561746122918, "pct": 0.9134054954204829}, "hero_damage_per_min": {"raw": 1150.2527283170593, "pct": 0.8158201498751041}, "hero_healing_per_min": {"raw": 0, "pct": 0.9365528726061615}, "tower_damage": {"raw": 7026, "pct": 0.6249791840133222}}}, {"account_id": 37467834, "player_slot": 1, "team_number": 0, "team_slot": 1, "hero_id": 5, "hero_variant": 3, "item_0": 931, "item_1": 102, "item_2": 1, "item_3": 37, "item_4": 0, "item_5": 254, "backpack_0": 0, "backpack_1": 36, "backpack_2": 0, "item_neutral": 1607, "item_neutral2": 1592, "kills": 1, "deaths": 11, "assists": 38, "leaver_status": 0, "last_hits": 41, "denies": 2, "gold_per_min": 350, "xp_per_min": 579, "level": 24, "net_worth": 13872, "aghanims_scepter": 0, "aghanims_shard": 0, "moonshard": 0, "hero_damage": 20063, "tower_damage": 45, "hero_healing": 0, "gold": 1097, "gold_spent": 14375, "ability_upgrades_arr": [5127, 5128, 5126, 5127, 5127, 5129, 5127, 5128, 5126, 5126, 5128, 5129, 5128, 5126, 5959, 956, 5129, 6520], "personaname": "ExtremoDiaz", "name": null, "last_login": null, "rank_tier": 22, "computed_mmr": 3968.35, "is_subscriber": false, "radiant_win": false, "start_time": 1761595898, "duration": 3482, "cluster": 346, "lobby_type": 7, "game_mode": 22, "is_contributor": false, "patch": 58, "region": 38, "isRadiant": true, "win": 0, "lose": 1, "total_gold": 20311, "total_xp": 33601, "kills_per_min": 0.01723147616312464, "kda": 3.25, "abandons": 0, "benchmarks": {"gold_per_min": {"raw": 350, "pct": 0.4900302114803625}, "xp_per_min": {"raw": 579, "pct": 0.5371601208459215}, "kills_per_min": {"raw": 0.01723147616312464, "pct": 0.04078549848942598}, "last_hits_per_min": {"raw": 0.7064905226881103, "pct": 0.07613293051359517}, "hero_damage_per_min": {"raw": 345.7151062607697, "pct": 0.2785498489425982}, "hero_healing_per_min": {"raw": 0, "pct": 0.7250755287009063}, "tower_damage": {"raw": 45, "pct": 0.2848942598187311}}}, {"player_slot": 2, "team_number": 0, "team_slot": 2, "hero_id": 81, "hero_variant": 2, "item_0": 252, "item_1": 53, "item_2": 141, "item_3": 135, "item_4": 147, "item_5": 63, "backpack_0": 0, "backpack_1": 73, "backpack_2": 0, "item_neutral": 1643, "item_neutral2": 1584, "kills": 17, "deaths": 11, "assists": 14, "leaver_status": 0, "last_hits": 257, "denies": 6, "gold_per_min": 528, "xp_per_min": 831, "level": 27, "net_worth": 23750, "aghanims_scepter": 0, "aghanims_shard": 1, "moonshard": 0, "hero_damage": 57471, "tower_damage": 7872, "hero_healing": 0, "gold": 495, "gold_spent": 23345, "ability_upgrades_arr": [5428, 5426, 5427, 5428, 5428, 5429, 5426, 5427, 5426, 6618, 5426, 5429, 5427, 5427, 6137, 5428, 5429, 6619, 7651, 871], "is_subscriber": false, "radiant_win": false, "start_time": 1761595898, "duration": 3482, "cluster": 346, "lobby_type": 7, "game_mode": 22, "is_contributor": false, "patch": 58, "region": 38, "isRadiant": true, "win": 0, "lose": 1, "total_gold": 30641, "total_xp": 48225, "kills_per_min": 0.2929350947731189, "kda": 2.58, "abandons": 0, "benchmarks": {"gold_per_min": {"raw": 528, "pct": 0.6795146324054246}, "xp_per_min": {"raw": 831, "pct": 0.7701641684511064}, "kills_per_min": {"raw": 0.2929350947731189, "pct": 0.7430406852248393}, "last_hits_per_min": {"raw": 4.428489373923033, "pct": 0.4503925767309065}, "hero_damage_per_min": {"raw": 990.3101665709363, "pct": 0.9243397573162027}, "hero_healing_per_min": {"raw": 0, "pct": 0.9528907922912205}, "tower_damage": {"raw": 7872, "pct": 0.8194147037830122}}}, {"player_slot": 3, "team_number": 0, "team_slot": 3, "hero_id": 28, "hero_variant": 1, "item_0": 63, "item_1": 116, "item_2": 114, "item_3": 1, "item_4": 127, "item_5": 112, "backpack_0": 36, "backpack_1": 0, "backpack_2": 0, "item_neutral": 1607, "item_neutral2": 1594, "kills": 12, "deaths": 14, "assists": 27, "leaver_status": 0, "last_hits": 144, "denies": 2, "gold_per_min": 461, "xp_per_min": 769, "level": 27, "net_worth": 24407, "aghanims_scepter": 0, "aghanims_shard": 0, "moonshard": 0, "hero_damage": 50337, "tower_damage": 826, "hero_healing": 0, "gold": 3632, "gold_spent": 21560, "ability_upgrades_arr": [5116, 5114, 5115, 5116, 5116, 5117, 5116, 5115, 5115, 5115, 5114, 5117, 5114, 5114, 5993, 695, 5117, 6211, 6890], "is_subscriber": false, "radiant_win": false, "start_time": 1761595898, "duration": 3482, "cluster": 346, "lobby_type": 7, "game_mode": 22, "is_contributor": false, "patch": 58, "region": 38, "isRadiant": true, "win": 0, "lose": 1, "total_gold": 26753, "total_xp": 44627, "kills_per_min": 0.2067777139574957, "kda": 2.6, "abandons": 0, "benchmarks": {"gold_per_min": {"raw": 461, "pct": 0.5035180299032542}, "xp_per_min": {"raw": 769, "pct": 0.6402814423922604}, "kills_per_min": {"raw": 0.2067777139574957, "pct": 0.604221635883905}, "last_hits_per_min": {"raw": 2.4813325674899485, "pct": 0.11257695690413369}, "hero_damage_per_min": {"raw": 867.3808156232051, "pct": 0.9261213720316622}, "hero_healing_per_min": {"raw": 0, "pct": 0.9481090589270009}, "tower_damage": {"raw": 826, "pct": 0.46745822339489884}}}, {"player_slot": 4, "team_number": 0, "team_slot": 4, "hero_id": 26, "hero_variant": 2, "item_0": 610, "item_1": 1, "item_2": 37, "item_3": 108, "item_4": 218, "item_5": 232, "backpack_0": 214, "backpack_1": 34, "backpack_2": 0, "item_neutral": 1638, "item_neutral2": 1597, "kills": 10, "deaths": 12, "assists": 28, "leaver_status": 0, "last_hits": 115, "denies": 2, "gold_per_min": 441, "xp_per_min": 869, "level": 28, "net_worth": 20460, "aghanims_scepter": 0, "aghanims_shard": 0, "moonshard": 0, "hero_damage": 22267, "tower_damage": 331, "hero_healing": 0, "gold": 2285, "gold_spent": 20370, "ability_upgrades_arr": [5044, 5046, 5045, 5044, 5046, 5047, 5044, 5045, 5045, 5918, 5044, 5047, 5046, 5045, 401, 5046, 5047, 777, 6678, 465, 781], "is_subscriber": false, "radiant_win": false, "start_time": 1761595898, "duration": 3482, "cluster": 346, "lobby_type": 7, "game_mode": 22, "is_contributor": false, "patch": 58, "region": 38, "isRadiant": true, "win": 0, "lose": 1, "total_gold": 25592, "total_xp": 50430, "kills_per_min": 0.17231476163124643, "kda": 2.92, "abandons": 0, "benchmarks": {"gold_per_min": {"raw": 441, "pct": 0.8844026548672567}, "xp_per_min": {"raw": 869, "pct": 0.9246404867256637}, "kills_per_min": {"raw": 0.17231476163124643, "pct": 0.6613661504424779}, "last_hits_per_min": {"raw": 1.9816197587593338, "pct": 0.7874723451327433}, "hero_damage_per_min": {"raw": 383.69327972429636, "pct": 0.6794800884955752}, "hero_healing_per_min": {"raw": 0, "pct": 0.7679756637168141},