{"players": [{"player_slot": 0, "team_number": 0, "team_slot": 0, "hero_id": 6, "hero_variant": 2, "item_0": 141, "item_1": 263, "item_2": 147, "item_3": 63, "item_4": 139, "item_5": 108, "backpack_0": 0, "backpack_1": 0, "backpack_2": 0, "item_neutral": 2097, "item_neutral2": 1586, "kills": 12, "deaths": 4, "assists": 8, "leaver_status": 0, "last_hits": 434, "denies": 11, "gold_per_min": 621, "xp_per_min": 1000, "level": 28, "net_worth": 28548, "aghanims_scepter": 0, "aghanims_shard": 0, "moonshard": 0, "hero_damage": 36287, "tower_damage": 6164, "hero_healing": 0, "gold": 498, "gold_spent": 29495, "ability_upgrades_arr": [5019, 343, 5019, 5632, 343, 5022, 343, 343, 5019, 5019, 6209, 5632, 5022, 5632, 486, 5632, 5022, 6202, 6280, 580, 6027], "is_subscriber": false, "radiant_win": false, "start_time": 1773794481, "duration": 3173, "cluster": 346, "lobby_type": 0, "game_mode": 22, "is_contributor": false, "patch": 59, "region": 38, "isRadiant": true, "win": 0, "lose": 1, "total_gold": 32840, "total_xp": 52883, "kills_per_min": 0.2269145918688938, "kda": 4, "abandons": 0, "benchmarks": {"gold_per_min": {"raw": 621, "pct": 0.6458541458541458}, "xp_per_min": {"raw": 1000, "pct": 0.8319180819180819}, "kills_per_min": {"raw": 0.2269145918688938, "pct": 0.5601898101898102}, "last_hits_per_min": {"raw": 8.206744405924992, "pct": 0.6795704295704296}, "hero_damage_per_min": {"raw": 686.1708162622124, "pct": 0.5704295704295704}, "hero_healing_per_min": {"raw": 0, "pct": 0.9647852147852148}, "tower_damage": {"raw": 6164, "pct": 0.5654345654345654}}}, {"player_slot": 1, "team_number": 0, "team_slot": 1, "hero_id": 45, "hero_variant": 1, "item_0": 204, "item_1": 73, "item_2": 232, "item_3": 180, "item_4": 36, "item_5": 60, "backpack_0": 23, "backpack_1": 42, "backpack_2": 0, "item_neutral": 1168, "item_neutral2": 1583, "kills": 7, "deaths": 12, "assists": 22, "leaver_status": 0, "last_hits": 104, "denies": 8, "gold_per_min": 362, "xp_per_min": 634, "level": 24, "net_worth": 16218, "aghanims_scepter": 0, "aghanims_shard": 1, "moonshard": 0, "hero_damage": 33762, "tower_damage": 2513, "hero_healing": 8180, "gold": 478, "gold_spent": 17725, "ability_upgrades_arr": [5186, 5188, 5186, 5187, 5186, 5189, 5186, 5187, 5187, 5187, 6448, 5188, 5189, 5188, 5188, 5903, 5189, 6541], "is_subscriber": false, "radiant_win": false, "start_time": 1773794481, "duration": 3173, "cluster": 346, "lobby_type": 0, "game_mode": 22, "is_contributor": false, "patch": 59, "region": 38, "isRadiant": true, "win": 0, "lose": 1, "total_gold": 19143, "total_xp": 33528, "kills_per_min": 0.13236684525685471, "kda": 2.23, "abandons": 0, "benchmarks": {"gold_per_min": {"raw": 362, "pct": 0.4389282899921198}, "xp_per_min": {"raw": 634, "pct": 0.6643026004728132}, "kills_per_min": {"raw": 0.13236684525685471, "pct": 0.5153664302600472}, "last_hits_per_min": {"raw": 1.9665931295304127, "pct": 0.40425531914893614}, "hero_damage_per_min": {"raw": 638.4242042231326, "pct": 0.5366430260047281}, "hero_healing_per_min": {"raw": 154.68011345729593, "pct": 0.6918833727344366}, "tower_damage": {"raw": 2513, "pct": 0.40583136327817176}}}, {"account_id": 32435556, "player_slot": 2, "team_number": 0, "team_slot": 2, "hero_id": 62, "hero_variant": 1, "item_0": 1107, "item_1": 98, "item_2": 226, "item_3": 108, "item_4": 214, "item_5": 92, "backpack_0": 0, "backpack_1": 0, "backpack_2": 0, "item_neutral": 1604, "item_neutral2": 1597, "kills": 1, "deaths": 14, "assists": 19, "leaver_status": 0, "last_hits": 136, "denies": 2, "gold_per_min": 412, "xp_per_min": 587, "level": 23, "net_worth": 18325, "aghanims_scepter": 0, "aghanims_shard": 0, "moonshard": 0, "hero_damage": 16735, "tower_damage": 210, "hero_healing": 999, "gold": 1275, "gold_spent": 22570, "ability_upgrades_arr": [5287, 5286, 1314, 5286, 5286, 5288, 1314, 1314, 1314, 5287, 869, 5286, 5288, 5287, 5287, 959, 5288, 6018], "personaname": "tserriednich", "name": null, "last_login": null, "rank_tier": 34, "computed_mmr": 3961.15, "is_subscriber": false, "radiant_win": false, "start_time": 1773794481, "duration": 3173, "cluster": 346, "lobby_type": 0, "game_mode": 22, "is_contributor": false, "patch": 59, "region": 38, "isRadiant": true, "win": 0, "lose": 1, "total_gold": 21787, "total_xp": 31042, "kills_per_min": 0.018909549322407817, "kda": 1.33, "abandons": 0, "benchmarks": {"gold_per_min": {"raw": 412, "pct": 0.4439723844928306}, "xp_per_min": {"raw": 587, "pct": 0.5161975570897503}, "kills_per_min": {"raw": 0.018909549322407813, "pct": 0.046202867764206054}, "last_hits_per_min": {"raw": 2.571698707847463, "pct": 0.8348380244291025}, "hero_damage_per_min": {"raw": 316.4513079104948, "pct": 0.4067976633032395}, "hero_healing_per_min": {"raw": 18.890639773085407, "pct": 0.8194370685077005}, "tower_damage": {"raw": 210, "pct": 0.45459373340414233}}}, {"player_slot": 3, "team_number": 0, "team_slot": 3, "hero_id": 129, "hero_variant": 2, "item_0": 180, "item_1": 90, "item_2": 1, "item_3": 242, "item_4": 178, "item_5": 226, "backpack_0": 0, "backpack_1": 0, "backpack_2": 0, "item_neutral": 1720, "item_neutral2": 1592, "kills": 8, "deaths": 14, "assists": 24, "leaver_status": 0, "last_hits": 192, "denies": 9, "gold_per_min": 425, "xp_per_min": 620, "level": 24, "net_worth": 17719, "aghanims_scepter": 0, "aghanims_shard": 1, "moonshard": 0, "hero_damage": 23378, "tower_damage": 527, "hero_healing": 0, "gold": 364, "gold_spent": 19855, "ability_upgrades_arr": [6583, 6582, 6583, 6495, 6583, 1416, 6583, 6495, 6495, 1567, 6582, 6495, 1416, 6582, 6582, 6759, 1416, 1542], "is_subscriber": false, "radiant_win": false, "start_time": 1773794481, "duration": 3173, "cluster": 346, "lobby_type": 0, "game_mode": 22, "is_contributor": false, "patch": 59, "region": 38, "isRadiant": true, "win": 0, "lose": 1, "total_gold": 22475, "total_xp": 32787, "kills_per_min": 0.15127639457926254, "kda": 2.13, "abandons": 0, "benchmarks": {"gold_per_min": {"raw": 425, "pct": 0.397196261682243}, "xp_per_min": {"raw": 620, "pct": 0.45249221183800625}, "kills_per_min": {"raw": 0.1512763945792625, "pct": 0.5833333333333334}, "last_hits_per_min": {"raw": 3.6306334699023006, "pct": 0.2558411214953271}, "hero_damage_per_min": {"raw": 442.0674440592499, "pct": 0.3808411214953271}, "hero_healing_per_min": {"raw": 0, "pct": 0.7624610591900312}, "tower_damage": {"raw": 527, "pct": 0.46690031152647976}}}, {"account_id": 30169974, "player_slot": 4, "team_number": 0, "team_slot": 4, "hero_id": 55, "hero_variant": 1, "item_0": 108, "item_1": 911, "item_2": 1806, "item_3": 1, "item_4": 119, "item_5": 48, "backpack_0": 0, "backpack_1": 0, "backpack_2": 0, "item_neutral": 1603, "item_neutral2": 1584, "kills": 9, "deaths": 11, "assists": 15, "leaver_status": 0, "last_hits": 341, "denies": 3, "gold_per_min": 552, "xp_per_min": 714, "level": 25, "net_worth": 25369, "aghanims_scepter": 0, "aghanims_shard": 0, "moonshard": 0, "hero_damage": 40786, "tower_damage": 516, "hero_healing": 0, "gold": 1869, "gold_spent": 25105, "ability_upgrades_arr": [5256, 5255, 5256, 5257, 5256, 5258, 5256, 5255, 5255, 560, 5255, 5257, 5258, 5257, 5257, 6365, 5258, 6047, 954], "personaname": "Basic Rules", "name": null, "last_login": null, "rank_tier": 25, "computed_mmr": 3987.64, "is_subscriber": false, "radiant_win": false, "start_time": 1773794481, "duration": 3173, "cluster": 346, "lobby_type": 0, "game_mode": 22, "is_contributor": false, "patch": 59, "region": 38, "isRadiant": true, "win": 0, "lose": 1, "total_gold": 29191, "total_xp": 37758, "kills_per_min": 0.17018594390167036, "kda": 2, "abandons": 0, "benchmarks": {"gold_per_min": {"raw": 552, "pct": 0.803886925795053}, "xp_per_min": {"raw": 714, "pct": 0.6484098939929329}, "kills_per_min": {"raw": 0.17018594390167036, "pct": 0.6607773851590106}, "last_hits_per_min": {"raw": 6.448156318941065, "pct": 0.8144876325088339}, "hero_damage_per_min": {"raw": 771.2448786637252, "pct": 0.7508833922261484}, "hero_healing_per_min": {"raw": 0, "pct": 0.3745583038869258},