{"players": [{"player_slot": 0, "team_number": 0, "team_slot": 0, "hero_id": 21, "hero_variant": 5, "item_0": 29, "item_1": 141, "item_2": 108, "item_3": 43, "item_4": 263, "item_5": 1, "backpack_0": 174, "backpack_1": 0, "backpack_2": 0, "item_neutral": 1638, "item_neutral2": 1594, "kills": 27, "deaths": 8, "assists": 16, "leaver_status": 0, "last_hits": 152, "denies": 5, "gold_per_min": 614, "xp_per_min": 951, "level": 26, "net_worth": 22600, "aghanims_scepter": 0, "aghanims_shard": 1, "moonshard": 0, "hero_damage": 36837, "tower_damage": 2279, "hero_healing": 0, "gold": 2100, "gold_spent": 21790, "ability_upgrades_arr": [5131, 5132, 5131, 5130, 5131, 5133, 5131, 5132, 5132, 5132, 5920, 5133, 5130, 5130, 6992, 5130, 5133, 7889], "is_subscriber": false, "radiant_win": true, "start_time": 1762570646, "duration": 2485, "cluster": 251, "lobby_type": 0, "game_mode": 22, "is_contributor": false, "patch": 58, "region": 15, "isRadiant": true, "win": 1, "lose": 0, "total_gold": 25429, "total_xp": 39387, "kills_per_min": 0.6519114688128773, "kda": 4.78, "abandons": 0, "benchmarks": {"gold_per_min": {"raw": 614, "pct": 0.8948407104595433}, "xp_per_min": {"raw": 951, "pct": 0.8923033549478433}, "kills_per_min": {"raw": 0.6519114688128773, "pct": 0.9940795038060333}, "last_hits_per_min": {"raw": 3.6700201207243457, "pct": 0.4806879052720609}, "hero_damage_per_min": {"raw": 889.4245472837022, "pct": 0.9128841274316324}, "hero_healing_per_min": {"raw": 0, "pct": 0.8449393853961094}, "tower_damage": {"raw": 2279, "pct": 0.5452495066253171}}}, {"account_id": 106856868, "player_slot": 1, "team_number": 0, "team_slot": 1, "hero_id": 39, "hero_variant": 3, "item_0": 108, "item_1": 41, "item_2": 119, "item_3": 63, "item_4": 127, "item_5": 273, "backpack_0": 4204, "backpack_1": 0, "backpack_2": 0, "item_neutral": 1643, "item_neutral2": 1597, "kills": 13, "deaths": 6, "assists": 27, "leaver_status": 0, "last_hits": 213, "denies": 11, "gold_per_min": 593, "xp_per_min": 776, "level": 24, "net_worth": 20519, "aghanims_scepter": 0, "aghanims_shard": 1, "moonshard": 0, "hero_damage": 34119, "tower_damage": 3170, "hero_healing": 0, "gold": 1169, "gold_spent": 21810, "ability_upgrades_arr": [5173, 5174, 5173, 5175, 5173, 5176, 5173, 5175, 5175, 5175, 5174, 5176, 5174, 5174, 6115, 629, 5176, 590], "personaname": "UNKNOWN", "name": null, "last_login": "2019-03-05T05:00:46.888Z", "rank_tier": 45, "computed_mmr": 4672.72, "is_subscriber": false, "radiant_win": true, "start_time": 1762570646, "duration": 2485, "cluster": 251, "lobby_type": 0, "game_mode": 22, "is_contributor": false, "patch": 58, "region": 15, "isRadiant": true, "win": 1, "lose": 0, "total_gold": 24560, "total_xp": 32139, "kills_per_min": 0.31388329979879276, "kda": 5.71, "abandons": 0, "benchmarks": {"gold_per_min": {"raw": 593, "pct": 0.6802547770700637}, "xp_per_min": {"raw": 776, "pct": 0.5215286624203822}, "kills_per_min": {"raw": 0.31388329979879276, "pct": 0.6988535031847134}, "last_hits_per_min": {"raw": 5.142857142857143, "pct": 0.43872611464968153}, "hero_damage_per_min": {"raw": 823.7987927565392, "pct": 0.5248407643312102}, "hero_healing_per_min": {"raw": 0, "pct": 0.8264968152866242}, "tower_damage": {"raw": 3170, "pct": 0.68}}}, {"player_slot": 2, "team_number": 0, "team_slot": 2, "hero_id": 32, "hero_variant": 1, "item_0": 36, "item_1": 267, "item_2": 0, "item_3": 180, "item_4": 174, "item_5": 0, "backpack_0": 0, "backpack_1": 0, "backpack_2": 40, "item_neutral": 1643, "item_neutral2": 1597, "kills": 4, "deaths": 12, "assists": 42, "leaver_status": 0, "last_hits": 40, "denies": 3, "gold_per_min": 373, "xp_per_min": 726, "level": 23, "net_worth": 12418, "aghanims_scepter": 0, "aghanims_shard": 0, "moonshard": 0, "hero_damage": 13016, "tower_damage": 202, "hero_healing": 320, "gold": 5103, "gold_spent": 9385, "ability_upgrades_arr": [5142, 5143, 5145, 5143, 5143, 5144, 5143, 5145, 5145, 474, 5142, 5144, 5145, 5142, 6865, 5142, 5144, 795], "is_subscriber": false, "radiant_win": true, "start_time": 1762570646, "duration": 2485, "cluster": 251, "lobby_type": 0, "game_mode": 22, "is_contributor": false, "patch": 58, "region": 15, "isRadiant": true, "win": 1, "lose": 0, "total_gold": 15448, "total_xp": 30068, "kills_per_min": 0.09657947686116701, "kda": 3.54, "abandons": 0, "benchmarks": {"gold_per_min": {"raw": 373, "pct": 0.2515946137491141}, "xp_per_min": {"raw": 726, "pct": 0.3770375620127569}, "kills_per_min": {"raw": 0.096579476861167, "pct": 0.13961729270021261}, "last_hits_per_min": {"raw": 0.9657947686116701, "pct": 0.040396881644223954}, "hero_damage_per_min": {"raw": 314.26961770623745, "pct": 0.15804394046775336}, "hero_healing_per_min": {"raw": 7.726358148893361, "pct": 0.9737774627923459}, "tower_damage": {"raw": 202, "pct": 0.3196314670446492}}}, {"player_slot": 3, "team_number": 0, "team_slot": 3, "hero_id": 104, "hero_variant": 1, "item_0": 127, "item_1": 168, "item_2": 50, "item_3": 1, "item_4": 108, "item_5": 598, "backpack_0": 188, "backpack_1": 0, "backpack_2": 0, "item_neutral": 1643, "item_neutral2": 1584, "kills": 13, "deaths": 14, "assists": 22, "leaver_status": 0, "last_hits": 156, "denies": 7, "gold_per_min": 518, "xp_per_min": 844, "level": 25, "net_worth": 18565, "aghanims_scepter": 0, "aghanims_shard": 1, "moonshard": 0, "hero_damage": 38127, "tower_damage": 2482, "hero_healing": 984, "gold": 565, "gold_spent": 19230, "ability_upgrades_arr": [5595, 5597, 5595, 5596, 5595, 5598, 5595, 5597, 5597, 5597, 5596, 5598, 1113, 5596, 6671, 5596, 5598, 6526, 880], "is_subscriber": false, "radiant_win": true, "start_time": 1762570646, "duration": 2485, "cluster": 251, "lobby_type": 0, "game_mode": 22, "is_contributor": false, "patch": 58, "region": 15, "isRadiant": true, "win": 1, "lose": 0, "total_gold": 21453, "total_xp": 34955, "kills_per_min": 0.31388329979879276, "kda": 2.33, "abandons": 0, "benchmarks": {"gold_per_min": {"raw": 518, "pct": 0.6029950083194675}, "xp_per_min": {"raw": 844, "pct": 0.7400998336106489}, "kills_per_min": {"raw": 0.31388329979879276, "pct": 0.7354409317803661}, "last_hits_per_min": {"raw": 3.766599597585513, "pct": 0.21747088186356073}, "hero_damage_per_min": {"raw": 920.5714285714286, "pct": 0.8191347753743761}, "hero_healing_per_min": {"raw": 23.758551307847082, "pct": 0.39434276206322794}, "tower_damage": {"raw": 2482, "pct": 0.5319467554076539}}}, {"player_slot": 4, "team_number": 0, "team_slot": 4, "hero_id": 109, "hero_variant": 1, "item_0": 147, "item_1": 156, "item_2": 139, "item_3": 21, "item_4": 63, "item_5": 141, "backpack_0": 8, "backpack_1": 0, "backpack_2": 0, "item_neutral": 1643, "item_neutral2": 1584, "kills": 15, "deaths": 4, "assists": 16, "leaver_status": 0, "last_hits": 332, "denies": 5, "gold_per_min": 727, "xp_per_min": 1271, "level": 28, "net_worth": 28799, "aghanims_scepter": 0, "aghanims_shard": 0, "moonshard": 0, "hero_damage": 37774, "tower_damage": 15347, "hero_healing": 0, "gold": 3099, "gold_spent": 26320, "ability_upgrades_arr": [5620, 5619, 5619, 5621, 5620, 5622, 5620, 5621, 5619, 6942, 5621, 5621, 5622, 5619, 924, 5620, 5622, 6168, 6943], "is_subscriber": false, "radiant_win": true, "start_time": 1762570646, "duration": 2485, "cluster": 251, "lobby_type": 0, "game_mode": 22, "is_contributor": false, "patch": 58, "region": 15, "isRadiant": true, "win": 1, "lose": 0, "total_gold": 30109, "total_xp": 52640, "kills_per_min": 0.3621730382293763, "kda": 6.2, "abandons": 0, "benchmarks": {"gold_per_min": {"raw": 727, "pct": 0.835920177383592}, "xp_per_min": {"raw": 1271, "pct": 0.9855875831485588}, "kills_per_min": {"raw": 0.36217303822937624, "pct": 0.8891352549889135}, "last_hits_per_min": {"raw": 8.01609657947686, "pct": 0.524390243902439}, "hero_damage_per_min": {"raw": 912.0482897384305, "pct": 0.8913525498891353}, "hero_healing_per_min": {"raw": 0, "pct": 0.9301552106430155}, "tower_damage": {"raw": 15347, "pct": 0.7516629711751663}}}, {"player_slot": 128, "team_number": 1, "team_slot": 0, "hero_id": 35, "hero_variant": 1,