{"players": [{"account_id": 45421382, "player_slot": 0, "team_number": 0, "team_slot": 0, "hero_id": 48, "hero_variant": 2, "item_0": 0, "item_1": 36, "item_2": 172, "item_3": 147, "item_4": 63, "item_5": 236, "backpack_0": 0, "backpack_1": 0, "backpack_2": 0, "item_neutral": 362, "item_neutral2": 1576, "kills": 5, "deaths": 3, "assists": 5, "leaver_status": 0, "last_hits": 199, "denies": 10, "gold_per_min": 502, "xp_per_min": 528, "level": 17, "net_worth": 14034, "aghanims_scepter": 0, "aghanims_shard": 0, "moonshard": 0, "hero_damage": 13030, "tower_damage": 14754, "hero_healing": 0, "gold": 734, "gold_spent": 15850, "ability_upgrades_arr": [5222, 5223, 5222, 5223, 5222, 5225, 1462, 5222, 5223, 7047, 5223, 5225, 1462, 1462, 770, 1462], "personaname": "La Chaucha", "name": null, "last_login": "2026-03-03T14:36:01.200Z", "rank_tier": 42, "computed_mmr": 4031.51, "is_subscriber": false, "radiant_win": true, "start_time": 1743727213, "duration": 1894, "cluster": 346, "lobby_type": 0, "game_mode": 22, "is_contributor": false, "patch": 57, "region": 38, "isRadiant": true, "win": 1, "lose": 0, "total_gold": 15846, "total_xp": 16667, "kills_per_min": 0.1583949313621964, "kda": 2.5, "abandons": 0, "benchmarks": {"gold_per_min": {"raw": 502, "pct": 0.2001637331150225}, "xp_per_min": {"raw": 528, "pct": 0.10437986082685223}, "kills_per_min": {"raw": 0.1583949313621964, "pct": 0.34588620548505933}, "last_hits_per_min": {"raw": 6.304118268215417, "pct": 0.15268112975849366}, "hero_damage_per_min": {"raw": 412.7771911298838, "pct": 0.1489971346704871}, "hero_healing_per_min": {"raw": 0, "pct": 0.9594760540319279}, "tower_damage": {"raw": 14754, "pct": 0.7106017191977078}}}, {"account_id": 65137360, "player_slot": 1, "team_number": 0, "team_slot": 1, "hero_id": 45, "hero_variant": 2, "item_0": 232, "item_1": 1575, "item_2": 218, "item_3": 36, "item_4": 100, "item_5": 180, "backpack_0": 38, "backpack_1": 0, "backpack_2": 0, "item_neutral": 1599, "item_neutral2": 1583, "kills": 2, "deaths": 2, "assists": 18, "leaver_status": 0, "last_hits": 43, "denies": 2, "gold_per_min": 325, "xp_per_min": 541, "level": 17, "net_worth": 9442, "aghanims_scepter": 0, "aghanims_shard": 0, "moonshard": 0, "hero_damage": 13210, "tower_damage": 6941, "hero_healing": 7791, "gold": 2317, "gold_spent": 9090, "ability_upgrades_arr": [5186, 5188, 5186, 5188, 5187, 5189, 5186, 5187, 5186, 5187, 5188, 5189, 5187, 5188, 6859, 6195], "personaname": "PatoDeGoma", "name": null, "last_login": "2021-02-10T20:32:57.535Z", "rank_tier": 45, "computed_mmr": null, "is_subscriber": false, "radiant_win": true, "start_time": 1743727213, "duration": 1894, "cluster": 346, "lobby_type": 0, "game_mode": 22, "is_contributor": false, "patch": 57, "region": 38, "isRadiant": true, "win": 1, "lose": 0, "total_gold": 10259, "total_xp": 17077, "kills_per_min": 0.06335797254487856, "kda": 6.67, "abandons": 0, "benchmarks": {"gold_per_min": {"raw": 325, "pct": 0.3064913722267872}, "xp_per_min": {"raw": 541, "pct": 0.48233360723089563}, "kills_per_min": {"raw": 0.06335797254487856, "pct": 0.20460147904683648}, "last_hits_per_min": {"raw": 1.362196409714889, "pct": 0.20460147904683648}, "hero_damage_per_min": {"raw": 418.47940865892286, "pct": 0.20131470829909615}, "hero_healing_per_min": {"raw": 246.81098204857446, "pct": 0.8677074774034511}, "tower_damage": {"raw": 6941, "pct": 0.743631881676253}}}, {"account_id": 37467834, "player_slot": 2, "team_number": 0, "team_slot": 2, "hero_id": 44, "hero_variant": 2, "item_0": 36, "item_1": 168, "item_2": 116, "item_3": 75, "item_4": 63, "item_5": 143, "backpack_0": 0, "backpack_1": 0, "backpack_2": 0, "item_neutral": 828, "item_neutral2": 1586, "kills": 8, "deaths": 5, "assists": 10, "leaver_status": 0, "last_hits": 127, "denies": 10, "gold_per_min": 490, "xp_per_min": 578, "level": 18, "net_worth": 14710, "aghanims_scepter": 0, "aghanims_shard": 0, "moonshard": 0, "hero_damage": 16495, "tower_damage": 7753, "hero_healing": 0, "gold": 1930, "gold_spent": 13600, "ability_upgrades_arr": [5190, 5191, 5190, 5191, 5190, 5193, 5191, 5191, 5190, 5192, 483, 5193, 5192, 5192, 6848, 5192, 5193], "personaname": "ExtremoDiaz", "name": null, "last_login": null, "rank_tier": 22, "computed_mmr": 3968.35, "is_subscriber": false, "radiant_win": true, "start_time": 1743727213, "duration": 1894, "cluster": 346, "lobby_type": 0, "game_mode": 22, "is_contributor": false, "patch": 57, "region": 38, "isRadiant": true, "win": 1, "lose": 0, "total_gold": 15467, "total_xp": 18245, "kills_per_min": 0.25343189017951423, "kda": 3, "abandons": 0, "benchmarks": {"gold_per_min": {"raw": 490, "pct": 0.34876140808344197}, "xp_per_min": {"raw": 578, "pct": 0.2245762711864407}, "kills_per_min": {"raw": 0.25343189017951423, "pct": 0.5528031290743155}, "last_hits_per_min": {"raw": 4.0232312565997885, "pct": 0.13983050847457626}, "hero_damage_per_min": {"raw": 522.544878563886, "pct": 0.41297262059973927}, "hero_healing_per_min": {"raw": 0, "pct": 0.9628422425032594}, "tower_damage": {"raw": 7753, "pct": 0.7812907431551499}}}, {"account_id": 176170434, "player_slot": 3, "team_number": 0, "team_slot": 3, "hero_id": 36, "hero_variant": 1, "item_0": 226, "item_1": 108, "item_2": 137, "item_3": 90, "item_4": 218, "item_5": 63, "backpack_0": 0, "backpack_1": 0, "backpack_2": 0, "item_neutral": 1599, "item_neutral2": 1585, "kills": 14, "deaths": 5, "assists": 13, "leaver_status": 0, "last_hits": 248, "denies": 6, "gold_per_min": 694, "xp_per_min": 868, "level": 22, "net_worth": 20476, "aghanims_scepter": 0, "aghanims_shard": 1, "moonshard": 0, "hero_damage": 63943, "tower_damage": 2148, "hero_healing": 3162, "gold": 1151, "gold_spent": 20620, "ability_upgrades_arr": [5158, 5159, 5158, 1270, 5158, 5161, 5159, 5158, 5159, 5159, 1270, 5161, 1270, 1270, 1049, 7110, 5161, 350], "personaname": "El Monstruo de Los Olivos", "name": null, "last_login": null, "rank_tier": 53, "computed_mmr": 3905.56, "is_subscriber": false, "radiant_win": true, "start_time": 1743727213, "duration": 1894, "cluster": 346, "lobby_type": 0, "game_mode": 22, "is_contributor": false, "patch": 57, "region": 38, "isRadiant": true, "win": 1, "lose": 0, "total_gold": 21907, "total_xp": 27399, "kills_per_min": 0.44350580781414994, "kda": 4.5, "abandons": 0, "benchmarks": {"gold_per_min": {"raw": 694, "pct": 0.8158697863682605}, "xp_per_min": {"raw": 868, "pct": 0.6213123092573754}, "kills_per_min": {"raw": 0.44350580781414994, "pct": 0.8649542217700915}, "last_hits_per_min": {"raw": 7.856388595564942, "pct": 0.714649033570702}, "hero_damage_per_min": {"raw": 2025.649419218585, "pct": 0.987029501525941}, "hero_healing_per_min": {"raw": 100.16895459345301, "pct": 0.33621566632756866}, "tower_damage": {"raw": 2148, "pct": 0.6052899287894201}}}, {"player_slot": 4, "team_number": 0, "team_slot": 4, "hero_id": 111, "hero_variant": 1, "item_0": 1, "item_1": 256, "item_2": 39, "item_3": 534, "item_4": 216, "item_5": 180, "backpack_0": 0, "backpack_1": 0, "backpack_2": 0, "item_neutral": 356, "item_neutral2": 1583, "kills": 9, "deaths": 6, "assists": 13, "leaver_status": 0, "last_hits": 76, "denies": 6, "gold_per_min": 405, "xp_per_min": 498, "level": 17, "net_worth": 12090, "aghanims_scepter": 0, "aghanims_shard": 0, "moonshard": 0, "hero_damage": 15286, "tower_damage": 59, "hero_healing": 4892, "gold": 2665, "gold_spent": 9930, "ability_upgrades_arr": [5637, 5639, 5639, 5637, 5639, 5640, 5637, 5639, 5637, 5638, 5638, 5640, 5638, 5638, 681, 791], "is_subscriber": false, "radiant_win": true, "start_time": 1743727213, "duration": 1894, "cluster": 346, "lobby_type": 0, "game_mode": 22, "is_contributor": false, "patch": 57, "region": 38, "isRadiant": true, "win": 1, "lose": 0, "total_gold": 12784, "total_xp": 15720, "kills_per_min": 0.28511087645195354, "kda": 3.14, "abandons": 0, "benchmarks": {"gold_per_min": {"raw": 405, "pct": 0.8637083993660856}, "xp_per_min": {"raw": 498, "pct": 0.4683042789223455}, "kills_per_min": {"raw": 0.28511087645195354,