{"players": [{"player_slot": 0, "team_number": 0, "team_slot": 0, "hero_id": 25, "hero_variant": 2, "item_0": 1, "item_1": 176, "item_2": 116, "item_3": 277, "item_4": 235, "item_5": 220, "backpack_0": 0, "backpack_1": 180, "backpack_2": 0, "item_neutral": 1607, "item_neutral2": 1585, "kills": 10, "deaths": 13, "assists": 29, "leaver_status": 0, "last_hits": 353, "denies": 4, "gold_per_min": 665, "xp_per_min": 1077, "level": 29, "net_worth": 32610, "aghanims_scepter": 0, "aghanims_shard": 0, "moonshard": 0, "hero_damage": 56385, "tower_damage": 4414, "hero_healing": 0, "gold": 5735, "gold_spent": 28640, "ability_upgrades_arr": [5040, 5041, 5040, 5041, 5040, 5043, 5041, 5040, 5041, 6212, 5042, 5043, 5042, 5042, 5042, 6388, 5043, 844, 961, 6009], "is_subscriber": false, "radiant_win": true, "start_time": 1754268500, "duration": 3196, "cluster": 241, "lobby_type": 7, "game_mode": 22, "is_contributor": false, "patch": 58, "region": 14, "isRadiant": true, "win": 1, "lose": 0, "total_gold": 35422, "total_xp": 57368, "kills_per_min": 0.18773466833541927, "kda": 2.79, "abandons": 0, "benchmarks": {"gold_per_min": {"raw": 665, "pct": 0.7807888382076738}, "xp_per_min": {"raw": 1077, "pct": 0.8636973437080762}, "kills_per_min": {"raw": 0.18773466833541927, "pct": 0.36463643681244967}, "last_hits_per_min": {"raw": 6.627033792240301, "pct": 0.5755299168231822}, "hero_damage_per_min": {"raw": 1058.5419274092615, "pct": 0.8803327072712638}, "hero_healing_per_min": {"raw": 0, "pct": 0.8500134156157768}, "tower_damage": {"raw": 4414, "pct": 0.5900187818620874}}}, {"player_slot": 1, "team_number": 0, "team_slot": 1, "hero_id": 99, "hero_variant": 2, "item_0": 127, "item_1": 48, "item_2": 90, "item_3": 226, "item_4": 190, "item_5": 154, "backpack_0": 0, "backpack_1": 0, "backpack_2": 0, "item_neutral": 359, "item_neutral2": 1585, "kills": 1, "deaths": 9, "assists": 29, "leaver_status": 0, "last_hits": 254, "denies": 2, "gold_per_min": 472, "xp_per_min": 781, "level": 26, "net_worth": 20855, "aghanims_scepter": 0, "aghanims_shard": 1, "moonshard": 0, "hero_damage": 28685, "tower_damage": 4539, "hero_healing": 0, "gold": 255, "gold_spent": 23780, "ability_upgrades_arr": [5549, 5548, 5548, 5549, 5549, 5551, 5549, 5550, 5548, 5548, 5550, 5551, 5550, 5550, 7132, 1078, 5551, 6308, 434], "is_subscriber": false, "radiant_win": true, "start_time": 1754268500, "duration": 3196, "cluster": 241, "lobby_type": 7, "game_mode": 22, "is_contributor": false, "patch": 58, "region": 14, "isRadiant": true, "win": 1, "lose": 0, "total_gold": 25141, "total_xp": 41601, "kills_per_min": 0.01877346683354193, "kda": 3, "abandons": 0, "benchmarks": {"gold_per_min": {"raw": 472, "pct": 0.42649941199529595}, "xp_per_min": {"raw": 781, "pct": 0.6083888671109369}, "kills_per_min": {"raw": 0.01877346683354193, "pct": 0.026264210113680908}, "last_hits_per_min": {"raw": 4.76846057571965, "pct": 0.4147393179145433}, "hero_damage_per_min": {"raw": 538.5168961201502, "pct": 0.19364954919639357}, "hero_healing_per_min": {"raw": 0, "pct": 0.9051352410819287}, "tower_damage": {"raw": 4539, "pct": 0.6628773030184242}}}, {"player_slot": 2, "team_number": 0, "team_slot": 2, "hero_id": 35, "hero_variant": 2, "item_0": 50, "item_1": 1097, "item_2": 135, "item_3": 139, "item_4": 154, "item_5": 263, "backpack_0": 0, "backpack_1": 0, "backpack_2": 0, "item_neutral": 1603, "item_neutral2": 1597, "kills": 17, "deaths": 7, "assists": 14, "leaver_status": 0, "last_hits": 409, "denies": 10, "gold_per_min": 700, "xp_per_min": 1201, "level": 29, "net_worth": 34951, "aghanims_scepter": 0, "aghanims_shard": 1, "moonshard": 1, "hero_damage": 52235, "tower_damage": 2925, "hero_healing": 0, "gold": 2851, "gold_spent": 34430, "ability_upgrades_arr": [5154, 5155, 5155, 5154, 5154, 5157, 5154, 5155, 5155, 928, 5156, 5157, 5156, 5156, 7892, 5156, 5157, 6897, 6896, 7396, 6305, 1455], "is_subscriber": false, "radiant_win": true, "start_time": 1754268500, "duration": 3196, "cluster": 241, "lobby_type": 7, "game_mode": 22, "is_contributor": false, "patch": 58, "region": 14, "isRadiant": true, "win": 1, "lose": 0, "total_gold": 37286, "total_xp": 63973, "kills_per_min": 0.3191489361702128, "kda": 3.88, "abandons": 0, "benchmarks": {"gold_per_min": {"raw": 700, "pct": 0.824239645422589}, "xp_per_min": {"raw": 1201, "pct": 0.9772275714504051}, "kills_per_min": {"raw": 0.3191489361702128, "pct": 0.6787406388506801}, "last_hits_per_min": {"raw": 7.678347934918649, "pct": 0.712975699220541}, "hero_damage_per_min": {"raw": 980.6320400500625, "pct": 0.6614702735748128}, "hero_healing_per_min": {"raw": 0, "pct": 0.9301543634418462}, "tower_damage": {"raw": 2925, "pct": 0.43787253553415867}}}, {"player_slot": 3, "team_number": 0, "team_slot": 3, "hero_id": 63, "hero_variant": 1, "item_0": 263, "item_1": 123, "item_2": 30, "item_3": 158, "item_4": 160, "item_5": 117, "backpack_0": 0, "backpack_1": 0, "backpack_2": 116, "item_neutral": 1605, "item_neutral2": 1594, "kills": 10, "deaths": 6, "assists": 26, "leaver_status": 0, "last_hits": 564, "denies": 13, "gold_per_min": 811, "xp_per_min": 1216, "level": 30, "net_worth": 41216, "aghanims_scepter": 0, "aghanims_shard": 1, "moonshard": 1, "hero_damage": 53649, "tower_damage": 23050, "hero_healing": 0, "gold": 11016, "gold_spent": 32790, "ability_upgrades_arr": [5290, 5291, 5290, 5289, 5290, 5292, 5290, 5291, 5291, 5291, 5289, 5292, 5289, 5289, 6987, 6115, 5292, 6131, 796, 6200, 6989, 6988], "is_subscriber": false, "radiant_win": true, "start_time": 1754268500, "duration": 3196, "cluster": 241, "lobby_type": 7, "game_mode": 22, "is_contributor": false, "patch": 58, "region": 14, "isRadiant": true, "win": 1, "lose": 0, "total_gold": 43199, "total_xp": 64772, "kills_per_min": 0.18773466833541927, "kda": 5.14, "abandons": 0, "benchmarks": {"gold_per_min": {"raw": 811, "pct": 0.9726991274978891}, "xp_per_min": {"raw": 1216, "pct": 0.9484942302279764}, "kills_per_min": {"raw": 0.18773466833541927, "pct": 0.41739375175907684}, "last_hits_per_min": {"raw": 10.588235294117649, "pct": 0.9817056009006473}, "hero_damage_per_min": {"raw": 1007.1777221526909, "pct": 0.8618069237264284}, "hero_healing_per_min": {"raw": 0, "pct": 0.8041092034900085}, "tower_damage": {"raw": 23050, "pct": 0.9898677174218969}}}, {"account_id": 45421382, "player_slot": 4, "team_number": 0, "team_slot": 4, "hero_id": 26, "hero_variant": 1, "item_0": 931, "item_1": 108, "item_2": 267, "item_3": 102, "item_4": 1, "item_5": 40, "backpack_0": 233, "backpack_1": 0, "backpack_2": 57, "item_neutral": 1607, "item_neutral2": 1592, "kills": 9, "deaths": 14, "assists": 26, "leaver_status": 0, "last_hits": 132, "denies": 5, "gold_per_min": 492, "xp_per_min": 1014, "level": 28, "net_worth": 20634, "aghanims_scepter": 0, "aghanims_shard": 1, "moonshard": 0, "hero_damage": 31276, "tower_damage": 2935, "hero_healing": 794, "gold": 1279, "gold_spent": 21085, "ability_upgrades_arr": [5046, 5044, 5046, 5045, 5046, 5047, 5044, 5044, 5044, 465, 5045, 5047, 5045, 5046, 781, 5045, 5047, 777, 6389, 5918], "personaname": "La Chaucha", "name": null, "last_login": "2026-03-03T14:36:01.200Z", "rank_tier": 42, "computed_mmr": 4031.51, "is_subscriber": false, "radiant_win": true, "start_time": 1754268500, "duration": 3196, "cluster": 241, "lobby_type": 7, "game_mode": 22, "is_contributor": false, "patch": 58, "region": 14, "isRadiant": true, "win": 1, "lose": 0, "total_gold": 26207, "total_xp": 54012, "kills_per_min": 0.16896120150187735, "kda": 2.33, "abandons": 0, "benchmarks": {"gold_per_min": {"raw": 492, "pct": 0.9248050746663142}, "xp_per_min": {"raw": 1014, "pct": 0.96841548830448}, "kills_per_min": {"raw": 0.16896120150187732, "pct": 0.6244218316373727}, "last_hits_per_min": {"raw": 2.4780976220275344, "pct": 0.8543676490022466}, "hero_damage_per_min": {"raw": 587.1589486858574, "pct": 0.8967886877230078}, "hero_healing_per_min": {"raw": 14.90613266583229, "pct": 0.9816307651645302}, "tower_damage": {"raw": 2935,