{"players": [{"player_slot": 0, "team_number": 0, "team_slot": 0, "hero_id": 35, "hero_variant": 2, "item_0": 156, "item_1": 158, "item_2": 263, "item_3": 160, "item_4": 139, "item_5": 29, "backpack_0": 0, "backpack_1": 0, "backpack_2": 0, "item_neutral": 1601, "item_neutral2": 1597, "kills": 17, "deaths": 7, "assists": 14, "leaver_status": 0, "last_hits": 649, "denies": 17, "gold_per_min": 805, "xp_per_min": 1116, "level": 29, "net_worth": 42115, "aghanims_scepter": 0, "aghanims_shard": 0, "moonshard": 1, "hero_damage": 79332, "tower_damage": 11135, "hero_healing": 0, "gold": 5265, "gold_spent": 40305, "ability_upgrades_arr": [5154, 5155, 5154, 5155, 5154, 5157, 5154, 5156, 5156, 5155, 5155, 5157, 5156, 5156, 928, 7892, 5157, 6897, 6896, 7396, 6305], "is_subscriber": false, "radiant_win": true, "start_time": 1749302658, "duration": 3314, "cluster": 241, "lobby_type": 7, "game_mode": 22, "is_contributor": false, "patch": 58, "region": 14, "isRadiant": true, "win": 1, "lose": 0, "total_gold": 44462, "total_xp": 61640, "kills_per_min": 0.30778515389257693, "kda": 3.88, "abandons": 0, "benchmarks": {"gold_per_min": {"raw": 805, "pct": 0.9614628985945293}, "xp_per_min": {"raw": 1116, "pct": 0.9513374641076017}, "kills_per_min": {"raw": 0.30778515389257693, "pct": 0.6774973552969624}, "last_hits_per_min": {"raw": 11.750150875075438, "pct": 0.9894211878494786}, "hero_damage_per_min": {"raw": 1436.3065781532891, "pct": 0.9442345473779659}, "hero_healing_per_min": {"raw": 0, "pct": 0.9321444763487986}, "tower_damage": {"raw": 11135, "pct": 0.7861568686716034}}}, {"player_slot": 1, "team_number": 0, "team_slot": 1, "hero_id": 84, "hero_variant": 2, "item_0": 180, "item_1": 1, "item_2": 127, "item_3": 176, "item_4": 65, "item_5": 273, "backpack_0": 0, "backpack_1": 0, "backpack_2": 0, "item_neutral": 1642, "item_neutral2": 1585, "kills": 4, "deaths": 11, "assists": 23, "leaver_status": 0, "last_hits": 288, "denies": 10, "gold_per_min": 552, "xp_per_min": 757, "level": 26, "net_worth": 28361, "aghanims_scepter": 1, "aghanims_shard": 1, "moonshard": 0, "hero_damage": 38130, "tower_damage": 3018, "hero_healing": 125, "gold": 3336, "gold_spent": 25605, "ability_upgrades_arr": [5439, 5439, 5438, 5438, 5439, 5441, 5439, 5438, 5438, 5440, 5440, 5441, 5440, 801, 5440, 1181, 5441, 6708, 6707], "is_subscriber": false, "radiant_win": true, "start_time": 1749302658, "duration": 3314, "cluster": 241, "lobby_type": 7, "game_mode": 22, "is_contributor": false, "patch": 58, "region": 14, "isRadiant": true, "win": 1, "lose": 0, "total_gold": 30488, "total_xp": 41811, "kills_per_min": 0.07242003621001811, "kda": 2.25, "abandons": 0, "benchmarks": {"gold_per_min": {"raw": 552, "pct": 0.7919422730006013}, "xp_per_min": {"raw": 757, "pct": 0.7704950891962317}, "kills_per_min": {"raw": 0.07242003621001811, "pct": 0.284225295650431}, "last_hits_per_min": {"raw": 5.214242607121304, "pct": 0.9182200841852075}, "hero_damage_per_min": {"raw": 690.3439951719976, "pct": 0.7833233112848266}, "hero_healing_per_min": {"raw": 2.263126131563066, "pct": 0.6849067949488875}, "tower_damage": {"raw": 3018, "pct": 0.8131890158348366}}}, {"player_slot": 2, "team_number": 0, "team_slot": 2, "hero_id": 69, "hero_variant": 1, "item_0": 50, "item_1": 600, "item_2": 90, "item_3": 267, "item_4": 119, "item_5": 0, "backpack_0": 0, "backpack_1": 0, "backpack_2": 0, "item_neutral": 1607, "item_neutral2": 1583, "kills": 6, "deaths": 11, "assists": 20, "leaver_status": 0, "last_hits": 156, "denies": 2, "gold_per_min": 525, "xp_per_min": 812, "level": 27, "net_worth": 22973, "aghanims_scepter": 0, "aghanims_shard": 0, "moonshard": 0, "hero_damage": 28145, "tower_damage": 1680, "hero_healing": 0, "gold": 2848, "gold_spent": 25320, "ability_upgrades_arr": [5341, 5339, 5341, 5339, 5339, 5342, 5341, 5341, 5340, 5339, 5340, 6369, 5340, 5342, 5340, 6314, 5342, 6073, 970, 6370], "is_subscriber": false, "radiant_win": true, "start_time": 1749302658, "duration": 3314, "cluster": 241, "lobby_type": 7, "game_mode": 22, "is_contributor": false, "patch": 58, "region": 14, "isRadiant": true, "win": 1, "lose": 0, "total_gold": 28997, "total_xp": 44849, "kills_per_min": 0.10863005431502716, "kda": 2.17, "abandons": 0, "benchmarks": {"gold_per_min": {"raw": 525, "pct": 0.30413625304136255}, "xp_per_min": {"raw": 812, "pct": 0.6178021086780211}, "kills_per_min": {"raw": 0.10863005431502715, "pct": 0.17883211678832117}, "last_hits_per_min": {"raw": 2.8243814121907063, "pct": 0.05068937550689376}, "hero_damage_per_min": {"raw": 509.5654797827399, "pct": 0.34833738848337387}, "hero_healing_per_min": {"raw": 0, "pct": 0.8990267639902676}, "tower_damage": {"raw": 1680, "pct": 0.57441200324412}}}, {"account_id": 37467834, "player_slot": 3, "team_number": 0, "team_slot": 3, "hero_id": 30, "hero_variant": 3, "item_0": 231, "item_1": 269, "item_2": 1, "item_3": 0, "item_4": 42, "item_5": 1441, "backpack_0": 0, "backpack_1": 0, "backpack_2": 0, "item_neutral": 1599, "item_neutral2": 1594, "kills": 6, "deaths": 15, "assists": 19, "leaver_status": 0, "last_hits": 64, "denies": 2, "gold_per_min": 314, "xp_per_min": 446, "level": 21, "net_worth": 14658, "aghanims_scepter": 0, "aghanims_shard": 1, "moonshard": 0, "hero_damage": 19390, "tower_damage": 53, "hero_healing": 6112, "gold": 3508, "gold_spent": 13040, "ability_upgrades_arr": [5138, 5140, 5140, 5139, 5140, 5141, 5139, 5139, 5138, 5138, 5139, 5141, 6995, 5138, 5140, 6524, 5141, 5998], "personaname": "ExtremoDiaz", "name": null, "last_login": null, "rank_tier": 22, "computed_mmr": 3968.35, "is_subscriber": false, "radiant_win": true, "start_time": 1749302658, "duration": 3314, "cluster": 241, "lobby_type": 7, "game_mode": 22, "is_contributor": false, "patch": 58, "region": 14, "isRadiant": true, "win": 1, "lose": 0, "total_gold": 17343, "total_xp": 24634, "kills_per_min": 0.10863005431502716, "kda": 1.56, "abandons": 0, "benchmarks": {"gold_per_min": {"raw": 314, "pct": 0.24709024995229917}, "xp_per_min": {"raw": 446, "pct": 0.28162564396107614}, "kills_per_min": {"raw": 0.10863005431502715, "pct": 0.20568593779813013}, "last_hits_per_min": {"raw": 1.1587205793602897, "pct": 0.5222285823316161}, "hero_damage_per_min": {"raw": 351.05612552806275, "pct": 0.13661514978057623}, "hero_healing_per_min": {"raw": 110.65781532890766, "pct": 0.45258538446861285}, "tower_damage": {"raw": 53, "pct": 0.27857279145201297}}}, {"player_slot": 4, "team_number": 0, "team_slot": 4, "hero_id": 26, "hero_variant": 1, "item_0": 1, "item_1": 176, "item_2": 214, "item_3": 11, "item_4": 256, "item_5": 108, "backpack_0": 0, "backpack_1": 0, "backpack_2": 0, "item_neutral": 1642, "item_neutral2": 1592, "kills": 9, "deaths": 8, "assists": 13, "leaver_status": 0, "last_hits": 107, "denies": 6, "gold_per_min": 341, "xp_per_min": 591, "level": 24, "net_worth": 17936, "aghanims_scepter": 0, "aghanims_shard": 0, "moonshard": 0, "hero_damage": 27991, "tower_damage": 1084, "hero_healing": 0, "gold": 1911, "gold_spent": 16325, "ability_upgrades_arr": [5044, 5046, 5046, 5044, 5046, 5047, 5046, 5044, 5045, 465, 5044, 5047, 5045, 5045, 781, 5045, 5047, 541], "is_subscriber": false, "radiant_win": true, "start_time": 1749302658, "duration": 3314, "cluster": 241, "lobby_type": 7, "game_mode": 22, "is_contributor": false, "patch": 58, "region": 14, "isRadiant": true, "win": 1, "lose": 0, "total_gold": 18834, "total_xp": 32642, "kills_per_min": 0.16294508147254072, "kda": 2.44, "abandons": 0, "benchmarks": {"gold_per_min": {"raw": 341, "pct": 0.5382968002015621}, "xp_per_min": {"raw": 591, "pct": 0.5614764424288233}, "kills_per_min": {"raw": 0.16294508147254075, "pct": 0.6151423532375914}, "last_hits_per_min": {"raw": 1.9372359686179843, "pct": 0.7799193751574703}, "hero_damage_per_min": {"raw": 506.77730838865415, "pct": 0.854371378180902}, "hero_healing_per_min": {"raw": 0, "pct": 0.754976064499874}, "tower_damage": {"raw": 1084, "pct": 0.7713529856386999}}}, {"player_slot": 128, "team_number": 1, "team_slot": 0,