{"players": [{"account_id": 115132074, "player_slot": 0, "team_number": 0, "team_slot": 0, "hero_id": 75, "hero_variant": 2, "item_0": 77, "item_1": 108, "item_2": 77, "item_3": 98, "item_4": 273, "item_5": 63, "backpack_0": 0, "backpack_1": 0, "backpack_2": 0, "item_neutral": 1607, "item_neutral2": 1592, "kills": 5, "deaths": 11, "assists": 29, "leaver_status": 0, "last_hits": 102, "denies": 7, "gold_per_min": 387, "xp_per_min": 601, "level": 24, "net_worth": 19944, "aghanims_scepter": 0, "aghanims_shard": 1, "moonshard": 0, "hero_damage": 27264, "tower_damage": 3784, "hero_healing": 0, "gold": 4459, "gold_spent": 16840, "ability_upgrades_arr": [5378, 5377, 5378, 5379, 5378, 5380, 5379, 5378, 5377, 5379, 5377, 5380, 5379, 5377, 721, 5906, 5380, 1073], "personaname": "Durotan", "name": null, "last_login": null, "rank_tier": 41, "computed_mmr": 3905.19, "is_subscriber": false, "radiant_win": true, "start_time": 1747879226, "duration": 3343, "cluster": 346, "lobby_type": 0, "game_mode": 22, "is_contributor": false, "patch": 57, "region": 38, "isRadiant": true, "win": 1, "lose": 0, "total_gold": 21562, "total_xp": 33485, "kills_per_min": 0.08973975471133712, "kda": 2.83, "abandons": 0, "benchmarks": {"gold_per_min": {"raw": 387, "pct": 0.5754995086799869}, "xp_per_min": {"raw": 601, "pct": 0.5813953488372093}, "kills_per_min": {"raw": 0.08973975471133713, "pct": 0.3013429413691451}, "last_hits_per_min": {"raw": 1.8306909961112772, "pct": 0.4634785456927612}, "hero_damage_per_min": {"raw": 489.33293448997904, "pct": 0.5637078283655421}, "hero_healing_per_min": {"raw": 0, "pct": 0.7264985260399607}, "tower_damage": {"raw": 3784, "pct": 0.8797903701277432}}}, {"account_id": 45421382, "player_slot": 1, "team_number": 0, "team_slot": 1, "hero_id": 94, "hero_variant": 1, "item_0": 141, "item_1": 139, "item_2": 263, "item_3": 220, "item_4": 147, "item_5": 135, "backpack_0": 0, "backpack_1": 0, "backpack_2": 0, "item_neutral": 1599, "item_neutral2": 1577, "kills": 14, "deaths": 4, "assists": 19, "leaver_status": 0, "last_hits": 638, "denies": 8, "gold_per_min": 819, "xp_per_min": 1028, "level": 29, "net_worth": 42897, "aghanims_scepter": 1, "aghanims_shard": 1, "moonshard": 0, "hero_damage": 48026, "tower_damage": 21775, "hero_healing": 0, "gold": 6847, "gold_spent": 40170, "ability_upgrades_arr": [5505, 1475, 5505, 1475, 5505, 5507, 1475, 5505, 5504, 5504, 5504, 5507, 1475, 5504, 1561, 7389, 5507, 6687, 1534, 1345, 6392], "personaname": "La Chaucha", "name": null, "last_login": "2026-03-03T14:36:01.200Z", "rank_tier": 42, "computed_mmr": 4031.51, "is_subscriber": false, "radiant_win": true, "start_time": 1747879226, "duration": 3343, "cluster": 346, "lobby_type": 0, "game_mode": 22, "is_contributor": false, "patch": 57, "region": 38, "isRadiant": true, "win": 1, "lose": 0, "total_gold": 45631, "total_xp": 57276, "kills_per_min": 0.25127131319174395, "kda": 6.6, "abandons": 0, "benchmarks": {"gold_per_min": {"raw": 819, "pct": 0.8689111747851003}, "xp_per_min": {"raw": 1028, "pct": 0.7492836676217765}, "kills_per_min": {"raw": 0.25127131319174395, "pct": 0.8180515759312321}, "last_hits_per_min": {"raw": 11.450792701166618, "pct": 0.7106017191977078}, "hero_damage_per_min": {"raw": 861.9682919533353, "pct": 0.7220630372492837}, "hero_healing_per_min": {"raw": 0, "pct": 0.9577363896848138}, "tower_damage": {"raw": 21775, "pct": 0.9584527220630372}}}, {"player_slot": 2, "team_number": 0, "team_slot": 2, "hero_id": 26, "hero_variant": 1, "item_0": 108, "item_1": 214, "item_2": 176, "item_3": 36, "item_4": 256, "item_5": 1, "backpack_0": 0, "backpack_1": 0, "backpack_2": 0, "item_neutral": 676, "item_neutral2": 1592, "kills": 5, "deaths": 10, "assists": 28, "leaver_status": 0, "last_hits": 84, "denies": 1, "gold_per_min": 365, "xp_per_min": 751, "level": 26, "net_worth": 18351, "aghanims_scepter": 0, "aghanims_shard": 0, "moonshard": 0, "hero_damage": 18678, "tower_damage": 1662, "hero_healing": 0, "gold": 2176, "gold_spent": 17665, "ability_upgrades_arr": [5044, 5046, 5046, 5045, 5044, 5047, 5044, 5044, 5045, 465, 5045, 5047, 5046, 5046, 401, 5045, 5047, 730, 777, 6678], "is_subscriber": false, "radiant_win": true, "start_time": 1747879226, "duration": 3343, "cluster": 346, "lobby_type": 0, "game_mode": 22, "is_contributor": false, "patch": 57, "region": 38, "isRadiant": true, "win": 1, "lose": 0, "total_gold": 20336, "total_xp": 41843, "kills_per_min": 0.08973975471133712, "kda": 3, "abandons": 0, "benchmarks": {"gold_per_min": {"raw": 365, "pct": 0.6542883573410863}, "xp_per_min": {"raw": 751, "pct": 0.816836262719704}, "kills_per_min": {"raw": 0.08973975471133713, "pct": 0.26787366195321793}, "last_hits_per_min": {"raw": 1.5076278791504638, "pct": 0.6546848156468879}, "hero_damage_per_min": {"raw": 335.231827699671, "pct": 0.5352187128320338}, "hero_healing_per_min": {"raw": 0, "pct": 0.7417734901546187}, "tower_damage": {"raw": 1662, "pct": 0.8317695255715607}}}, {"player_slot": 3, "team_number": 0, "team_slot": 3, "hero_id": 96, "hero_variant": 1, "item_0": 127, "item_1": 114, "item_2": 63, "item_3": 600, "item_4": 226, "item_5": 36, "backpack_0": 73, "backpack_1": 0, "backpack_2": 0, "item_neutral": 378, "item_neutral2": 1583, "kills": 6, "deaths": 10, "assists": 35, "leaver_status": 0, "last_hits": 240, "denies": 6, "gold_per_min": 474, "xp_per_min": 673, "level": 25, "net_worth": 23378, "aghanims_scepter": 0, "aghanims_shard": 0, "moonshard": 0, "hero_damage": 35993, "tower_damage": 3421, "hero_healing": 0, "gold": 2873, "gold_spent": 21290, "ability_upgrades_arr": [5514, 5515, 5515, 5516, 5515, 5517, 5515, 5516, 5516, 5909, 5516, 5517, 5514, 5514, 5514, 6617, 5517, 6616, 6322], "is_subscriber": false, "radiant_win": true, "start_time": 1747879226, "duration": 3343, "cluster": 346, "lobby_type": 0, "game_mode": 22, "is_contributor": false, "patch": 57, "region": 38, "isRadiant": true, "win": 1, "lose": 0, "total_gold": 26409, "total_xp": 37497, "kills_per_min": 0.10768770565360454, "kda": 3.73, "abandons": 0, "benchmarks": {"gold_per_min": {"raw": 474, "pct": 0.6075471698113207}, "xp_per_min": {"raw": 673, "pct": 0.6}, "kills_per_min": {"raw": 0.10768770565360454, "pct": 0.44654088050314467}, "last_hits_per_min": {"raw": 4.307508226144182, "pct": 0.3836477987421384}, "hero_damage_per_min": {"raw": 646.0005982650314, "pct": 0.7245283018867924}, "hero_healing_per_min": {"raw": 0, "pct": 0.9264150943396227}, "tower_damage": {"raw": 3421, "pct": 0.7911949685534592}}}, {"player_slot": 4, "team_number": 0, "team_slot": 4, "hero_id": 14, "hero_variant": 1, "item_0": 1, "item_1": 90, "item_2": 119, "item_3": 36, "item_4": 210, "item_5": 50, "backpack_0": 37, "backpack_1": 0, "backpack_2": 0, "item_neutral": 949, "item_neutral2": 1592, "kills": 15, "deaths": 6, "assists": 21, "leaver_status": 0, "last_hits": 256, "denies": 13, "gold_per_min": 517, "xp_per_min": 832, "level": 27, "net_worth": 28241, "aghanims_scepter": 0, "aghanims_shard": 1, "moonshard": 0, "hero_damage": 19271, "tower_damage": 1065, "hero_healing": 0, "gold": 9641, "gold_spent": 19240, "ability_upgrades_arr": [5075, 5076, 5076, 5075, 5076, 5077, 5076, 5075, 5075, 7142, 5074, 5077, 5074, 5074, 5074, 6565, 5077, 408, 6023, 5932], "is_subscriber": false, "radiant_win": true, "start_time": 1747879226, "duration": 3343, "cluster": 346, "lobby_type": 0, "game_mode": 22, "is_contributor": false, "patch": 57, "region": 38, "isRadiant": true, "win": 1, "lose": 0, "total_gold": 28805, "total_xp": 46356, "kills_per_min": 0.26921926413401137, "kda": 5.14, "abandons": 0, "benchmarks": {"gold_per_min": {"raw": 517, "pct": 0.8643144683874023}, "xp_per_min": {"raw": 832, "pct": 0.8593417002131186}, "kills_per_min": {"raw": 0.26921926413401137, "pct": 0.7859341700213118}, "last_hits_per_min": {"raw": 4.594675441220461, "pct": 0.8538953350698556}, "hero_damage_per_min": {"raw": 345.87496260843557, "pct": 0.21228984134501538}, "hero_healing_per_min": {"raw": 0, "pct": 0.7493488041676534},