{"players": [{"player_slot": 0, "team_number": 0, "team_slot": 0, "hero_id": 83, "hero_variant": 2, "item_0": 229, "item_1": 180, "item_2": 0, "item_3": 36, "item_4": 218, "item_5": 44, "backpack_0": 0, "backpack_1": 0, "backpack_2": 188, "item_neutral": 947, "item_neutral2": 1577, "kills": 1, "deaths": 12, "assists": 15, "leaver_status": 0, "last_hits": 46, "denies": 4, "gold_per_min": 271, "xp_per_min": 446, "level": 17, "net_worth": 6660, "aghanims_scepter": 0, "aghanims_shard": 1, "moonshard": 0, "hero_damage": 10483, "tower_damage": 283, "hero_healing": 4611, "gold": 705, "gold_spent": 7685, "ability_upgrades_arr": [5436, 5435, 338, 5436, 5436, 5437, 5436, 5435, 338, 338, 338, 5437, 5435, 5435, 755, 6955], "is_subscriber": false, "radiant_win": false, "start_time": 1757738037, "duration": 2149, "cluster": 241, "lobby_type": 7, "game_mode": 22, "is_contributor": false, "patch": 58, "region": 14, "isRadiant": true, "win": 0, "lose": 1, "total_gold": 9706, "total_xp": 15974, "kills_per_min": 0.027919962773382965, "kda": 1.23, "abandons": 0, "benchmarks": {"gold_per_min": {"raw": 271, "pct": 0.21437740693196405}, "xp_per_min": {"raw": 446, "pct": 0.3157894736842105}, "kills_per_min": {"raw": 0.02791996277338297, "pct": 0.17201540436456997}, "last_hits_per_min": {"raw": 1.2843182875756165, "pct": 0.40436456996148906}, "hero_damage_per_min": {"raw": 292.68496975337365, "pct": 0.38254172015404364}, "hero_healing_per_min": {"raw": 128.73894834806885, "pct": 0.6367137355584083}, "tower_damage": {"raw": 283, "pct": 0.45186136071887034}}}, {"player_slot": 1, "team_number": 0, "team_slot": 1, "hero_id": 11, "hero_variant": 1, "item_0": 141, "item_1": 263, "item_2": 26, "item_3": 5, "item_4": 0, "item_5": 29, "backpack_0": 0, "backpack_1": 0, "backpack_2": 0, "item_neutral": 1599, "item_neutral2": 1577, "kills": 5, "deaths": 6, "assists": 7, "leaver_status": 0, "last_hits": 203, "denies": 8, "gold_per_min": 420, "xp_per_min": 499, "level": 18, "net_worth": 13131, "aghanims_scepter": 0, "aghanims_shard": 0, "moonshard": 0, "hero_damage": 25541, "tower_damage": 775, "hero_healing": 0, "gold": 731, "gold_spent": 15435, "ability_upgrades_arr": [5060, 5063, 5060, 5063, 5060, 5064, 5060, 5063, 5063, 6876, 1216, 5064, 1216, 1216, 6875, 1216, 5064], "is_subscriber": false, "radiant_win": false, "start_time": 1757738037, "duration": 2149, "cluster": 241, "lobby_type": 7, "game_mode": 22, "is_contributor": false, "patch": 58, "region": 14, "isRadiant": true, "win": 0, "lose": 1, "total_gold": 15043, "total_xp": 17872, "kills_per_min": 0.13959981386691483, "kda": 1.71, "abandons": 0, "benchmarks": {"gold_per_min": {"raw": 420, "pct": 0.10441571114906074}, "xp_per_min": {"raw": 499, "pct": 0.09148572822639668}, "kills_per_min": {"raw": 0.13959981386691486, "pct": 0.2012686020980727}, "last_hits_per_min": {"raw": 5.6677524429967425, "pct": 0.1851671139302269}, "hero_damage_per_min": {"raw": 713.1037691949743, "pct": 0.49377897048060504}, "hero_healing_per_min": {"raw": 0, "pct": 0.9190046352768968}, "tower_damage": {"raw": 775, "pct": 0.2307879970724567}}}, {"account_id": 37467834, "player_slot": 2, "team_number": 0, "team_slot": 2, "hero_id": 87, "hero_variant": 1, "item_0": 180, "item_1": 36, "item_2": 254, "item_3": 42, "item_4": 0, "item_5": 0, "backpack_0": 0, "backpack_1": 0, "backpack_2": 0, "item_neutral": 840, "item_neutral2": 1577, "kills": 0, "deaths": 14, "assists": 10, "leaver_status": 0, "last_hits": 17, "denies": 2, "gold_per_min": 206, "xp_per_min": 360, "level": 15, "net_worth": 5095, "aghanims_scepter": 0, "aghanims_shard": 0, "moonshard": 0, "hero_damage": 10329, "tower_damage": 0, "hero_healing": 0, "gold": 995, "gold_spent": 4700, "ability_upgrades_arr": [5458, 5459, 5458, 5460, 5459, 5461, 5459, 5459, 5458, 5458, 5460, 5461, 1142, 5460, 5460], "personaname": "ExtremoDiaz", "name": null, "last_login": null, "rank_tier": 22, "computed_mmr": 3968.35, "is_subscriber": false, "radiant_win": false, "start_time": 1757738037, "duration": 2149, "cluster": 241, "lobby_type": 7, "game_mode": 22, "is_contributor": false, "patch": 58, "region": 14, "isRadiant": true, "win": 0, "lose": 1, "total_gold": 7378, "total_xp": 12894, "kda": 0.67, "abandons": 0, "benchmarks": {"gold_per_min": {"raw": 206, "pct": 0.03625954198473282}, "xp_per_min": {"raw": 360, "pct": 0.15553435114503816}, "kills_per_min": {"raw": 0, "pct": 0.04770992366412214}, "last_hits_per_min": {"raw": 0.47463936714751054, "pct": 0.07967557251908397}, "hero_damage_per_min": {"raw": 288.3852954862727, "pct": 0.20372137404580154}, "hero_healing_per_min": {"raw": 0, "pct": 0.6507633587786259}, "tower_damage": {"raw": 0, "pct": 0.2619274809160305}}}, {"player_slot": 3, "team_number": 0, "team_slot": 3, "hero_id": 16, "hero_variant": 4, "item_0": 180, "item_1": 21, "item_2": 36, "item_3": 1, "item_4": 119, "item_5": 73, "backpack_0": 0, "backpack_1": 0, "backpack_2": 0, "item_neutral": 1603, "item_neutral2": 1586, "kills": 6, "deaths": 11, "assists": 8, "leaver_status": 0, "last_hits": 176, "denies": 2, "gold_per_min": 431, "xp_per_min": 514, "level": 18, "net_worth": 11719, "aghanims_scepter": 0, "aghanims_shard": 0, "moonshard": 0, "hero_damage": 24051, "tower_damage": 218, "hero_healing": 0, "gold": 739, "gold_spent": 11710, "ability_upgrades_arr": [1229, 5102, 5103, 5102, 5103, 5105, 5102, 5102, 5103, 5103, 6530, 5105, 1229, 1229, 1229, 890, 5105], "is_subscriber": false, "radiant_win": false, "start_time": 1757738037, "duration": 2149, "cluster": 241, "lobby_type": 7, "game_mode": 22, "is_contributor": false, "patch": 58, "region": 14, "isRadiant": true, "win": 0, "lose": 1, "total_gold": 15436, "total_xp": 18409, "kills_per_min": 0.1675197766402978, "kda": 1.17, "abandons": 0, "benchmarks": {"gold_per_min": {"raw": 431, "pct": 0.3111954459203036}, "xp_per_min": {"raw": 514, "pct": 0.21062618595825428}, "kills_per_min": {"raw": 0.16751977664029782, "pct": 0.4566729917773561}, "last_hits_per_min": {"raw": 4.9139134481154025, "pct": 0.4522454142947502}, "hero_damage_per_min": {"raw": 671.5030246626338, "pct": 0.4560404807084124}, "hero_healing_per_min": {"raw": 0, "pct": 0.8798228969006958}, "tower_damage": {"raw": 218, "pct": 0.40290955091714103}}}, {"player_slot": 4, "team_number": 0, "team_slot": 4, "hero_id": 18, "hero_variant": 2, "item_0": 63, "item_1": 172, "item_2": 36, "item_3": 116, "item_4": 154, "item_5": 149, "backpack_0": 0, "backpack_1": 0, "backpack_2": 11, "item_neutral": 565, "item_neutral2": 1584, "kills": 8, "deaths": 7, "assists": 5, "leaver_status": 0, "last_hits": 243, "denies": 11, "gold_per_min": 506, "xp_per_min": 739, "level": 22, "net_worth": 16701, "aghanims_scepter": 0, "aghanims_shard": 0, "moonshard": 0, "hero_damage": 21619, "tower_damage": 0, "hero_healing": 0, "gold": 2501, "gold_spent": 14785, "ability_upgrades_arr": [5095, 5096, 5095, 5094, 5095, 5097, 5095, 5096, 5096, 5096, 673, 5097, 5094, 5094, 6911, 5094, 5097, 716], "is_subscriber": false, "radiant_win": false, "start_time": 1757738037, "duration": 2149, "cluster": 241, "lobby_type": 7, "game_mode": 22, "is_contributor": false, "patch": 58, "region": 14, "isRadiant": true, "win": 0, "lose": 1, "total_gold": 18123, "total_xp": 26468, "kills_per_min": 0.22335970218706372, "kda": 1.63, "abandons": 0, "benchmarks": {"gold_per_min": {"raw": 506, "pct": 0.3232484076433121}, "xp_per_min": {"raw": 739, "pct": 0.39490445859872614}, "kills_per_min": {"raw": 0.22335970218706375, "pct": 0.5199044585987261}, "last_hits_per_min": {"raw": 6.784550953932062, "pct": 0.30812101910828027}, "hero_damage_per_min": {"raw": 603.6016751977664, "pct": 0.48009554140127386}, "hero_healing_per_min": {"raw": 0, "pct": 0.9601910828025477}, "tower_damage": {"raw": 0, "pct": 0.160828025477707}}}, {"player_slot": 128, "team_number": 1, "team_slot": 0, "hero_id": 27, "hero_variant": 2, "item_0": 108, "item_1": 1125, "item_2": 1, "item_3": 232, "item_4": 279, "item_5": 29, "backpack_0": 36, "backpack_1": 109, "backpack_2": 0,