{"players": [{"account_id": 45421382, "player_slot": 0, "team_number": 0, "team_slot": 0, "hero_id": 21, "hero_variant": 0, "item_0": 69, "item_1": 166, "item_2": 0, "item_3": 50, "item_4": 116, "item_5": 911, "backpack_0": 0, "backpack_1": 0, "backpack_2": 0, "item_neutral": 1859, "item_neutral2": 1584, "kills": 5, "deaths": 10, "assists": 16, "leaver_status": 0, "last_hits": 220, "denies": 11, "gold_per_min": 411, "xp_per_min": 546, "level": 21, "net_worth": 14111, "aghanims_scepter": 0, "aghanims_shard": 0, "moonshard": 0, "hero_damage": 20525, "tower_damage": 336, "hero_healing": 125, "gold": 861, "gold_spent": 15430, "ability_upgrades_arr": [5130, 5131, 5132, 5131, 5132, 5133, 5132, 5132, 5130, 5131, 6992, 5131, 5133, 5130, 5130, 6993, 5133, 7889], "personaname": "La Chaucha", "name": null, "last_login": "2026-03-03T14:36:01.200Z", "rank_tier": 43, "computed_mmr": 4165.1, "is_subscriber": false, "radiant_win": false, "start_time": 1775261951, "duration": 2755, "cluster": 381, "lobby_type": 7, "game_mode": 22, "is_contributor": false, "patch": 60, "isRadiant": true, "win": 0, "lose": 1, "total_gold": 18871, "total_xp": 25070, "kills_per_min": 0.1088929219600726, "kda": 1.91, "abandons": 0, "benchmarks": {"gold_per_min": {"raw": 411, "pct": 0.38909634055265124}, "xp_per_min": {"raw": 546, "pct": 0.2994772218073189}, "kills_per_min": {"raw": 0.1088929219600726, "pct": 0.19865571321882}, "last_hits_per_min": {"raw": 4.791288566243194, "pct": 0.6609410007468259}, "hero_damage_per_min": {"raw": 447.005444646098, "pct": 0.3054518297236744}, "hero_healing_per_min": {"raw": 2.722323049001815, "pct": 0.8827483196415236}, "tower_damage": {"raw": 336, "pct": 0.21135175504107542}}}, {"player_slot": 1, "team_number": 0, "team_slot": 1, "hero_id": 14, "hero_variant": 0, "item_0": 1, "item_1": 127, "item_2": 267, "item_3": 210, "item_4": 214, "item_5": 242, "backpack_0": 0, "backpack_1": 188, "backpack_2": 0, "item_neutral": 1720, "item_neutral2": 1586, "kills": 9, "deaths": 10, "assists": 17, "leaver_status": 0, "last_hits": 157, "denies": 0, "gold_per_min": 397, "xp_per_min": 542, "level": 21, "net_worth": 15654, "aghanims_scepter": 0, "aghanims_shard": 0, "moonshard": 0, "hero_damage": 21297, "tower_damage": 680, "hero_healing": 0, "gold": 104, "gold_spent": 18110, "ability_upgrades_arr": [5075, 5076, 5076, 5074, 5076, 5077, 5074, 5076, 5074, 5074, 5932, 5075, 5077, 5075, 5075, 6565, 5077, 408], "is_subscriber": false, "radiant_win": false, "start_time": 1775261951, "duration": 2755, "cluster": 381, "lobby_type": 7, "game_mode": 22, "is_contributor": false, "patch": 60, "isRadiant": true, "win": 0, "lose": 1, "total_gold": 18228, "total_xp": 24886, "kills_per_min": 0.1960072595281307, "kda": 2.36, "abandons": 0, "benchmarks": {"gold_per_min": {"raw": 397, "pct": 0.519907100199071}, "xp_per_min": {"raw": 542, "pct": 0.3626410086264101}, "kills_per_min": {"raw": 0.19600725952813067, "pct": 0.5733244857332449}, "last_hits_per_min": {"raw": 3.4192377495462796, "pct": 0.6901128069011281}, "hero_damage_per_min": {"raw": 463.8185117967332, "pct": 0.40875912408759124}, "hero_healing_per_min": {"raw": 0, "pct": 0.7859986728599867}, "tower_damage": {"raw": 680, "pct": 0.5852687458526875}}}, {"player_slot": 2, "team_number": 0, "team_slot": 2, "hero_id": 37, "hero_variant": 0, "item_0": 232, "item_1": 254, "item_2": 108, "item_3": 180, "item_4": 43, "item_5": 34, "backpack_0": 0, "backpack_1": 0, "backpack_2": 0, "item_neutral": 1604, "item_neutral2": 1593, "kills": 3, "deaths": 11, "assists": 26, "leaver_status": 0, "last_hits": 114, "denies": 0, "gold_per_min": 392, "xp_per_min": 505, "level": 20, "net_worth": 13993, "aghanims_scepter": 0, "aghanims_shard": 1, "moonshard": 0, "hero_damage": 28064, "tower_damage": 240, "hero_healing": 7856, "gold": 2068, "gold_spent": 13730, "ability_upgrades_arr": [5163, 5162, 5163, 5162, 5163, 5165, 5162, 5162, 5163, 6982, 5164, 5164, 5165, 5164, 5164, 845, 5165, 6412], "is_subscriber": false, "radiant_win": false, "start_time": 1775261951, "duration": 2755, "cluster": 381, "lobby_type": 7, "game_mode": 22, "is_contributor": false, "patch": 60, "isRadiant": true, "win": 0, "lose": 1, "total_gold": 17999, "total_xp": 23187, "kills_per_min": 0.06533575317604357, "kda": 2.42, "abandons": 0, "benchmarks": {"gold_per_min": {"raw": 392, "pct": 0.49840595111583424}, "xp_per_min": {"raw": 505, "pct": 0.48352816153028694}, "kills_per_min": {"raw": 0.06533575317604357, "pct": 0.29436769394261425}, "last_hits_per_min": {"raw": 2.4827586206896552, "pct": 0.4760892667375133}, "hero_damage_per_min": {"raw": 611.1941923774955, "pct": 0.6641870350690755}, "hero_healing_per_min": {"raw": 171.09255898366607, "pct": 0.5770456960680127}, "tower_damage": {"raw": 240, "pct": 0.16046758767268862}}}, {"player_slot": 3, "team_number": 0, "team_slot": 3, "hero_id": 36, "hero_variant": 0, "item_0": 48, "item_1": 108, "item_2": 1, "item_3": 77, "item_4": 137, "item_5": 119, "backpack_0": 16, "backpack_1": 0, "backpack_2": 608, "item_neutral": 574, "item_neutral2": 1593, "kills": 15, "deaths": 10, "assists": 13, "leaver_status": 0, "last_hits": 392, "denies": 7, "gold_per_min": 665, "xp_per_min": 751, "level": 25, "net_worth": 24224, "aghanims_scepter": 0, "aghanims_shard": 1, "moonshard": 0, "hero_damage": 55288, "tower_damage": 450, "hero_healing": 4654, "gold": 2364, "gold_spent": 25535, "ability_upgrades_arr": [5158, 5159, 5158, 5159, 5158, 5161, 5158, 1270, 5159, 5159, 1049, 1270, 5161, 1270, 1270, 7111, 5161, 350, 1798], "is_subscriber": false, "radiant_win": false, "start_time": 1775261951, "duration": 2755, "cluster": 381, "lobby_type": 7, "game_mode": 22, "is_contributor": false, "patch": 60, "isRadiant": true, "win": 0, "lose": 1, "total_gold": 30534, "total_xp": 34483, "kills_per_min": 0.3266787658802178, "kda": 2.55, "abandons": 0, "benchmarks": {"gold_per_min": {"raw": 665, "pct": 0.7639975918121613}, "xp_per_min": {"raw": 751, "pct": 0.4376881396748946}, "kills_per_min": {"raw": 0.32667876588021777, "pct": 0.6827212522576761}, "last_hits_per_min": {"raw": 8.537205081669692, "pct": 0.8079470198675497}, "hero_damage_per_min": {"raw": 1204.0943738656986, "pct": 0.8356411800120409}, "hero_healing_per_min": {"raw": 101.35753176043558, "pct": 0.3479831426851294}, "tower_damage": {"raw": 450, "pct": 0.2679108970499699}}}, {"account_id": 426479981, "player_slot": 4, "team_number": 0, "team_slot": 4, "hero_id": 93, "hero_variant": 0, "item_0": 36, "item_1": 249, "item_2": 174, "item_3": 252, "item_4": 143, "item_5": 29, "backpack_0": 0, "backpack_1": 0, "backpack_2": 0, "item_neutral": 574, "item_neutral2": 1584, "kills": 6, "deaths": 12, "assists": 14, "leaver_status": 0, "last_hits": 201, "denies": 13, "gold_per_min": 423, "xp_per_min": 821, "level": 25, "net_worth": 17642, "aghanims_scepter": 0, "aghanims_shard": 1, "moonshard": 0, "hero_damage": 22531, "tower_damage": 197, "hero_healing": 0, "gold": 1507, "gold_spent": 16855, "ability_upgrades_arr": [1693, 5495, 5494, 1693, 5494, 5497, 5495, 5494, 5494, 5495, 6147, 1693, 5497, 1693, 5495, 921, 5497, 6894, 6893], "personaname": "I am Chipi", "name": null, "last_login": null, "rank_tier": 43, "computed_mmr": 4175.86, "is_subscriber": false, "radiant_win": false, "start_time": 1775261951, "duration": 2755, "cluster": 381, "lobby_type": 7, "game_mode": 22, "is_contributor": false, "patch": 60, "isRadiant": true, "win": 0, "lose": 1, "total_gold": 19422, "total_xp": 37697, "kills_per_min": 0.13067150635208713, "kda": 1.54, "abandons": 0, "benchmarks": {"gold_per_min": {"raw": 423, "pct": 0.2362514029180696}, "xp_per_min": {"raw": 821, "pct": 0.574635241301908}, "kills_per_min": {"raw": 0.13067150635208713, "pct": 0.24074074074074073}, "last_hits_per_min": {"raw": 4.3774954627949185, "pct": 0.265993265993266}, "hero_damage_per_min": {"raw": 490.69328493647913, "pct": 0.43097643097643096}, "hero_healing_per_min": {"raw": 0, "pct": 0.9691358024691358}, "tower_damage": {"raw": 197,