{"players": [{"player_slot": 0, "team_number": 0, "team_slot": 0, "hero_id": 14, "hero_variant": 1, "item_0": 108, "item_1": 73, "item_2": 600, "item_3": 50, "item_4": 127, "item_5": 73, "backpack_0": 42, "backpack_1": 39, "backpack_2": 44, "item_neutral": 1604, "item_neutral2": 1585, "kills": 20, "deaths": 2, "assists": 18, "leaver_status": 0, "last_hits": 142, "denies": 2, "gold_per_min": 591, "xp_per_min": 790, "level": 21, "net_worth": 18165, "aghanims_scepter": 0, "aghanims_shard": 0, "moonshard": 0, "hero_damage": 33284, "tower_damage": 2302, "hero_healing": 0, "gold": 2065, "gold_spent": 17005, "ability_upgrades_arr": [5075, 5076, 5076, 5075, 5076, 5077, 5076, 5075, 5075, 5074, 5932, 5077, 5074, 5074, 5074, 6565, 5077, 408], "is_subscriber": false, "radiant_win": true, "start_time": 1751768804, "duration": 1949, "cluster": 346, "lobby_type": 0, "game_mode": 22, "is_contributor": false, "patch": 58, "region": 38, "isRadiant": true, "win": 1, "lose": 0, "total_gold": 19197, "total_xp": 25661, "kills_per_min": 0.6157003591585428, "kda": 12.67, "abandons": 0, "benchmarks": {"gold_per_min": {"raw": 591, "pct": 0.9483779303812455}, "xp_per_min": {"raw": 790, "pct": 0.813402794222117}, "kills_per_min": {"raw": 0.6157003591585428, "pct": 0.9875680795642908}, "last_hits_per_min": {"raw": 4.371472550025654, "pct": 0.8312810798010892}, "hero_damage_per_min": {"raw": 1024.648537711647, "pct": 0.9550082879469571}, "hero_healing_per_min": {"raw": 0, "pct": 0.7493488041676534}, "tower_damage": {"raw": 2302, "pct": 0.8898887047122899}}}, {"account_id": 45421382, "player_slot": 1, "team_number": 0, "team_slot": 1, "hero_id": 104, "hero_variant": 1, "item_0": 34, "item_1": 112, "item_2": 127, "item_3": 50, "item_4": 1, "item_5": 162, "backpack_0": 0, "backpack_1": 0, "backpack_2": 0, "item_neutral": 828, "item_neutral2": 1576, "kills": 8, "deaths": 1, "assists": 16, "leaver_status": 0, "last_hits": 183, "denies": 11, "gold_per_min": 520, "xp_per_min": 605, "level": 19, "net_worth": 16329, "aghanims_scepter": 0, "aghanims_shard": 0, "moonshard": 0, "hero_damage": 21526, "tower_damage": 6348, "hero_healing": 4085, "gold": 854, "gold_spent": 16195, "ability_upgrades_arr": [5595, 5597, 5596, 5597, 5595, 5598, 5596, 5597, 5597, 5596, 5595, 5598, 5596, 1176, 5595, 463, 5598], "personaname": "La Chaucha", "name": null, "last_login": "2026-03-03T14:36:01.200Z", "rank_tier": 42, "computed_mmr": 4031.51, "is_subscriber": false, "radiant_win": true, "start_time": 1751768804, "duration": 1949, "cluster": 346, "lobby_type": 0, "game_mode": 22, "is_contributor": false, "patch": 58, "region": 38, "isRadiant": true, "win": 1, "lose": 0, "total_gold": 16891, "total_xp": 19652, "kills_per_min": 0.24628014366341713, "kda": 12, "abandons": 0, "benchmarks": {"gold_per_min": {"raw": 520, "pct": 0.607356177302735}, "xp_per_min": {"raw": 605, "pct": 0.31813895001571835}, "kills_per_min": {"raw": 0.24628014366341713, "pct": 0.5602011945928953}, "last_hits_per_min": {"raw": 5.633658286300667, "pct": 0.7723986167871738}, "hero_damage_per_min": {"raw": 662.6782965623397, "pct": 0.4768940584721786}, "hero_healing_per_min": {"raw": 125.75679835813239, "pct": 0.8770826784030179}, "tower_damage": {"raw": 6348, "pct": 0.796762024520591}}}, {"account_id": 65137360, "player_slot": 2, "team_number": 0, "team_slot": 2, "hero_id": 26, "hero_variant": 1, "item_0": 1575, "item_1": 218, "item_2": 214, "item_3": 36, "item_4": 1, "item_5": 40, "backpack_0": 0, "backpack_1": 0, "backpack_2": 0, "item_neutral": 947, "item_neutral2": 1577, "kills": 4, "deaths": 2, "assists": 17, "leaver_status": 0, "last_hits": 28, "denies": 0, "gold_per_min": 309, "xp_per_min": 541, "level": 18, "net_worth": 8593, "aghanims_scepter": 0, "aghanims_shard": 0, "moonshard": 0, "hero_damage": 9409, "tower_damage": 744, "hero_healing": 0, "gold": 4313, "gold_spent": 6035, "ability_upgrades_arr": [5044, 5046, 5045, 5046, 5046, 5047, 5046, 5044, 5044, 5044, 5045, 5047, 5918, 5045, 5045, 401, 5047], "personaname": "PatoDeGoma", "name": null, "last_login": "2021-02-10T20:32:57.535Z", "rank_tier": 45, "computed_mmr": null, "is_subscriber": false, "radiant_win": true, "start_time": 1751768804, "duration": 1949, "cluster": 346, "lobby_type": 0, "game_mode": 22, "is_contributor": false, "patch": 58, "region": 38, "isRadiant": true, "win": 1, "lose": 0, "total_gold": 10037, "total_xp": 17573, "kills_per_min": 0.12314007183170857, "kda": 7, "abandons": 0, "benchmarks": {"gold_per_min": {"raw": 309, "pct": 0.3691026827012026}, "xp_per_min": {"raw": 541, "pct": 0.4546055239857275}, "kills_per_min": {"raw": 0.12314007183170857, "pct": 0.426589137042421}, "last_hits_per_min": {"raw": 0.86198050282196, "pct": 0.30659442315316504}, "hero_damage_per_min": {"raw": 289.6562339661365, "pct": 0.3761067794370292}, "hero_healing_per_min": {"raw": 0, "pct": 0.7417734901546187}, "tower_damage": {"raw": 744, "pct": 0.6820404387471918}}}, {"account_id": 37467834, "player_slot": 3, "team_number": 0, "team_slot": 3, "hero_id": 44, "hero_variant": 3, "item_0": 75, "item_1": 116, "item_2": 36, "item_3": 168, "item_4": 63, "item_5": 143, "backpack_0": 0, "backpack_1": 0, "backpack_2": 39, "item_neutral": 1605, "item_neutral2": 1584, "kills": 10, "deaths": 2, "assists": 13, "leaver_status": 0, "last_hits": 187, "denies": 7, "gold_per_min": 552, "xp_per_min": 632, "level": 19, "net_worth": 17538, "aghanims_scepter": 0, "aghanims_shard": 0, "moonshard": 0, "hero_damage": 21626, "tower_damage": 8731, "hero_healing": 195, "gold": 4258, "gold_spent": 13570, "ability_upgrades_arr": [5190, 5191, 5190, 1287, 5190, 5193, 5191, 5191, 5191, 5190, 559, 5193, 1287, 1287, 491, 1287, 5193], "personaname": "ExtremoDiaz", "name": null, "last_login": null, "rank_tier": 22, "computed_mmr": 3968.35, "is_subscriber": false, "radiant_win": true, "start_time": 1751768804, "duration": 1949, "cluster": 346, "lobby_type": 0, "game_mode": 22, "is_contributor": false, "patch": 58, "region": 38, "isRadiant": true, "win": 1, "lose": 0, "total_gold": 17930, "total_xp": 20529, "kills_per_min": 0.3078501795792714, "kda": 7.67, "abandons": 0, "benchmarks": {"gold_per_min": {"raw": 552, "pct": 0.4771838331160365}, "xp_per_min": {"raw": 632, "pct": 0.2900912646675359}, "kills_per_min": {"raw": 0.3078501795792714, "pct": 0.6782920469361148}, "last_hits_per_min": {"raw": 5.756798358132375, "pct": 0.3155149934810952}, "hero_damage_per_min": {"raw": 665.7567983581323, "pct": 0.5746414602346805}, "hero_healing_per_min": {"raw": 6.003078501795793, "pct": 0.991199478487614}, "tower_damage": {"raw": 8731, "pct": 0.8184485006518905}}}, {"player_slot": 4, "team_number": 0, "team_slot": 4, "hero_id": 105, "hero_variant": 2, "item_0": 37, "item_1": 232, "item_2": 259, "item_3": 180, "item_4": 0, "item_5": 36, "backpack_0": 0, "backpack_1": 0, "backpack_2": 0, "item_neutral": 1640, "item_neutral2": 1595, "kills": 6, "deaths": 3, "assists": 16, "leaver_status": 0, "last_hits": 90, "denies": 3, "gold_per_min": 366, "xp_per_min": 487, "level": 17, "net_worth": 11172, "aghanims_scepter": 0, "aghanims_shard": 1, "moonshard": 0, "hero_damage": 18536, "tower_damage": 1293, "hero_healing": 125, "gold": 947, "gold_spent": 11165, "ability_upgrades_arr": [879, 5601, 879, 5601, 879, 5599, 5601, 5601, 879, 886, 6997, 5599, 886, 886, 6282, 886], "is_subscriber": false, "radiant_win": true, "start_time": 1751768804, "duration": 1949, "cluster": 346, "lobby_type": 0, "game_mode": 22, "is_contributor": false, "patch": 58, "region": 38, "isRadiant": true, "win": 1, "lose": 0, "total_gold": 11888, "total_xp": 15819, "kills_per_min": 0.18471010774756286, "kda": 5.5, "abandons": 0, "benchmarks": {"gold_per_min": {"raw": 366, "pct": 0.24821002386634844}, "xp_per_min": {"raw": 487, "pct": 0.2845399098382392}, "kills_per_min": {"raw": 0.18471010774756286, "pct": 0.4672500662954124}, "last_hits_per_min": {"raw": 2.770651616213443, "pct": 0.47440997083001857}, "hero_damage_per_min": {"raw": 570.6310928681376,