{"players": [{"account_id": 844649045, "player_slot": 0, "team_number": 0, "team_slot": 0, "hero_id": 1, "hero_variant": 1, "item_0": 116, "item_1": 143, "item_2": 145, "item_3": 147, "item_4": 51, "item_5": 63, "backpack_0": 0, "backpack_1": 0, "backpack_2": 0, "item_neutral": 1643, "item_neutral2": 1597, "kills": 1, "deaths": 2, "assists": 6, "leaver_status": 0, "last_hits": 352, "denies": 7, "gold_per_min": 464, "xp_per_min": 613, "level": 22, "net_worth": 19898, "aghanims_scepter": 0, "aghanims_shard": 0, "moonshard": 0, "hero_damage": 7169, "tower_damage": 1696, "hero_healing": 0, "gold": 723, "gold_spent": 20530, "ability_upgrades_arr": [5004, 5003, 5004, 5003, 7314, 5006, 5003, 5003, 5004, 1495, 5004, 7314, 5006, 7314, 7314, 666, 5006, 735], "personaname": "Adriel Jaydden", "name": null, "last_login": null, "rank_tier": 41, "computed_mmr": 4090.34, "is_subscriber": false, "radiant_win": false, "start_time": 1766286912, "duration": 2690, "cluster": 251, "lobby_type": 0, "game_mode": 22, "is_contributor": false, "patch": 59, "region": 15, "isRadiant": true, "win": 0, "lose": 1, "total_gold": 20802, "total_xp": 27482, "kills_per_min": 0.022304832713754646, "kda": 2.33, "abandons": 0, "benchmarks": {"gold_per_min": {"raw": 464, "pct": 0.22882213972325346}, "xp_per_min": {"raw": 613, "pct": 0.2173472831589605}, "kills_per_min": {"raw": 0.022304832713754646, "pct": 0.030712116098548767}, "last_hits_per_min": {"raw": 7.851301115241636, "pct": 0.404319946000675}, "hero_damage_per_min": {"raw": 159.90334572490707, "pct": 0.07796152548093149}, "hero_healing_per_min": {"raw": 0, "pct": 0.9412757340533243}, "tower_damage": {"raw": 1696, "pct": 0.3962200472494094}}}, {"account_id": 108893852, "player_slot": 1, "team_number": 0, "team_slot": 1, "hero_id": 101, "hero_variant": 2, "item_0": 180, "item_1": 36, "item_2": 1466, "item_3": 259, "item_4": 218, "item_5": 4205, "backpack_0": 0, "backpack_1": 0, "backpack_2": 0, "item_neutral": 1158, "item_neutral2": 1583, "kills": 6, "deaths": 2, "assists": 14, "leaver_status": 0, "last_hits": 42, "denies": 8, "gold_per_min": 241, "xp_per_min": 405, "level": 18, "net_worth": 10165, "aghanims_scepter": 0, "aghanims_shard": 0, "moonshard": 0, "hero_damage": 17227, "tower_damage": 265, "hero_healing": 0, "gold": 1405, "gold_spent": 9835, "ability_upgrades_arr": [5582, 5581, 5582, 5583, 5582, 5584, 5582, 5583, 5583, 5583, 411, 5581, 5584, 5581, 5581, 6181, 5584], "personaname": "Ahri gato goza y más", "name": null, "last_login": null, "rank_tier": 31, "computed_mmr": 4006.92, "is_subscriber": false, "radiant_win": false, "start_time": 1766286912, "duration": 2690, "cluster": 251, "lobby_type": 0, "game_mode": 22, "is_contributor": false, "patch": 59, "region": 15, "isRadiant": true, "win": 0, "lose": 1, "total_gold": 10804, "total_xp": 18157, "kills_per_min": 0.13382899628252787, "kda": 6.67, "abandons": 0, "benchmarks": {"gold_per_min": {"raw": 241, "pct": 0.07543769309989701}, "xp_per_min": {"raw": 405, "pct": 0.16632337796086508}, "kills_per_min": {"raw": 0.1338289962825279, "pct": 0.30895983522142123}, "last_hits_per_min": {"raw": 0.9368029739776952, "pct": 0.22322348094747682}, "hero_damage_per_min": {"raw": 384.2453531598513, "pct": 0.1004119464469619}, "hero_healing_per_min": {"raw": 0, "pct": 0.7868177136972193}, "tower_damage": {"raw": 265, "pct": 0.4356333676622039}}}, {"account_id": 149739929, "player_slot": 2, "team_number": 0, "team_slot": 2, "hero_id": 135, "hero_variant": 1, "item_0": 116, "item_1": 127, "item_2": 178, "item_3": 154, "item_4": 29, "item_5": 168, "backpack_0": 4204, "backpack_1": 0, "backpack_2": 0, "item_neutral": 1168, "item_neutral2": 1594, "kills": 4, "deaths": 7, "assists": 15, "leaver_status": 0, "last_hits": 255, "denies": 2, "gold_per_min": 449, "xp_per_min": 630, "level": 22, "net_worth": 16980, "aghanims_scepter": 0, "aghanims_shard": 1, "moonshard": 0, "hero_damage": 29207, "tower_damage": 380, "hero_healing": 3339, "gold": 125, "gold_spent": 18460, "ability_upgrades_arr": [7902, 7914, 7914, 7918, 7914, 7906, 7914, 7902, 7902, 7902, 1570, 7918, 7906, 7918, 7918, 7937, 7906, 7940], "personaname": "Cash Myers", "name": null, "last_login": null, "rank_tier": 35, "computed_mmr": 4059.43, "is_subscriber": false, "radiant_win": false, "start_time": 1766286912, "duration": 2690, "cluster": 251, "lobby_type": 0, "game_mode": 22, "is_contributor": false, "patch": 59, "region": 15, "isRadiant": true, "win": 0, "lose": 1, "total_gold": 20130, "total_xp": 28245, "kills_per_min": 0.08921933085501858, "kda": 2.38, "abandons": 0, "benchmarks": {"gold_per_min": {"raw": 449, "pct": 0.3606789250353607}, "xp_per_min": {"raw": 630, "pct": 0.39603960396039606}, "kills_per_min": {"raw": 0.08921933085501858, "pct": 0.1562942008486563}, "last_hits_per_min": {"raw": 5.687732342007435, "pct": 0.5403111739745403}, "hero_damage_per_min": {"raw": 651.457249070632, "pct": 0.5551626591230552}, "hero_healing_per_min": {"raw": 74.47583643122677, "pct": 0.2553041018387553}, "tower_damage": {"raw": 380, "pct": 0.3359264497878359}}}, {"player_slot": 3, "team_number": 0, "team_slot": 3, "hero_id": 70, "hero_variant": 1, "item_0": 174, "item_1": 50, "item_2": 1, "item_3": 81, "item_4": 569, "item_5": 8, "backpack_0": 21, "backpack_1": 40, "backpack_2": 0, "item_neutral": 1721, "item_neutral2": 1586, "kills": 7, "deaths": 11, "assists": 6, "leaver_status": 0, "last_hits": 167, "denies": 2, "gold_per_min": 356, "xp_per_min": 396, "level": 18, "net_worth": 12750, "aghanims_scepter": 0, "aghanims_shard": 0, "moonshard": 0, "hero_damage": 16914, "tower_damage": 337, "hero_healing": 1517, "gold": 370, "gold_spent": 13910, "ability_upgrades_arr": [5359, 5358, 5358, 5357, 5359, 5360, 5359, 5359, 5358, 5358, 6975, 5357, 5360, 5357, 5357, 758, 5360], "is_subscriber": false, "radiant_win": false, "start_time": 1766286912, "duration": 2690, "cluster": 251, "lobby_type": 0, "game_mode": 22, "is_contributor": false, "patch": 59, "region": 15, "isRadiant": true, "win": 0, "lose": 1, "total_gold": 15960, "total_xp": 17754, "kills_per_min": 0.15613382899628253, "kda": 1.08, "abandons": 0, "benchmarks": {"gold_per_min": {"raw": 356, "pct": 0.08746803069053709}, "xp_per_min": {"raw": 396, "pct": 0.08081841432225063}, "kills_per_min": {"raw": 0.1561338289962825, "pct": 0.21790281329923275}, "last_hits_per_min": {"raw": 3.7249070631970262, "pct": 0.12071611253196932}, "hero_damage_per_min": {"raw": 377.2639405204461, "pct": 0.15754475703324808}, "hero_healing_per_min": {"raw": 33.8364312267658, "pct": 0.9918158567774936}, "tower_damage": {"raw": 337, "pct": 0.26854219948849106}}}, {"account_id": 114577435, "player_slot": 4, "team_number": 0, "team_slot": 4, "hero_id": 17, "hero_variant": 1, "item_0": 63, "item_1": 273, "item_2": 98, "item_3": 36, "item_4": 56, "item_5": 41, "backpack_0": 4, "backpack_1": 20, "backpack_2": 0, "item_neutral": 1603, "item_neutral2": 1594, "kills": 4, "deaths": 7, "assists": 8, "leaver_status": 0, "last_hits": 130, "denies": 3, "gold_per_min": 292, "xp_per_min": 435, "level": 19, "net_worth": 11613, "aghanims_scepter": 0, "aghanims_shard": 0, "moonshard": 0, "hero_damage": 14592, "tower_damage": 410, "hero_healing": 0, "gold": 98, "gold_spent": 12805, "ability_upgrades_arr": [5099, 5098, 5100, 5098, 5099, 5101, 5098, 5098, 5099, 5099, 7132, 5100, 5101, 5100, 5100, 6916, 5101], "personaname": "El meta vale corneta", "name": null, "last_login": "2016-11-07T02:45:03.977Z", "rank_tier": 41, "computed_mmr": 4103.24, "is_subscriber": false, "radiant_win": false, "start_time": 1766286912, "duration": 2690, "cluster": 251, "lobby_type": 0, "game_mode": 22, "is_contributor": false, "patch": 59, "region": 15, "isRadiant": true, "win": 0, "lose": 1, "total_gold": 13091, "total_xp": 19502, "kills_per_min": 0.08921933085501858, "kda": 1.5, "abandons": 0, "benchmarks": {"gold_per_min": {"raw": 292, "pct": 0.040697674418604654}, "xp_per_min": {"raw": 435, "pct": 0.08318425760286226},