{"players": [{"account_id": 137274066, "player_slot": 0, "team_number": 0, "team_slot": 0, "hero_id": 21, "hero_variant": 5, "item_0": 160, "item_1": 108, "item_2": 98, "item_3": 149, "item_4": 63, "item_5": 147, "backpack_0": 0, "backpack_1": 0, "backpack_2": 0, "item_neutral": 1643, "item_neutral2": 1586, "kills": 3, "deaths": 9, "assists": 15, "leaver_status": 0, "last_hits": 242, "denies": 6, "gold_per_min": 408, "xp_per_min": 685, "level": 26, "net_worth": 21808, "aghanims_scepter": 0, "aghanims_shard": 0, "moonshard": 0, "hero_damage": 23646, "tower_damage": 5203, "hero_healing": 0, "gold": 283, "gold_spent": 22525, "ability_upgrades_arr": [5131, 5132, 5131, 5132, 5131, 5133, 5131, 5130, 5132, 5920, 5130, 5132, 5133, 5130, 6992, 5130, 5133, 7889, 1071], "personaname": "giNOOBili", "name": null, "last_login": "2018-02-22T05:44:33.188Z", "rank_tier": 31, "computed_mmr": 4115.09, "is_subscriber": false, "radiant_win": false, "start_time": 1761878592, "duration": 3469, "cluster": 346, "lobby_type": 0, "game_mode": 22, "is_contributor": false, "patch": 58, "region": 38, "isRadiant": true, "win": 0, "lose": 1, "total_gold": 23589, "total_xp": 39604, "kills_per_min": 0.051888152205246466, "kda": 1.8, "abandons": 0, "benchmarks": {"gold_per_min": {"raw": 408, "pct": 0.43022272342824924}, "xp_per_min": {"raw": 685, "pct": 0.5883845503242177}, "kills_per_min": {"raw": 0.051888152205246466, "pct": 0.06963631237665632}, "last_hits_per_min": {"raw": 4.185644277889882, "pct": 0.5599097829151396}, "hero_damage_per_min": {"raw": 408.9824156817527, "pct": 0.2791091062870031}, "hero_healing_per_min": {"raw": 0, "pct": 0.8449393853961094}, "tower_damage": {"raw": 5203, "pct": 0.7428813081477305}}}, {"player_slot": 1, "team_number": 0, "team_slot": 1, "hero_id": 76, "hero_variant": 2, "item_0": 1, "item_1": 65, "item_2": 96, "item_3": 534, "item_4": 114, "item_5": 63, "backpack_0": 0, "backpack_1": 0, "backpack_2": 0, "item_neutral": 0, "item_neutral2": 0, "kills": 13, "deaths": 11, "assists": 7, "leaver_status": 0, "last_hits": 291, "denies": 16, "gold_per_min": 540, "xp_per_min": 779, "level": 27, "net_worth": 26482, "aghanims_scepter": 1, "aghanims_shard": 0, "moonshard": 0, "hero_damage": 37540, "tower_damage": 797, "hero_healing": 0, "gold": 1557, "gold_spent": 27025, "ability_upgrades_arr": [5392, 5391, 5684, 5392, 5392, 5394, 5392, 5391, 5391, 5391, 6094, 5394, 5684, 5684, 6712, 5684, 5394, 7375, 750, 957], "is_subscriber": false, "radiant_win": false, "start_time": 1761878592, "duration": 3469, "cluster": 346, "lobby_type": 0, "game_mode": 22, "is_contributor": false, "patch": 58, "region": 38, "isRadiant": true, "win": 0, "lose": 1, "total_gold": 31221, "total_xp": 45039, "kills_per_min": 0.22484865955606803, "kda": 1.67, "abandons": 0, "benchmarks": {"gold_per_min": {"raw": 540, "pct": 0.5329896907216495}, "xp_per_min": {"raw": 779, "pct": 0.568041237113402}, "kills_per_min": {"raw": 0.22484865955606803, "pct": 0.43711340206185567}, "last_hits_per_min": {"raw": 5.033150763908908, "pct": 0.40309278350515465}, "hero_damage_per_min": {"raw": 649.2937445949842, "pct": 0.42371134020618556}, "hero_healing_per_min": {"raw": 0, "pct": 0.972680412371134}, "tower_damage": {"raw": 797, "pct": 0.3979381443298969}}}, {"player_slot": 2, "team_number": 0, "team_slot": 2, "hero_id": 104, "hero_variant": 1, "item_0": 116, "item_1": 168, "item_2": 127, "item_3": 50, "item_4": 600, "item_5": 149, "backpack_0": 0, "backpack_1": 0, "backpack_2": 0, "item_neutral": 565, "item_neutral2": 1584, "kills": 19, "deaths": 10, "assists": 16, "leaver_status": 0, "last_hits": 292, "denies": 7, "gold_per_min": 622, "xp_per_min": 1149, "level": 30, "net_worth": 28302, "aghanims_scepter": 1, "aghanims_shard": 1, "moonshard": 0, "hero_damage": 67185, "tower_damage": 9625, "hero_healing": 7512, "gold": 952, "gold_spent": 31670, "ability_upgrades_arr": [5595, 5597, 5595, 5597, 5596, 5598, 5596, 5597, 5595, 5595, 5597, 5598, 5596, 5596, 463, 1176, 5598, 7395, 925, 1113, 6671, 6526, 880], "is_subscriber": false, "radiant_win": false, "start_time": 1761878592, "duration": 3469, "cluster": 346, "lobby_type": 0, "game_mode": 22, "is_contributor": false, "patch": 58, "region": 38, "isRadiant": true, "win": 0, "lose": 1, "total_gold": 35961, "total_xp": 66431, "kills_per_min": 0.32862496396656093, "kda": 3.18, "abandons": 0, "benchmarks": {"gold_per_min": {"raw": 622, "pct": 0.8846921797004992}, "xp_per_min": {"raw": 1149, "pct": 0.962396006655574}, "kills_per_min": {"raw": 0.328624963966561, "pct": 0.762063227953411}, "last_hits_per_min": {"raw": 5.05044681464399, "pct": 0.6001663893510816}, "hero_damage_per_min": {"raw": 1162.0351686364947, "pct": 0.9499168053244592}, "hero_healing_per_min": {"raw": 129.92793312193714, "pct": 0.8860232945091514}, "tower_damage": {"raw": 9625, "pct": 0.9154742096505823}}}, {"account_id": 37467834, "player_slot": 3, "team_number": 0, "team_slot": 3, "hero_id": 32, "hero_variant": 1, "item_0": 116, "item_1": 208, "item_2": 1097, "item_3": 141, "item_4": 0, "item_5": 63, "backpack_0": 0, "backpack_1": 0, "backpack_2": 0, "item_neutral": 1643, "item_neutral2": 1584, "kills": 14, "deaths": 9, "assists": 16, "leaver_status": 0, "last_hits": 174, "denies": 7, "gold_per_min": 490, "xp_per_min": 1012, "level": 29, "net_worth": 24954, "aghanims_scepter": 0, "aghanims_shard": 0, "moonshard": 0, "hero_damage": 45444, "tower_damage": 829, "hero_healing": 0, "gold": 2054, "gold_spent": 24380, "ability_upgrades_arr": [5143, 5145, 5143, 5142, 5143, 5144, 5143, 5145, 5145, 474, 5145, 5144, 5142, 5142, 6193, 5142, 5144, 6330, 347, 782, 6865, 795], "personaname": "ExtremoDiaz", "name": null, "last_login": null, "rank_tier": 22, "computed_mmr": 3968.35, "is_subscriber": false, "radiant_win": false, "start_time": 1761878592, "duration": 3469, "cluster": 346, "lobby_type": 0, "game_mode": 22, "is_contributor": false, "patch": 58, "region": 38, "isRadiant": true, "win": 0, "lose": 1, "total_gold": 28330, "total_xp": 58510, "kills_per_min": 0.24214471029115017, "kda": 3, "abandons": 0, "benchmarks": {"gold_per_min": {"raw": 490, "pct": 0.5435861091424522}, "xp_per_min": {"raw": 1012, "pct": 0.7065910701630049}, "kills_per_min": {"raw": 0.2421447102911502, "pct": 0.46420978029766125}, "last_hits_per_min": {"raw": 3.009512827904295, "pct": 0.3642806520198441}, "hero_damage_per_min": {"raw": 786.0017296050736, "pct": 0.6909992912827781}, "hero_healing_per_min": {"raw": 0, "pct": 0.920623671155209}, "tower_damage": {"raw": 829, "pct": 0.4755492558469171}}}, {"account_id": 65137360, "player_slot": 4, "team_number": 0, "team_slot": 4, "hero_id": 110, "hero_variant": 2, "item_0": 40, "item_1": 218, "item_2": 214, "item_3": 267, "item_4": 100, "item_5": 96, "backpack_0": 42, "backpack_1": 36, "backpack_2": 0, "item_neutral": 1642, "item_neutral2": 1594, "kills": 2, "deaths": 11, "assists": 28, "leaver_status": 1, "last_hits": 78, "denies": 1, "gold_per_min": 347, "xp_per_min": 674, "level": 26, "net_worth": 15101, "aghanims_scepter": 0, "aghanims_shard": 0, "moonshard": 0, "hero_damage": 31418, "tower_damage": 669, "hero_healing": 11717, "gold": 2096, "gold_spent": 14385, "ability_upgrades_arr": [5623, 5625, 5631, 5626, 5631, 5630, 5623, 5631, 5626, 5626, 5626, 5630, 1566, 5623, 5623, 6401, 5630, 6915, 6227], "personaname": "PatoDeGoma", "name": null, "last_login": "2021-02-10T20:32:57.535Z", "rank_tier": 45, "computed_mmr": null, "is_subscriber": false, "radiant_win": false, "start_time": 1761878592, "duration": 3469, "cluster": 346, "lobby_type": 0, "game_mode": 22, "is_contributor": false, "patch": 58, "region": 38, "isRadiant": true, "win": 0, "lose": 1, "total_gold": 20062, "total_xp": 38968, "kills_per_min": 0.03459210147016431, "kda": 2.5, "abandons": 0, "benchmarks": {"gold_per_min": {"raw": 347, "pct": 0.21686746987951808}, "xp_per_min": {"raw": 674, "pct": 0.5867469879518072}, "kills_per_min": {"raw": 0.03459210147016432, "pct": 0.03734939759036145},