{"players": [{"player_slot": 0, "team_number": 0, "team_slot": 0, "hero_id": 26, "hero_variant": 1, "item_0": 254, "item_1": 244, "item_2": 214, "item_3": 37, "item_4": 108, "item_5": 232, "backpack_0": 0, "backpack_1": 0, "backpack_2": 0, "item_neutral": 1642, "item_neutral2": 1592, "kills": 7, "deaths": 10, "assists": 22, "leaver_status": 0, "last_hits": 84, "denies": 1, "gold_per_min": 334, "xp_per_min": 696, "level": 26, "net_worth": 16040, "aghanims_scepter": 0, "aghanims_shard": 1, "moonshard": 0, "hero_damage": 22057, "tower_damage": 115, "hero_healing": 0, "gold": 2390, "gold_spent": 16095, "ability_upgrades_arr": [5044, 5045, 5044, 5046, 5044, 5047, 5046, 5044, 5046, 5046, 5045, 5047, 5045, 5045, 781, 465, 5047, 777, 6389], "is_subscriber": false, "radiant_win": true, "start_time": 1752625900, "duration": 3367, "cluster": 346, "lobby_type": 7, "game_mode": 22, "is_contributor": false, "patch": 58, "region": 38, "isRadiant": true, "win": 1, "lose": 0, "total_gold": 18742, "total_xp": 39057, "kills_per_min": 0.12474012474012473, "kda": 2.64, "abandons": 0, "benchmarks": {"gold_per_min": {"raw": 334, "pct": 0.4975551737808907}, "xp_per_min": {"raw": 696, "pct": 0.7457380732126339}, "kills_per_min": {"raw": 0.12474012474012475, "pct": 0.4338575393154487}, "last_hits_per_min": {"raw": 1.496881496881497, "pct": 0.6509845381260737}, "hero_damage_per_min": {"raw": 393.0561330561331, "pct": 0.6891766882516188}, "hero_healing_per_min": {"raw": 0, "pct": 0.7417734901546187}, "tower_damage": {"raw": 115, "pct": 0.3808642791066473}}}, {"player_slot": 1, "team_number": 0, "team_slot": 1, "hero_id": 111, "hero_variant": 2, "item_0": 231, "item_1": 254, "item_2": 229, "item_3": 232, "item_4": 269, "item_5": 43, "backpack_0": 188, "backpack_1": 0, "backpack_2": 0, "item_neutral": 1641, "item_neutral2": 1577, "kills": 9, "deaths": 7, "assists": 24, "leaver_status": 0, "last_hits": 47, "denies": 1, "gold_per_min": 343, "xp_per_min": 763, "level": 26, "net_worth": 18003, "aghanims_scepter": 0, "aghanims_shard": 1, "moonshard": 0, "hero_damage": 15673, "tower_damage": 764, "hero_healing": 36186, "gold": 2003, "gold_spent": 17145, "ability_upgrades_arr": [5637, 5639, 5639, 5638, 5639, 5640, 5639, 5638, 5638, 5638, 5637, 5640, 5637, 5637, 791, 681, 5640, 405, 6206], "is_subscriber": false, "radiant_win": true, "start_time": 1752625900, "duration": 3367, "cluster": 346, "lobby_type": 7, "game_mode": 22, "is_contributor": false, "patch": 58, "region": 38, "isRadiant": true, "win": 1, "lose": 0, "total_gold": 19248, "total_xp": 42817, "kills_per_min": 0.16038016038016037, "kda": 4.13, "abandons": 0, "benchmarks": {"gold_per_min": {"raw": 343, "pct": 0.6164817749603804}, "xp_per_min": {"raw": 763, "pct": 0.93026941362916}, "kills_per_min": {"raw": 0.16038016038016037, "pct": 0.7060221870047544}, "last_hits_per_min": {"raw": 0.8375408375408375, "pct": 0.347068145800317}, "hero_damage_per_min": {"raw": 279.2931392931393, "pct": 0.5522979397781299}, "hero_healing_per_min": {"raw": 644.8351648351647, "pct": 0.8835182250396196}, "tower_damage": {"raw": 764, "pct": 0.8042789223454834}}}, {"account_id": 311158613, "player_slot": 2, "team_number": 0, "team_slot": 2, "hero_id": 29, "hero_variant": 2, "item_0": 1, "item_1": 235, "item_2": 119, "item_3": 48, "item_4": 81, "item_5": 0, "backpack_0": 16, "backpack_1": 20, "backpack_2": 0, "item_neutral": 1607, "item_neutral2": 1592, "kills": 3, "deaths": 3, "assists": 31, "leaver_status": 0, "last_hits": 411, "denies": 2, "gold_per_min": 590, "xp_per_min": 925, "level": 28, "net_worth": 28286, "aghanims_scepter": 1, "aghanims_shard": 0, "moonshard": 0, "hero_damage": 29644, "tower_damage": 2337, "hero_healing": 4971, "gold": 5356, "gold_spent": 25570, "ability_upgrades_arr": [5120, 5119, 5120, 5119, 5120, 5121, 5120, 5119, 5119, 5118, 963, 5118, 5121, 5118, 6945, 5118, 5121, 6151, 7978, 754, 6946], "personaname": "NEO UNIVERSE", "name": null, "last_login": null, "rank_tier": 54, "computed_mmr": 3959.1, "is_subscriber": false, "radiant_win": true, "start_time": 1752625900, "duration": 3367, "cluster": 346, "lobby_type": 7, "game_mode": 22, "is_contributor": false, "patch": 58, "region": 38, "isRadiant": true, "win": 1, "lose": 0, "total_gold": 33108, "total_xp": 51907, "kills_per_min": 0.05346005346005346, "kda": 8.5, "abandons": 0, "benchmarks": {"gold_per_min": {"raw": 590, "pct": 0.8725622057834567}, "xp_per_min": {"raw": 925, "pct": 0.867518493611298}, "kills_per_min": {"raw": 0.05346005346005346, "pct": 0.1375252185608608}, "last_hits_per_min": {"raw": 7.324027324027324, "pct": 0.8890383322125084}, "hero_damage_per_min": {"raw": 528.2566082566083, "pct": 0.41963685272360457}, "hero_healing_per_min": {"raw": 88.5833085833086, "pct": 0.7999327505043712}, "tower_damage": {"raw": 2337, "pct": 0.6351714862138534}}}, {"player_slot": 3, "team_number": 0, "team_slot": 3, "hero_id": 8, "hero_variant": 1, "item_0": 50, "item_1": 603, "item_2": 250, "item_3": 158, "item_4": 139, "item_5": 147, "backpack_0": 0, "backpack_1": 0, "backpack_2": 0, "item_neutral": 1601, "item_neutral2": 1594, "kills": 16, "deaths": 10, "assists": 16, "leaver_status": 0, "last_hits": 557, "denies": 8, "gold_per_min": 757, "xp_per_min": 1168, "level": 30, "net_worth": 39010, "aghanims_scepter": 1, "aghanims_shard": 1, "moonshard": 0, "hero_damage": 63954, "tower_damage": 14852, "hero_healing": 12206, "gold": 1185, "gold_spent": 39215, "ability_upgrades_arr": [5028, 5027, 5029, 5028, 5028, 5029, 5028, 5030, 5027, 5029, 5027, 5030, 5027, 5029, 7021, 1192, 5030, 6105, 1013, 628, 1489, 6662, 915], "is_subscriber": false, "radiant_win": true, "start_time": 1752625900, "duration": 3367, "cluster": 346, "lobby_type": 7, "game_mode": 22, "is_contributor": false, "patch": 58, "region": 38, "isRadiant": true, "win": 1, "lose": 0, "total_gold": 42480, "total_xp": 65544, "kills_per_min": 0.28512028512028514, "kda": 2.91, "abandons": 0, "benchmarks": {"gold_per_min": {"raw": 757, "pct": 0.8847795163584637}, "xp_per_min": {"raw": 1168, "pct": 0.9172119487908962}, "kills_per_min": {"raw": 0.2851202851202851, "pct": 0.7433854907539118}, "last_hits_per_min": {"raw": 9.925749925749926, "pct": 0.8031294452347084}, "hero_damage_per_min": {"raw": 1139.6614196614196, "pct": 0.9388335704125178}, "hero_healing_per_min": {"raw": 217.51113751113752, "pct": 0.7533428165007112}, "tower_damage": {"raw": 14852, "pct": 0.8452347083926032}}}, {"player_slot": 4, "team_number": 0, "team_slot": 4, "hero_id": 41, "hero_variant": 3, "item_0": 145, "item_1": 108, "item_2": 158, "item_3": 63, "item_4": 116, "item_5": 141, "backpack_0": 4206, "backpack_1": 4205, "backpack_2": 0, "item_neutral": 1607, "item_neutral2": 1584, "kills": 7, "deaths": 10, "assists": 18, "leaver_status": 0, "last_hits": 433, "denies": 7, "gold_per_min": 598, "xp_per_min": 861, "level": 27, "net_worth": 30188, "aghanims_scepter": 0, "aghanims_shard": 1, "moonshard": 0, "hero_damage": 31058, "tower_damage": 4665, "hero_healing": 0, "gold": 4538, "gold_spent": 26470, "ability_upgrades_arr": [5182, 5184, 5691, 5184, 5184, 1281, 5184, 5182, 5182, 5182, 867, 1281, 5691, 6807, 5691, 5691, 1281, 6128, 6651, 856], "is_subscriber": false, "radiant_win": true, "start_time": 1752625900, "duration": 3367, "cluster": 346, "lobby_type": 7, "game_mode": 22, "is_contributor": false, "patch": 58, "region": 38, "isRadiant": true, "win": 1, "lose": 0, "total_gold": 33557, "total_xp": 48316, "kills_per_min": 0.12474012474012473, "kda": 2.27, "abandons": 0, "benchmarks": {"gold_per_min": {"raw": 598, "pct": 0.5897711015736766}, "xp_per_min": {"raw": 861, "pct": 0.5811874105865522}, "kills_per_min": {"raw": 0.12474012474012475, "pct": 0.27682403433476394}, "last_hits_per_min": {"raw": 7.716067716067716, "pct": 0.65379113018598}, "hero_damage_per_min": {"raw": 553.4541134541134, "pct": 0.5160944206008584}, "hero_healing_per_min": {"raw": 0, "pct": 0.9452789699570815}, "tower_damage": {"raw": 4665,