{"players": [{"account_id": 39255989, "player_slot": 0, "team_number": 0, "team_slot": 0, "hero_id": 14, "hero_variant": 1, "item_0": 214, "item_1": 185, "item_2": 36, "item_3": 108, "item_4": 190, "item_5": 210, "backpack_0": 188, "backpack_1": 43, "backpack_2": 0, "item_neutral": 1602, "item_neutral2": 1594, "kills": 9, "deaths": 11, "assists": 18, "leaver_status": 0, "last_hits": 111, "denies": 5, "gold_per_min": 435, "xp_per_min": 654, "level": 21, "net_worth": 14142, "aghanims_scepter": 0, "aghanims_shard": 0, "moonshard": 0, "hero_damage": 18392, "tower_damage": 148, "hero_healing": 125, "gold": 942, "gold_spent": 13940, "ability_upgrades_arr": [5075, 5076, 5076, 5074, 5076, 5077, 5076, 5075, 5075, 5075, 5074, 5077, 5074, 5074, 6565, 5932, 5077, 332], "personaname": "Warlock", "name": null, "last_login": null, "rank_tier": 45, "computed_mmr": 3865.53, "is_subscriber": false, "radiant_win": true, "start_time": 1755900797, "duration": 2175, "cluster": 241, "lobby_type": 7, "game_mode": 22, "is_contributor": false, "patch": 58, "region": 14, "isRadiant": true, "win": 1, "lose": 0, "total_gold": 15768, "total_xp": 23707, "kills_per_min": 0.2482758620689655, "kda": 2.25, "abandons": 0, "benchmarks": {"gold_per_min": {"raw": 435, "pct": 0.6880179966848212}, "xp_per_min": {"raw": 654, "pct": 0.6154392611887284}, "kills_per_min": {"raw": 0.2482758620689655, "pct": 0.7436656405399006}, "last_hits_per_min": {"raw": 3.0620689655172417, "pct": 0.6543926118872839}, "hero_damage_per_min": {"raw": 507.36551724137934, "pct": 0.5241534454179493}, "hero_healing_per_min": {"raw": 3.4482758620689653, "pct": 0.8184939616386455}, "tower_damage": {"raw": 148, "pct": 0.3933222827373905}}}, {"player_slot": 1, "team_number": 0, "team_slot": 1, "hero_id": 86, "hero_variant": 2, "item_0": 11, "item_1": 204, "item_2": 180, "item_3": 0, "item_4": 36, "item_5": 232, "backpack_0": 0, "backpack_1": 0, "backpack_2": 0, "item_neutral": 675, "item_neutral2": 1583, "kills": 8, "deaths": 10, "assists": 15, "leaver_status": 0, "last_hits": 130, "denies": 4, "gold_per_min": 455, "xp_per_min": 643, "level": 20, "net_worth": 14568, "aghanims_scepter": 0, "aghanims_shard": 0, "moonshard": 0, "hero_damage": 18181, "tower_damage": 865, "hero_healing": 1274, "gold": 1443, "gold_spent": 14770, "ability_upgrades_arr": [5450, 7320, 5448, 5450, 5450, 5452, 5450, 7320, 7320, 7320, 5448, 5452, 5448, 5448, 897, 787, 5452, 6864], "is_subscriber": false, "radiant_win": true, "start_time": 1755900797, "duration": 2175, "cluster": 241, "lobby_type": 7, "game_mode": 22, "is_contributor": false, "patch": 58, "region": 14, "isRadiant": true, "win": 1, "lose": 0, "total_gold": 16493, "total_xp": 23308, "kills_per_min": 0.2206896551724138, "kda": 2.09, "abandons": 0, "benchmarks": {"gold_per_min": {"raw": 455, "pct": 0.7002620087336244}, "xp_per_min": {"raw": 643, "pct": 0.5500436681222708}, "kills_per_min": {"raw": 0.2206896551724138, "pct": 0.7502183406113537}, "last_hits_per_min": {"raw": 3.586206896551724, "pct": 0.6908296943231441}, "hero_damage_per_min": {"raw": 501.54482758620696, "pct": 0.3949344978165939}, "hero_healing_per_min": {"raw": 35.144827586206894, "pct": 0.8815720524017467}, "tower_damage": {"raw": 865, "pct": 0.6089082969432315}}}, {"player_slot": 2, "team_number": 0, "team_slot": 2, "hero_id": 63, "hero_variant": 1, "item_0": 166, "item_1": 596, "item_2": 149, "item_3": 168, "item_4": 236, "item_5": 154, "backpack_0": 40, "backpack_1": 0, "backpack_2": 0, "item_neutral": 1603, "item_neutral2": 1584, "kills": 4, "deaths": 7, "assists": 14, "leaver_status": 0, "last_hits": 260, "denies": 6, "gold_per_min": 556, "xp_per_min": 796, "level": 23, "net_worth": 19134, "aghanims_scepter": 0, "aghanims_shard": 1, "moonshard": 0, "hero_damage": 16463, "tower_damage": 7088, "hero_healing": 0, "gold": 1979, "gold_spent": 18030, "ability_upgrades_arr": [5290, 5291, 5291, 5289, 5291, 5292, 5291, 5290, 5290, 5290, 5289, 5292, 5289, 5289, 6115, 6989, 5292, 6131], "is_subscriber": false, "radiant_win": true, "start_time": 1755900797, "duration": 2175, "cluster": 241, "lobby_type": 7, "game_mode": 22, "is_contributor": false, "patch": 58, "region": 14, "isRadiant": true, "win": 1, "lose": 0, "total_gold": 20155, "total_xp": 28855, "kills_per_min": 0.1103448275862069, "kda": 2.25, "abandons": 0, "benchmarks": {"gold_per_min": {"raw": 556, "pct": 0.6084998592738531}, "xp_per_min": {"raw": 796, "pct": 0.5775401069518716}, "kills_per_min": {"raw": 0.1103448275862069, "pct": 0.18998029833943147}, "last_hits_per_min": {"raw": 7.172413793103448, "pct": 0.7362792006754855}, "hero_damage_per_min": {"raw": 454.15172413793107, "pct": 0.27019420208274697}, "hero_healing_per_min": {"raw": 0, "pct": 0.8041092034900085}, "tower_damage": {"raw": 7088, "pct": 0.6875879538418238}}}, {"account_id": 347155588, "player_slot": 3, "team_number": 0, "team_slot": 3, "hero_id": 104, "hero_variant": 1, "item_0": 1, "item_1": 55, "item_2": 127, "item_3": 108, "item_4": 50, "item_5": 210, "backpack_0": 9, "backpack_1": 0, "backpack_2": 0, "item_neutral": 1602, "item_neutral2": 1586, "kills": 5, "deaths": 6, "assists": 16, "leaver_status": 0, "last_hits": 179, "denies": 9, "gold_per_min": 491, "xp_per_min": 678, "level": 21, "net_worth": 16604, "aghanims_scepter": 0, "aghanims_shard": 0, "moonshard": 0, "hero_damage": 18165, "tower_damage": 5643, "hero_healing": 360, "gold": 354, "gold_spent": 17290, "ability_upgrades_arr": [5595, 5597, 5595, 5597, 5595, 5598, 5595, 5596, 5597, 5597, 1113, 5598, 5596, 5596, 6671, 5596, 5598, 7395], "personaname": "<[°|R|°]>", "name": null, "last_login": "2023-10-31T21:55:24.373Z", "rank_tier": 44, "computed_mmr": 3781.98, "is_subscriber": false, "radiant_win": true, "start_time": 1755900797, "duration": 2175, "cluster": 241, "lobby_type": 7, "game_mode": 22, "is_contributor": false, "patch": 58, "region": 14, "isRadiant": true, "win": 1, "lose": 0, "total_gold": 17798, "total_xp": 24577, "kills_per_min": 0.13793103448275862, "kda": 3, "abandons": 0, "benchmarks": {"gold_per_min": {"raw": 491, "pct": 0.5086450801634707}, "xp_per_min": {"raw": 678, "pct": 0.4522162841873625}, "kills_per_min": {"raw": 0.13793103448275862, "pct": 0.23766111285759195}, "last_hits_per_min": {"raw": 4.937931034482759, "pct": 0.5933668657654826}, "hero_damage_per_min": {"raw": 501.1034482758621, "pct": 0.2195850361521534}, "hero_healing_per_min": {"raw": 9.931034482758621, "pct": 0.21109713926438228}, "tower_damage": {"raw": 5643, "pct": 0.7563659226658284}}}, {"account_id": 113944518, "player_slot": 4, "team_number": 0, "team_slot": 4, "hero_id": 35, "hero_variant": 1, "item_0": 156, "item_1": 263, "item_2": 75, "item_3": 63, "item_4": 166, "item_5": 135, "backpack_0": 0, "backpack_1": 0, "backpack_2": 0, "item_neutral": 1605, "item_neutral2": 1576, "kills": 14, "deaths": 2, "assists": 5, "leaver_status": 0, "last_hits": 240, "denies": 10, "gold_per_min": 642, "xp_per_min": 884, "level": 24, "net_worth": 22848, "aghanims_scepter": 0, "aghanims_shard": 0, "moonshard": 0, "hero_damage": 36330, "tower_damage": 9969, "hero_healing": 0, "gold": 3043, "gold_spent": 20575, "ability_upgrades_arr": [5154, 5155, 5156, 5154, 5154, 5157, 5154, 5155, 5155, 5155, 5156, 5157, 928, 5156, 5156, 7892, 5157, 1455], "personaname": "Tiger Warrior", "name": null, "last_login": "2020-10-26T23:20:42.596Z", "rank_tier": 55, "computed_mmr": 4105.19, "is_subscriber": false, "radiant_win": true, "start_time": 1755900797, "duration": 2175, "cluster": 241, "lobby_type": 7, "game_mode": 22, "is_contributor": false, "patch": 58, "region": 14, "isRadiant": true, "win": 1, "lose": 0, "total_gold": 23272, "total_xp": 32045, "kills_per_min": 0.38620689655172413, "kda": 6.33, "abandons": 0, "benchmarks": {"gold_per_min": {"raw": 642, "pct": 0.6973865199449794}, "xp_per_min": {"raw": 884, "pct": 0.7546996790463091}, "kills_per_min": {"raw": 0.38620689655172413, "pct": 0.8023842274186153}, "last_hits_per_min": {"raw": 6.620689655172414,