{"players": [{"player_slot": 0, "team_number": 0, "team_slot": 0, "hero_id": 14, "hero_variant": 1, "item_0": 127, "item_1": 1, "item_2": 50, "item_3": 119, "item_4": 108, "item_5": 692, "backpack_0": 0, "backpack_1": 0, "backpack_2": 0, "item_neutral": 1606, "item_neutral2": 1583, "kills": 10, "deaths": 3, "assists": 18, "leaver_status": 0, "last_hits": 185, "denies": 8, "gold_per_min": 618, "xp_per_min": 913, "level": 23, "net_worth": 19563, "aghanims_scepter": 0, "aghanims_shard": 0, "moonshard": 0, "hero_damage": 23612, "tower_damage": 4076, "hero_healing": 0, "gold": 238, "gold_spent": 20680, "ability_upgrades_arr": [5075, 5076, 5076, 5074, 5076, 5077, 5076, 5074, 5074, 5074, 5932, 5077, 5075, 5075, 6565, 5075, 5077, 408], "is_subscriber": false, "radiant_win": true, "start_time": 1752893531, "duration": 1980, "cluster": 346, "lobby_type": 7, "game_mode": 22, "is_contributor": false, "patch": 58, "region": 38, "isRadiant": true, "win": 1, "lose": 0, "total_gold": 20394, "total_xp": 30129, "kills_per_min": 0.30303030303030304, "kda": 7, "abandons": 0, "benchmarks": {"gold_per_min": {"raw": 618, "pct": 0.9654274212645039}, "xp_per_min": {"raw": 913, "pct": 0.918067724366564}, "kills_per_min": {"raw": 0.30303030303030304, "pct": 0.8400426237272082}, "last_hits_per_min": {"raw": 5.606060606060606, "pct": 0.9288420554108454}, "hero_damage_per_min": {"raw": 715.5151515151515, "pct": 0.7971820980345726}, "hero_healing_per_min": {"raw": 0, "pct": 0.7493488041676534}, "tower_damage": {"raw": 4076, "pct": 0.9692161970163391}}}, {"player_slot": 1, "team_number": 0, "team_slot": 1, "hero_id": 19, "hero_variant": 1, "item_0": 180, "item_1": 1128, "item_2": 102, "item_3": 40, "item_4": 223, "item_5": 1, "backpack_0": 0, "backpack_1": 0, "backpack_2": 0, "item_neutral": 1602, "item_neutral2": 1577, "kills": 7, "deaths": 2, "assists": 30, "leaver_status": 0, "last_hits": 50, "denies": 2, "gold_per_min": 391, "xp_per_min": 579, "level": 18, "net_worth": 11961, "aghanims_scepter": 0, "aghanims_shard": 0, "moonshard": 0, "hero_damage": 15255, "tower_damage": 2699, "hero_healing": 125, "gold": 1601, "gold_spent": 12005, "ability_upgrades_arr": [5107, 5106, 5107, 5106, 5106, 5107, 5106, 5107, 5108, 5109, 5108, 5109, 6937, 5108, 6153, 6934, 5109], "is_subscriber": false, "radiant_win": true, "start_time": 1752893531, "duration": 1980, "cluster": 346, "lobby_type": 7, "game_mode": 22, "is_contributor": false, "patch": 58, "region": 38, "isRadiant": true, "win": 1, "lose": 0, "total_gold": 12903, "total_xp": 19107, "kills_per_min": 0.21212121212121213, "kda": 12.33, "abandons": 0, "benchmarks": {"gold_per_min": {"raw": 391, "pct": 0.4367015098722416}, "xp_per_min": {"raw": 579, "pct": 0.40127758420441345}, "kills_per_min": {"raw": 0.21212121212121213, "pct": 0.759581881533101}, "last_hits_per_min": {"raw": 1.5151515151515151, "pct": 0.14343786295005806}, "hero_damage_per_min": {"raw": 462.27272727272725, "pct": 0.39547038327526135}, "hero_healing_per_min": {"raw": 3.787878787878788, "pct": 0.8844367015098722}, "tower_damage": {"raw": 2699, "pct": 0.7491289198606271}}}, {"player_slot": 2, "team_number": 0, "team_slot": 2, "hero_id": 20, "hero_variant": 2, "item_0": 214, "item_1": 108, "item_2": 229, "item_3": 36, "item_4": 75, "item_5": 81, "backpack_0": 11, "backpack_1": 188, "backpack_2": 0, "item_neutral": 1603, "item_neutral2": 1584, "kills": 7, "deaths": 9, "assists": 17, "leaver_status": 0, "last_hits": 66, "denies": 8, "gold_per_min": 396, "xp_per_min": 541, "level": 18, "net_worth": 12246, "aghanims_scepter": 0, "aghanims_shard": 0, "moonshard": 0, "hero_damage": 10312, "tower_damage": 1384, "hero_healing": 195, "gold": 1266, "gold_spent": 12070, "ability_upgrades_arr": [5122, 5124, 5122, 5124, 5122, 5125, 5122, 5124, 5124, 1068, 5123, 5125, 5123, 5123, 6977, 5123, 5125], "is_subscriber": false, "radiant_win": true, "start_time": 1752893531, "duration": 1980, "cluster": 346, "lobby_type": 7, "game_mode": 22, "is_contributor": false, "patch": 58, "region": 38, "isRadiant": true, "win": 1, "lose": 0, "total_gold": 13068, "total_xp": 17853, "kills_per_min": 0.21212121212121213, "kda": 2.4, "abandons": 0, "benchmarks": {"gold_per_min": {"raw": 396, "pct": 0.6668157423971377}, "xp_per_min": {"raw": 541, "pct": 0.37701252236135957}, "kills_per_min": {"raw": 0.21212121212121213, "pct": 0.8202146690518783}, "last_hits_per_min": {"raw": 2, "pct": 0.5733452593917711}, "hero_damage_per_min": {"raw": 312.4848484848485, "pct": 0.2911449016100179}, "hero_healing_per_min": {"raw": 5.909090909090909, "pct": 0.7991949910554562}, "tower_damage": {"raw": 1384, "pct": 0.6113595706618963}}}, {"player_slot": 3, "team_number": 0, "team_slot": 3, "hero_id": 48, "hero_variant": 3, "item_0": 63, "item_1": 172, "item_2": 147, "item_3": 116, "item_4": 108, "item_5": 263, "backpack_0": 11, "backpack_1": 40, "backpack_2": 134, "item_neutral": 1605, "item_neutral2": 1584, "kills": 17, "deaths": 2, "assists": 9, "leaver_status": 0, "last_hits": 377, "denies": 15, "gold_per_min": 875, "xp_per_min": 991, "level": 24, "net_worth": 28289, "aghanims_scepter": 0, "aghanims_shard": 0, "moonshard": 0, "hero_damage": 26840, "tower_damage": 24530, "hero_healing": 0, "gold": 1059, "gold_spent": 28315, "ability_upgrades_arr": [5222, 5223, 5222, 5223, 5222, 5225, 5223, 5223, 5222, 847, 730, 5225, 730, 730, 1462, 770, 730, 5225, 730, 6180, 730, 730, 1462, 1462], "is_subscriber": false, "radiant_win": true, "start_time": 1752893531, "duration": 1980, "cluster": 346, "lobby_type": 7, "game_mode": 22, "is_contributor": false, "patch": 58, "region": 38, "isRadiant": true, "win": 1, "lose": 0, "total_gold": 28875, "total_xp": 32703, "kills_per_min": 0.5151515151515151, "kda": 8.67, "abandons": 0, "benchmarks": {"gold_per_min": {"raw": 875, "pct": 0.9512893982808023}, "xp_per_min": {"raw": 991, "pct": 0.7478510028653295}, "kills_per_min": {"raw": 0.5151515151515151, "pct": 0.9750306999590668}, "last_hits_per_min": {"raw": 11.424242424242424, "pct": 0.7470323372902169}, "hero_damage_per_min": {"raw": 813.3333333333334, "pct": 0.6401964797380271}, "hero_healing_per_min": {"raw": 0, "pct": 0.9594760540319279}, "tower_damage": {"raw": 24530, "pct": 0.9541547277936963}}}, {"player_slot": 4, "team_number": 0, "team_slot": 4, "hero_id": 7, "hero_variant": 1, "item_0": 1, "item_1": 116, "item_2": 11, "item_3": 178, "item_4": 0, "item_5": 63, "backpack_0": 0, "backpack_1": 0, "backpack_2": 0, "item_neutral": 1603, "item_neutral2": 1584, "kills": 6, "deaths": 8, "assists": 19, "leaver_status": 0, "last_hits": 74, "denies": 2, "gold_per_min": 415, "xp_per_min": 521, "level": 17, "net_worth": 12216, "aghanims_scepter": 0, "aghanims_shard": 0, "moonshard": 0, "hero_damage": 15176, "tower_damage": 1323, "hero_healing": 0, "gold": 3511, "gold_spent": 10825, "ability_upgrades_arr": [5023, 5024, 5025, 5024, 5024, 5026, 5024, 5023, 5025, 5023, 5023, 5026, 5025, 5025, 744, 6511], "is_subscriber": false, "radiant_win": true, "start_time": 1752893531, "duration": 1980, "cluster": 346, "lobby_type": 7, "game_mode": 22, "is_contributor": false, "patch": 58, "region": 38, "isRadiant": true, "win": 1, "lose": 0, "total_gold": 13695, "total_xp": 17193, "kills_per_min": 0.18181818181818182, "kda": 2.78, "abandons": 0, "benchmarks": {"gold_per_min": {"raw": 415, "pct": 0.3623702894593119}, "xp_per_min": {"raw": 521, "pct": 0.2348443473511742}, "kills_per_min": {"raw": 0.18181818181818182, "pct": 0.5494265428727472}, "last_hits_per_min": {"raw": 2.242424242424242, "pct": 0.14855270344074276}, "hero_damage_per_min": {"raw": 459.8787878787879, "pct": 0.23702894593118515}, "hero_healing_per_min": {"raw": 0, "pct": 0.835608956854178}, "tower_damage": {"raw": 1323, "pct": 0.6253413435281268}}}, {"player_slot": 128, "team_number": 1, "team_slot": 0, "hero_id": 53, "hero_variant": 1, "item_0": 21, "item_1": 60, "item_2": 36, "item_3": 98, "item_4": 267, "item_5": 218, "backpack_0": 216, "backpack_1": 44, "backpack_2": 0, "item_neutral": 1603,