{"players": [{"player_slot": 0, "team_number": 0, "team_slot": 0, "hero_id": 1, "hero_variant": 1, "item_0": 40, "item_1": 139, "item_2": 63, "item_3": 143, "item_4": 145, "item_5": 147, "backpack_0": 0, "backpack_1": 0, "backpack_2": 0, "item_neutral": 828, "item_neutral2": 1594, "kills": 7, "deaths": 4, "assists": 12, "leaver_status": 0, "last_hits": 258, "denies": 10, "gold_per_min": 585, "xp_per_min": 696, "level": 21, "net_worth": 19549, "aghanims_scepter": 0, "aghanims_shard": 0, "moonshard": 0, "hero_damage": 14213, "tower_damage": 6115, "hero_healing": 0, "gold": 804, "gold_spent": 19115, "ability_upgrades_arr": [5004, 5003, 7314, 5004, 5003, 5006, 5003, 5003, 5004, 966, 5004, 5006, 7314, 7314, 666, 7314, 5006, 665], "is_subscriber": false, "radiant_win": true, "start_time": 1750178008, "duration": 2069, "cluster": 381, "lobby_type": 7, "game_mode": 22, "is_contributor": false, "patch": 58, "isRadiant": true, "win": 1, "lose": 0, "total_gold": 20172, "total_xp": 24000, "kills_per_min": 0.2029966167230546, "kda": 3.8, "abandons": 0, "benchmarks": {"gold_per_min": {"raw": 585, "pct": 0.44589877835951136}, "xp_per_min": {"raw": 696, "pct": 0.2931937172774869}, "kills_per_min": {"raw": 0.20299661672305463, "pct": 0.5180337405468296}, "last_hits_per_min": {"raw": 7.481875302078299, "pct": 0.34002326934264104}, "hero_damage_per_min": {"raw": 412.170130497825, "pct": 0.4013961605584642}, "hero_healing_per_min": {"raw": 0, "pct": 0.9426992437463642}, "tower_damage": {"raw": 6115, "pct": 0.5724258289703316}}}, {"player_slot": 1, "team_number": 0, "team_slot": 1, "hero_id": 40, "hero_variant": 2, "item_0": 119, "item_1": 231, "item_2": 218, "item_3": 267, "item_4": 38, "item_5": 1575, "backpack_0": 21, "backpack_1": 8, "backpack_2": 0, "item_neutral": 359, "item_neutral2": 1583, "kills": 10, "deaths": 8, "assists": 27, "leaver_status": 0, "last_hits": 116, "denies": 1, "gold_per_min": 534, "xp_per_min": 893, "level": 23, "net_worth": 17420, "aghanims_scepter": 0, "aghanims_shard": 0, "moonshard": 0, "hero_damage": 29928, "tower_damage": 3574, "hero_healing": 714, "gold": 1320, "gold_spent": 17260, "ability_upgrades_arr": [5179, 5178, 5180, 5179, 5180, 1105, 5179, 5180, 5179, 859, 5180, 1105, 5178, 5178, 5178, 1105, 811, 6980], "is_subscriber": false, "radiant_win": true, "start_time": 1750178008, "duration": 2069, "cluster": 381, "lobby_type": 7, "game_mode": 22, "is_contributor": false, "patch": 58, "isRadiant": true, "win": 1, "lose": 0, "total_gold": 18414, "total_xp": 30793, "kills_per_min": 0.28999516674722087, "kda": 4.11, "abandons": 0, "benchmarks": {"gold_per_min": {"raw": 534, "pct": 0.9558227317209562}, "xp_per_min": {"raw": 893, "pct": 0.9756745421501468}, "kills_per_min": {"raw": 0.28999516674722087, "pct": 0.9447784146511953}, "last_hits_per_min": {"raw": 3.3639439342677626, "pct": 0.7072556969103873}, "hero_damage_per_min": {"raw": 867.8975350410827, "pct": 0.8676079966447644}, "hero_healing_per_min": {"raw": 20.70565490575157, "pct": 0.5545924786802741}, "tower_damage": {"raw": 3574, "pct": 0.9092688382496854}}}, {"player_slot": 2, "team_number": 0, "team_slot": 2, "hero_id": 2, "hero_variant": 1, "item_0": 226, "item_1": 127, "item_2": 1, "item_3": 50, "item_4": 116, "item_5": 125, "backpack_0": 4204, "backpack_1": 0, "backpack_2": 0, "item_neutral": 1602, "item_neutral2": 1586, "kills": 8, "deaths": 9, "assists": 19, "leaver_status": 0, "last_hits": 164, "denies": 1, "gold_per_min": 523, "xp_per_min": 672, "level": 20, "net_worth": 17091, "aghanims_scepter": 0, "aghanims_shard": 0, "moonshard": 0, "hero_damage": 26923, "tower_damage": 1607, "hero_healing": 0, "gold": 1341, "gold_spent": 16935, "ability_upgrades_arr": [5009, 5007, 5009, 5008, 5009, 5010, 5009, 5007, 5007, 9401, 5007, 5010, 5008, 5008, 974, 5008, 5010, 6991], "is_subscriber": false, "radiant_win": true, "start_time": 1750178008, "duration": 2069, "cluster": 381, "lobby_type": 7, "game_mode": 22, "is_contributor": false, "patch": 58, "isRadiant": true, "win": 1, "lose": 0, "total_gold": 18034, "total_xp": 23172, "kills_per_min": 0.2319961333977767, "kda": 2.7, "abandons": 0, "benchmarks": {"gold_per_min": {"raw": 523, "pct": 0.6493780307822054}, "xp_per_min": {"raw": 672, "pct": 0.45688382880033734}, "kills_per_min": {"raw": 0.2319961333977767, "pct": 0.45055871811090026}, "last_hits_per_min": {"raw": 4.755920734654422, "pct": 0.5555555555555556}, "hero_damage_per_min": {"raw": 780.7539874335428, "pct": 0.639257853679106}, "hero_healing_per_min": {"raw": 0, "pct": 0.9278937381404174}, "tower_damage": {"raw": 1607, "pct": 0.680371073160447}}}, {"player_slot": 3, "team_number": 0, "team_slot": 3, "hero_id": 47, "hero_variant": 2, "item_0": 98, "item_1": 152, "item_2": 63, "item_3": 123, "item_4": 114, "item_5": 75, "backpack_0": 0, "backpack_1": 41, "backpack_2": 44, "item_neutral": 828, "item_neutral2": 1584, "kills": 18, "deaths": 4, "assists": 13, "leaver_status": 0, "last_hits": 134, "denies": 20, "gold_per_min": 650, "xp_per_min": 1030, "level": 25, "net_worth": 22375, "aghanims_scepter": 0, "aghanims_shard": 0, "moonshard": 0, "hero_damage": 31116, "tower_damage": 12960, "hero_healing": 0, "gold": 3010, "gold_spent": 19660, "ability_upgrades_arr": [5218, 5219, 5218, 5220, 5218, 5221, 5218, 5220, 5220, 6820, 5219, 5221, 5220, 984, 730, 5219, 5219, 5221, 730, 6165, 1549], "is_subscriber": false, "radiant_win": true, "start_time": 1750178008, "duration": 2069, "cluster": 381, "lobby_type": 7, "game_mode": 22, "is_contributor": false, "patch": 58, "isRadiant": true, "win": 1, "lose": 0, "total_gold": 22414, "total_xp": 35517, "kills_per_min": 0.5219913001449976, "kda": 6.2, "abandons": 0, "benchmarks": {"gold_per_min": {"raw": 650, "pct": 0.9179131703757752}, "xp_per_min": {"raw": 1030, "pct": 0.9354250273622765}, "kills_per_min": {"raw": 0.5219913001449976, "pct": 0.9576796789492886}, "last_hits_per_min": {"raw": 3.8859352344127602, "pct": 0.3498723093761401}, "hero_damage_per_min": {"raw": 902.3489608506525, "pct": 0.7475373951112733}, "hero_healing_per_min": {"raw": 0, "pct": 0.8858080992338563}, "tower_damage": {"raw": 12960, "pct": 0.9638817949653411}}}, {"player_slot": 4, "team_number": 0, "team_slot": 4, "hero_id": 43, "hero_variant": 3, "item_0": 92, "item_1": 90, "item_2": 610, "item_3": 232, "item_4": 4205, "item_5": 29, "backpack_0": 4204, "backpack_1": 16, "backpack_2": 0, "item_neutral": 565, "item_neutral2": 1593, "kills": 7, "deaths": 5, "assists": 11, "leaver_status": 0, "last_hits": 106, "denies": 3, "gold_per_min": 443, "xp_per_min": 580, "level": 19, "net_worth": 15211, "aghanims_scepter": 0, "aghanims_shard": 0, "moonshard": 0, "hero_damage": 17094, "tower_damage": 4468, "hero_healing": 0, "gold": 1036, "gold_spent": 14365, "ability_upgrades_arr": [5685, 5090, 5090, 5685, 5090, 5093, 5091, 5090, 5685, 5685, 6210, 5093, 5091, 5091, 6367, 5091, 5093], "is_subscriber": false, "radiant_win": true, "start_time": 1750178008, "duration": 2069, "cluster": 381, "lobby_type": 7, "game_mode": 22, "is_contributor": false, "patch": 58, "isRadiant": true, "win": 1, "lose": 0, "total_gold": 15276, "total_xp": 20000, "kills_per_min": 0.2029966167230546, "kda": 3, "abandons": 0, "benchmarks": {"gold_per_min": {"raw": 443, "pct": 0.3650329188002926}, "xp_per_min": {"raw": 580, "pct": 0.3196781272860278}, "kills_per_min": {"raw": 0.20299661672305463, "pct": 0.49378200438917336}, "last_hits_per_min": {"raw": 3.0739487675205415, "pct": 0.17410387710314557}, "hero_damage_per_min": {"raw": 495.71773803769935, "pct": 0.20848573518653987}, "hero_healing_per_min": {"raw": 0, "pct": 0.7768836869056328}, "tower_damage": {"raw": 4468, "pct": 0.5932699341623994}}}, {"player_slot": 128, "team_number": 1, "team_slot": 0, "hero_id": 109, "hero_variant": 2, "item_0": 63, "item_1": 263, "item_2": 116, "item_3": 75, "item_4": 169, "item_5": 18, "backpack_0": 0, "backpack_1": 0, "backpack_2": 0, "item_neutral": 1606, "item_neutral2": 1586, "kills": 3, "deaths": 9, "assists": 8,