{"players": [{"player_slot": 0, "team_number": 0, "team_slot": 0, "hero_id": 14, "hero_variant": 3, "item_0": 50, "item_1": 127, "item_2": 102, "item_3": 692, "item_4": 108, "item_5": 121, "backpack_0": 116, "backpack_1": 4206, "backpack_2": 0, "item_neutral": 1642, "item_neutral2": 1585, "kills": 20, "deaths": 16, "assists": 26, "leaver_status": 0, "last_hits": 209, "denies": 6, "gold_per_min": 674, "xp_per_min": 1162, "level": 29, "net_worth": 28666, "aghanims_scepter": 0, "aghanims_shard": 0, "moonshard": 0, "hero_damage": 84879, "tower_damage": 5020, "hero_healing": 0, "gold": 6316, "gold_spent": 24515, "ability_upgrades_arr": [5075, 5076, 5076, 5074, 5076, 5077, 5076, 5074, 5074, 5074, 5075, 5077, 5075, 5932, 5075, 507, 5077, 332, 6506, 7142, 6565, 408], "is_subscriber": false, "radiant_win": true, "start_time": 1754182260, "duration": 3098, "cluster": 241, "lobby_type": 0, "game_mode": 22, "is_contributor": false, "patch": 58, "region": 14, "isRadiant": true, "win": 1, "lose": 0, "total_gold": 34800, "total_xp": 59997, "kills_per_min": 0.38734667527437056, "kda": 2.71, "abandons": 0, "benchmarks": {"gold_per_min": {"raw": 674, "pct": 0.9848448969926592}, "xp_per_min": {"raw": 1162, "pct": 0.9911200568316363}, "kills_per_min": {"raw": 0.38734667527437056, "pct": 0.9217381008761544}, "last_hits_per_min": {"raw": 4.047772756617172, "pct": 0.7937485200094719}, "hero_damage_per_min": {"raw": 1643.879922530665, "pct": 0.998460809850817}, "hero_healing_per_min": {"raw": 0, "pct": 0.7493488041676534}, "tower_damage": {"raw": 5020, "pct": 0.9825953113900071}}}, {"account_id": 45421382, "player_slot": 1, "team_number": 0, "team_slot": 1, "hero_id": 44, "hero_variant": 3, "item_0": 168, "item_1": 63, "item_2": 116, "item_3": 208, "item_4": 26, "item_5": 135, "backpack_0": 0, "backpack_1": 0, "backpack_2": 0, "item_neutral": 1605, "item_neutral2": 1586, "kills": 7, "deaths": 10, "assists": 23, "leaver_status": 0, "last_hits": 301, "denies": 5, "gold_per_min": 595, "xp_per_min": 882, "level": 27, "net_worth": 25943, "aghanims_scepter": 0, "aghanims_shard": 0, "moonshard": 0, "hero_damage": 55392, "tower_damage": 9090, "hero_healing": 0, "gold": 5143, "gold_spent": 25250, "ability_upgrades_arr": [5190, 1287, 5190, 5191, 1287, 5193, 5190, 5190, 5191, 1287, 483, 5193, 1287, 5191, 5191, 491, 5193, 490, 6192, 559], "personaname": "La Chaucha", "name": null, "last_login": "2026-03-03T14:36:01.200Z", "rank_tier": 42, "computed_mmr": 4031.51, "is_subscriber": false, "radiant_win": true, "start_time": 1754182260, "duration": 3098, "cluster": 241, "lobby_type": 0, "game_mode": 22, "is_contributor": false, "patch": 58, "region": 14, "isRadiant": true, "win": 1, "lose": 0, "total_gold": 30721, "total_xp": 45540, "kills_per_min": 0.1355713363460297, "kda": 2.73, "abandons": 0, "benchmarks": {"gold_per_min": {"raw": 595, "pct": 0.5782268578878749}, "xp_per_min": {"raw": 882, "pct": 0.5997392438070405}, "kills_per_min": {"raw": 0.13557133634602972, "pct": 0.2558670143415906}, "last_hits_per_min": {"raw": 5.829567462879277, "pct": 0.32301173402868316}, "hero_damage_per_min": {"raw": 1072.7953518398967, "pct": 0.8836375488917861}, "hero_healing_per_min": {"raw": 0, "pct": 0.9628422425032594}, "tower_damage": {"raw": 9090, "pct": 0.8301825293350718}}}, {"account_id": 65137360, "player_slot": 2, "team_number": 0, "team_slot": 2, "hero_id": 110, "hero_variant": 2, "item_0": 36, "item_1": 214, "item_2": 114, "item_3": 90, "item_4": 206, "item_5": 267, "backpack_0": 4206, "backpack_1": 4206, "backpack_2": 4206, "item_neutral": 1637, "item_neutral2": 1585, "kills": 8, "deaths": 8, "assists": 30, "leaver_status": 0, "last_hits": 128, "denies": 6, "gold_per_min": 473, "xp_per_min": 980, "level": 28, "net_worth": 22913, "aghanims_scepter": 0, "aghanims_shard": 1, "moonshard": 0, "hero_damage": 53449, "tower_damage": 963, "hero_healing": 13212, "gold": 6163, "gold_spent": 17980, "ability_upgrades_arr": [5623, 5625, 5625, 5626, 5631, 5630, 5625, 5626, 5626, 5626, 5623, 5630, 5623, 1566, 5623, 6079, 5630, 6915, 6227, 406], "personaname": "PatoDeGoma", "name": null, "last_login": "2021-02-10T20:32:57.535Z", "rank_tier": 45, "computed_mmr": null, "is_subscriber": false, "radiant_win": true, "start_time": 1754182260, "duration": 3098, "cluster": 241, "lobby_type": 0, "game_mode": 22, "is_contributor": false, "patch": 58, "region": 14, "isRadiant": true, "win": 1, "lose": 0, "total_gold": 24422, "total_xp": 50600, "kills_per_min": 0.15493867010974824, "kda": 4.22, "abandons": 0, "benchmarks": {"gold_per_min": {"raw": 473, "pct": 0.6473656755346896}, "xp_per_min": {"raw": 980, "pct": 0.9441836202399583}, "kills_per_min": {"raw": 0.1549386701097482, "pct": 0.4272300469483568}, "last_hits_per_min": {"raw": 2.4790187217559714, "pct": 0.3401147626499739}, "hero_damage_per_min": {"raw": 1035.1646223369917, "pct": 0.8617631716223265}, "hero_healing_per_min": {"raw": 255.88121368624923, "pct": 0.9754825247782994}, "tower_damage": {"raw": 963, "pct": 0.6275430359937402}}}, {"account_id": 37467834, "player_slot": 3, "team_number": 0, "team_slot": 3, "hero_id": 54, "hero_variant": 4, "item_0": 135, "item_1": 247, "item_2": 220, "item_3": 168, "item_4": 143, "item_5": 137, "backpack_0": 73, "backpack_1": 36, "backpack_2": 0, "item_neutral": 828, "item_neutral2": 1597, "kills": 12, "deaths": 9, "assists": 16, "leaver_status": 0, "last_hits": 261, "denies": 11, "gold_per_min": 625, "xp_per_min": 1051, "level": 28, "net_worth": 29634, "aghanims_scepter": 0, "aghanims_shard": 0, "moonshard": 0, "hero_damage": 40393, "tower_damage": 12538, "hero_healing": 7045, "gold": 4104, "gold_spent": 27360, "ability_upgrades_arr": [631, 5251, 631, 5249, 631, 5252, 631, 5249, 5249, 5249, 5251, 5252, 5251, 5251, 6676, 499, 5252, 709, 6173, 5920], "personaname": "ExtremoDiaz", "name": null, "last_login": null, "rank_tier": 22, "computed_mmr": 3968.35, "is_subscriber": false, "radiant_win": true, "start_time": 1754182260, "duration": 3098, "cluster": 241, "lobby_type": 0, "game_mode": 22, "is_contributor": false, "patch": 58, "region": 14, "isRadiant": true, "win": 1, "lose": 0, "total_gold": 32270, "total_xp": 54266, "kills_per_min": 0.23240800516462234, "kda": 2.8, "abandons": 0, "benchmarks": {"gold_per_min": {"raw": 625, "pct": 0.5267460203642621}, "xp_per_min": {"raw": 1051, "pct": 0.7508963143553707}, "kills_per_min": {"raw": 0.23240800516462234, "pct": 0.5065251685070988}, "last_hits_per_min": {"raw": 5.054874112330536, "pct": 0.11630575075290406}, "hero_damage_per_min": {"raw": 782.3047127178826, "pct": 0.5792341890147713}, "hero_healing_per_min": {"raw": 136.44286636539704, "pct": 0.9921124336727377}, "tower_damage": {"raw": 12538, "pct": 0.7440126201061236}}}, {"player_slot": 4, "team_number": 0, "team_slot": 4, "hero_id": 26, "hero_variant": 1, "item_0": 259, "item_1": 0, "item_2": 176, "item_3": 214, "item_4": 256, "item_5": 108, "backpack_0": 0, "backpack_1": 0, "backpack_2": 0, "item_neutral": 1601, "item_neutral2": 1577, "kills": 14, "deaths": 13, "assists": 33, "leaver_status": 0, "last_hits": 100, "denies": 2, "gold_per_min": 540, "xp_per_min": 979, "level": 28, "net_worth": 23439, "aghanims_scepter": 0, "aghanims_shard": 1, "moonshard": 0, "hero_damage": 38695, "tower_damage": 1679, "hero_healing": 0, "gold": 6364, "gold_spent": 18865, "ability_upgrades_arr": [5044, 5046, 5045, 5044, 5046, 5047, 5044, 5044, 5045, 5918, 5046, 5047, 5045, 5045, 781, 5046, 5047, 541, 6678, 465, 401], "is_subscriber": false, "radiant_win": true, "start_time": 1754182260, "duration": 3098, "cluster": 241, "lobby_type": 0, "game_mode": 22, "is_contributor": false, "patch": 58, "region": 14, "isRadiant": true, "win": 1, "lose": 0, "total_gold": 27882, "total_xp": 50549, "kills_per_min": 0.2711426726920594, "kda": 3.36, "abandons": 0, "benchmarks": {"gold_per_min": {"raw": 540, "pct": 0.9522928505352187}, "xp_per_min": {"raw": 979, "pct": 0.9607506277256509}, "kills_per_min": {"raw": 0.27114267269205944,