{"players": [{"player_slot": 0, "team_number": 0, "team_slot": 0, "hero_id": 64, "hero_variant": 4, "item_0": 180, "item_1": 108, "item_2": 226, "item_3": 232, "item_4": 235, "item_5": 610, "backpack_0": 4, "backpack_1": 94, "backpack_2": 0, "item_neutral": 1601, "item_neutral2": 1589, "kills": 10, "deaths": 13, "assists": 30, "leaver_status": 0, "last_hits": 166, "denies": 2, "gold_per_min": 432, "xp_per_min": 789, "level": 28, "net_worth": 25789, "aghanims_scepter": 0, "aghanims_shard": 0, "moonshard": 0, "hero_damage": 47907, "tower_damage": 4064, "hero_healing": 0, "gold": 589, "gold_spent": 27140, "ability_upgrades_arr": [5298, 5299, 5299, 5297, 5299, 5300, 5297, 5299, 5297, 5297, 6661, 5298, 5300, 5298, 5298, 6186, 5300, 6064, 6381, 526], "is_subscriber": false, "radiant_win": true, "start_time": 1772846870, "duration": 3917, "cluster": 381, "lobby_type": 0, "game_mode": 22, "is_contributor": false, "patch": 59, "isRadiant": true, "win": 1, "lose": 0, "total_gold": 28202, "total_xp": 51508, "kills_per_min": 0.15317845289762574, "kda": 2.86, "abandons": 0, "benchmarks": {"gold_per_min": {"raw": 432, "pct": 0.8505550811272417}, "xp_per_min": {"raw": 789, "pct": 0.9211500142328494}, "kills_per_min": {"raw": 0.15317845289762572, "pct": 0.7611727867919157}, "last_hits_per_min": {"raw": 2.5427623181005874, "pct": 0.6988329063478509}, "hero_damage_per_min": {"raw": 733.8320142966556, "pct": 0.9422146313692001}, "hero_healing_per_min": {"raw": 0, "pct": 0.5681753487048107}, "tower_damage": {"raw": 4064, "pct": 0.793623683461429}}}, {"account_id": 442930794, "player_slot": 1, "team_number": 0, "team_slot": 1, "hero_id": 100, "hero_variant": 1, "item_0": 168, "item_1": 939, "item_2": 133, "item_3": 249, "item_4": 1, "item_5": 116, "backpack_0": 50, "backpack_1": 0, "backpack_2": 0, "item_neutral": 1643, "item_neutral2": 1597, "kills": 12, "deaths": 14, "assists": 33, "leaver_status": 0, "last_hits": 247, "denies": 13, "gold_per_min": 524, "xp_per_min": 1016, "level": 30, "net_worth": 29341, "aghanims_scepter": 0, "aghanims_shard": 0, "moonshard": 0, "hero_damage": 54076, "tower_damage": 1149, "hero_healing": 0, "gold": 1941, "gold_spent": 28845, "ability_upgrades_arr": [5565, 5566, 5565, 7322, 5565, 5568, 5565, 5566, 7322, 5566, 414, 5566, 5568, 7322, 7322, 6411, 5568, 6194, 7891, 6961, 6423, 6963, 6962], "personaname": "Simón", "name": null, "last_login": null, "rank_tier": 72, "computed_mmr": 3967.96, "is_subscriber": false, "radiant_win": true, "start_time": 1772846870, "duration": 3917, "cluster": 381, "lobby_type": 0, "game_mode": 22, "is_contributor": false, "patch": 59, "isRadiant": true, "win": 1, "lose": 0, "total_gold": 34208, "total_xp": 66327, "kills_per_min": 0.1838141434771509, "kda": 3, "abandons": 0, "benchmarks": {"gold_per_min": {"raw": 524, "pct": 0.9438802779262426}, "xp_per_min": {"raw": 1016, "pct": 0.9754142169962586}, "kills_per_min": {"raw": 0.1838141434771509, "pct": 0.7295563869588455}, "last_hits_per_min": {"raw": 3.783507786571356, "pct": 0.9123463388562266}, "hero_damage_per_min": {"raw": 828.3278018892009, "pct": 0.9636557990379476}, "hero_healing_per_min": {"raw": 0, "pct": 0.7044361304115446}, "tower_damage": {"raw": 1149, "pct": 0.7969000534473544}}}, {"player_slot": 2, "team_number": 0, "team_slot": 2, "hero_id": 93, "hero_variant": 3, "item_0": 63, "item_1": 135, "item_2": 160, "item_3": 249, "item_4": 939, "item_5": 208, "backpack_0": 0, "backpack_1": 0, "backpack_2": 0, "item_neutral": 1643, "item_neutral2": 1597, "kills": 26, "deaths": 5, "assists": 19, "leaver_status": 0, "last_hits": 330, "denies": 3, "gold_per_min": 665, "xp_per_min": 1117, "level": 30, "net_worth": 41355, "aghanims_scepter": 0, "aghanims_shard": 1, "moonshard": 0, "hero_damage": 60500, "tower_damage": 8344, "hero_healing": 0, "gold": 11305, "gold_spent": 30945, "ability_upgrades_arr": [1693, 5495, 1693, 5494, 1693, 5497, 5494, 5494, 1693, 6147, 5494, 5495, 5497, 5495, 5495, 6892, 5497, 814, 6893, 821, 921, 892, 6894], "is_subscriber": false, "radiant_win": true, "start_time": 1772846870, "duration": 3917, "cluster": 381, "lobby_type": 0, "game_mode": 22, "is_contributor": false, "patch": 59, "isRadiant": true, "win": 1, "lose": 0, "total_gold": 43413, "total_xp": 72921, "kills_per_min": 0.3982639775338269, "kda": 7.5, "abandons": 0, "benchmarks": {"gold_per_min": {"raw": 665, "pct": 0.8370676528170546}, "xp_per_min": {"raw": 1117, "pct": 0.8818794866217098}, "kills_per_min": {"raw": 0.3982639775338269, "pct": 0.7963889493147706}, "last_hits_per_min": {"raw": 5.0548889456216495, "pct": 0.3778551229062432}, "hero_damage_per_min": {"raw": 926.7296400306357, "pct": 0.8562105721122472}, "hero_healing_per_min": {"raw": 0, "pct": 0.9543180335001088}, "tower_damage": {"raw": 8344, "pct": 0.7254731346530345}}}, {"player_slot": 3, "team_number": 0, "team_slot": 3, "hero_id": 62, "hero_variant": 1, "item_0": 108, "item_1": 156, "item_2": 250, "item_3": 43, "item_4": 232, "item_5": 116, "backpack_0": 252, "backpack_1": 50, "backpack_2": 0, "item_neutral": 1604, "item_neutral2": 1583, "kills": 4, "deaths": 18, "assists": 29, "leaver_status": 0, "last_hits": 171, "denies": 2, "gold_per_min": 535, "xp_per_min": 720, "level": 27, "net_worth": 27624, "aghanims_scepter": 0, "aghanims_shard": 0, "moonshard": 0, "hero_damage": 27715, "tower_damage": 852, "hero_healing": 0, "gold": 1124, "gold_spent": 34140, "ability_upgrades_arr": [5286, 5287, 1314, 5286, 5287, 5288, 1314, 5286, 1314, 5286, 869, 5287, 5288, 1314, 5287, 959, 5288, 6018, 1172, 6009], "is_subscriber": false, "radiant_win": true, "start_time": 1772846870, "duration": 3917, "cluster": 381, "lobby_type": 0, "game_mode": 22, "is_contributor": false, "patch": 59, "isRadiant": true, "win": 1, "lose": 0, "total_gold": 34926, "total_xp": 47004, "kills_per_min": 0.061271381159050294, "kda": 1.74, "abandons": 0, "benchmarks": {"gold_per_min": {"raw": 535, "pct": 0.7854487519915029}, "xp_per_min": {"raw": 720, "pct": 0.7482740308019118}, "kills_per_min": {"raw": 0.0612713811590503, "pct": 0.22411046202867765}, "last_hits_per_min": {"raw": 2.6193515445494, "pct": 0.8406797663303239}, "hero_damage_per_min": {"raw": 424.5340822057697, "pct": 0.6792352628783855}, "hero_healing_per_min": {"raw": 0, "pct": 0.6070100902814658}, "tower_damage": {"raw": 852, "pct": 0.6394052044609665}}}, {"player_slot": 4, "team_number": 0, "team_slot": 4, "hero_id": 47, "hero_variant": 2, "item_0": 90, "item_1": 127, "item_2": 0, "item_3": 231, "item_4": 119, "item_5": 242, "backpack_0": 0, "backpack_1": 0, "backpack_2": 0, "item_neutral": 1721, "item_neutral2": 1586, "kills": 10, "deaths": 14, "assists": 29, "leaver_status": 0, "last_hits": 321, "denies": 1, "gold_per_min": 534, "xp_per_min": 797, "level": 28, "net_worth": 31001, "aghanims_scepter": 1, "aghanims_shard": 0, "moonshard": 0, "hero_damage": 57261, "tower_damage": 3177, "hero_healing": 6028, "gold": 5976, "gold_spent": 27555, "ability_upgrades_arr": [5219, 5220, 5218, 5219, 5218, 5221, 5218, 5220, 5219, 5219, 6820, 5220, 5221, 5220, 5218, 6819, 5221, 6165, 1549, 984], "is_subscriber": false, "radiant_win": true, "start_time": 1772846870, "duration": 3917, "cluster": 381, "lobby_type": 0, "game_mode": 22, "is_contributor": false, "patch": 59, "isRadiant": true, "win": 1, "lose": 0, "total_gold": 34861, "total_xp": 52030, "kills_per_min": 0.15317845289762574, "kda": 2.6, "abandons": 0, "benchmarks": {"gold_per_min": {"raw": 534, "pct": 0.6588836191171106}, "xp_per_min": {"raw": 797, "pct": 0.7030280919372491}, "kills_per_min": {"raw": 0.15317845289762572, "pct": 0.25757022984312294}, "last_hits_per_min": {"raw": 4.917028338013786, "pct": 0.5680408609996351}, "hero_damage_per_min": {"raw": 877.1151391370947, "pct": 0.7227289310470632}, "hero_healing_per_min": {"raw": 92.3359714066888, "pct": 0.9824881430134987}, "tower_damage": {"raw": 3177, "pct": 0.5738781466618023}}}, {"player_slot": 128, "team_number": 1, "team_slot": 0, "hero_id": 31, "hero_variant": 2, "item_0": 232,