{"players": [{"account_id": 66674558, "player_slot": 0, "team_number": 0, "team_slot": 0, "hero_id": 84, "hero_variant": 2, "item_0": 65, "item_1": 40, "item_2": 0, "item_3": 180, "item_4": 36, "item_5": 232, "backpack_0": 0, "backpack_1": 0, "backpack_2": 0, "item_neutral": 1638, "item_neutral2": 1583, "kills": 3, "deaths": 1, "assists": 13, "leaver_status": 0, "last_hits": 45, "denies": 6, "gold_per_min": 381, "xp_per_min": 459, "level": 14, "net_worth": 7560, "aghanims_scepter": 0, "aghanims_shard": 0, "moonshard": 0, "hero_damage": 6887, "tower_damage": 2341, "hero_healing": 0, "gold": 955, "gold_spent": 8485, "ability_upgrades_arr": [5439, 5438, 5439, 5438, 5439, 5441, 5440, 5439, 5438, 5438, 403, 5441, 5440, 5440, 1181], "personaname": "groovinton", "name": null, "last_login": null, "rank_tier": 24, "computed_mmr": 4027.87, "is_subscriber": false, "radiant_win": true, "start_time": 1762132790, "duration": 1461, "cluster": 346, "lobby_type": 0, "game_mode": 22, "is_contributor": false, "patch": 58, "region": 38, "isRadiant": true, "win": 1, "lose": 0, "total_gold": 9277, "total_xp": 11176, "kills_per_min": 0.12320328542094455, "kda": 8, "abandons": 0, "benchmarks": {"gold_per_min": {"raw": 381, "pct": 0.291422805247225}, "xp_per_min": {"raw": 459, "pct": 0.2316851664984864}, "kills_per_min": {"raw": 0.12320328542094457, "pct": 0.5305751765893038}, "last_hits_per_min": {"raw": 1.8480492813141682, "pct": 0.2833501513622603}, "hero_damage_per_min": {"raw": 282.83367556468176, "pct": 0.06135216952573158}, "hero_healing_per_min": {"raw": 0, "pct": 0.6779011099899092}, "tower_damage": {"raw": 2341, "pct": 0.7556004036326942}}}, {"account_id": 172656116, "player_slot": 1, "team_number": 0, "team_slot": 1, "hero_id": 32, "hero_variant": 2, "item_0": 108, "item_1": 174, "item_2": 63, "item_3": 75, "item_4": 170, "item_5": 1122, "backpack_0": 11, "backpack_1": 36, "backpack_2": 0, "item_neutral": 1600, "item_neutral2": 1586, "kills": 13, "deaths": 2, "assists": 14, "leaver_status": 0, "last_hits": 105, "denies": 7, "gold_per_min": 592, "xp_per_min": 721, "level": 18, "net_worth": 14215, "aghanims_scepter": 0, "aghanims_shard": 0, "moonshard": 0, "hero_damage": 22225, "tower_damage": 2314, "hero_healing": 0, "gold": 310, "gold_spent": 14095, "ability_upgrades_arr": [5143, 5145, 5142, 5143, 5143, 5144, 5143, 5145, 5145, 474, 5145, 5144, 5142, 5142, 6193, 5142, 5144], "personaname": "Wyb", "name": null, "last_login": null, "rank_tier": 52, "computed_mmr": 3813.64, "is_subscriber": false, "radiant_win": true, "start_time": 1762132790, "duration": 1461, "cluster": 346, "lobby_type": 0, "game_mode": 22, "is_contributor": false, "patch": 58, "region": 38, "isRadiant": true, "win": 1, "lose": 0, "total_gold": 14415, "total_xp": 17556, "kills_per_min": 0.5338809034907597, "kda": 9, "abandons": 0, "benchmarks": {"gold_per_min": {"raw": 592, "pct": 0.7909284195605953}, "xp_per_min": {"raw": 721, "pct": 0.36853295535081504}, "kills_per_min": {"raw": 0.5338809034907598, "pct": 0.892983699503898}, "last_hits_per_min": {"raw": 4.312114989733059, "pct": 0.6187101346562721}, "hero_damage_per_min": {"raw": 912.7310061601643, "pct": 0.7965981573352232}, "hero_healing_per_min": {"raw": 0, "pct": 0.920623671155209}, "tower_damage": {"raw": 2314, "pct": 0.6640680368532955}}}, {"player_slot": 2, "team_number": 0, "team_slot": 2, "hero_id": 99, "hero_variant": 3, "item_0": 77, "item_1": 63, "item_2": 154, "item_3": 36, "item_4": 127, "item_5": 73, "backpack_0": 0, "backpack_1": 0, "backpack_2": 0, "item_neutral": 565, "item_neutral2": 1583, "kills": 6, "deaths": 3, "assists": 6, "leaver_status": 0, "last_hits": 129, "denies": 3, "gold_per_min": 557, "xp_per_min": 530, "level": 15, "net_worth": 13697, "aghanims_scepter": 0, "aghanims_shard": 0, "moonshard": 0, "hero_damage": 15071, "tower_damage": 13667, "hero_healing": 0, "gold": 4337, "gold_spent": 9500, "ability_upgrades_arr": [5549, 5550, 5549, 5550, 5548, 5551, 5549, 5549, 5550, 5550, 6016, 5551, 5548, 5548], "is_subscriber": false, "radiant_win": true, "start_time": 1762132790, "duration": 1461, "cluster": 346, "lobby_type": 0, "game_mode": 22, "is_contributor": false, "patch": 58, "region": 38, "isRadiant": true, "win": 1, "lose": 0, "total_gold": 13562, "total_xp": 12905, "kills_per_min": 0.2464065708418891, "kda": 3, "abandons": 0, "benchmarks": {"gold_per_min": {"raw": 557, "pct": 0.6897717666948436}, "xp_per_min": {"raw": 530, "pct": 0.2519019442096365}, "kills_per_min": {"raw": 0.24640657084188913, "pct": 0.7210481825866442}, "last_hits_per_min": {"raw": 5.297741273100616, "pct": 0.49366018596787825}, "hero_damage_per_min": {"raw": 618.9322381930184, "pct": 0.2907861369399831}, "hero_healing_per_min": {"raw": 0, "pct": 0.8825021132713441}, "tower_damage": {"raw": 13667, "pct": 0.9725274725274725}}}, {"player_slot": 3, "team_number": 0, "team_slot": 3, "hero_id": 26, "hero_variant": 2, "item_0": 77, "item_1": 48, "item_2": 41, "item_3": 1, "item_4": 60, "item_5": 36, "backpack_0": 0, "backpack_1": 0, "backpack_2": 0, "item_neutral": 1639, "item_neutral2": 1577, "kills": 11, "deaths": 6, "assists": 13, "leaver_status": 0, "last_hits": 67, "denies": 13, "gold_per_min": 497, "xp_per_min": 627, "level": 16, "net_worth": 10329, "aghanims_scepter": 0, "aghanims_shard": 0, "moonshard": 0, "hero_damage": 14669, "tower_damage": 2833, "hero_healing": 106, "gold": 2749, "gold_spent": 8085, "ability_upgrades_arr": [5044, 5046, 5044, 5045, 5044, 5047, 5044, 5046, 5046, 5918, 5045, 5047, 5045, 5045, 401, 5046], "is_subscriber": false, "radiant_win": true, "start_time": 1762132790, "duration": 1461, "cluster": 346, "lobby_type": 0, "game_mode": 22, "is_contributor": false, "patch": 58, "region": 38, "isRadiant": true, "win": 1, "lose": 0, "total_gold": 12101, "total_xp": 15267, "kills_per_min": 0.4517453798767967, "kda": 3.43, "abandons": 0, "benchmarks": {"gold_per_min": {"raw": 497, "pct": 0.9319690265486725}, "xp_per_min": {"raw": 627, "pct": 0.6494745575221239}, "kills_per_min": {"raw": 0.4517453798767967, "pct": 0.9715154867256637}, "last_hits_per_min": {"raw": 2.751540041067762, "pct": 0.8803926991150443}, "hero_damage_per_min": {"raw": 602.4229979466119, "pct": 0.9027931415929203}, "hero_healing_per_min": {"raw": 4.353182751540041, "pct": 0.9004424778761062}, "tower_damage": {"raw": 2833, "pct": 0.9178650442477876}}}, {"account_id": 102600042, "player_slot": 4, "team_number": 0, "team_slot": 4, "hero_id": 7, "hero_variant": 3, "item_0": 1, "item_1": 88, "item_2": 214, "item_3": 277, "item_4": 44, "item_5": 0, "backpack_0": 0, "backpack_1": 0, "backpack_2": 0, "item_neutral": 71, "item_neutral2": 1585, "kills": 6, "deaths": 2, "assists": 4, "leaver_status": 0, "last_hits": 87, "denies": 1, "gold_per_min": 435, "xp_per_min": 494, "level": 14, "net_worth": 10974, "aghanims_scepter": 0, "aghanims_shard": 0, "moonshard": 0, "hero_damage": 6799, "tower_damage": 2544, "hero_healing": 0, "gold": 3139, "gold_spent": 8045, "ability_upgrades_arr": [5023, 5024, 5025, 5023, 5024, 5026, 5023, 5024, 5025, 5023, 5024, 5026, 5025, 5025], "personaname": "Cxhamp", "name": null, "last_login": null, "rank_tier": null, "computed_mmr": null, "is_subscriber": false, "radiant_win": true, "start_time": 1762132790, "duration": 1461, "cluster": 346, "lobby_type": 0, "game_mode": 22, "is_contributor": false, "patch": 58, "region": 38, "isRadiant": true, "win": 1, "lose": 0, "total_gold": 10592, "total_xp": 12028, "kills_per_min": 0.2464065708418891, "kda": 3.33, "abandons": 0, "benchmarks": {"gold_per_min": {"raw": 435, "pct": 0.4791726515369147}, "xp_per_min": {"raw": 494, "pct": 0.23556449296179258}, "kills_per_min": {"raw": 0.24640657084188913, "pct": 0.7535191037058316}, "last_hits_per_min": {"raw": 3.572895277207392, "pct": 0.43091065785693766}, "hero_damage_per_min": {"raw": 279.2197125256674, "pct": 0.05688020683711577}, "hero_healing_per_min": {"raw": 0, "pct": 0.8465958058029301}, "tower_damage": {"raw": 2544,