{"players": [{"account_id": 177937298, "player_slot": 0, "team_number": 0, "team_slot": 0, "hero_id": 105, "hero_variant": 2, "item_0": 96, "item_1": 180, "item_2": 232, "item_3": 37, "item_4": 40, "item_5": 36, "backpack_0": 0, "backpack_1": 0, "backpack_2": 0, "item_neutral": 1158, "item_neutral2": 1593, "kills": 8, "deaths": 9, "assists": 30, "leaver_status": 0, "last_hits": 86, "denies": 3, "gold_per_min": 417, "xp_per_min": 485, "level": 18, "net_worth": 13681, "aghanims_scepter": 0, "aghanims_shard": 0, "moonshard": 0, "hero_damage": 34121, "tower_damage": 2106, "hero_healing": 600, "gold": 1766, "gold_spent": 14760, "ability_upgrades_arr": [5601, 879, 5601, 886, 5601, 5599, 5601, 879, 879, 6997, 879, 886, 5599, 886, 886, 6282, 5599], "personaname": "ιlιlιl[►]ιllιlι", "name": null, "last_login": "2022-04-24T00:16:25.806Z", "rank_tier": 42, "computed_mmr": 4152.33, "is_subscriber": false, "radiant_win": true, "start_time": 1768668614, "duration": 2390, "cluster": 273, "lobby_type": 7, "game_mode": 22, "is_contributor": false, "patch": 59, "region": 3, "isRadiant": true, "win": 1, "lose": 0, "total_gold": 16610, "total_xp": 19319, "kills_per_min": 0.200836820083682, "kda": 3.8, "abandons": 0, "benchmarks": {"gold_per_min": {"raw": 417, "pct": 0.5347413529231712}, "xp_per_min": {"raw": 485, "pct": 0.3143556779920416}, "kills_per_min": {"raw": 0.200836820083682, "pct": 0.6262626262626263}, "last_hits_per_min": {"raw": 2.1589958158995817, "pct": 0.3351698806244261}, "hero_damage_per_min": {"raw": 856.5941422594142, "pct": 0.6179981634527089}, "hero_healing_per_min": {"raw": 15.06276150627615, "pct": 0.9611264156718702}, "tower_damage": {"raw": 2106, "pct": 0.7636975818794001}}}, {"account_id": 308313679, "player_slot": 1, "team_number": 0, "team_slot": 1, "hero_id": 23, "hero_variant": 2, "item_0": 116, "item_1": 1808, "item_2": 50, "item_3": 204, "item_4": 127, "item_5": 73, "backpack_0": 41, "backpack_1": 73, "backpack_2": 0, "item_neutral": 1603, "item_neutral2": 1595, "kills": 14, "deaths": 5, "assists": 20, "leaver_status": 0, "last_hits": 348, "denies": 9, "gold_per_min": 737, "xp_per_min": 1136, "level": 27, "net_worth": 27662, "aghanims_scepter": 0, "aghanims_shard": 1, "moonshard": 0, "hero_damage": 39217, "tower_damage": 4119, "hero_healing": 0, "gold": 1727, "gold_spent": 27325, "ability_upgrades_arr": [5032, 5031, 5032, 5033, 5032, 5035, 5032, 5031, 5031, 5031, 1015, 5033, 5035, 5033, 5033, 6385, 5035, 1175, 6667], "personaname": "Shinja", "name": null, "last_login": null, "rank_tier": 51, "computed_mmr": 4168.38, "is_subscriber": false, "radiant_win": true, "start_time": 1768668614, "duration": 2390, "cluster": 273, "lobby_type": 7, "game_mode": 22, "is_contributor": false, "patch": 59, "region": 3, "isRadiant": true, "win": 1, "lose": 0, "total_gold": 29357, "total_xp": 45250, "kills_per_min": 0.3514644351464435, "kda": 5.67, "abandons": 0, "benchmarks": {"gold_per_min": {"raw": 737, "pct": 0.9583941605839416}, "xp_per_min": {"raw": 1136, "pct": 0.9678832116788321}, "kills_per_min": {"raw": 0.35146443514644354, "pct": 0.9240875912408759}, "last_hits_per_min": {"raw": 8.736401673640168, "pct": 0.9116788321167884}, "hero_damage_per_min": {"raw": 984.5271966527197, "pct": 0.891970802919708}, "hero_healing_per_min": {"raw": 0, "pct": 0.8737226277372263}, "tower_damage": {"raw": 4119, "pct": 0.8474452554744526}}}, {"player_slot": 2, "team_number": 0, "team_slot": 2, "hero_id": 1, "hero_variant": 2, "item_0": 145, "item_1": 147, "item_2": 135, "item_3": 143, "item_4": 139, "item_5": 63, "backpack_0": 0, "backpack_1": 0, "backpack_2": 0, "item_neutral": 1605, "item_neutral2": 1584, "kills": 21, "deaths": 5, "assists": 16, "leaver_status": 0, "last_hits": 281, "denies": 3, "gold_per_min": 691, "xp_per_min": 1217, "level": 27, "net_worth": 26027, "aghanims_scepter": 0, "aghanims_shard": 0, "moonshard": 0, "hero_damage": 40586, "tower_damage": 9059, "hero_healing": 0, "gold": 2952, "gold_spent": 24330, "ability_upgrades_arr": [5004, 5003, 5003, 7314, 5003, 5006, 5003, 5004, 5004, 966, 5004, 7314, 5006, 7314, 7314, 666, 5006, 665, 6353, 1495], "is_subscriber": false, "radiant_win": true, "start_time": 1768668614, "duration": 2390, "cluster": 273, "lobby_type": 7, "game_mode": 22, "is_contributor": false, "patch": 59, "region": 3, "isRadiant": true, "win": 1, "lose": 0, "total_gold": 27524, "total_xp": 48477, "kills_per_min": 0.5271966527196652, "kda": 6.17, "abandons": 0, "benchmarks": {"gold_per_min": {"raw": 691, "pct": 0.6438953488372093}, "xp_per_min": {"raw": 1217, "pct": 0.8803294573643411}, "kills_per_min": {"raw": 0.5271966527196653, "pct": 0.9670542635658915}, "last_hits_per_min": {"raw": 7.05439330543933, "pct": 0.2969961240310077}, "hero_damage_per_min": {"raw": 1018.8953974895397, "pct": 0.9193313953488372}, "hero_healing_per_min": {"raw": 0, "pct": 0.9510658914728682}, "tower_damage": {"raw": 9059, "pct": 0.6443798449612403}}}, {"account_id": 115165830, "player_slot": 3, "team_number": 0, "team_slot": 3, "hero_id": 111, "hero_variant": 1, "item_0": 180, "item_1": 36, "item_2": 1, "item_3": 218, "item_4": 37, "item_5": 232, "backpack_0": 188, "backpack_1": 175, "backpack_2": 0, "item_neutral": 359, "item_neutral2": 1586, "kills": 5, "deaths": 4, "assists": 48, "leaver_status": 0, "last_hits": 47, "denies": 9, "gold_per_min": 353, "xp_per_min": 732, "level": 23, "net_worth": 12658, "aghanims_scepter": 0, "aghanims_shard": 0, "moonshard": 0, "hero_damage": 22550, "tower_damage": 733, "hero_healing": 28134, "gold": 3773, "gold_spent": 10575, "ability_upgrades_arr": [5639, 5637, 5638, 5639, 5639, 5637, 5637, 5637, 5639, 5640, 6540, 5638, 5640, 5638, 5638, 1182, 5640, 471], "personaname": "CelMaiPizdos", "name": null, "last_login": "2018-02-10T23:31:19.447Z", "rank_tier": 35, "computed_mmr": 3715.53, "is_subscriber": false, "radiant_win": true, "start_time": 1768668614, "duration": 2390, "cluster": 273, "lobby_type": 7, "game_mode": 22, "is_contributor": false, "patch": 59, "region": 3, "isRadiant": true, "win": 1, "lose": 0, "total_gold": 14061, "total_xp": 29158, "kills_per_min": 0.12552301255230125, "kda": 10.6, "abandons": 0, "benchmarks": {"gold_per_min": {"raw": 353, "pct": 0.7067415730337079}, "xp_per_min": {"raw": 732, "pct": 0.8887640449438202}, "kills_per_min": {"raw": 0.12552301255230125, "pct": 0.5797752808988764}, "last_hits_per_min": {"raw": 1.1799163179916319, "pct": 0.5685393258426966}, "hero_damage_per_min": {"raw": 566.1087866108787, "pct": 0.8741573033707866}, "hero_healing_per_min": {"raw": 706.2928870292886, "pct": 0.9157303370786517}, "tower_damage": {"raw": 733, "pct": 0.748314606741573}}}, {"account_id": 419355546, "player_slot": 4, "team_number": 0, "team_slot": 4, "hero_id": 2, "hero_variant": 1, "item_0": 108, "item_1": 1, "item_2": 116, "item_3": 50, "item_4": 127, "item_5": 210, "backpack_0": 0, "backpack_1": 0, "backpack_2": 0, "item_neutral": 565, "item_neutral2": 1585, "kills": 22, "deaths": 7, "assists": 26, "leaver_status": 0, "last_hits": 144, "denies": 5, "gold_per_min": 546, "xp_per_min": 809, "level": 24, "net_worth": 19653, "aghanims_scepter": 0, "aghanims_shard": 1, "moonshard": 0, "hero_damage": 39747, "tower_damage": 2210, "hero_healing": 0, "gold": 1153, "gold_spent": 19755, "ability_upgrades_arr": [5008, 5009, 5008, 5009, 5007, 5010, 5009, 5009, 5007, 1189, 5007, 5007, 5010, 5008, 5008, 974, 5010, 6991], "personaname": "Untiltable Mountain", "name": null, "last_login": "2021-10-13T12:45:32.188Z", "rank_tier": 41, "computed_mmr": 4040.82, "is_subscriber": false, "radiant_win": true, "start_time": 1768668614, "duration": 2390, "cluster": 273, "lobby_type": 7, "game_mode": 22, "is_contributor": false, "patch": 59, "region": 3, "isRadiant": true, "win": 1, "lose": 0, "total_gold": 21749, "total_xp": 32225, "kills_per_min": 0.5523012552301255, "kda": 6, "abandons": 0, "benchmarks": {"gold_per_min": {"raw": 546, "pct": 0.7682999404879984}, "xp_per_min": {"raw": 809, "pct": 0.7325927395358064},