{"players": [{"player_slot": 0, "team_number": 0, "team_slot": 0, "hero_id": 45, "hero_variant": 0, "item_0": 116, "item_1": 180, "item_2": 43, "item_3": 60, "item_4": 232, "item_5": 23, "backpack_0": 21, "backpack_1": 0, "backpack_2": 0, "item_neutral": 1859, "item_neutral2": 1583, "kills": 0, "deaths": 10, "assists": 6, "leaver_status": 0, "last_hits": 133, "denies": 3, "gold_per_min": 309, "xp_per_min": 429, "level": 18, "net_worth": 11712, "aghanims_scepter": 0, "aghanims_shard": 0, "moonshard": 0, "hero_damage": 15740, "tower_damage": 889, "hero_healing": 4586, "gold": 437, "gold_spent": 13920, "ability_upgrades_arr": [5186, 5187, 5188, 5186, 5186, 5189, 5186, 5187, 6448, 5187, 730, 5187, 5189, 5188, 5188, 1191, 730, 5188, 5189], "is_subscriber": false, "radiant_win": false, "start_time": 1775178235, "duration": 2695, "cluster": 251, "lobby_type": 0, "game_mode": 22, "is_contributor": false, "patch": 60, "region": 15, "isRadiant": true, "win": 0, "lose": 1, "total_gold": 13879, "total_xp": 19269, "kda": 0.55, "abandons": 0, "benchmarks": {"gold_per_min": {"raw": 309, "pct": 0.21346153846153845}, "xp_per_min": {"raw": 429, "pct": 0.225}, "kills_per_min": {"raw": 0, "pct": 0.023076923076923078}, "last_hits_per_min": {"raw": 2.961038961038961, "pct": 0.6653846153846154}, "hero_damage_per_min": {"raw": 350.42671614100186, "pct": 0.12307692307692308}, "hero_healing_per_min": {"raw": 102.10018552875695, "pct": 0.6173076923076923}, "tower_damage": {"raw": 889, "pct": 0.225}}}, {"player_slot": 1, "team_number": 0, "team_slot": 1, "hero_id": 74, "hero_variant": 0, "item_0": 29, "item_1": 65, "item_2": 1466, "item_3": 259, "item_4": 108, "item_5": 235, "backpack_0": 0, "backpack_1": 0, "backpack_2": 0, "item_neutral": 1864, "item_neutral2": 1592, "kills": 6, "deaths": 5, "assists": 9, "leaver_status": 0, "last_hits": 244, "denies": 2, "gold_per_min": 530, "xp_per_min": 577, "level": 21, "net_worth": 20210, "aghanims_scepter": 0, "aghanims_shard": 1, "moonshard": 0, "hero_damage": 29106, "tower_damage": 2058, "hero_healing": 0, "gold": 260, "gold_spent": 21635, "ability_upgrades_arr": [5372, 5370, 5372, 5371, 5372, 5370, 5372, 5371, 5372, 5370, 6099, 5372, 5371, 5372, 5371, 5372, 6657, 5371, 5370, 5371, 5370, 5371, 5762, 5371], "is_subscriber": false, "radiant_win": false, "start_time": 1775178235, "duration": 2695, "cluster": 251, "lobby_type": 0, "game_mode": 22, "is_contributor": false, "patch": 60, "region": 15, "isRadiant": true, "win": 0, "lose": 1, "total_gold": 23805, "total_xp": 25916, "kills_per_min": 0.13358070500927643, "kda": 2.5, "abandons": 0, "benchmarks": {"gold_per_min": {"raw": 530, "pct": 0.5972101133391456}, "xp_per_min": {"raw": 577, "pct": 0.3147340889276373}, "kills_per_min": {"raw": 0.13358070500927643, "pct": 0.2750653879686138}, "last_hits_per_min": {"raw": 5.432282003710576, "pct": 0.7358326068003488}, "hero_damage_per_min": {"raw": 648, "pct": 0.4707933740191805}, "hero_healing_per_min": {"raw": 0, "pct": 0.8221447253705318}, "tower_damage": {"raw": 2058, "pct": 0.4075850043591979}}}, {"player_slot": 2, "team_number": 0, "team_slot": 2, "hero_id": 69, "hero_variant": 0, "item_0": 50, "item_1": 127, "item_2": 112, "item_3": 65, "item_4": 1, "item_5": 137, "backpack_0": 0, "backpack_1": 0, "backpack_2": 0, "item_neutral": 1643, "item_neutral2": 1592, "kills": 4, "deaths": 11, "assists": 3, "leaver_status": 0, "last_hits": 194, "denies": 3, "gold_per_min": 467, "xp_per_min": 394, "level": 18, "net_worth": 18444, "aghanims_scepter": 0, "aghanims_shard": 0, "moonshard": 0, "hero_damage": 12574, "tower_damage": 56, "hero_healing": 0, "gold": 319, "gold_spent": 18565, "ability_upgrades_arr": [5340, 5341, 5339, 5339, 5339, 5342, 5339, 5341, 5341, 6369, 5341, 5340, 5342, 5340, 5340, 1676, 5342], "is_subscriber": false, "radiant_win": false, "start_time": 1775178235, "duration": 2695, "cluster": 251, "lobby_type": 0, "game_mode": 22, "is_contributor": false, "patch": 60, "region": 15, "isRadiant": true, "win": 0, "lose": 1, "total_gold": 20976, "total_xp": 17697, "kills_per_min": 0.08905380333951762, "kda": 0.58, "abandons": 0, "benchmarks": {"gold_per_min": {"raw": 467, "pct": 0.31952662721893493}, "xp_per_min": {"raw": 394, "pct": 0.12189349112426036}, "kills_per_min": {"raw": 0.08905380333951762, "pct": 0.2}, "last_hits_per_min": {"raw": 4.319109461966605, "pct": 0.41301775147928993}, "hero_damage_per_min": {"raw": 279.9406307977736, "pct": 0.11952662721893491}, "hero_healing_per_min": {"raw": 0, "pct": 0.9100591715976332}, "tower_damage": {"raw": 56, "pct": 0.263905325443787}}}, {"player_slot": 3, "team_number": 0, "team_slot": 3, "hero_id": 9, "hero_variant": 0, "item_0": 98, "item_1": 100, "item_2": 218, "item_3": 60, "item_4": 180, "item_5": 21, "backpack_0": 16, "backpack_1": 0, "backpack_2": 0, "item_neutral": 1864, "item_neutral2": 1585, "kills": 2, "deaths": 11, "assists": 17, "leaver_status": 0, "last_hits": 85, "denies": 2, "gold_per_min": 272, "xp_per_min": 401, "level": 18, "net_worth": 10622, "aghanims_scepter": 0, "aghanims_shard": 0, "moonshard": 0, "hero_damage": 15877, "tower_damage": 111, "hero_healing": 0, "gold": 942, "gold_spent": 10410, "ability_upgrades_arr": [5048, 5051, 5050, 5051, 5051, 1213, 5051, 5048, 5050, 5050, 6397, 5050, 1213, 5048, 5048, 702, 1213], "is_subscriber": false, "radiant_win": false, "start_time": 1775178235, "duration": 2695, "cluster": 251, "lobby_type": 0, "game_mode": 22, "is_contributor": false, "patch": 60, "region": 15, "isRadiant": true, "win": 0, "lose": 1, "total_gold": 12217, "total_xp": 18011, "kills_per_min": 0.04452690166975881, "kda": 1.58, "abandons": 0, "benchmarks": {"gold_per_min": {"raw": 272, "pct": 0.08175355450236967}, "xp_per_min": {"raw": 401, "pct": 0.14099526066350712}, "kills_per_min": {"raw": 0.04452690166975881, "pct": 0.08293838862559241}, "last_hits_per_min": {"raw": 1.8923933209647497, "pct": 0.22985781990521326}, "hero_damage_per_min": {"raw": 353.4768089053803, "pct": 0.2665876777251185}, "hero_healing_per_min": {"raw": 0, "pct": 0.590047393364929}, "tower_damage": {"raw": 111, "pct": 0.20497630331753555}}}, {"player_slot": 4, "team_number": 0, "team_slot": 4, "hero_id": 63, "hero_variant": 0, "item_0": 1858, "item_1": 96, "item_2": 0, "item_3": 168, "item_4": 26, "item_5": 36, "backpack_0": 0, "backpack_1": 0, "backpack_2": 0, "item_neutral": 1643, "item_neutral2": 1584, "kills": 9, "deaths": 8, "assists": 7, "leaver_status": 0, "last_hits": 211, "denies": 3, "gold_per_min": 447, "xp_per_min": 725, "level": 24, "net_worth": 18087, "aghanims_scepter": 0, "aghanims_shard": 1, "moonshard": 0, "hero_damage": 29993, "tower_damage": 0, "hero_healing": 0, "gold": 627, "gold_spent": 18665, "ability_upgrades_arr": [5290, 5291, 5289, 5291, 5290, 5292, 5290, 5291, 5290, 5291, 1817, 5289, 5292, 5289, 5289, 6200, 5292, 6131], "is_subscriber": false, "radiant_win": false, "start_time": 1775178235, "duration": 2695, "cluster": 251, "lobby_type": 0, "game_mode": 22, "is_contributor": false, "patch": 60, "region": 15, "isRadiant": true, "win": 0, "lose": 1, "total_gold": 20077, "total_xp": 32564, "kills_per_min": 0.20037105751391468, "kda": 1.78, "abandons": 0, "benchmarks": {"gold_per_min": {"raw": 447, "pct": 0.33963815789473684}, "xp_per_min": {"raw": 725, "pct": 0.4761513157894737}, "kills_per_min": {"raw": 0.20037105751391468, "pct": 0.4473684210526316}, "last_hits_per_min": {"raw": 4.6975881261595545, "pct": 0.3807565789473684}, "hero_damage_per_min": {"raw": 667.747680890538, "pct": 0.5764802631578947}, "hero_healing_per_min": {"raw": 0, "pct": 0.8083881578947368}, "tower_damage": {"raw": 0, "pct": 0.10361842105263158}}}, {"account_id": 45421382, "player_slot": 128, "team_number": 1, "team_slot": 0, "hero_id": 17, "hero_variant": 0, "item_0": 123, "item_1": 63, "item_2": 41, "item_3": 250, "item_4": 610, "item_5": 119, "backpack_0": 0, "backpack_1": 0, "backpack_2": 0, "item_neutral": 1720, "item_neutral2": 1583, "kills": 15, "deaths": 4, "assists": 15,