{"players": [{"account_id": 1642857936, "player_slot": 0, "team_number": 0, "team_slot": 0, "hero_id": 73, "hero_variant": 3, "item_0": 214, "item_1": 178, "item_2": 11, "item_3": 188, "item_4": 0, "item_5": 0, "backpack_0": 0, "backpack_1": 0, "backpack_2": 0, "item_neutral": 1605, "item_neutral2": 1584, "kills": 1, "deaths": 6, "assists": 6, "leaver_status": 0, "last_hits": 228, "denies": 0, "gold_per_min": 529, "xp_per_min": 488, "level": 18, "net_worth": 2642, "aghanims_scepter": 0, "aghanims_shard": 0, "moonshard": 0, "hero_damage": 6405, "tower_damage": 0, "hero_healing": 0, "gold": 787, "gold_spent": 18995, "ability_upgrades_arr": [5366, 5365, 5365, 5366, 5365, 5369, 5365, 5366, 5366, 7144, 1116, 1116, 5369, 1116, 1116, 6604, 5369], "personaname": "spider-man", "name": null, "last_login": null, "rank_tier": 54, "computed_mmr": 4581.2, "is_subscriber": false, "radiant_win": false, "start_time": 1768284511, "duration": 2240, "cluster": 184, "lobby_type": 7, "game_mode": 22, "is_contributor": false, "patch": 59, "region": 8, "isRadiant": true, "win": 0, "lose": 1, "total_gold": 19749, "total_xp": 18218, "kills_per_min": 0.026785714285714284, "kda": 1, "abandons": 0, "benchmarks": {"gold_per_min": {"raw": 529, "pct": 0.3186420488385944}, "xp_per_min": {"raw": 488, "pct": 0.2328767123287671}, "kills_per_min": {"raw": 0.026785714285714284, "pct": 0.24597974985110185}, "last_hits_per_min": {"raw": 6.107142857142857, "pct": 0.41453245979749853}, "hero_damage_per_min": {"raw": 171.5625, "pct": 0.25431804645622397}, "hero_healing_per_min": {"raw": 0, "pct": 0.9047051816557474}, "tower_damage": {"raw": 0, "pct": 0.3067301965455628}}}, {"account_id": 1390846578, "player_slot": 1, "team_number": 0, "team_slot": 1, "hero_id": 50, "hero_variant": 2, "item_0": 98, "item_1": 36, "item_2": 77, "item_3": 29, "item_4": 168, "item_5": 149, "backpack_0": 4204, "backpack_1": 0, "backpack_2": 0, "item_neutral": 1605, "item_neutral2": 1583, "kills": 4, "deaths": 16, "assists": 9, "leaver_status": 0, "last_hits": 171, "denies": 3, "gold_per_min": 414, "xp_per_min": 628, "level": 20, "net_worth": 15834, "aghanims_scepter": 1, "aghanims_shard": 0, "moonshard": 0, "hero_damage": 19706, "tower_damage": 130, "hero_healing": 6605, "gold": 1294, "gold_spent": 11065, "ability_upgrades_arr": [5235, 5233, 5233, 5234, 5233, 1550, 5234, 5233, 5235, 5235, 1018, 5235, 1550, 5234, 5234, 6232, 1550, 6528], "personaname": "Amiron", "name": null, "last_login": null, "rank_tier": 42, "computed_mmr": 3893.56, "is_subscriber": false, "radiant_win": false, "start_time": 1768284511, "duration": 2240, "cluster": 184, "lobby_type": 7, "game_mode": 22, "is_contributor": false, "patch": 59, "region": 8, "isRadiant": true, "win": 0, "lose": 1, "total_gold": 15456, "total_xp": 23445, "kills_per_min": 0.10714285714285714, "kda": 0.76, "abandons": 0, "benchmarks": {"gold_per_min": {"raw": 414, "pct": 0.8768886401790711}, "xp_per_min": {"raw": 628, "pct": 0.7078903189703414}, "kills_per_min": {"raw": 0.10714285714285714, "pct": 0.5892557358701734}, "last_hits_per_min": {"raw": 4.580357142857143, "pct": 0.9479574706211528}, "hero_damage_per_min": {"raw": 527.8392857142858, "pct": 0.8919977616116396}, "hero_healing_per_min": {"raw": 176.91964285714286, "pct": 0.30330162283156126}, "tower_damage": {"raw": 130, "pct": 0.2909904868494684}}}, {"player_slot": 2, "team_number": 0, "team_slot": 2, "hero_id": 14, "hero_variant": 1, "item_0": 214, "item_1": 127, "item_2": 279, "item_3": 1, "item_4": 40, "item_5": 43, "backpack_0": 0, "backpack_1": 0, "backpack_2": 0, "item_neutral": 1158, "item_neutral2": 1595, "kills": 4, "deaths": 13, "assists": 7, "leaver_status": 0, "last_hits": 37, "denies": 0, "gold_per_min": 319, "xp_per_min": 516, "level": 18, "net_worth": 13480, "aghanims_scepter": 1, "aghanims_shard": 0, "moonshard": 0, "hero_damage": 15884, "tower_damage": 0, "hero_healing": 0, "gold": 1820, "gold_spent": 8300, "ability_upgrades_arr": [5075, 5076, 5075, 5076, 5075, 5077, 5075, 5076, 5076, 5932, 5074, 5074, 5077, 5074, 5074, 507, 5077], "is_subscriber": false, "radiant_win": false, "start_time": 1768284511, "duration": 2240, "cluster": 184, "lobby_type": 7, "game_mode": 22, "is_contributor": false, "patch": 59, "region": 8, "isRadiant": true, "win": 0, "lose": 1, "total_gold": 11909, "total_xp": 19264, "kills_per_min": 0.10714285714285714, "kda": 0.79, "abandons": 0, "benchmarks": {"gold_per_min": {"raw": 319, "pct": 0.256910981486178}, "xp_per_min": {"raw": 516, "pct": 0.33527770732944456}, "kills_per_min": {"raw": 0.10714285714285714, "pct": 0.26071519147856964}, "last_hits_per_min": {"raw": 0.9910714285714286, "pct": 0.11653563276692873}, "hero_damage_per_min": {"raw": 425.4642857142857, "pct": 0.35632766928734466}, "hero_healing_per_min": {"raw": 0, "pct": 0.798630484402739}, "tower_damage": {"raw": 0, "pct": 0.25868627948262746}}}, {"account_id": 89026444, "player_slot": 3, "team_number": 0, "team_slot": 3, "hero_id": 81, "hero_variant": 4, "item_0": 147, "item_1": 252, "item_2": 36, "item_3": 143, "item_4": 0, "item_5": 63, "backpack_0": 0, "backpack_1": 0, "backpack_2": 0, "item_neutral": 1598, "item_neutral2": 1586, "kills": 6, "deaths": 10, "assists": 4, "leaver_status": 0, "last_hits": 184, "denies": 2, "gold_per_min": 438, "xp_per_min": 638, "level": 21, "net_worth": 18668, "aghanims_scepter": 1, "aghanims_shard": 1, "moonshard": 0, "hero_damage": 16013, "tower_damage": 0, "hero_healing": 0, "gold": 983, "gold_spent": 14305, "ability_upgrades_arr": [5426, 5427, 5426, 5428, 5426, 5429, 5426, 5428, 5428, 5428, 871, 5427, 5429, 5427, 5427, 6137, 5429, 6133], "personaname": "Durotan", "name": null, "last_login": null, "rank_tier": 41, "computed_mmr": 3927.53, "is_subscriber": false, "radiant_win": false, "start_time": 1768284511, "duration": 2240, "cluster": 184, "lobby_type": 7, "game_mode": 22, "is_contributor": false, "patch": 59, "region": 8, "isRadiant": true, "win": 0, "lose": 1, "total_gold": 16352, "total_xp": 23818, "kills_per_min": 0.1607142857142857, "kda": 0.91, "abandons": 0, "benchmarks": {"gold_per_min": {"raw": 438, "pct": 0.3598178137651822}, "xp_per_min": {"raw": 638, "pct": 0.41143724696356276}, "kills_per_min": {"raw": 0.16071428571428573, "pct": 0.3314777327935223}, "last_hits_per_min": {"raw": 4.928571428571429, "pct": 0.5328947368421053}, "hero_damage_per_min": {"raw": 428.9196428571429, "pct": 0.27631578947368424}, "hero_healing_per_min": {"raw": 0, "pct": 0.9610323886639676}, "tower_damage": {"raw": 0, "pct": 0.13309716599190283}}}, {"player_slot": 4, "team_number": 0, "team_slot": 4, "hero_id": 94, "hero_variant": 3, "item_0": 77, "item_1": 63, "item_2": 36, "item_3": 139, "item_4": 218, "item_5": 147, "backpack_0": 0, "backpack_1": 16, "backpack_2": 0, "item_neutral": 1605, "item_neutral2": 1584, "kills": 3, "deaths": 9, "assists": 7, "leaver_status": 0, "last_hits": 275, "denies": 2, "gold_per_min": 457, "xp_per_min": 658, "level": 21, "net_worth": 17411, "aghanims_scepter": 1, "aghanims_shard": 0, "moonshard": 0, "hero_damage": 18709, "tower_damage": 58, "hero_healing": 0, "gold": 641, "gold_spent": 12735, "ability_upgrades_arr": [5505, 1475, 5505, 5504, 5505, 5504, 5505, 5504, 5504, 1345, 5507, 1475, 5507, 1475, 1475, 6392, 5507, 6687], "is_subscriber": false, "radiant_win": false, "start_time": 1768284511, "duration": 2240, "cluster": 184, "lobby_type": 7, "game_mode": 22, "is_contributor": false, "patch": 59, "region": 8, "isRadiant": true, "win": 0, "lose": 1, "total_gold": 17061, "total_xp": 24565, "kills_per_min": 0.08035714285714285, "kda": 1, "abandons": 0, "benchmarks": {"gold_per_min": {"raw": 457, "pct": 0.2179144385026738}, "xp_per_min": {"raw": 658, "pct": 0.31016042780748665}, "kills_per_min": {"raw": 0.08035714285714286, "pct": 0.3195187165775401}, "last_hits_per_min": {"raw": 7.366071428571428, "pct": 0.27807486631016043}, "hero_damage_per_min": {"raw": 501.1339285714285, "pct": 0.3549465240641711}, "hero_healing_per_min": {"raw": 0,