{"players": [{"account_id": 179132604, "player_slot": 0, "team_number": 0, "team_slot": 0, "hero_id": 32, "hero_variant": 1, "item_0": 225, "item_1": 1097, "item_2": 1466, "item_3": 143, "item_4": 63, "item_5": 569, "backpack_0": 0, "backpack_1": 0, "backpack_2": 0, "item_neutral": 1642, "item_neutral2": 1589, "kills": 7, "deaths": 15, "assists": 30, "leaver_status": 0, "last_hits": 218, "denies": 3, "gold_per_min": 455, "xp_per_min": 924, "level": 29, "net_worth": 23160, "aghanims_scepter": 0, "aghanims_shard": 1, "moonshard": 0, "hero_damage": 25915, "tower_damage": 1326, "hero_healing": 0, "gold": 1310, "gold_spent": 23940, "ability_upgrades_arr": [5143, 5145, 5143, 5142, 5143, 5144, 5143, 5142, 5142, 474, 5142, 5144, 5145, 5145, 5145, 6865, 5144, 6330, 6867, 782, 6193, 795], "personaname": "MissingNo", "name": null, "last_login": "2023-04-05T19:01:47.956Z", "rank_tier": 44, "computed_mmr": 3932.52, "is_subscriber": false, "radiant_win": false, "start_time": 1753048061, "duration": 3953, "cluster": 241, "lobby_type": 0, "game_mode": 22, "is_contributor": false, "patch": 58, "region": 14, "isRadiant": true, "win": 0, "lose": 1, "total_gold": 29976, "total_xp": 60876, "kills_per_min": 0.10624841892233745, "kda": 2.31, "abandons": 0, "benchmarks": {"gold_per_min": {"raw": 455, "pct": 0.4464871963230466}, "xp_per_min": {"raw": 924, "pct": 0.6126066973079448}, "kills_per_min": {"raw": 0.10624841892233747, "pct": 0.1490479317137229}, "last_hits_per_min": {"raw": 3.3088793321527956, "pct": 0.40315167432698623}, "hero_damage_per_min": {"raw": 393.34682519605366, "pct": 0.21667760998030203}, "hero_healing_per_min": {"raw": 0, "pct": 0.9061063690085358}, "tower_damage": {"raw": 1326, "pct": 0.5535128036769534}}}, {"account_id": 1135380635, "player_slot": 1, "team_number": 0, "team_slot": 1, "hero_id": 97, "hero_variant": 3, "item_0": 96, "item_1": 110, "item_2": 102, "item_3": 63, "item_4": 1, "item_5": 235, "backpack_0": 4205, "backpack_1": 0, "backpack_2": 0, "item_neutral": 377, "item_neutral2": 1590, "kills": 11, "deaths": 16, "assists": 27, "leaver_status": 1, "last_hits": 361, "denies": 6, "gold_per_min": 549, "xp_per_min": 949, "level": 29, "net_worth": 24417, "aghanims_scepter": 0, "aghanims_shard": 0, "moonshard": 0, "hero_damage": 36817, "tower_damage": 436, "hero_healing": 0, "gold": 3467, "gold_spent": 26590, "ability_upgrades_arr": [5519, 5518, 5520, 5519, 5518, 5521, 5518, 5518, 5519, 5519, 7132, 5521, 5520, 5520, 5520, 1037, 5521, 6199, 6390, 525, 712, 1562], "personaname": "b1t", "name": null, "last_login": null, "rank_tier": 63, "computed_mmr": 3923.23, "is_subscriber": false, "radiant_win": false, "start_time": 1753048061, "duration": 3953, "cluster": 241, "lobby_type": 0, "game_mode": 22, "is_contributor": false, "patch": 58, "region": 14, "isRadiant": true, "win": 0, "lose": 1, "total_gold": 36169, "total_xp": 62523, "kills_per_min": 0.16696180116367315, "kda": 2.24, "abandons": 0, "benchmarks": {"gold_per_min": {"raw": 549, "pct": 0.8654424040066778}, "xp_per_min": {"raw": 949, "pct": 0.917195325542571}, "kills_per_min": {"raw": 0.16696180116367315, "pct": 0.6437395659432388}, "last_hits_per_min": {"raw": 5.479382747280546, "pct": 0.7876460767946578}, "hero_damage_per_min": {"raw": 558.8211484948141, "pct": 0.7502504173622705}, "hero_healing_per_min": {"raw": 0, "pct": 0.8043405676126878}, "tower_damage": {"raw": 436, "pct": 0.5045075125208681}}}, {"account_id": 65137360, "player_slot": 2, "team_number": 0, "team_slot": 2, "hero_id": 45, "hero_variant": 2, "item_0": 256, "item_1": 218, "item_2": 232, "item_3": 231, "item_4": 96, "item_5": 40, "backpack_0": 1575, "backpack_1": 38, "backpack_2": 36, "item_neutral": 1641, "item_neutral2": 1592, "kills": 6, "deaths": 13, "assists": 25, "leaver_status": 0, "last_hits": 83, "denies": 5, "gold_per_min": 404, "xp_per_min": 565, "level": 25, "net_worth": 21189, "aghanims_scepter": 0, "aghanims_shard": 0, "moonshard": 0, "hero_damage": 47796, "tower_damage": 3642, "hero_healing": 11084, "gold": 4484, "gold_spent": 19825, "ability_upgrades_arr": [5186, 5188, 5186, 5187, 5186, 5189, 5186, 5188, 5187, 5187, 5187, 5189, 5188, 5188, 6859, 6195, 5189, 6220, 6403], "personaname": "PatoDeGoma", "name": null, "last_login": "2021-02-10T20:32:57.535Z", "rank_tier": 45, "computed_mmr": null, "is_subscriber": false, "radiant_win": false, "start_time": 1753048061, "duration": 3953, "cluster": 241, "lobby_type": 0, "game_mode": 22, "is_contributor": false, "patch": 58, "region": 14, "isRadiant": true, "win": 0, "lose": 1, "total_gold": 26616, "total_xp": 37224, "kills_per_min": 0.09107007336200353, "kda": 2.21, "abandons": 0, "benchmarks": {"gold_per_min": {"raw": 404, "pct": 0.6335250616269515}, "xp_per_min": {"raw": 565, "pct": 0.5324568611339359}, "kills_per_min": {"raw": 0.09107007336200354, "pct": 0.31388660640920296}, "last_hits_per_min": {"raw": 1.2598026815077157, "pct": 0.1684470008216927}, "hero_damage_per_min": {"raw": 725.4642044017202, "pct": 0.657354149548069}, "hero_healing_per_min": {"raw": 168.2367821907412, "pct": 0.7460969597370584}, "tower_damage": {"raw": 3642, "pct": 0.5447822514379622}}}, {"account_id": 45421382, "player_slot": 3, "team_number": 0, "team_slot": 3, "hero_id": 104, "hero_variant": 1, "item_0": 48, "item_1": 168, "item_2": 127, "item_3": 249, "item_4": 600, "item_5": 116, "backpack_0": 4206, "backpack_1": 0, "backpack_2": 0, "item_neutral": 292, "item_neutral2": 1590, "kills": 20, "deaths": 13, "assists": 14, "leaver_status": 0, "last_hits": 335, "denies": 12, "gold_per_min": 623, "xp_per_min": 1126, "level": 30, "net_worth": 28857, "aghanims_scepter": 0, "aghanims_shard": 1, "moonshard": 0, "hero_damage": 91669, "tower_damage": 4187, "hero_healing": 2400, "gold": 2507, "gold_spent": 33580, "ability_upgrades_arr": [5595, 5597, 5595, 5597, 5596, 5598, 5595, 5595, 5597, 1176, 5596, 5598, 5596, 5596, 6671, 5597, 5598, 6526, 880, 1113, 463, 7395, 925], "personaname": "La Chaucha", "name": null, "last_login": "2026-03-03T14:36:01.200Z", "rank_tier": 42, "computed_mmr": 4031.51, "is_subscriber": false, "radiant_win": false, "start_time": 1753048061, "duration": 3953, "cluster": 241, "lobby_type": 0, "game_mode": 22, "is_contributor": false, "patch": 58, "region": 14, "isRadiant": true, "win": 0, "lose": 1, "total_gold": 41045, "total_xp": 74184, "kills_per_min": 0.30356691120667845, "kda": 2.43, "abandons": 0, "benchmarks": {"gold_per_min": {"raw": 623, "pct": 0.8852562087393901}, "xp_per_min": {"raw": 1126, "pct": 0.9489154353976736}, "kills_per_min": {"raw": 0.30356691120667845, "pct": 0.6977365608299277}, "last_hits_per_min": {"raw": 5.084745762711864, "pct": 0.6337629676202452}, "hero_damage_per_min": {"raw": 1391.3837591702504, "pct": 0.9850675888085507}, "hero_healing_per_min": {"raw": 36.428029344801416, "pct": 0.5246777742848161}, "tower_damage": {"raw": 4187, "pct": 0.6534108770826784}}}, {"player_slot": 4, "team_number": 0, "team_slot": 4, "hero_id": 35, "hero_variant": 1, "item_0": 116, "item_1": 156, "item_2": 911, "item_3": 603, "item_4": 158, "item_5": 29, "backpack_0": 0, "backpack_1": 0, "backpack_2": 0, "item_neutral": 327, "item_neutral2": 1596, "kills": 9, "deaths": 16, "assists": 28, "leaver_status": 0, "last_hits": 432, "denies": 12, "gold_per_min": 606, "xp_per_min": 791, "level": 28, "net_worth": 33507, "aghanims_scepter": 1, "aghanims_shard": 1, "moonshard": 0, "hero_damage": 53310, "tower_damage": 4485, "hero_healing": 0, "gold": 1107, "gold_spent": 35435, "ability_upgrades_arr": [5154, 5155, 5156, 5154, 5154, 5157, 5156, 5154, 5156, 928, 5156, 5157, 5155, 5155, 7892, 5155, 5157, 6897, 6896, 7396, 6305], "is_subscriber": false, "radiant_win": false, "start_time": 1753048061, "duration": 3953, "cluster": 241, "lobby_type": 0, "game_mode": 22, "is_contributor": false, "patch": 58, "region": 14, "isRadiant": true, "win": 0, "lose": 1, "total_gold": 39925, "total_xp": 52113, "kills_per_min": 0.1366051100430053, "kda": 2.18, "abandons": 0,