{"players": [{"player_slot": 0, "team_number": 0, "team_slot": 0, "hero_id": 135, "hero_variant": 3, "item_0": 939, "item_1": 210, "item_2": 108, "item_3": 168, "item_4": 63, "item_5": 226, "backpack_0": 0, "backpack_1": 0, "backpack_2": 0, "item_neutral": 1643, "item_neutral2": 1597, "kills": 14, "deaths": 8, "assists": 19, "leaver_status": 0, "last_hits": 331, "denies": 8, "gold_per_min": 709, "xp_per_min": 926, "level": 25, "net_worth": 27687, "aghanims_scepter": 0, "aghanims_shard": 0, "moonshard": 0, "hero_damage": 32648, "tower_damage": 9357, "hero_healing": 8093, "gold": 537, "gold_spent": 28735, "ability_upgrades_arr": [7902, 7918, 7902, 7914, 7918, 7906, 7918, 7902, 7902, 7918, 6159, 7906, 7914, 7914, 7914, 7937, 7906, 7940, 7931], "is_subscriber": false, "radiant_win": true, "start_time": 1765591733, "duration": 2473, "cluster": 251, "lobby_type": 0, "game_mode": 22, "is_contributor": false, "patch": 58, "region": 15, "isRadiant": true, "win": 1, "lose": 0, "total_gold": 29222, "total_xp": 38166, "kills_per_min": 0.3396684189243833, "kda": 3.67, "abandons": 0, "benchmarks": {"gold_per_min": {"raw": 709, "pct": 0.9717114568599717}, "xp_per_min": {"raw": 926, "pct": 0.8698727015558698}, "kills_per_min": {"raw": 0.3396684189243833, "pct": 0.8656294200848657}, "last_hits_per_min": {"raw": 8.030731904569349, "pct": 0.9016973125884017}, "hero_damage_per_min": {"raw": 792.106752931662, "pct": 0.78995756718529}, "hero_healing_per_min": {"raw": 196.35260816821673, "pct": 0.7878359264497878}, "tower_damage": {"raw": 9357, "pct": 0.9872701555869873}}}, {"account_id": 281366464, "player_slot": 1, "team_number": 0, "team_slot": 1, "hero_id": 26, "hero_variant": 1, "item_0": 214, "item_1": 77, "item_2": 36, "item_3": 1123, "item_4": 108, "item_5": 1, "backpack_0": 0, "backpack_1": 0, "backpack_2": 0, "item_neutral": 1604, "item_neutral2": 1595, "kills": 5, "deaths": 10, "assists": 22, "leaver_status": 0, "last_hits": 26, "denies": 4, "gold_per_min": 318, "xp_per_min": 434, "level": 18, "net_worth": 10416, "aghanims_scepter": 0, "aghanims_shard": 0, "moonshard": 0, "hero_damage": 13414, "tower_damage": 530, "hero_healing": 0, "gold": 1961, "gold_spent": 9965, "ability_upgrades_arr": [5044, 5046, 5044, 5045, 5044, 5047, 5046, 5044, 5046, 5046, 5045, 5047, 5045, 5045, 5918, 781, 5047], "personaname": "Vasili Zaitsev", "name": null, "last_login": null, "rank_tier": 45, "computed_mmr": 4032.97, "is_subscriber": false, "radiant_win": true, "start_time": 1765591733, "duration": 2473, "cluster": 251, "lobby_type": 0, "game_mode": 22, "is_contributor": false, "patch": 58, "region": 15, "isRadiant": true, "win": 1, "lose": 0, "total_gold": 13106, "total_xp": 17888, "kills_per_min": 0.12131014961585118, "kda": 2.45, "abandons": 0, "benchmarks": {"gold_per_min": {"raw": 318, "pct": 0.4287887168141593}, "xp_per_min": {"raw": 434, "pct": 0.26023230088495575}, "kills_per_min": {"raw": 0.1213101496158512, "pct": 0.4416482300884956}, "last_hits_per_min": {"raw": 0.6308127780024262, "pct": 0.15376106194690264}, "hero_damage_per_min": {"raw": 325.45086938940557, "pct": 0.5136891592920354}, "hero_healing_per_min": {"raw": 0, "pct": 0.7679756637168141}, "tower_damage": {"raw": 530, "pct": 0.6324668141592921}}}, {"account_id": 65137360, "player_slot": 2, "team_number": 0, "team_slot": 2, "hero_id": 39, "hero_variant": 2, "item_0": 180, "item_1": 43, "item_2": 38, "item_3": 40, "item_4": 100, "item_5": 226, "backpack_0": 36, "backpack_1": 0, "backpack_2": 0, "item_neutral": 675, "item_neutral2": 1595, "kills": 2, "deaths": 9, "assists": 24, "leaver_status": 0, "last_hits": 51, "denies": 9, "gold_per_min": 348, "xp_per_min": 587, "level": 21, "net_worth": 13041, "aghanims_scepter": 0, "aghanims_shard": 1, "moonshard": 0, "hero_damage": 17468, "tower_damage": 2078, "hero_healing": 0, "gold": 2931, "gold_spent": 11330, "ability_upgrades_arr": [5173, 5174, 5175, 5175, 5175, 5176, 5174, 5175, 5173, 5174, 5173, 5176, 5173, 5174, 6115, 629, 5176, 590], "personaname": "PatoDeGoma", "name": null, "last_login": "2021-02-10T20:32:57.535Z", "rank_tier": 45, "computed_mmr": null, "is_subscriber": false, "radiant_win": true, "start_time": 1765591733, "duration": 2473, "cluster": 251, "lobby_type": 0, "game_mode": 22, "is_contributor": false, "patch": 58, "region": 15, "isRadiant": true, "win": 1, "lose": 0, "total_gold": 14343, "total_xp": 24194, "kills_per_min": 0.04852405984634048, "kda": 2.6, "abandons": 0, "benchmarks": {"gold_per_min": {"raw": 348, "pct": 0.1113375796178344}, "xp_per_min": {"raw": 587, "pct": 0.2445859872611465}, "kills_per_min": {"raw": 0.04852405984634047, "pct": 0.0310828025477707}, "last_hits_per_min": {"raw": 1.2373635260816822, "pct": 0.025477707006369428}, "hero_damage_per_min": {"raw": 423.8091386979377, "pct": 0.08535031847133757}, "hero_healing_per_min": {"raw": 0, "pct": 0.8264968152866242}, "tower_damage": {"raw": 2078, "pct": 0.5592356687898089}}}, {"player_slot": 3, "team_number": 0, "team_slot": 3, "hero_id": 21, "hero_variant": 5, "item_0": 117, "item_1": 123, "item_2": 174, "item_3": 50, "item_4": 1, "item_5": 141, "backpack_0": 4204, "backpack_1": 40, "backpack_2": 4205, "item_neutral": 1599, "item_neutral2": 1585, "kills": 18, "deaths": 1, "assists": 11, "leaver_status": 0, "last_hits": 151, "denies": 8, "gold_per_min": 576, "xp_per_min": 934, "level": 26, "net_worth": 21742, "aghanims_scepter": 0, "aghanims_shard": 0, "moonshard": 0, "hero_damage": 32488, "tower_damage": 3300, "hero_healing": 0, "gold": 1212, "gold_spent": 23945, "ability_upgrades_arr": [5131, 5132, 5131, 5132, 5132, 5133, 5131, 5132, 5131, 5130, 5133, 5130, 5130, 5130, 5920, 6992, 5133, 7889, 6413], "is_subscriber": false, "radiant_win": true, "start_time": 1765591733, "duration": 2473, "cluster": 251, "lobby_type": 0, "game_mode": 22, "is_contributor": false, "patch": 58, "region": 15, "isRadiant": true, "win": 1, "lose": 0, "total_gold": 23740, "total_xp": 38496, "kills_per_min": 0.4367165386170643, "kda": 14.5, "abandons": 0, "benchmarks": {"gold_per_min": {"raw": 576, "pct": 0.8390188892021426}, "xp_per_min": {"raw": 934, "pct": 0.8810262193402876}, "kills_per_min": {"raw": 0.43671653861706433, "pct": 0.9481251762052438}, "last_hits_per_min": {"raw": 3.663566518398706, "pct": 0.47984212010149424}, "hero_damage_per_min": {"raw": 788.2248281439547, "pct": 0.8466309557372428}, "hero_healing_per_min": {"raw": 0, "pct": 0.8449393853961094}, "tower_damage": {"raw": 3300, "pct": 0.6303918804623626}}}, {"account_id": 37467834, "player_slot": 4, "team_number": 0, "team_slot": 4, "hero_id": 54, "hero_variant": 5, "item_0": 168, "item_1": 208, "item_2": 50, "item_3": 36, "item_4": 73, "item_5": 252, "backpack_0": 0, "backpack_1": 0, "backpack_2": 0, "item_neutral": 828, "item_neutral2": 1586, "kills": 4, "deaths": 3, "assists": 12, "leaver_status": 0, "last_hits": 168, "denies": 9, "gold_per_min": 444, "xp_per_min": 690, "level": 22, "net_worth": 16480, "aghanims_scepter": 0, "aghanims_shard": 0, "moonshard": 0, "hero_damage": 7414, "tower_damage": 6811, "hero_healing": 1193, "gold": 1375, "gold_spent": 19470, "ability_upgrades_arr": [631, 5251, 5249, 631, 631, 5252, 631, 5251, 5251, 5920, 5251, 5252, 5249, 5249, 464, 5249, 5252, 709], "personaname": "ExtremoDiaz", "name": null, "last_login": null, "rank_tier": 22, "computed_mmr": 3968.35, "is_subscriber": false, "radiant_win": true, "start_time": 1765591733, "duration": 2473, "cluster": 251, "lobby_type": 0, "game_mode": 22, "is_contributor": false, "patch": 58, "region": 15, "isRadiant": true, "win": 1, "lose": 0, "total_gold": 18300, "total_xp": 28439, "kills_per_min": 0.09704811969268096, "kda": 4, "abandons": 0, "benchmarks": {"gold_per_min": {"raw": 444, "pct": 0.1509027216383724}, "xp_per_min": {"raw": 690, "pct": 0.26259768256534627}, "kills_per_min": {"raw": 0.09704811969268094, "pct": 0.1612772837510105}, "last_hits_per_min": {"raw": 4.0760210270926, "pct": 0.05618431689571544},