{"players": [{"account_id": 150407929, "player_slot": 0, "team_number": 0, "team_slot": 0, "hero_id": 63, "hero_variant": 1, "item_0": 36, "item_1": 158, "item_2": 123, "item_3": 172, "item_4": 75, "item_5": 63, "backpack_0": 0, "backpack_1": 0, "backpack_2": 0, "item_neutral": 1721, "item_neutral2": 1577, "kills": 6, "deaths": 5, "assists": 15, "leaver_status": 0, "last_hits": 215, "denies": 4, "gold_per_min": 505, "xp_per_min": 927, "level": 25, "net_worth": 20084, "aghanims_scepter": 0, "aghanims_shard": 0, "moonshard": 0, "hero_damage": 31373, "tower_damage": 4497, "hero_healing": 0, "gold": 5519, "gold_spent": 14765, "ability_upgrades_arr": [5290, 5291, 5291, 5289, 5291, 5292, 5291, 5290, 5290, 6115, 5290, 5289, 5292, 5289, 5289, 6989, 5292, 6131, 6990], "personaname": "ELVER GARRICA", "name": null, "last_login": null, "rank_tier": 24, "computed_mmr": 4045.89, "is_subscriber": false, "radiant_win": true, "start_time": 1768315846, "duration": 2442, "cluster": 251, "lobby_type": 7, "game_mode": 22, "is_contributor": false, "patch": 59, "region": 15, "isRadiant": true, "win": 1, "lose": 0, "total_gold": 20553, "total_xp": 37728, "kills_per_min": 0.14742014742014742, "kda": 3.5, "abandons": 0, "benchmarks": {"gold_per_min": {"raw": 505, "pct": 0.48287259615384615}, "xp_per_min": {"raw": 927, "pct": 0.7355769230769231}, "kills_per_min": {"raw": 0.14742014742014742, "pct": 0.2965745192307692}, "last_hits_per_min": {"raw": 5.282555282555283, "pct": 0.43810096153846156}, "hero_damage_per_min": {"raw": 770.8353808353809, "pct": 0.6796875}, "hero_healing_per_min": {"raw": 0, "pct": 0.81640625}, "tower_damage": {"raw": 4497, "pct": 0.5691105769230769}}}, {"player_slot": 1, "team_number": 0, "team_slot": 1, "hero_id": 104, "hero_variant": 1, "item_0": 127, "item_1": 40, "item_2": 29, "item_3": 1, "item_4": 108, "item_5": 53, "backpack_0": 0, "backpack_1": 0, "backpack_2": 0, "item_neutral": 71, "item_neutral2": 1594, "kills": 8, "deaths": 11, "assists": 18, "leaver_status": 0, "last_hits": 123, "denies": 1, "gold_per_min": 428, "xp_per_min": 700, "level": 22, "net_worth": 15308, "aghanims_scepter": 0, "aghanims_shard": 1, "moonshard": 0, "hero_damage": 26746, "tower_damage": 630, "hero_healing": 1044, "gold": 1778, "gold_spent": 14850, "ability_upgrades_arr": [5597, 5596, 5597, 5595, 5595, 5598, 5595, 5595, 5597, 1113, 5597, 5596, 5598, 5596, 5596, 6671, 5598, 7395], "is_subscriber": false, "radiant_win": true, "start_time": 1768315846, "duration": 2442, "cluster": 251, "lobby_type": 7, "game_mode": 22, "is_contributor": false, "patch": 59, "region": 15, "isRadiant": true, "win": 1, "lose": 0, "total_gold": 17419, "total_xp": 28490, "kills_per_min": 0.19656019656019655, "kda": 2.17, "abandons": 0, "benchmarks": {"gold_per_min": {"raw": 428, "pct": 0.291846921797005}, "xp_per_min": {"raw": 700, "pct": 0.5026622296173044}, "kills_per_min": {"raw": 0.19656019656019658, "pct": 0.43361064891846923}, "last_hits_per_min": {"raw": 3.022113022113022, "pct": 0.09484193011647254}, "hero_damage_per_min": {"raw": 657.149877149877, "pct": 0.4718801996672213}, "hero_healing_per_min": {"raw": 25.65110565110565, "pct": 0.4193011647254576}, "tower_damage": {"raw": 630, "pct": 0.35723793677204657}}}, {"player_slot": 2, "team_number": 0, "team_slot": 2, "hero_id": 10, "hero_variant": 1, "item_0": 141, "item_1": 81, "item_2": 147, "item_3": 123, "item_4": 63, "item_5": 139, "backpack_0": 0, "backpack_1": 0, "backpack_2": 0, "item_neutral": 1643, "item_neutral2": 1594, "kills": 8, "deaths": 4, "assists": 7, "leaver_status": 0, "last_hits": 387, "denies": 10, "gold_per_min": 700, "xp_per_min": 1112, "level": 27, "net_worth": 26612, "aghanims_scepter": 0, "aghanims_shard": 1, "moonshard": 0, "hero_damage": 22576, "tower_damage": 18084, "hero_healing": 2439, "gold": 1512, "gold_spent": 26875, "ability_upgrades_arr": [5055, 5052, 5055, 5052, 5055, 5052, 5055, 5052, 5057, 6138, 5053, 5053, 5053, 5053, 5057, 6062, 5057, 5929, 6383, 7060], "is_subscriber": false, "radiant_win": true, "start_time": 1768315846, "duration": 2442, "cluster": 251, "lobby_type": 7, "game_mode": 22, "is_contributor": false, "patch": 59, "region": 15, "isRadiant": true, "win": 1, "lose": 0, "total_gold": 28490, "total_xp": 45258, "kills_per_min": 0.19656019656019655, "kda": 3, "abandons": 0, "benchmarks": {"gold_per_min": {"raw": 700, "pct": 0.8235294117647058}, "xp_per_min": {"raw": 1112, "pct": 0.8957800511508951}, "kills_per_min": {"raw": 0.19656019656019658, "pct": 0.618925831202046}, "last_hits_per_min": {"raw": 9.50859950859951, "pct": 0.7851662404092071}, "hero_damage_per_min": {"raw": 554.6928746928747, "pct": 0.6074168797953964}, "hero_healing_per_min": {"raw": 59.926289926289925, "pct": 0.8945012787723785}, "tower_damage": {"raw": 18084, "pct": 0.9002557544757033}}}, {"player_slot": 3, "team_number": 0, "team_slot": 3, "hero_id": 49, "hero_variant": 3, "item_0": 151, "item_1": 108, "item_2": 116, "item_3": 178, "item_4": 63, "item_5": 127, "backpack_0": 4204, "backpack_1": 0, "backpack_2": 0, "item_neutral": 1643, "item_neutral2": 1585, "kills": 12, "deaths": 10, "assists": 9, "leaver_status": 0, "last_hits": 172, "denies": 7, "gold_per_min": 490, "xp_per_min": 684, "level": 22, "net_worth": 17462, "aghanims_scepter": 0, "aghanims_shard": 1, "moonshard": 0, "hero_damage": 32313, "tower_damage": 3957, "hero_healing": 0, "gold": 707, "gold_spent": 18000, "ability_upgrades_arr": [5227, 5228, 5226, 5226, 5228, 5228, 5229, 5226, 5226, 5227, 5938, 730, 5229, 5228, 5227, 5993, 730, 5227, 5229, 1043], "is_subscriber": false, "radiant_win": true, "start_time": 1768315846, "duration": 2442, "cluster": 251, "lobby_type": 7, "game_mode": 22, "is_contributor": false, "patch": 59, "region": 15, "isRadiant": true, "win": 1, "lose": 0, "total_gold": 19943, "total_xp": 27838, "kills_per_min": 0.29484029484029484, "kda": 1.91, "abandons": 0, "benchmarks": {"gold_per_min": {"raw": 490, "pct": 0.4080482897384306}, "xp_per_min": {"raw": 684, "pct": 0.4374245472837022}, "kills_per_min": {"raw": 0.29484029484029484, "pct": 0.8229376257545271}, "last_hits_per_min": {"raw": 4.226044226044226, "pct": 0.16780684104627766}, "hero_damage_per_min": {"raw": 793.931203931204, "pct": 0.7432595573440643}, "hero_healing_per_min": {"raw": 0, "pct": 0.9613682092555332}, "tower_damage": {"raw": 3957, "pct": 0.5142857142857142}}}, {"player_slot": 4, "team_number": 0, "team_slot": 4, "hero_id": 31, "hero_variant": 2, "item_0": 1107, "item_1": 235, "item_2": 214, "item_3": 37, "item_4": 36, "item_5": 218, "backpack_0": 44, "backpack_1": 0, "backpack_2": 0, "item_neutral": 1643, "item_neutral2": 1592, "kills": 5, "deaths": 10, "assists": 15, "leaver_status": 0, "last_hits": 110, "denies": 1, "gold_per_min": 421, "xp_per_min": 605, "level": 21, "net_worth": 14447, "aghanims_scepter": 0, "aghanims_shard": 1, "moonshard": 0, "hero_damage": 23788, "tower_damage": 997, "hero_healing": 0, "gold": 2327, "gold_spent": 14640, "ability_upgrades_arr": [5134, 7325, 5134, 5136, 5134, 5137, 5134, 5136, 7325, 5136, 530, 7325, 5137, 5136, 7325, 6292, 5137, 531], "is_subscriber": false, "radiant_win": true, "start_time": 1768315846, "duration": 2442, "cluster": 251, "lobby_type": 7, "game_mode": 22, "is_contributor": false, "patch": 59, "region": 15, "isRadiant": true, "win": 1, "lose": 0, "total_gold": 17134, "total_xp": 24623, "kills_per_min": 0.12285012285012284, "kda": 1.82, "abandons": 0, "benchmarks": {"gold_per_min": {"raw": 421, "pct": 0.8322666078128449}, "xp_per_min": {"raw": 605, "pct": 0.5855219598322666}, "kills_per_min": {"raw": 0.12285012285012285, "pct": 0.48223350253807107}, "last_hits_per_min": {"raw": 2.7027027027027026, "pct": 0.895166629883028}, "hero_damage_per_min": {"raw": 584.4717444717444, "pct": 0.7161774442727875}, "hero_healing_per_min": {"raw": 0, "pct": 0.6685058485985433}, "tower_damage": {"raw": 997, "pct": 0.8331494151401456}}}, {"player_slot": 128, "team_number": 1, "team_slot": 0, "hero_id": 11, "hero_variant": 1,