{"players": [{"account_id": 45421382, "player_slot": 0, "team_number": 0, "team_slot": 0, "hero_id": 104, "hero_variant": 1, "item_0": 112, "item_1": 168, "item_2": 127, "item_3": 50, "item_4": 1, "item_5": 911, "backpack_0": 0, "backpack_1": 0, "backpack_2": 0, "item_neutral": 1637, "item_neutral2": 1597, "kills": 10, "deaths": 6, "assists": 21, "leaver_status": 0, "last_hits": 210, "denies": 15, "gold_per_min": 559, "xp_per_min": 755, "level": 24, "net_worth": 21252, "aghanims_scepter": 0, "aghanims_shard": 1, "moonshard": 0, "hero_damage": 38091, "tower_damage": 8002, "hero_healing": 2067, "gold": 1877, "gold_spent": 21410, "ability_upgrades_arr": [5597, 5595, 5595, 5597, 5597, 5598, 5595, 5596, 5595, 5597, 5596, 5596, 5598, 5596, 1113, 6671, 5598, 6526], "personaname": "La Chaucha", "name": null, "last_login": "2026-03-03T14:36:01.200Z", "rank_tier": 42, "computed_mmr": 4031.51, "is_subscriber": false, "radiant_win": true, "start_time": 1753413546, "duration": 2541, "cluster": 241, "lobby_type": 0, "game_mode": 22, "is_contributor": false, "patch": 58, "region": 14, "isRadiant": true, "win": 1, "lose": 0, "total_gold": 23673, "total_xp": 31974, "kills_per_min": 0.23612750885478156, "kda": 4.43, "abandons": 0, "benchmarks": {"gold_per_min": {"raw": 559, "pct": 0.7309022320025149}, "xp_per_min": {"raw": 755, "pct": 0.5886513674944985}, "kills_per_min": {"raw": 0.2361275088547816, "pct": 0.5315938384155926}, "last_hits_per_min": {"raw": 4.958677685950414, "pct": 0.6001257466205596}, "hero_damage_per_min": {"raw": 899.4332939787485, "pct": 0.7900031436655139}, "hero_healing_per_min": {"raw": 48.807556080283355, "pct": 0.6210311222885885}, "tower_damage": {"raw": 8002, "pct": 0.8682804149638479}}}, {"account_id": 65137360, "player_slot": 1, "team_number": 0, "team_slot": 1, "hero_id": 123, "hero_variant": 1, "item_0": 1575, "item_1": 0, "item_2": 0, "item_3": 36, "item_4": 1466, "item_5": 231, "backpack_0": 0, "backpack_1": 0, "backpack_2": 0, "item_neutral": 675, "item_neutral2": 1583, "kills": 8, "deaths": 3, "assists": 29, "leaver_status": 0, "last_hits": 76, "denies": 2, "gold_per_min": 411, "xp_per_min": 671, "level": 22, "net_worth": 15922, "aghanims_scepter": 0, "aghanims_shard": 0, "moonshard": 0, "hero_damage": 19738, "tower_damage": 1178, "hero_healing": 3456, "gold": 5372, "gold_spent": 12590, "ability_upgrades_arr": [8429, 8158, 8158, 9501, 8158, 8106, 8429, 8429, 8158, 9501, 9501, 8106, 7132, 9501, 8429, 9513, 8106, 1569], "personaname": "PatoDeGoma", "name": null, "last_login": "2021-02-10T20:32:57.535Z", "rank_tier": 45, "computed_mmr": null, "is_subscriber": false, "radiant_win": true, "start_time": 1753413546, "duration": 2541, "cluster": 241, "lobby_type": 0, "game_mode": 22, "is_contributor": false, "patch": 58, "region": 14, "isRadiant": true, "win": 1, "lose": 0, "total_gold": 17405, "total_xp": 28416, "kills_per_min": 0.18890200708382526, "kda": 9.25, "abandons": 0, "benchmarks": {"gold_per_min": {"raw": 411, "pct": 0.6460340993328392}, "xp_per_min": {"raw": 671, "pct": 0.6460340993328392}, "kills_per_min": {"raw": 0.18890200708382526, "pct": 0.676056338028169}, "last_hits_per_min": {"raw": 1.79456906729634, "pct": 0.3206078576723499}, "hero_damage_per_min": {"raw": 466.0684769775679, "pct": 0.466641957005189}, "hero_healing_per_min": {"raw": 81.60566706021253, "pct": 0.9766493699036323}, "tower_damage": {"raw": 1178, "pct": 0.670126019273536}}}, {"player_slot": 2, "team_number": 0, "team_slot": 2, "hero_id": 108, "hero_variant": 1, "item_0": 172, "item_1": 50, "item_2": 151, "item_3": 127, "item_4": 112, "item_5": 141, "backpack_0": 0, "backpack_1": 0, "backpack_2": 0, "item_neutral": 1605, "item_neutral2": 1585, "kills": 10, "deaths": 13, "assists": 28, "leaver_status": 0, "last_hits": 241, "denies": 1, "gold_per_min": 625, "xp_per_min": 718, "level": 23, "net_worth": 23056, "aghanims_scepter": 0, "aghanims_shard": 0, "moonshard": 0, "hero_damage": 35469, "tower_damage": 10074, "hero_healing": 0, "gold": 4631, "gold_spent": 19505, "ability_upgrades_arr": [5614, 5613, 5615, 5615, 5613, 5615, 865, 5615, 5613, 5614, 5614, 5613, 5614, 865, 663, 557, 865, 6968], "is_subscriber": false, "radiant_win": true, "start_time": 1753413546, "duration": 2541, "cluster": 241, "lobby_type": 0, "game_mode": 22, "is_contributor": false, "patch": 58, "region": 14, "isRadiant": true, "win": 1, "lose": 0, "total_gold": 26468, "total_xp": 30407, "kills_per_min": 0.23612750885478156, "kda": 2.71, "abandons": 0, "benchmarks": {"gold_per_min": {"raw": 625, "pct": 0.9602555003548616}, "xp_per_min": {"raw": 718, "pct": 0.6330731014904187}, "kills_per_min": {"raw": 0.2361275088547816, "pct": 0.8857345635202271}, "last_hits_per_min": {"raw": 5.690672963400236, "pct": 0.6926898509581263}, "hero_damage_per_min": {"raw": 837.5206611570247, "pct": 0.8871540099361249}, "hero_healing_per_min": {"raw": 0, "pct": 0.49964513839602553}, "tower_damage": {"raw": 10074, "pct": 0.9779985805535841}}}, {"player_slot": 3, "team_number": 0, "team_slot": 3, "hero_id": 87, "hero_variant": 1, "item_0": 180, "item_1": 37, "item_2": 40, "item_3": 102, "item_4": 232, "item_5": 223, "backpack_0": 0, "backpack_1": 0, "backpack_2": 0, "item_neutral": 0, "item_neutral2": 0, "kills": 4, "deaths": 8, "assists": 35, "leaver_status": 0, "last_hits": 67, "denies": 3, "gold_per_min": 392, "xp_per_min": 641, "level": 22, "net_worth": 14031, "aghanims_scepter": 0, "aghanims_shard": 0, "moonshard": 0, "hero_damage": 16630, "tower_damage": 3279, "hero_healing": 192, "gold": 3626, "gold_spent": 12725, "ability_upgrades_arr": [5458, 5460, 5458, 5459, 5458, 5461, 5460, 5460, 5458, 5460, 5918, 5461, 5459, 5459, 5459, 6215, 5461, 6812], "is_subscriber": false, "radiant_win": true, "start_time": 1753413546, "duration": 2541, "cluster": 241, "lobby_type": 0, "game_mode": 22, "is_contributor": false, "patch": 58, "region": 14, "isRadiant": true, "win": 1, "lose": 0, "total_gold": 16601, "total_xp": 27146, "kills_per_min": 0.09445100354191263, "kda": 4.33, "abandons": 0, "benchmarks": {"gold_per_min": {"raw": 392, "pct": 0.871313672922252}, "xp_per_min": {"raw": 641, "pct": 0.756478999106345}, "kills_per_min": {"raw": 0.09445100354191263, "pct": 0.517426273458445}, "last_hits_per_min": {"raw": 1.5820543093270365, "pct": 0.8020554066130474}, "hero_damage_per_min": {"raw": 392.68004722550177, "pct": 0.5746201966041108}, "hero_healing_per_min": {"raw": 4.533648170011806, "pct": 0.7725647899910635}, "tower_damage": {"raw": 3279, "pct": 0.9973190348525469}}}, {"player_slot": 4, "team_number": 0, "team_slot": 4, "hero_id": 76, "hero_variant": 1, "item_0": 96, "item_1": 116, "item_2": 1, "item_3": 108, "item_4": 247, "item_5": 63, "backpack_0": 77, "backpack_1": 0, "backpack_2": 0, "item_neutral": 1638, "item_neutral2": 1584, "kills": 21, "deaths": 3, "assists": 16, "leaver_status": 0, "last_hits": 235, "denies": 3, "gold_per_min": 673, "xp_per_min": 939, "level": 26, "net_worth": 27196, "aghanims_scepter": 0, "aghanims_shard": 1, "moonshard": 0, "hero_damage": 42149, "tower_damage": 3038, "hero_healing": 0, "gold": 2441, "gold_spent": 26195, "ability_upgrades_arr": [5392, 5391, 5391, 5684, 5391, 5394, 5391, 5392, 5392, 5392, 5684, 5394, 6094, 5684, 5684, 6711, 5394, 7375, 750], "is_subscriber": false, "radiant_win": true, "start_time": 1753413546, "duration": 2541, "cluster": 241, "lobby_type": 0, "game_mode": 22, "is_contributor": false, "patch": 58, "region": 14, "isRadiant": true, "win": 1, "lose": 0, "total_gold": 28501, "total_xp": 39766, "kills_per_min": 0.4958677685950413, "kda": 9.25, "abandons": 0, "benchmarks": {"gold_per_min": {"raw": 673, "pct": 0.87825124515772}, "xp_per_min": {"raw": 939, "pct": 0.7714443829551744}, "kills_per_min": {"raw": 0.49586776859504134, "pct": 0.9070282235749861}, "last_hits_per_min": {"raw": 5.548996458087367, "pct": 0.5788599889319314}, "hero_damage_per_min": {"raw": 995.253837072019, "pct": 0.8063087991145546}, "hero_healing_per_min": {"raw": 0,