{"players": [{"player_slot": 0, "team_number": 0, "team_slot": 0, "hero_id": 46, "hero_variant": 2, "item_0": 263, "item_1": 168, "item_2": 116, "item_3": 75, "item_4": 63, "item_5": 41, "backpack_0": 0, "backpack_1": 0, "backpack_2": 0, "item_neutral": 1642, "item_neutral2": 1584, "kills": 6, "deaths": 9, "assists": 6, "leaver_status": 0, "last_hits": 243, "denies": 16, "gold_per_min": 461, "xp_per_min": 653, "level": 22, "net_worth": 16554, "aghanims_scepter": 0, "aghanims_shard": 1, "moonshard": 0, "hero_damage": 19211, "tower_damage": 337, "hero_healing": 0, "gold": 574, "gold_spent": 16220, "ability_upgrades_arr": [5196, 5194, 5194, 5196, 5195, 5196, 5197, 5195, 5196, 5195, 5195, 5197, 5194, 5194, 1060, 6938, 5197, 6939], "is_subscriber": false, "radiant_win": false, "start_time": 1754445991, "duration": 2484, "cluster": 241, "lobby_type": 0, "game_mode": 22, "is_contributor": false, "patch": 58, "region": 14, "isRadiant": true, "win": 0, "lose": 1, "total_gold": 19085, "total_xp": 27034, "kills_per_min": 0.14492753623188406, "kda": 1.2, "abandons": 0, "benchmarks": {"gold_per_min": {"raw": 461, "pct": 0.18714168714168714}, "xp_per_min": {"raw": 653, "pct": 0.22768222768222768}, "kills_per_min": {"raw": 0.14492753623188406, "pct": 0.29484029484029484}, "last_hits_per_min": {"raw": 5.869565217391305, "pct": 0.18755118755118755}, "hero_damage_per_min": {"raw": 464.0338164251208, "pct": 0.27436527436527436}, "hero_healing_per_min": {"raw": 0, "pct": 0.947993447993448}, "tower_damage": {"raw": 337, "pct": 0.17977067977067976}}}, {"player_slot": 1, "team_number": 0, "team_slot": 1, "hero_id": 97, "hero_variant": 4, "item_0": 63, "item_1": 1, "item_2": 108, "item_3": 232, "item_4": 77, "item_5": 77, "backpack_0": 0, "backpack_1": 0, "backpack_2": 0, "item_neutral": 1604, "item_neutral2": 1595, "kills": 1, "deaths": 6, "assists": 15, "leaver_status": 0, "last_hits": 157, "denies": 1, "gold_per_min": 354, "xp_per_min": 503, "level": 19, "net_worth": 14331, "aghanims_scepter": 0, "aghanims_shard": 1, "moonshard": 0, "hero_damage": 25647, "tower_damage": 0, "hero_healing": 0, "gold": 1796, "gold_spent": 12925, "ability_upgrades_arr": [5518, 5520, 5518, 5520, 5518, 5521, 5518, 5520, 5518, 5520, 5519, 5521, 5519, 5519, 712, 5519, 7132, 5521], "is_subscriber": false, "radiant_win": false, "start_time": 1754445991, "duration": 2484, "cluster": 241, "lobby_type": 0, "game_mode": 22, "is_contributor": false, "patch": 58, "region": 14, "isRadiant": true, "win": 0, "lose": 1, "total_gold": 14655, "total_xp": 20824, "kills_per_min": 0.024154589371980676, "kda": 2.29, "abandons": 0, "benchmarks": {"gold_per_min": {"raw": 354, "pct": 0.25742904841402336}, "xp_per_min": {"raw": 503, "pct": 0.2287145242070117}, "kills_per_min": {"raw": 0.024154589371980676, "pct": 0.042070116861435726}, "last_hits_per_min": {"raw": 3.792270531400966, "pct": 0.5118530884808014}, "hero_damage_per_min": {"raw": 619.4927536231884, "pct": 0.8347245409015025}, "hero_healing_per_min": {"raw": 0, "pct": 0.8043405676126878}, "tower_damage": {"raw": 0, "pct": 0.2297161936560935}}}, {"account_id": 990500776, "player_slot": 2, "team_number": 0, "team_slot": 2, "hero_id": 6, "hero_variant": 2, "item_0": 108, "item_1": 75, "item_2": 63, "item_3": 51, "item_4": 172, "item_5": 263, "backpack_0": 4204, "backpack_1": 36, "backpack_2": 0, "item_neutral": 1605, "item_neutral2": 1576, "kills": 6, "deaths": 8, "assists": 10, "leaver_status": 0, "last_hits": 217, "denies": 4, "gold_per_min": 456, "xp_per_min": 632, "level": 22, "net_worth": 18161, "aghanims_scepter": 0, "aghanims_shard": 0, "moonshard": 0, "hero_damage": 14876, "tower_damage": 0, "hero_healing": 0, "gold": 3056, "gold_spent": 15395, "ability_upgrades_arr": [5019, 343, 5019, 5632, 5019, 5022, 5019, 343, 5632, 5632, 5632, 5022, 343, 343, 6209, 5022, 486, 6202], "personaname": "Laa-Laa", "name": null, "last_login": null, "rank_tier": 23, "computed_mmr": 3933.38, "is_subscriber": false, "radiant_win": false, "start_time": 1754445991, "duration": 2484, "cluster": 241, "lobby_type": 0, "game_mode": 22, "is_contributor": false, "patch": 58, "region": 14, "isRadiant": true, "win": 0, "lose": 1, "total_gold": 18878, "total_xp": 26164, "kills_per_min": 0.14492753623188406, "kda": 1.78, "abandons": 0, "benchmarks": {"gold_per_min": {"raw": 456, "pct": 0.23692387364060072}, "xp_per_min": {"raw": 632, "pct": 0.2938891765924391}, "kills_per_min": {"raw": 0.14492753623188406, "pct": 0.2985499741066805}, "last_hits_per_min": {"raw": 5.241545893719807, "pct": 0.20196789228379078}, "hero_damage_per_min": {"raw": 359.32367149758454, "pct": 0.13878819264629724}, "hero_healing_per_min": {"raw": 0, "pct": 0.9611600207146557}, "tower_damage": {"raw": 0, "pct": 0.1367167270844122}}}, {"account_id": 232171974, "player_slot": 3, "team_number": 0, "team_slot": 3, "hero_id": 75, "hero_variant": 4, "item_0": 108, "item_1": 1125, "item_2": 279, "item_3": 180, "item_4": 0, "item_5": 0, "backpack_0": 109, "backpack_1": 0, "backpack_2": 0, "item_neutral": 1638, "item_neutral2": 1593, "kills": 2, "deaths": 11, "assists": 16, "leaver_status": 0, "last_hits": 18, "denies": 2, "gold_per_min": 278, "xp_per_min": 329, "level": 15, "net_worth": 9642, "aghanims_scepter": 0, "aghanims_shard": 0, "moonshard": 0, "hero_damage": 11283, "tower_damage": 0, "hero_healing": 0, "gold": 842, "gold_spent": 9640, "ability_upgrades_arr": [5377, 5379, 5377, 5379, 5377, 5380, 5377, 5379, 5378, 5379, 5378, 5380, 6184, 5378, 721], "personaname": "CHIP HAZARD", "name": null, "last_login": null, "rank_tier": 23, "computed_mmr": 3842.02, "is_subscriber": false, "radiant_win": false, "start_time": 1754445991, "duration": 2484, "cluster": 241, "lobby_type": 0, "game_mode": 22, "is_contributor": false, "patch": 58, "region": 14, "isRadiant": true, "win": 0, "lose": 1, "total_gold": 11509, "total_xp": 13620, "kills_per_min": 0.04830917874396135, "kda": 1.5, "abandons": 0, "benchmarks": {"gold_per_min": {"raw": 278, "pct": 0.14412053717654766}, "xp_per_min": {"raw": 329, "pct": 0.09138552243694727}, "kills_per_min": {"raw": 0.04830917874396135, "pct": 0.12053717654765804}, "last_hits_per_min": {"raw": 0.43478260869565216, "pct": 0.020635440550278415}, "hero_damage_per_min": {"raw": 272.536231884058, "pct": 0.09138552243694727}, "hero_healing_per_min": {"raw": 0, "pct": 0.7264985260399607}, "tower_damage": {"raw": 0, "pct": 0.19914837864395676}}}, {"player_slot": 4, "team_number": 0, "team_slot": 4, "hero_id": 30, "hero_variant": 3, "item_0": 254, "item_1": 36, "item_2": 180, "item_3": 42, "item_4": 0, "item_5": 108, "backpack_0": 0, "backpack_1": 0, "backpack_2": 0, "item_neutral": 1602, "item_neutral2": 1576, "kills": 4, "deaths": 11, "assists": 13, "leaver_status": 0, "last_hits": 45, "denies": 5, "gold_per_min": 320, "xp_per_min": 380, "level": 17, "net_worth": 10602, "aghanims_scepter": 0, "aghanims_shard": 1, "moonshard": 0, "hero_damage": 33354, "tower_damage": 0, "hero_healing": 1954, "gold": 1002, "gold_spent": 10390, "ability_upgrades_arr": [5138, 5140, 5140, 5138, 5140, 5141, 5140, 5138, 5138, 5959, 5139, 5141, 5139, 5139, 5139, 6524], "is_subscriber": false, "radiant_win": false, "start_time": 1754445991, "duration": 2484, "cluster": 241, "lobby_type": 0, "game_mode": 22, "is_contributor": false, "patch": 58, "region": 14, "isRadiant": true, "win": 0, "lose": 1, "total_gold": 13248, "total_xp": 15732, "kills_per_min": 0.0966183574879227, "kda": 1.42, "abandons": 0, "benchmarks": {"gold_per_min": {"raw": 320, "pct": 0.26245175519206027}, "xp_per_min": {"raw": 380, "pct": 0.15107517000551368}, "kills_per_min": {"raw": 0.0966183574879227, "pct": 0.15622128285241685}, "last_hits_per_min": {"raw": 1.0869565217391304, "pct": 0.47822091527292776}, "hero_damage_per_min": {"raw": 805.6521739130435, "pct": 0.8752067634625987}, "hero_healing_per_min": {"raw": 47.19806763285025, "pct": 0.21301231391288367}, "tower_damage": {"raw": 0, "pct": 0.21356368314648042}}}, {"account_id": 45421382,