{"players": [{"account_id": 101926177, "player_slot": 0, "team_number": 0, "team_slot": 0, "hero_id": 35, "hero_variant": 1, "item_0": 0, "item_1": 263, "item_2": 116, "item_3": 168, "item_4": 63, "item_5": 55, "backpack_0": 38, "backpack_1": 188, "backpack_2": 0, "item_neutral": 2097, "item_neutral2": 1584, "kills": 18, "deaths": 8, "assists": 11, "leaver_status": 0, "last_hits": 202, "denies": 14, "gold_per_min": 572, "xp_per_min": 761, "level": 22, "net_worth": 16529, "aghanims_scepter": 0, "aghanims_shard": 0, "moonshard": 0, "hero_damage": 34051, "tower_damage": 7197, "hero_healing": 0, "gold": 799, "gold_spent": 17430, "ability_upgrades_arr": [5154, 5155, 5154, 5156, 5154, 5157, 5154, 5155, 5156, 5156, 928, 5156, 5157, 5155, 5155, 7892, 5157, 6897], "personaname": "dontlookatme", "name": null, "last_login": null, "rank_tier": 24, "computed_mmr": 3766.29, "is_subscriber": false, "radiant_win": true, "start_time": 1767373029, "duration": 2186, "cluster": 241, "lobby_type": 7, "game_mode": 22, "is_contributor": false, "patch": 59, "region": 14, "isRadiant": true, "win": 1, "lose": 0, "total_gold": 20839, "total_xp": 27725, "kills_per_min": 0.49405306495882895, "kda": 3.22, "abandons": 0, "benchmarks": {"gold_per_min": {"raw": 572, "pct": 0.5408825978351374}, "xp_per_min": {"raw": 761, "pct": 0.5945045795170691}, "kills_per_min": {"raw": 0.49405306495882884, "pct": 0.9208992506244796}, "last_hits_per_min": {"raw": 5.5443732845379685, "pct": 0.365195670274771}, "hero_damage_per_min": {"raw": 934.6111619396157, "pct": 0.62248126561199}, "hero_healing_per_min": {"raw": 0, "pct": 0.9365528726061615}, "tower_damage": {"raw": 7197, "pct": 0.632472939217319}}}, {"player_slot": 1, "team_number": 0, "team_slot": 1, "hero_id": 53, "hero_variant": 3, "item_0": 158, "item_1": 40, "item_2": 63, "item_3": 250, "item_4": 0, "item_5": 36, "backpack_0": 0, "backpack_1": 0, "backpack_2": 0, "item_neutral": 1604, "item_neutral2": 1576, "kills": 4, "deaths": 4, "assists": 21, "leaver_status": 0, "last_hits": 232, "denies": 1, "gold_per_min": 528, "xp_per_min": 679, "level": 21, "net_worth": 17512, "aghanims_scepter": 0, "aghanims_shard": 0, "moonshard": 0, "hero_damage": 25955, "tower_damage": 11165, "hero_healing": 0, "gold": 3267, "gold_spent": 15525, "ability_upgrades_arr": [5245, 5246, 5245, 5246, 5245, 5248, 5245, 5246, 5246, 470, 5247, 5247, 5248, 5247, 5247, 1620, 5248, 927], "is_subscriber": false, "radiant_win": true, "start_time": 1767373029, "duration": 2186, "cluster": 241, "lobby_type": 7, "game_mode": 22, "is_contributor": false, "patch": 59, "region": 14, "isRadiant": true, "win": 1, "lose": 0, "total_gold": 19236, "total_xp": 24738, "kills_per_min": 0.10978956999085088, "kda": 5, "abandons": 0, "benchmarks": {"gold_per_min": {"raw": 528, "pct": 0.47978567949342427}, "xp_per_min": {"raw": 679, "pct": 0.5431076473453482}, "kills_per_min": {"raw": 0.10978956999085088, "pct": 0.26205552849488556}, "last_hits_per_min": {"raw": 6.36779505946935, "pct": 0.5221626887481734}, "hero_damage_per_min": {"raw": 712.3970722781336, "pct": 0.6054554310764735}, "hero_healing_per_min": {"raw": 0, "pct": 0.7087189478811495}, "tower_damage": {"raw": 11165, "pct": 0.8636142230881637}}}, {"player_slot": 2, "team_number": 0, "team_slot": 2, "hero_id": 40, "hero_variant": 1, "item_0": 180, "item_1": 534, "item_2": 119, "item_3": 218, "item_4": 0, "item_5": 0, "backpack_0": 0, "backpack_1": 0, "backpack_2": 0, "item_neutral": 565, "item_neutral2": 1583, "kills": 6, "deaths": 11, "assists": 16, "leaver_status": 0, "last_hits": 122, "denies": 0, "gold_per_min": 382, "xp_per_min": 428, "level": 16, "net_worth": 11928, "aghanims_scepter": 0, "aghanims_shard": 1, "moonshard": 0, "hero_damage": 23393, "tower_damage": 974, "hero_healing": 194, "gold": 1078, "gold_spent": 11895, "ability_upgrades_arr": [5178, 5179, 5178, 5179, 5178, 1105, 5178, 5179, 5179, 6979, 5180, 5180, 1105, 5180, 5180, 6532], "is_subscriber": false, "radiant_win": true, "start_time": 1767373029, "duration": 2186, "cluster": 241, "lobby_type": 7, "game_mode": 22, "is_contributor": false, "patch": 59, "region": 14, "isRadiant": true, "win": 1, "lose": 0, "total_gold": 13917, "total_xp": 15593, "kills_per_min": 0.16468435498627632, "kda": 1.83, "abandons": 0, "benchmarks": {"gold_per_min": {"raw": 382, "pct": 0.4602767080302382}, "xp_per_min": {"raw": 428, "pct": 0.23862501782912565}, "kills_per_min": {"raw": 0.16468435498627632, "pct": 0.6974753958065897}, "last_hits_per_min": {"raw": 3.3485818847209514, "pct": 0.7016117529596348}, "hero_damage_per_min": {"raw": 642.0768526989935, "pct": 0.5284552845528455}, "hero_healing_per_min": {"raw": 5.324794144556267, "pct": 0.37997432605905007}, "tower_damage": {"raw": 974, "pct": 0.5337327057481102}}}, {"player_slot": 3, "team_number": 0, "team_slot": 3, "hero_id": 18, "hero_variant": 2, "item_0": 1, "item_1": 63, "item_2": 154, "item_3": 939, "item_4": 141, "item_5": 156, "backpack_0": 11, "backpack_1": 0, "backpack_2": 0, "item_neutral": 1603, "item_neutral2": 1586, "kills": 21, "deaths": 6, "assists": 6, "leaver_status": 0, "last_hits": 242, "denies": 1, "gold_per_min": 695, "xp_per_min": 1230, "level": 27, "net_worth": 24001, "aghanims_scepter": 0, "aghanims_shard": 0, "moonshard": 0, "hero_damage": 39352, "tower_damage": 5820, "hero_healing": 0, "gold": 1201, "gold_spent": 25150, "ability_upgrades_arr": [5095, 5094, 5095, 5094, 5095, 5097, 5095, 5094, 5094, 673, 5096, 5097, 5096, 5096, 5096, 6911, 5097, 1188, 6910], "is_subscriber": false, "radiant_win": true, "start_time": 1767373029, "duration": 2186, "cluster": 241, "lobby_type": 7, "game_mode": 22, "is_contributor": false, "patch": 59, "region": 14, "isRadiant": true, "win": 1, "lose": 0, "total_gold": 25321, "total_xp": 44813, "kills_per_min": 0.5763952424519672, "kda": 3.86, "abandons": 0, "benchmarks": {"gold_per_min": {"raw": 695, "pct": 0.7444267515923567}, "xp_per_min": {"raw": 1230, "pct": 0.9315286624203821}, "kills_per_min": {"raw": 0.576395242451967, "pct": 0.9753184713375797}, "last_hits_per_min": {"raw": 6.642268984446478, "pct": 0.29936305732484075}, "hero_damage_per_min": {"raw": 1080.1097895699909, "pct": 0.8972929936305732}, "hero_healing_per_min": {"raw": 0, "pct": 0.9601910828025477}, "tower_damage": {"raw": 5820, "pct": 0.6130573248407644}}}, {"account_id": 1225328094, "player_slot": 4, "team_number": 0, "team_slot": 4, "hero_id": 8, "hero_variant": 1, "item_0": 50, "item_1": 166, "item_2": 36, "item_3": 139, "item_4": 0, "item_5": 147, "backpack_0": 44, "backpack_1": 0, "backpack_2": 0, "item_neutral": 359, "item_neutral2": 1576, "kills": 5, "deaths": 10, "assists": 17, "leaver_status": 0, "last_hits": 197, "denies": 5, "gold_per_min": 533, "xp_per_min": 650, "level": 21, "net_worth": 16993, "aghanims_scepter": 0, "aghanims_shard": 0, "moonshard": 0, "hero_damage": 29147, "tower_damage": 5386, "hero_healing": 5513, "gold": 1923, "gold_spent": 15800, "ability_upgrades_arr": [5028, 5027, 5028, 5027, 5028, 5030, 5027, 5028, 5027, 5029, 628, 5029, 5030, 5029, 5029, 1489, 5030], "personaname": "ElCapibara", "name": null, "last_login": null, "rank_tier": 24, "computed_mmr": 4097.98, "is_subscriber": false, "radiant_win": true, "start_time": 1767373029, "duration": 2186, "cluster": 241, "lobby_type": 7, "game_mode": 22, "is_contributor": false, "patch": 59, "region": 14, "isRadiant": true, "win": 1, "lose": 0, "total_gold": 19418, "total_xp": 23681, "kills_per_min": 0.1372369624885636, "kda": 2, "abandons": 0, "benchmarks": {"gold_per_min": {"raw": 533, "pct": 0.3919068736141907}, "xp_per_min": {"raw": 650, "pct": 0.3093126385809313}, "kills_per_min": {"raw": 0.1372369624885636, "pct": 0.31901330376940135}, "last_hits_per_min": {"raw": 5.407136322049405, "pct": 0.1571507760532151}, "hero_damage_per_min": {"raw": 800.0091491308326, "pct": 0.7536031042128604}, "hero_healing_per_min": {"raw": 151.3174748398902, "pct": 0.5870288248337029}, "tower_damage": {"raw": 5386,