{"players": [{"account_id": 199490808, "player_slot": 0, "team_number": 0, "team_slot": 0, "hero_id": 104, "hero_variant": 1, "item_0": 1, "item_1": 127, "item_2": 152, "item_3": 108, "item_4": 50, "item_5": 168, "backpack_0": 38, "backpack_1": 0, "backpack_2": 0, "item_neutral": 1598, "item_neutral2": 1585, "kills": 11, "deaths": 15, "assists": 9, "leaver_status": 0, "last_hits": 208, "denies": 3, "gold_per_min": 441, "xp_per_min": 694, "level": 25, "net_worth": 20167, "aghanims_scepter": 0, "aghanims_shard": 1, "moonshard": 0, "hero_damage": 44686, "tower_damage": 88, "hero_healing": 900, "gold": 1707, "gold_spent": 19350, "ability_upgrades_arr": [5595, 5597, 5595, 5597, 5596, 5598, 5595, 5595, 5597, 5597, 1176, 5596, 5598, 5596, 5596, 6671, 5598, 6526, 925], "personaname": "TU MACHETE", "name": null, "last_login": null, "rank_tier": 15, "computed_mmr": 3801.02, "is_subscriber": false, "radiant_win": false, "start_time": 1769214894, "duration": 3253, "cluster": 346, "lobby_type": 7, "game_mode": 22, "is_contributor": false, "patch": 59, "region": 38, "isRadiant": true, "win": 0, "lose": 1, "total_gold": 23909, "total_xp": 37626, "kills_per_min": 0.20288964033200121, "kda": 1.25, "abandons": 0, "benchmarks": {"gold_per_min": {"raw": 441, "pct": 0.32945091514143093}, "xp_per_min": {"raw": 694, "pct": 0.49317803660565723}, "kills_per_min": {"raw": 0.20288964033200124, "pct": 0.45041597337770384}, "last_hits_per_min": {"raw": 3.8364586535505687, "pct": 0.23510815307820299}, "hero_damage_per_min": {"raw": 824.2114970796188, "pct": 0.715973377703827}, "hero_healing_per_min": {"raw": 16.60006148170919, "pct": 0.3029950083194676}, "tower_damage": {"raw": 88, "pct": 0.19850249584026622}}}, {"player_slot": 1, "team_number": 0, "team_slot": 1, "hero_id": 105, "hero_variant": 2, "item_0": 48, "item_1": 235, "item_2": 110, "item_3": 0, "item_4": 0, "item_5": 176, "backpack_0": 0, "backpack_1": 0, "backpack_2": 0, "item_neutral": 1643, "item_neutral2": 1577, "kills": 12, "deaths": 13, "assists": 9, "leaver_status": 0, "last_hits": 352, "denies": 0, "gold_per_min": 522, "xp_per_min": 725, "level": 26, "net_worth": 20788, "aghanims_scepter": 0, "aghanims_shard": 0, "moonshard": 0, "hero_damage": 55839, "tower_damage": 872, "hero_healing": 0, "gold": 3088, "gold_spent": 24950, "ability_upgrades_arr": [5601, 879, 5601, 879, 5601, 5599, 886, 5601, 879, 6997, 879, 886, 5599, 886, 886, 6282, 5599, 412, 6998], "is_subscriber": false, "radiant_win": false, "start_time": 1769214894, "duration": 3253, "cluster": 346, "lobby_type": 7, "game_mode": 22, "is_contributor": false, "patch": 59, "region": 38, "isRadiant": true, "win": 0, "lose": 1, "total_gold": 28301, "total_xp": 39307, "kills_per_min": 0.2213341530894559, "kda": 1.5, "abandons": 0, "benchmarks": {"gold_per_min": {"raw": 522, "pct": 0.8174695298897272}, "xp_per_min": {"raw": 725, "pct": 0.75507835171213}, "kills_per_min": {"raw": 0.2213341530894559, "pct": 0.6195589088798608}, "last_hits_per_min": {"raw": 6.49246849062404, "pct": 0.9643064422518862}, "hero_damage_per_min": {"raw": 1029.9231478635106, "pct": 0.7034242600116076}, "hero_healing_per_min": {"raw": 0, "pct": 0.7576900754497968}, "tower_damage": {"raw": 872, "pct": 0.5383052814857806}}}, {"player_slot": 2, "team_number": 0, "team_slot": 2, "hero_id": 26, "hero_variant": 1, "item_0": 23, "item_1": 36, "item_2": 1, "item_3": 60, "item_4": 214, "item_5": 232, "backpack_0": 21, "backpack_1": 0, "backpack_2": 0, "item_neutral": 1168, "item_neutral2": 1592, "kills": 4, "deaths": 19, "assists": 11, "leaver_status": 0, "last_hits": 50, "denies": 1, "gold_per_min": 259, "xp_per_min": 544, "level": 23, "net_worth": 10827, "aghanims_scepter": 0, "aghanims_shard": 1, "moonshard": 0, "hero_damage": 18896, "tower_damage": 315, "hero_healing": 194, "gold": 242, "gold_spent": 12485, "ability_upgrades_arr": [5044, 5046, 5046, 5045, 5046, 5047, 5046, 5044, 5044, 5044, 465, 5045, 5047, 5045, 5045, 781, 5047, 777], "is_subscriber": false, "radiant_win": false, "start_time": 1769214894, "duration": 3253, "cluster": 346, "lobby_type": 7, "game_mode": 22, "is_contributor": false, "patch": 59, "region": 38, "isRadiant": true, "win": 0, "lose": 1, "total_gold": 14042, "total_xp": 29493, "kills_per_min": 0.07377805102981863, "kda": 0.75, "abandons": 0, "benchmarks": {"gold_per_min": {"raw": 259, "pct": 0.1691095132743363}, "xp_per_min": {"raw": 544, "pct": 0.4824391592920354}, "kills_per_min": {"raw": 0.07377805102981863, "pct": 0.21446349557522124}, "last_hits_per_min": {"raw": 0.9222256378727328, "pct": 0.34361172566371684}, "hero_damage_per_min": {"raw": 348.5275130648632, "pct": 0.5871128318584071}, "hero_healing_per_min": {"raw": 3.5782354749462035, "pct": 0.8667035398230089}, "tower_damage": {"raw": 315, "pct": 0.5380254424778761}}}, {"player_slot": 3, "team_number": 0, "team_slot": 3, "hero_id": 35, "hero_variant": 2, "item_0": 50, "item_1": 135, "item_2": 247, "item_3": 158, "item_4": 236, "item_5": 170, "backpack_0": 0, "backpack_1": 0, "backpack_2": 0, "item_neutral": 1605, "item_neutral2": 1576, "kills": 9, "deaths": 12, "assists": 12, "leaver_status": 0, "last_hits": 301, "denies": 5, "gold_per_min": 511, "xp_per_min": 751, "level": 26, "net_worth": 21919, "aghanims_scepter": 0, "aghanims_shard": 1, "moonshard": 0, "hero_damage": 41723, "tower_damage": 407, "hero_healing": 0, "gold": 819, "gold_spent": 22185, "ability_upgrades_arr": [5154, 5155, 5154, 5155, 5154, 5157, 5154, 5155, 5155, 5156, 928, 5156, 5157, 5156, 5156, 6305, 5157, 1455, 6198], "is_subscriber": false, "radiant_win": false, "start_time": 1769214894, "duration": 3253, "cluster": 346, "lobby_type": 7, "game_mode": 22, "is_contributor": false, "patch": 59, "region": 38, "isRadiant": true, "win": 0, "lose": 1, "total_gold": 27704, "total_xp": 40716, "kills_per_min": 0.1660006148170919, "kda": 1.62, "abandons": 0, "benchmarks": {"gold_per_min": {"raw": 511, "pct": 0.38850957535387176}, "xp_per_min": {"raw": 751, "pct": 0.5803497085761865}, "kills_per_min": {"raw": 0.1660006148170919, "pct": 0.29275603663613653}, "last_hits_per_min": {"raw": 5.5517983399938515, "pct": 0.36636136552872606}, "hero_damage_per_min": {"raw": 769.5604057792807, "pct": 0.41881765195670273}, "hero_healing_per_min": {"raw": 0, "pct": 0.9365528726061615}, "tower_damage": {"raw": 407, "pct": 0.21315570358034971}}}, {"player_slot": 4, "team_number": 0, "team_slot": 4, "hero_id": 93, "hero_variant": 3, "item_0": 154, "item_1": 63, "item_2": 1575, "item_3": 116, "item_4": 24, "item_5": 143, "backpack_0": 0, "backpack_1": 0, "backpack_2": 0, "item_neutral": 1643, "item_neutral2": 1585, "kills": 5, "deaths": 11, "assists": 18, "leaver_status": 0, "last_hits": 212, "denies": 2, "gold_per_min": 413, "xp_per_min": 738, "level": 26, "net_worth": 18043, "aghanims_scepter": 0, "aghanims_shard": 0, "moonshard": 0, "hero_damage": 23745, "tower_damage": 399, "hero_healing": 0, "gold": 2418, "gold_spent": 16985, "ability_upgrades_arr": [5495, 1693, 5494, 1693, 1693, 5497, 1693, 5495, 5495, 5495, 6147, 5494, 5497, 5494, 5494, 921, 5497, 892, 6893], "is_subscriber": false, "radiant_win": false, "start_time": 1769214894, "duration": 3253, "cluster": 346, "lobby_type": 7, "game_mode": 22, "is_contributor": false, "patch": 59, "region": 38, "isRadiant": true, "win": 0, "lose": 1, "total_gold": 22391, "total_xp": 40011, "kills_per_min": 0.09222256378727328, "kda": 1.92, "abandons": 0, "benchmarks": {"gold_per_min": {"raw": 413, "pct": 0.19354089219330856}, "xp_per_min": {"raw": 738, "pct": 0.424953531598513}, "kills_per_min": {"raw": 0.09222256378727328, "pct": 0.13475836431226765}, "last_hits_per_min": {"raw": 3.910236704580387, "pct": 0.15218401486988847}, "hero_damage_per_min": {"raw": 437.9649554257608, "pct": 0.3336431226765799}, "hero_healing_per_min": {"raw": 0, "pct": 0.9658457249070632}, "tower_damage": {"raw": 399, "pct": 0.2437267657992565}}}, {"account_id": 219929994, "player_slot": 128, "team_number": 1, "team_slot": 0, "hero_id": 74,