{"players": [{"player_slot": 0, "team_number": 0, "team_slot": 0, "hero_id": 16, "hero_variant": 4, "item_0": 1, "item_1": 610, "item_2": 1107, "item_3": 123, "item_4": 180, "item_5": 0, "backpack_0": 34, "backpack_1": 0, "backpack_2": 188, "item_neutral": 1604, "item_neutral2": 1597, "kills": 15, "deaths": 5, "assists": 29, "leaver_status": 0, "last_hits": 91, "denies": 0, "gold_per_min": 497, "xp_per_min": 837, "level": 26, "net_worth": 21509, "aghanims_scepter": 0, "aghanims_shard": 1, "moonshard": 0, "hero_damage": 25522, "tower_damage": 1049, "hero_healing": 0, "gold": 1959, "gold_spent": 21285, "ability_upgrades_arr": [5103, 5102, 5102, 5103, 5102, 5105, 1229, 5103, 1229, 1229, 5102, 5105, 5103, 1229, 6409, 1537, 5105, 498, 6207], "is_subscriber": false, "radiant_win": true, "start_time": 1764182927, "duration": 2766, "cluster": 346, "lobby_type": 7, "game_mode": 22, "is_contributor": false, "patch": 58, "region": 38, "isRadiant": true, "win": 1, "lose": 0, "total_gold": 22911, "total_xp": 38585, "kills_per_min": 0.32537960954446854, "kda": 7.33, "abandons": 0, "benchmarks": {"gold_per_min": {"raw": 497, "pct": 0.5034788108791903}, "xp_per_min": {"raw": 837, "pct": 0.6932321315623023}, "kills_per_min": {"raw": 0.32537960954446854, "pct": 0.8532574320050601}, "last_hits_per_min": {"raw": 1.9739696312364428, "pct": 0.06957621758380772}, "hero_damage_per_min": {"raw": 553.6225596529284, "pct": 0.28336495888678054}, "hero_healing_per_min": {"raw": 0, "pct": 0.8798228969006958}, "tower_damage": {"raw": 1049, "pct": 0.6850094876660342}}}, {"player_slot": 1, "team_number": 0, "team_slot": 1, "hero_id": 101, "hero_variant": 1, "item_0": 277, "item_1": 1466, "item_2": 37, "item_3": 108, "item_4": 180, "item_5": 100, "backpack_0": 0, "backpack_1": 0, "backpack_2": 0, "item_neutral": 1642, "item_neutral2": 1583, "kills": 17, "deaths": 12, "assists": 23, "leaver_status": 0, "last_hits": 218, "denies": 3, "gold_per_min": 592, "xp_per_min": 844, "level": 26, "net_worth": 25239, "aghanims_scepter": 0, "aghanims_shard": 1, "moonshard": 0, "hero_damage": 35191, "tower_damage": 2035, "hero_healing": 0, "gold": 5089, "gold_spent": 21710, "ability_upgrades_arr": [5581, 5582, 5581, 5583, 5581, 5584, 5582, 5581, 5582, 5582, 5583, 5584, 5583, 5583, 6181, 411, 5584, 6885, 6884], "is_subscriber": false, "radiant_win": true, "start_time": 1764182927, "duration": 2766, "cluster": 346, "lobby_type": 7, "game_mode": 22, "is_contributor": false, "patch": 58, "region": 38, "isRadiant": true, "win": 1, "lose": 0, "total_gold": 27291, "total_xp": 38908, "kills_per_min": 0.368763557483731, "kda": 3.08, "abandons": 0, "benchmarks": {"gold_per_min": {"raw": 592, "pct": 0.9593202883625128}, "xp_per_min": {"raw": 844, "pct": 0.8859423274974253}, "kills_per_min": {"raw": 0.368763557483731, "pct": 0.8990731204943357}, "last_hits_per_min": {"raw": 4.728850325379609, "pct": 0.9230175077239959}, "hero_damage_per_min": {"raw": 763.3622559652929, "pct": 0.7270854788877446}, "hero_healing_per_min": {"raw": 0, "pct": 0.7868177136972193}, "tower_damage": {"raw": 2035, "pct": 0.9266220391349125}}}, {"player_slot": 2, "team_number": 0, "team_slot": 2, "hero_id": 4, "hero_variant": 1, "item_0": 108, "item_1": 127, "item_2": 135, "item_3": 166, "item_4": 116, "item_5": 50, "backpack_0": 11, "backpack_1": 0, "backpack_2": 0, "item_neutral": 0, "item_neutral2": 0, "kills": 10, "deaths": 7, "assists": 23, "leaver_status": 0, "last_hits": 279, "denies": 5, "gold_per_min": 616, "xp_per_min": 894, "level": 26, "net_worth": 27489, "aghanims_scepter": 0, "aghanims_shard": 1, "moonshard": 0, "hero_damage": 39961, "tower_damage": 16836, "hero_healing": 0, "gold": 6089, "gold_spent": 22040, "ability_upgrades_arr": [5016, 5017, 5015, 5016, 5016, 5018, 5015, 5017, 5017, 5016, 5015, 5018, 5015, 5017, 818, 819, 5018, 6357, 905], "is_subscriber": false, "radiant_win": true, "start_time": 1764182927, "duration": 2766, "cluster": 346, "lobby_type": 7, "game_mode": 22, "is_contributor": false, "patch": 58, "region": 38, "isRadiant": true, "win": 1, "lose": 0, "total_gold": 28397, "total_xp": 41213, "kills_per_min": 0.21691973969631237, "kda": 4.13, "abandons": 0, "benchmarks": {"gold_per_min": {"raw": 616, "pct": 0.6174698795180723}, "xp_per_min": {"raw": 894, "pct": 0.6277108433734939}, "kills_per_min": {"raw": 0.21691973969631234, "pct": 0.40481927710843374}, "last_hits_per_min": {"raw": 6.052060737527115, "pct": 0.38373493975903616}, "hero_damage_per_min": {"raw": 866.8329718004338, "pct": 0.6873493975903614}, "hero_healing_per_min": {"raw": 0, "pct": 0.9632530120481928}, "tower_damage": {"raw": 16836, "pct": 0.9421686746987952}}}, {"player_slot": 3, "team_number": 0, "team_slot": 3, "hero_id": 2, "hero_variant": 2, "item_0": 127, "item_1": 102, "item_2": 242, "item_3": 214, "item_4": 1, "item_5": 114, "backpack_0": 0, "backpack_1": 0, "backpack_2": 0, "item_neutral": 1604, "item_neutral2": 1585, "kills": 19, "deaths": 10, "assists": 28, "leaver_status": 0, "last_hits": 181, "denies": 4, "gold_per_min": 637, "xp_per_min": 1091, "level": 28, "net_worth": 27887, "aghanims_scepter": 0, "aghanims_shard": 1, "moonshard": 0, "hero_damage": 48538, "tower_damage": 3116, "hero_healing": 0, "gold": 9912, "gold_spent": 19005, "ability_upgrades_arr": [5009, 5008, 5009, 5007, 5009, 5010, 5009, 5007, 5007, 5007, 1189, 5010, 5008, 730, 974, 5008, 5008, 5010, 6991, 6608], "is_subscriber": false, "radiant_win": true, "start_time": 1764182927, "duration": 2766, "cluster": 346, "lobby_type": 7, "game_mode": 22, "is_contributor": false, "patch": 58, "region": 38, "isRadiant": true, "win": 1, "lose": 0, "total_gold": 29365, "total_xp": 50295, "kills_per_min": 0.4121475054229935, "kda": 4.27, "abandons": 0, "benchmarks": {"gold_per_min": {"raw": 637, "pct": 0.9414225941422594}, "xp_per_min": {"raw": 1091, "pct": 0.9590887959088796}, "kills_per_min": {"raw": 0.4121475054229935, "pct": 0.8665736866573687}, "last_hits_per_min": {"raw": 3.9262472885032533, "pct": 0.30404463040446306}, "hero_damage_per_min": {"raw": 1052.8850325379608, "pct": 0.9084146908414691}, "hero_healing_per_min": {"raw": 0, "pct": 0.9225941422594143}, "tower_damage": {"raw": 3116, "pct": 0.8877266387726639}}}, {"account_id": 37467834, "player_slot": 4, "team_number": 0, "team_slot": 4, "hero_id": 37, "hero_variant": 2, "item_0": 231, "item_1": 254, "item_2": 102, "item_3": 256, "item_4": 108, "item_5": 1440, "backpack_0": 0, "backpack_1": 0, "backpack_2": 0, "item_neutral": 675, "item_neutral2": 1592, "kills": 11, "deaths": 6, "assists": 45, "leaver_status": 0, "last_hits": 93, "denies": 4, "gold_per_min": 528, "xp_per_min": 814, "level": 25, "net_worth": 21636, "aghanims_scepter": 0, "aghanims_shard": 1, "moonshard": 0, "hero_damage": 30642, "tower_damage": 8806, "hero_healing": 26909, "gold": 3436, "gold_spent": 21990, "ability_upgrades_arr": [5162, 5163, 5163, 5162, 5163, 5165, 5163, 5162, 5162, 6982, 5164, 5165, 5164, 5164, 5164, 845, 5165, 6505, 6054], "personaname": "ExtremoDiaz", "name": null, "last_login": null, "rank_tier": 22, "computed_mmr": 3968.35, "is_subscriber": false, "radiant_win": true, "start_time": 1764182927, "duration": 2766, "cluster": 346, "lobby_type": 7, "game_mode": 22, "is_contributor": false, "patch": 58, "region": 38, "isRadiant": true, "win": 1, "lose": 0, "total_gold": 24340, "total_xp": 37525, "kills_per_min": 0.23861171366594358, "kda": 8, "abandons": 0, "benchmarks": {"gold_per_min": {"raw": 528, "pct": 0.9440993788819876}, "xp_per_min": {"raw": 814, "pct": 0.9649068322981367}, "kills_per_min": {"raw": 0.2386117136659436, "pct": 0.9388198757763975}, "last_hits_per_min": {"raw": 2.017353579175705, "pct": 0.3201863354037267}, "hero_damage_per_min": {"raw": 664.6854663774403, "pct": 0.7201863354037267}, "hero_healing_per_min": {"raw": 583.709327548807, "pct": 0.9922360248447205}, "tower_damage": {"raw": 8806, "pct": 0.9518633540372671}}}, {"player_slot": 128, "team_number": 1, "team_slot": 0, "hero_id": 18, "hero_variant": 2,