{"players": [{"player_slot": 0, "team_number": 0, "team_slot": 0, "hero_id": 40, "hero_variant": 2, "item_0": 0, "item_1": 231, "item_2": 39, "item_3": 38, "item_4": 0, "item_5": 92, "backpack_0": 0, "backpack_1": 0, "backpack_2": 0, "item_neutral": 840, "item_neutral2": 1583, "kills": 1, "deaths": 16, "assists": 11, "leaver_status": 0, "last_hits": 94, "denies": 1, "gold_per_min": 241, "xp_per_min": 237, "level": 12, "net_worth": 7920, "aghanims_scepter": 0, "aghanims_shard": 1, "moonshard": 0, "hero_damage": 20077, "tower_damage": 725, "hero_healing": 1573, "gold": 440, "gold_spent": 8345, "ability_upgrades_arr": [5178, 5179, 5180, 5179, 5180, 1105, 5178, 5178, 5178, 6979, 5180, 1105], "is_subscriber": false, "radiant_win": false, "start_time": 1746550624, "duration": 2287, "cluster": 346, "lobby_type": 7, "game_mode": 22, "is_contributor": false, "patch": 57, "region": 38, "isRadiant": true, "win": 0, "lose": 1, "total_gold": 9186, "total_xp": 9033, "kills_per_min": 0.026235242675994752, "kda": 0.71, "abandons": 0, "benchmarks": {"gold_per_min": {"raw": 241, "pct": 0.02796029637914162}, "xp_per_min": {"raw": 237, "pct": 0.01691597930938068}, "kills_per_min": {"raw": 0.026235242675994752, "pct": 0.05200615126520341}, "last_hits_per_min": {"raw": 2.4661128115435065, "pct": 0.4508597791136586}, "hero_damage_per_min": {"raw": 526.7249672059467, "pct": 0.2895288690060115}, "hero_healing_per_min": {"raw": 41.26803672933975, "pct": 0.6678316790157975}, "tower_damage": {"raw": 725, "pct": 0.4714105969523277}}}, {"account_id": 37467834, "player_slot": 1, "team_number": 0, "team_slot": 1, "hero_id": 69, "hero_variant": 1, "item_0": 65, "item_1": 1, "item_2": 50, "item_3": 116, "item_4": 185, "item_5": 190, "backpack_0": 0, "backpack_1": 0, "backpack_2": 0, "item_neutral": 378, "item_neutral2": 1585, "kills": 4, "deaths": 6, "assists": 14, "leaver_status": 0, "last_hits": 177, "denies": 8, "gold_per_min": 436, "xp_per_min": 635, "level": 21, "net_worth": 14156, "aghanims_scepter": 0, "aghanims_shard": 0, "moonshard": 0, "hero_damage": 20441, "tower_damage": 166, "hero_healing": 0, "gold": 806, "gold_spent": 15540, "ability_upgrades_arr": [5341, 5340, 5340, 5339, 5340, 5342, 5340, 5339, 5339, 5339, 6370, 5342, 5341, 5341, 7123, 5341, 5342, 6073], "personaname": "ExtremoDiaz", "name": null, "last_login": null, "rank_tier": 22, "computed_mmr": 3968.35, "is_subscriber": false, "radiant_win": false, "start_time": 1746550624, "duration": 2287, "cluster": 346, "lobby_type": 7, "game_mode": 22, "is_contributor": false, "patch": 57, "region": 38, "isRadiant": true, "win": 0, "lose": 1, "total_gold": 16618, "total_xp": 24204, "kills_per_min": 0.10494097070397901, "kda": 2.57, "abandons": 0, "benchmarks": {"gold_per_min": {"raw": 436, "pct": 0.12408759124087591}, "xp_per_min": {"raw": 635, "pct": 0.3270478507704785}, "kills_per_min": {"raw": 0.10494097070397901, "pct": 0.16727493917274938}, "last_hits_per_min": {"raw": 4.643637953651072, "pct": 0.2939983779399838}, "hero_damage_per_min": {"raw": 536.2745955400087, "pct": 0.39476885644768855}, "hero_healing_per_min": {"raw": 0, "pct": 0.8990267639902676}, "tower_damage": {"raw": 166, "pct": 0.2508110300081103}}}, {"player_slot": 2, "team_number": 0, "team_slot": 2, "hero_id": 86, "hero_variant": 1, "item_0": 180, "item_1": 100, "item_2": 1, "item_3": 215, "item_4": 108, "item_5": 218, "backpack_0": 0, "backpack_1": 0, "backpack_2": 0, "item_neutral": 840, "item_neutral2": 1585, "kills": 3, "deaths": 5, "assists": 19, "leaver_status": 0, "last_hits": 138, "denies": 3, "gold_per_min": 388, "xp_per_min": 554, "level": 19, "net_worth": 12227, "aghanims_scepter": 0, "aghanims_shard": 0, "moonshard": 0, "hero_damage": 27127, "tower_damage": 579, "hero_healing": 0, "gold": 627, "gold_spent": 12845, "ability_upgrades_arr": [5450, 7320, 5448, 5450, 7320, 5452, 5450, 7320, 7320, 5450, 5448, 5452, 5448, 5448, 897, 518, 5452], "is_subscriber": false, "radiant_win": false, "start_time": 1746550624, "duration": 2287, "cluster": 346, "lobby_type": 7, "game_mode": 22, "is_contributor": false, "patch": 57, "region": 38, "isRadiant": true, "win": 0, "lose": 1, "total_gold": 14789, "total_xp": 21116, "kills_per_min": 0.07870572802798426, "kda": 3.67, "abandons": 0, "benchmarks": {"gold_per_min": {"raw": 388, "pct": 0.4427275780987571}, "xp_per_min": {"raw": 554, "pct": 0.37487403426268057}, "kills_per_min": {"raw": 0.07870572802798427, "pct": 0.23009741350352705}, "last_hits_per_min": {"raw": 3.6204634892872756, "pct": 0.7164931138730265}, "hero_damage_per_min": {"raw": 711.6834280717096, "pct": 0.7492442055760833}, "hero_healing_per_min": {"raw": 0, "pct": 0.47027208599261}, "tower_damage": {"raw": 579, "pct": 0.5218340611353712}}}, {"player_slot": 3, "team_number": 0, "team_slot": 3, "hero_id": 10, "hero_variant": 1, "item_0": 147, "item_1": 26, "item_2": 73, "item_3": 4206, "item_4": 160, "item_5": 63, "backpack_0": 4204, "backpack_1": 4205, "backpack_2": 0, "item_neutral": 1159, "item_neutral2": 1584, "kills": 4, "deaths": 9, "assists": 0, "leaver_status": 0, "last_hits": 249, "denies": 6, "gold_per_min": 404, "xp_per_min": 481, "level": 18, "net_worth": 13841, "aghanims_scepter": 0, "aghanims_shard": 0, "moonshard": 0, "hero_damage": 7506, "tower_damage": 1460, "hero_healing": 0, "gold": 1086, "gold_spent": 13275, "ability_upgrades_arr": [5055, 5053, 5055, 5053, 5055, 5053, 5055, 5053, 5052, 5052, 6138, 5052, 5052, 730, 6062, 730, 730, 730], "is_subscriber": false, "radiant_win": false, "start_time": 1746550624, "duration": 2287, "cluster": 346, "lobby_type": 7, "game_mode": 22, "is_contributor": false, "patch": 57, "region": 38, "isRadiant": true, "win": 0, "lose": 1, "total_gold": 15399, "total_xp": 18334, "kills_per_min": 0.10494097070397901, "kda": 0.4, "abandons": 0, "benchmarks": {"gold_per_min": {"raw": 404, "pct": 0.20763187429854096}, "xp_per_min": {"raw": 481, "pct": 0.1526374859708193}, "kills_per_min": {"raw": 0.10494097070397901, "pct": 0.3069584736251403}, "last_hits_per_min": {"raw": 6.532575426322693, "pct": 0.34175084175084175}, "hero_damage_per_min": {"raw": 196.92173152601663, "pct": 0.11503928170594838}, "hero_healing_per_min": {"raw": 0, "pct": 0.39337822671156003}, "tower_damage": {"raw": 1460, "pct": 0.4225589225589226}}}, {"account_id": 154163102, "player_slot": 4, "team_number": 0, "team_slot": 4, "hero_id": 35, "hero_variant": 2, "item_0": 75, "item_1": 263, "item_2": 63, "item_3": 166, "item_4": 141, "item_5": 75, "backpack_0": 157, "backpack_1": 0, "backpack_2": 0, "item_neutral": 828, "item_neutral2": 1586, "kills": 13, "deaths": 6, "assists": 5, "leaver_status": 0, "last_hits": 233, "denies": 7, "gold_per_min": 530, "xp_per_min": 658, "level": 21, "net_worth": 18713, "aghanims_scepter": 0, "aghanims_shard": 0, "moonshard": 0, "hero_damage": 43839, "tower_damage": 483, "hero_healing": 0, "gold": 3253, "gold_spent": 16705, "ability_upgrades_arr": [5155, 5154, 5154, 5155, 5154, 5157, 5154, 5156, 5156, 928, 5156, 5157, 5156, 5155, 7892, 5155, 5157, 6897], "personaname": "RedEyes", "name": null, "last_login": null, "rank_tier": 25, "computed_mmr": 3983.99, "is_subscriber": false, "radiant_win": false, "start_time": 1746550624, "duration": 2287, "cluster": 346, "lobby_type": 7, "game_mode": 22, "is_contributor": false, "patch": 57, "region": 38, "isRadiant": true, "win": 0, "lose": 1, "total_gold": 20201, "total_xp": 25080, "kills_per_min": 0.3410581547879318, "kda": 2.57, "abandons": 0, "benchmarks": {"gold_per_min": {"raw": 530, "pct": 0.43418467583497056}, "xp_per_min": {"raw": 658, "pct": 0.39746108508387484}, "kills_per_min": {"raw": 0.3410581547879318, "pct": 0.746410760163216}, "last_hits_per_min": {"raw": 6.112811543506777, "pct": 0.4638053498564304}, "hero_damage_per_min": {"raw": 1150.126803672934, "pct": 0.8156264168051988}, "hero_healing_per_min": {"raw": 0, "pct": 0.9321444763487986}, "tower_damage": {"raw": 483, "pct": 0.21958591506725103}}}, {"player_slot": 128, "team_number": 1,