{"players": [{"player_slot": 0, "team_number": 0, "team_slot": 0, "hero_id": 5, "hero_variant": 3, "item_0": 214, "item_1": 34, "item_2": 8, "item_3": 232, "item_4": 254, "item_5": 218, "backpack_0": 0, "backpack_1": 0, "backpack_2": 0, "item_neutral": 1604, "item_neutral2": 1584, "kills": 3, "deaths": 20, "assists": 9, "leaver_status": 0, "last_hits": 44, "denies": 2, "gold_per_min": 272, "xp_per_min": 396, "level": 16, "net_worth": 7724, "aghanims_scepter": 0, "aghanims_shard": 0, "moonshard": 0, "hero_damage": 13617, "tower_damage": 0, "hero_healing": 0, "gold": 549, "gold_spent": 9180, "ability_upgrades_arr": [5127, 5128, 5127, 5126, 5127, 5129, 5127, 5128, 5128, 5959, 5126, 5129, 5126, 5126, 956, 5128], "is_subscriber": false, "radiant_win": false, "start_time": 1760486888, "duration": 2320, "cluster": 251, "lobby_type": 7, "game_mode": 22, "is_contributor": false, "patch": 58, "region": 15, "isRadiant": true, "win": 0, "lose": 1, "total_gold": 10517, "total_xp": 15312, "kills_per_min": 0.07758620689655173, "kda": 0.57, "abandons": 0, "benchmarks": {"gold_per_min": {"raw": 272, "pct": 0.16370106761565836}, "xp_per_min": {"raw": 396, "pct": 0.1713660005474952}, "kills_per_min": {"raw": 0.07758620689655173, "pct": 0.31207226936764304}, "last_hits_per_min": {"raw": 1.1379310344827587, "pct": 0.23733917328223378}, "hero_damage_per_min": {"raw": 352.16379310344826, "pct": 0.3082398029017246}, "hero_healing_per_min": {"raw": 0, "pct": 0.7161237339173282}, "tower_damage": {"raw": 0, "pct": 0.21762934574322473}}}, {"player_slot": 1, "team_number": 0, "team_slot": 1, "hero_id": 41, "hero_variant": 2, "item_0": 36, "item_1": 116, "item_2": 63, "item_3": 147, "item_4": 158, "item_5": 75, "backpack_0": 0, "backpack_1": 4204, "backpack_2": 0, "item_neutral": 1603, "item_neutral2": 1594, "kills": 10, "deaths": 10, "assists": 10, "leaver_status": 0, "last_hits": 292, "denies": 11, "gold_per_min": 593, "xp_per_min": 889, "level": 25, "net_worth": 19273, "aghanims_scepter": 0, "aghanims_shard": 1, "moonshard": 0, "hero_damage": 33091, "tower_damage": 1110, "hero_healing": 0, "gold": 1218, "gold_spent": 18445, "ability_upgrades_arr": [5182, 5184, 5182, 5691, 5182, 5185, 5182, 5184, 5184, 5184, 5691, 5185, 5691, 5691, 6807, 730, 5185, 730, 730, 6128, 730, 856, 6651], "is_subscriber": false, "radiant_win": false, "start_time": 1760486888, "duration": 2320, "cluster": 251, "lobby_type": 7, "game_mode": 22, "is_contributor": false, "patch": 58, "region": 15, "isRadiant": true, "win": 0, "lose": 1, "total_gold": 22929, "total_xp": 34374, "kills_per_min": 0.25862068965517243, "kda": 1.82, "abandons": 0, "benchmarks": {"gold_per_min": {"raw": 593, "pct": 0.5867995874871089}, "xp_per_min": {"raw": 889, "pct": 0.6170505328291509}, "kills_per_min": {"raw": 0.25862068965517243, "pct": 0.6634582330697835}, "last_hits_per_min": {"raw": 7.551724137931035, "pct": 0.6201443795118597}, "hero_damage_per_min": {"raw": 855.801724137931, "pct": 0.8270883465108284}, "hero_healing_per_min": {"raw": 0, "pct": 0.9491234101065659}, "tower_damage": {"raw": 1110, "pct": 0.39876246132691645}}}, {"account_id": 214477799, "player_slot": 2, "team_number": 0, "team_slot": 2, "hero_id": 39, "hero_variant": 2, "item_0": 41, "item_1": 63, "item_2": 77, "item_3": 534, "item_4": 250, "item_5": 58, "backpack_0": 0, "backpack_1": 0, "backpack_2": 0, "item_neutral": 828, "item_neutral2": 1594, "kills": 13, "deaths": 10, "assists": 7, "leaver_status": 0, "last_hits": 187, "denies": 10, "gold_per_min": 547, "xp_per_min": 691, "level": 22, "net_worth": 16935, "aghanims_scepter": 0, "aghanims_shard": 0, "moonshard": 0, "hero_damage": 40295, "tower_damage": 1776, "hero_healing": 0, "gold": 2055, "gold_spent": 15950, "ability_upgrades_arr": [5175, 5174, 5175, 5174, 5175, 5176, 5175, 5174, 5174, 5173, 5173, 5176, 5173, 5173, 5939, 1279, 5176, 590], "personaname": "[L]huo", "name": null, "last_login": null, "rank_tier": 51, "computed_mmr": 3925.98, "is_subscriber": false, "radiant_win": false, "start_time": 1760486888, "duration": 2320, "cluster": 251, "lobby_type": 7, "game_mode": 22, "is_contributor": false, "patch": 58, "region": 15, "isRadiant": true, "win": 0, "lose": 1, "total_gold": 21150, "total_xp": 26718, "kills_per_min": 0.33620689655172414, "kda": 1.82, "abandons": 0, "benchmarks": {"gold_per_min": {"raw": 547, "pct": 0.5560690829481878}, "xp_per_min": {"raw": 691, "pct": 0.38457796156652885}, "kills_per_min": {"raw": 0.33620689655172414, "pct": 0.7445876915592313}, "last_hits_per_min": {"raw": 4.836206896551724, "pct": 0.3901727073704695}, "hero_damage_per_min": {"raw": 1042.1120689655172, "pct": 0.7363171977621017}, "hero_healing_per_min": {"raw": 0, "pct": 0.806373145220141}, "tower_damage": {"raw": 1776, "pct": 0.5344198491851131}}}, {"player_slot": 3, "team_number": 0, "team_slot": 3, "hero_id": 19, "hero_variant": 1, "item_0": 1, "item_1": 180, "item_2": 252, "item_3": 44, "item_4": 149, "item_5": 55, "backpack_0": 0, "backpack_1": 0, "backpack_2": 0, "item_neutral": 565, "item_neutral2": 1583, "kills": 3, "deaths": 16, "assists": 13, "leaver_status": 0, "last_hits": 120, "denies": 0, "gold_per_min": 405, "xp_per_min": 519, "level": 19, "net_worth": 12903, "aghanims_scepter": 0, "aghanims_shard": 1, "moonshard": 0, "hero_damage": 21215, "tower_damage": 453, "hero_healing": 0, "gold": 1123, "gold_spent": 12320, "ability_upgrades_arr": [5107, 5106, 5107, 5106, 5107, 5106, 5107, 5106, 5109, 6934, 5108, 5109, 5108, 6937, 558, 6937, 5109], "is_subscriber": false, "radiant_win": false, "start_time": 1760486888, "duration": 2320, "cluster": 251, "lobby_type": 7, "game_mode": 22, "is_contributor": false, "patch": 58, "region": 15, "isRadiant": true, "win": 0, "lose": 1, "total_gold": 15660, "total_xp": 20068, "kills_per_min": 0.07758620689655173, "kda": 0.94, "abandons": 0, "benchmarks": {"gold_per_min": {"raw": 405, "pct": 0.4920808301474604}, "xp_per_min": {"raw": 519, "pct": 0.3178590933915893}, "kills_per_min": {"raw": 0.07758620689655173, "pct": 0.2577826324412889}, "last_hits_per_min": {"raw": 3.103448275862069, "pct": 0.4554888039322774}, "hero_damage_per_min": {"raw": 548.6637931034484, "pct": 0.5783724740578918}, "hero_healing_per_min": {"raw": 0, "pct": 0.8083014746040416}, "tower_damage": {"raw": 453, "pct": 0.4167121791370836}}}, {"account_id": 45421382, "player_slot": 4, "team_number": 0, "team_slot": 4, "hero_id": 7, "hero_variant": 1, "item_0": 190, "item_1": 0, "item_2": 127, "item_3": 180, "item_4": 1, "item_5": 100, "backpack_0": 0, "backpack_1": 0, "backpack_2": 0, "item_neutral": 1599, "item_neutral2": 1594, "kills": 1, "deaths": 13, "assists": 8, "leaver_status": 0, "last_hits": 151, "denies": 3, "gold_per_min": 345, "xp_per_min": 501, "level": 18, "net_worth": 11479, "aghanims_scepter": 0, "aghanims_shard": 0, "moonshard": 0, "hero_damage": 16787, "tower_damage": 0, "hero_healing": 0, "gold": 1104, "gold_spent": 12165, "ability_upgrades_arr": [5024, 5025, 5025, 5024, 5023, 5026, 5025, 5025, 5024, 5024, 450, 5026, 5023, 5023, 858, 5023, 5026], "personaname": "La Chaucha", "name": null, "last_login": "2026-03-03T14:36:01.200Z", "rank_tier": 42, "computed_mmr": 4031.51, "is_subscriber": false, "radiant_win": false, "start_time": 1760486888, "duration": 2320, "cluster": 251, "lobby_type": 7, "game_mode": 22, "is_contributor": false, "patch": 58, "region": 15, "isRadiant": true, "win": 0, "lose": 1, "total_gold": 13340, "total_xp": 19372, "kills_per_min": 0.025862068965517244, "kda": 0.64, "abandons": 0, "benchmarks": {"gold_per_min": {"raw": 345, "pct": 0.17976373908577298}, "xp_per_min": {"raw": 501, "pct": 0.22650231124807396}, "kills_per_min": {"raw": 0.02586206896551724, "pct": 0.045454545454545456}, "last_hits_per_min": {"raw": 3.9051724137931036, "pct": 0.47817154596815614}, "hero_damage_per_min": {"raw": 434.14655172413796, "pct": 0.21443246019517206}, "hero_healing_per_min": {"raw": 0, "pct": 0.8248587570621468}, "tower_damage": {"raw": 0,