{"match_id": 8674060508, "players": [{"account_id": 45421382, "player_slot": 0, "party_id": 0, "permanent_buffs": [{"permanent_buff": 5, "stack_count": 50, "grant_time": 1595}], "party_size": 1, "team_number": 0, "team_slot": 0, "hero_id": 104, "hero_variant": 1, "item_0": 36, "item_1": 168, "item_2": 127, "item_3": 50, "item_4": 1, "item_5": 22, "backpack_0": 21, "backpack_1": 0, "backpack_2": 23, "item_neutral": 1599, "item_neutral2": 1585, "kills": 1, "deaths": 14, "assists": 8, "leaver_status": 0, "last_hits": 192, "denies": 3, "gold_per_min": 363, "xp_per_min": 487, "level": 20, "net_worth": 13481, "aghanims_scepter": 0, "aghanims_shard": 0, "moonshard": 0, "hero_damage": 15450, "tower_damage": 1109, "hero_healing": 1116, "gold": 371, "gold_spent": 16495, "ability_upgrades_arr": [5595, 5597, 5595, 5596, 5595, 5598, 5597, 5597, 5597, 1113, 730, 5595, 5596, 5598, 5596, 6671, 730, 5596, 5598, 6526], "personaname": "La Chaucha", "name": null, "last_login": "2026-03-03T14:36:01.200Z", "rank_tier": 42, "computed_mmr": 4031.51, "is_subscriber": false, "radiant_win": false, "start_time": 1769980897, "duration": 2684, "cluster": 241, "lobby_type": 7, "game_mode": 22, "is_contributor": false, "patch": 59, "region": 14, "isRadiant": true, "win": 0, "lose": 1, "total_gold": 16238, "total_xp": 21785, "kills_per_min": 0.022354694485842028, "kda": 0.6, "abandons": 0, "benchmarks": {"gold_per_min": {"raw": 363, "pct": 0.1206201550387597}, "xp_per_min": {"raw": 487, "pct": 0.14248062015503876}, "kills_per_min": {"raw": 0.022354694485842028, "pct": 0.017674418604651163}, "last_hits_per_min": {"raw": 4.292101341281669, "pct": 0.3705426356589147}, "hero_damage_per_min": {"raw": 345.3800298062593, "pct": 0.06976744186046512}, "hero_healing_per_min": {"raw": 24.947839046199704, "pct": 0.4091472868217054}, "tower_damage": {"raw": 1109, "pct": 0.4117829457364341}}}, {"account_id": 1178780828, "player_slot": 1, "party_id": 1, "permanent_buffs": [{"permanent_buff": 12, "stack_count": 0, "grant_time": 2326}], "party_size": 1, "team_number": 0, "team_slot": 1, "hero_id": 110, "hero_variant": 1, "item_0": 116, "item_1": 108, "item_2": 0, "item_3": 931, "item_4": 178, "item_5": 206, "backpack_0": 0, "backpack_1": 0, "backpack_2": 0, "item_neutral": 1601, "item_neutral2": 1583, "kills": 3, "deaths": 12, "assists": 20, "leaver_status": 0, "last_hits": 203, "denies": 1, "gold_per_min": 416, "xp_per_min": 590, "level": 22, "net_worth": 17212, "aghanims_scepter": 0, "aghanims_shard": 1, "moonshard": 0, "hero_damage": 20962, "tower_damage": 595, "hero_healing": 3457, "gold": 282, "gold_spent": 18335, "ability_upgrades_arr": [5623, 5625, 5625, 5623, 5625, 5630, 5625, 5623, 5623, 5626, 406, 5626, 5630, 5626, 5626, 6401, 5630, 6915], "personaname": "Sk1mO", "name": null, "last_login": null, "rank_tier": 51, "computed_mmr": 4172.17, "is_subscriber": false, "radiant_win": false, "start_time": 1769980897, "duration": 2684, "cluster": 241, "lobby_type": 7, "game_mode": 22, "is_contributor": false, "patch": 59, "region": 14, "isRadiant": true, "win": 0, "lose": 1, "total_gold": 18609, "total_xp": 26392, "kills_per_min": 0.06706408345752608, "kda": 1.77, "abandons": 0, "benchmarks": {"gold_per_min": {"raw": 416, "pct": 0.4646900269541779}, "xp_per_min": {"raw": 590, "pct": 0.4091644204851752}, "kills_per_min": {"raw": 0.06706408345752608, "pct": 0.11590296495956873}, "last_hits_per_min": {"raw": 4.538002980625932, "pct": 0.7320754716981132}, "hero_damage_per_min": {"raw": 468.59910581222056, "pct": 0.14393530997304582}, "hero_healing_per_min": {"raw": 77.28017883755588, "pct": 0.6199460916442049}, "tower_damage": {"raw": 595, "pct": 0.5105121293800539}}}, {"account_id": 125171212, "player_slot": 2, "party_id": 2, "permanent_buffs": [{"permanent_buff": 3, "stack_count": 17, "grant_time": 179}], "party_size": 1, "team_number": 0, "team_slot": 2, "hero_id": 75, "hero_variant": 4, "item_0": 100, "item_1": 102, "item_2": 36, "item_3": 0, "item_4": 63, "item_5": 108, "backpack_0": 0, "backpack_1": 0, "backpack_2": 0, "item_neutral": 840, "item_neutral2": 1583, "kills": 8, "deaths": 18, "assists": 14, "leaver_status": 0, "last_hits": 42, "denies": 1, "gold_per_min": 302, "xp_per_min": 527, "level": 20, "net_worth": 11585, "aghanims_scepter": 0, "aghanims_shard": 0, "moonshard": 0, "hero_damage": 20414, "tower_damage": 763, "hero_healing": 0, "gold": 725, "gold_spent": 11275, "ability_upgrades_arr": [5377, 5379, 5377, 5379, 5377, 5380, 5377, 5379, 5379, 6184, 5378, 5378, 5380, 5378, 5378, 721, 5380, 6880], "personaname": "†BLÀK†", "name": null, "last_login": null, "rank_tier": 45, "computed_mmr": 4056.42, "is_subscriber": false, "radiant_win": false, "start_time": 1769980897, "duration": 2684, "cluster": 241, "lobby_type": 7, "game_mode": 22, "is_contributor": false, "patch": 59, "region": 14, "isRadiant": true, "win": 0, "lose": 1, "total_gold": 13509, "total_xp": 23574, "kills_per_min": 0.17883755588673622, "kda": 1.16, "abandons": 0, "benchmarks": {"gold_per_min": {"raw": 302, "pct": 0.2187779433681073}, "xp_per_min": {"raw": 527, "pct": 0.4309985096870343}, "kills_per_min": {"raw": 0.17883755588673622, "pct": 0.6545454545454545}, "last_hits_per_min": {"raw": 0.9388971684053652, "pct": 0.14336810730253352}, "hero_damage_per_min": {"raw": 456.34873323397915, "pct": 0.4941877794336811}, "hero_healing_per_min": {"raw": 0, "pct": 0.723397913561848}, "tower_damage": {"raw": 763, "pct": 0.5317436661698957}}}, {"account_id": 848804249, "player_slot": 3, "party_id": 3, "permanent_buffs": [{"permanent_buff": 12, "stack_count": 0, "grant_time": 2619}], "party_size": 1, "team_number": 0, "team_slot": 3, "hero_id": 70, "hero_variant": 1, "item_0": 603, "item_1": 208, "item_2": 26, "item_3": 147, "item_4": 29, "item_5": 145, "backpack_0": 4206, "backpack_1": 0, "backpack_2": 0, "item_neutral": 1643, "item_neutral2": 1597, "kills": 13, "deaths": 5, "assists": 13, "leaver_status": 0, "last_hits": 377, "denies": 4, "gold_per_min": 675, "xp_per_min": 1033, "level": 27, "net_worth": 28040, "aghanims_scepter": 0, "aghanims_shard": 1, "moonshard": 0, "hero_damage": 40762, "tower_damage": 3571, "hero_healing": 0, "gold": 3540, "gold_spent": 25305, "ability_upgrades_arr": [5359, 5357, 5359, 5358, 5357, 5360, 5359, 5358, 5358, 5358, 6975, 5359, 5360, 5357, 5357, 1706, 5360, 6132, 6974, 6926], "personaname": "凸(^_^)凸R¥ÂN凸(^_^)凸", "name": null, "last_login": null, "rank_tier": 53, "computed_mmr": 4164.25, "is_subscriber": false, "radiant_win": false, "start_time": 1769980897, "duration": 2684, "cluster": 241, "lobby_type": 7, "game_mode": 22, "is_contributor": false, "patch": 59, "region": 14, "isRadiant": true, "win": 0, "lose": 1, "total_gold": 30195, "total_xp": 46209, "kills_per_min": 0.2906110283159463, "kda": 4.33, "abandons": 0, "benchmarks": {"gold_per_min": {"raw": 675, "pct": 0.7415929203539823}, "xp_per_min": {"raw": 1033, "pct": 0.7969026548672566}, "kills_per_min": {"raw": 0.2906110283159463, "pct": 0.5548672566371682}, "last_hits_per_min": {"raw": 8.427719821162444, "pct": 0.7300884955752213}, "hero_damage_per_min": {"raw": 911.2220566318927, "pct": 0.7539823008849558}, "hero_healing_per_min": {"raw": 0, "pct": 0.9517699115044248}, "tower_damage": {"raw": 3571, "pct": 0.5787610619469027}}}, {"account_id": 1265296400, "player_slot": 4, "party_id": 4, "permanent_buffs": [], "party_size": 1, "team_number": 0, "team_slot": 4, "hero_id": 88, "hero_variant": 2, "item_0": 202, "item_1": 180, "item_2": 218, "item_3": 36, "item_4": 267, "item_5": 100, "backpack_0": 0, "backpack_1": 0, "backpack_2": 0, "item_neutral": 1604, "item_neutral2": 1583, "kills": 13, "deaths": 7, "assists": 17, "leaver_status": 0, "last_hits": 76, "denies": 4, "gold_per_min": 416, "xp_per_min": 670, "level": 23, "net_worth": 13977, "aghanims_scepter": 0, "aghanims_shard": 0, "moonshard": 0, "hero_damage": 27358, "tower_damage": 1563, "hero_healing": 797, "gold": 1492, "gold_spent": 14920,