{"players": [{"player_slot": 0, "team_number": 0, "team_slot": 0, "hero_id": 8, "hero_variant": 1, "item_0": 50, "item_1": 135, "item_2": 147, "item_3": 145, "item_4": 75, "item_5": 108, "backpack_0": 0, "backpack_1": 0, "backpack_2": 4204, "item_neutral": 1637, "item_neutral2": 1584, "kills": 12, "deaths": 2, "assists": 9, "leaver_status": 0, "last_hits": 259, "denies": 9, "gold_per_min": 680, "xp_per_min": 1040, "level": 24, "net_worth": 20656, "aghanims_scepter": 0, "aghanims_shard": 0, "moonshard": 0, "hero_damage": 23203, "tower_damage": 13079, "hero_healing": 3014, "gold": 1001, "gold_spent": 20465, "ability_upgrades_arr": [5028, 5027, 5028, 5029, 5028, 5030, 5028, 5027, 5027, 5027, 7021, 5030, 5029, 5029, 1192, 5029, 5030, 6105], "is_subscriber": false, "radiant_win": true, "start_time": 1755051264, "duration": 1888, "cluster": 346, "lobby_type": 7, "game_mode": 22, "is_contributor": false, "patch": 58, "region": 38, "isRadiant": true, "win": 1, "lose": 0, "total_gold": 21397, "total_xp": 32725, "kills_per_min": 0.38135593220338987, "kda": 7, "abandons": 0, "benchmarks": {"gold_per_min": {"raw": 680, "pct": 0.7132045929018789}, "xp_per_min": {"raw": 1040, "pct": 0.8089770354906054}, "kills_per_min": {"raw": 0.38135593220338987, "pct": 0.8982254697286013}, "last_hits_per_min": {"raw": 8.23093220338983, "pct": 0.5112212943632568}, "hero_damage_per_min": {"raw": 737.3834745762712, "pct": 0.673277661795407}, "hero_healing_per_min": {"raw": 95.78389830508473, "pct": 0.4003131524008351}, "tower_damage": {"raw": 13079, "pct": 0.782098121085595}}}, {"player_slot": 1, "team_number": 0, "team_slot": 1, "hero_id": 75, "hero_variant": 4, "item_0": 108, "item_1": 206, "item_2": 28, "item_3": 180, "item_4": 0, "item_5": 0, "backpack_0": 0, "backpack_1": 0, "backpack_2": 0, "item_neutral": 1604, "item_neutral2": 1594, "kills": 4, "deaths": 7, "assists": 20, "leaver_status": 0, "last_hits": 15, "denies": 0, "gold_per_min": 284, "xp_per_min": 400, "level": 15, "net_worth": 8541, "aghanims_scepter": 0, "aghanims_shard": 0, "moonshard": 0, "hero_damage": 12594, "tower_damage": 1242, "hero_healing": 0, "gold": 516, "gold_spent": 8125, "ability_upgrades_arr": [5377, 5379, 5377, 5379, 5379, 5380, 5379, 5377, 5377, 6184, 5378, 5380, 5378, 5378, 721], "is_subscriber": false, "radiant_win": true, "start_time": 1755051264, "duration": 1888, "cluster": 346, "lobby_type": 7, "game_mode": 22, "is_contributor": false, "patch": 58, "region": 38, "isRadiant": true, "win": 1, "lose": 0, "total_gold": 8936, "total_xp": 12586, "kills_per_min": 0.1271186440677966, "kda": 3, "abandons": 0, "benchmarks": {"gold_per_min": {"raw": 284, "pct": 0.17406855439642324}, "xp_per_min": {"raw": 400, "pct": 0.19225037257824143}, "kills_per_min": {"raw": 0.1271186440677966, "pct": 0.46199701937406856}, "last_hits_per_min": {"raw": 0.47669491525423724, "pct": 0.027719821162444112}, "hero_damage_per_min": {"raw": 400.2330508474576, "pct": 0.35767511177347244}, "hero_healing_per_min": {"raw": 0, "pct": 0.723397913561848}, "tower_damage": {"raw": 1242, "pct": 0.6280178837555886}}}, {"player_slot": 2, "team_number": 0, "team_slot": 2, "hero_id": 104, "hero_variant": 1, "item_0": 1, "item_1": 112, "item_2": 0, "item_3": 127, "item_4": 125, "item_5": 48, "backpack_0": 0, "backpack_1": 0, "backpack_2": 0, "item_neutral": 828, "item_neutral2": 1584, "kills": 14, "deaths": 6, "assists": 10, "leaver_status": 0, "last_hits": 137, "denies": 5, "gold_per_min": 531, "xp_per_min": 598, "level": 18, "net_worth": 15820, "aghanims_scepter": 0, "aghanims_shard": 0, "moonshard": 0, "hero_damage": 27098, "tower_damage": 6782, "hero_healing": 240, "gold": 1945, "gold_spent": 14140, "ability_upgrades_arr": [5595, 5596, 5595, 5597, 5595, 5598, 5595, 5597, 5597, 5596, 5597, 5598, 5596, 5596, 1113, 6671, 5598], "is_subscriber": false, "radiant_win": true, "start_time": 1755051264, "duration": 1888, "cluster": 346, "lobby_type": 7, "game_mode": 22, "is_contributor": false, "patch": 58, "region": 38, "isRadiant": true, "win": 1, "lose": 0, "total_gold": 16708, "total_xp": 18817, "kills_per_min": 0.44491525423728817, "kda": 3.43, "abandons": 0, "benchmarks": {"gold_per_min": {"raw": 531, "pct": 0.6469767441860466}, "xp_per_min": {"raw": 598, "pct": 0.3097674418604651}, "kills_per_min": {"raw": 0.44491525423728817, "pct": 0.9091472868217054}, "last_hits_per_min": {"raw": 4.353813559322034, "pct": 0.38666666666666666}, "hero_damage_per_min": {"raw": 861.1652542372881, "pct": 0.7475968992248062}, "hero_healing_per_min": {"raw": 7.627118644067796, "pct": 0.15767441860465117}, "tower_damage": {"raw": 6782, "pct": 0.8148837209302325}}}, {"player_slot": 3, "team_number": 0, "team_slot": 3, "hero_id": 101, "hero_variant": 2, "item_0": 108, "item_1": 77, "item_2": 259, "item_3": 36, "item_4": 180, "item_5": 206, "backpack_0": 27, "backpack_1": 0, "backpack_2": 0, "item_neutral": 1604, "item_neutral2": 1584, "kills": 6, "deaths": 3, "assists": 18, "leaver_status": 0, "last_hits": 94, "denies": 1, "gold_per_min": 422, "xp_per_min": 610, "level": 18, "net_worth": 12816, "aghanims_scepter": 0, "aghanims_shard": 1, "moonshard": 0, "hero_damage": 18541, "tower_damage": 1148, "hero_healing": 168, "gold": 36, "gold_spent": 13345, "ability_upgrades_arr": [5582, 5581, 5582, 5583, 5582, 5584, 5581, 5582, 5581, 411, 5581, 5584, 5583, 5583, 5583, 6181, 5584], "is_subscriber": false, "radiant_win": true, "start_time": 1755051264, "duration": 1888, "cluster": 346, "lobby_type": 7, "game_mode": 22, "is_contributor": false, "patch": 58, "region": 38, "isRadiant": true, "win": 1, "lose": 0, "total_gold": 13278, "total_xp": 19194, "kills_per_min": 0.19067796610169493, "kda": 6, "abandons": 0, "benchmarks": {"gold_per_min": {"raw": 422, "pct": 0.7125597785049081}, "xp_per_min": {"raw": 610, "pct": 0.5341052101686383}, "kills_per_min": {"raw": 0.19067796610169493, "pct": 0.5182481751824818}, "last_hits_per_min": {"raw": 2.98728813559322, "pct": 0.7880694689151775}, "hero_damage_per_min": {"raw": 589.2266949152543, "pct": 0.45582683110999245}, "hero_healing_per_min": {"raw": 5.338983050847458, "pct": 0.9166876415806695}, "tower_damage": {"raw": 1148, "pct": 0.7988925245406494}}}, {"player_slot": 4, "team_number": 0, "team_slot": 4, "hero_id": 74, "hero_variant": 3, "item_0": 98, "item_1": 116, "item_2": 1, "item_3": 16, "item_4": 1802, "item_5": 29, "backpack_0": 0, "backpack_1": 16, "backpack_2": 0, "item_neutral": 1604, "item_neutral2": 1583, "kills": 10, "deaths": 3, "assists": 9, "leaver_status": 0, "last_hits": 124, "denies": 16, "gold_per_min": 475, "xp_per_min": 497, "level": 16, "net_worth": 13481, "aghanims_scepter": 0, "aghanims_shard": 0, "moonshard": 0, "hero_damage": 17941, "tower_damage": 4506, "hero_healing": 0, "gold": 1506, "gold_spent": 13210, "ability_upgrades_arr": [5372, 5370, 5372, 5371, 5372, 5370, 5370, 5370, 5372, 5371, 5371, 5372, 5371, 5372, 5371, 5371], "is_subscriber": false, "radiant_win": true, "start_time": 1755051264, "duration": 1888, "cluster": 346, "lobby_type": 7, "game_mode": 22, "is_contributor": false, "patch": 58, "region": 38, "isRadiant": true, "win": 1, "lose": 0, "total_gold": 14946, "total_xp": 15638, "kills_per_min": 0.31779661016949157, "kda": 4.75, "abandons": 0, "benchmarks": {"gold_per_min": {"raw": 475, "pct": 0.5478219696969697}, "xp_per_min": {"raw": 497, "pct": 0.23816287878787878}, "kills_per_min": {"raw": 0.3177966101694915, "pct": 0.8379103535353535}, "last_hits_per_min": {"raw": 3.940677966101695, "pct": 0.5033143939393939}, "hero_damage_per_min": {"raw": 570.1588983050848, "pct": 0.4428661616161616}, "hero_healing_per_min": {"raw": 0, "pct": 0.83364898989899}, "tower_damage": {"raw": 4506, "pct": 0.7247474747474747}}}, {"account_id": 238892450, "player_slot": 128, "team_number": 1, "team_slot": 0, "hero_id": 21, "hero_variant": 5, "item_0": 166, "item_1": 596, "item_2": 174, "item_3": 28, "item_4": 180, "item_5": 0, "backpack_0": 237, "backpack_1": 0, "backpack_2": 0, "item_neutral": 71,