{"players": [{"player_slot": 0, "team_number": 0, "team_slot": 0, "hero_id": 104, "hero_variant": 1, "item_0": 108, "item_1": 135, "item_2": 127, "item_3": 50, "item_4": 1, "item_5": 168, "backpack_0": 0, "backpack_1": 0, "backpack_2": 0, "item_neutral": 1605, "item_neutral2": 1584, "kills": 8, "deaths": 8, "assists": 10, "leaver_status": 0, "last_hits": 293, "denies": 3, "gold_per_min": 501, "xp_per_min": 857, "level": 27, "net_worth": 22160, "aghanims_scepter": 0, "aghanims_shard": 0, "moonshard": 0, "hero_damage": 35390, "tower_damage": 3999, "hero_healing": 873, "gold": 3510, "gold_spent": 20930, "ability_upgrades_arr": [5595, 5597, 5595, 5597, 5595, 5598, 5597, 5595, 5597, 1176, 730, 5596, 5598, 5596, 5596, 5596, 6671, 5598, 6526, 925, 1113], "is_subscriber": false, "radiant_win": true, "start_time": 1772243198, "duration": 3206, "cluster": 381, "lobby_type": 0, "game_mode": 22, "is_contributor": false, "patch": 59, "isRadiant": true, "win": 1, "lose": 0, "total_gold": 26770, "total_xp": 45792, "kills_per_min": 0.14971927635683094, "kda": 2, "abandons": 0, "benchmarks": {"gold_per_min": {"raw": 501, "pct": 0.5357737104825291}, "xp_per_min": {"raw": 857, "pct": 0.7580698835274542}, "kills_per_min": {"raw": 0.14971927635683094, "pct": 0.29367720465890185}, "last_hits_per_min": {"raw": 5.483468496568934, "pct": 0.7184692179700499}, "hero_damage_per_min": {"raw": 662.3206487835308, "pct": 0.4795341098169717}, "hero_healing_per_min": {"raw": 16.338116032439174, "pct": 0.3003327787021631}, "tower_damage": {"raw": 3999, "pct": 0.6502495840266223}}}, {"account_id": 37467834, "player_slot": 1, "team_number": 0, "team_slot": 1, "hero_id": 23, "hero_variant": 1, "item_0": 149, "item_1": 119, "item_2": 50, "item_3": 154, "item_4": 114, "item_5": 137, "backpack_0": 36, "backpack_1": 0, "backpack_2": 73, "item_neutral": 1717, "item_neutral2": 1585, "kills": 6, "deaths": 6, "assists": 20, "leaver_status": 0, "last_hits": 347, "denies": 5, "gold_per_min": 552, "xp_per_min": 888, "level": 27, "net_worth": 27293, "aghanims_scepter": 0, "aghanims_shard": 0, "moonshard": 0, "hero_damage": 29869, "tower_damage": 5955, "hero_healing": 61, "gold": 3553, "gold_spent": 23930, "ability_upgrades_arr": [5032, 5031, 5032, 5033, 5032, 5035, 5032, 5031, 5031, 5033, 1015, 5031, 5035, 5033, 5033, 766, 5035, 1175, 1446, 6666], "personaname": "ExtremoDiaz", "name": null, "last_login": null, "rank_tier": 22, "computed_mmr": 3968.35, "is_subscriber": false, "radiant_win": true, "start_time": 1772243198, "duration": 3206, "cluster": 381, "lobby_type": 0, "game_mode": 22, "is_contributor": false, "patch": 59, "isRadiant": true, "win": 1, "lose": 0, "total_gold": 29495, "total_xp": 47448, "kills_per_min": 0.11228945726762321, "kda": 3.71, "abandons": 0, "benchmarks": {"gold_per_min": {"raw": 552, "pct": 0.5844897959183674}, "xp_per_min": {"raw": 888, "pct": 0.7836734693877551}, "kills_per_min": {"raw": 0.11228945726762321, "pct": 0.30448979591836733}, "last_hits_per_min": {"raw": 6.494073611977542, "pct": 0.56}, "hero_damage_per_min": {"raw": 558.9956331877729, "pct": 0.363265306122449}, "hero_healing_per_min": {"raw": 1.1416094822208358, "pct": 0.88}, "tower_damage": {"raw": 5955, "pct": 0.9289795918367347}}}, {"player_slot": 2, "team_number": 0, "team_slot": 2, "hero_id": 22, "hero_variant": 1, "item_0": 108, "item_1": 231, "item_2": 77, "item_3": 1, "item_4": 259, "item_5": 77, "backpack_0": 40, "backpack_1": 0, "backpack_2": 265, "item_neutral": 1598, "item_neutral2": 1583, "kills": 7, "deaths": 8, "assists": 24, "leaver_status": 0, "last_hits": 76, "denies": 0, "gold_per_min": 347, "xp_per_min": 691, "level": 25, "net_worth": 17271, "aghanims_scepter": 0, "aghanims_shard": 0, "moonshard": 0, "hero_damage": 43948, "tower_damage": 1261, "hero_healing": 2926, "gold": 1656, "gold_spent": 16945, "ability_upgrades_arr": [5111, 641, 5111, 641, 5111, 5113, 5111, 5110, 5110, 5959, 5110, 5110, 5113, 641, 641, 1615, 5113, 6518, 1539], "is_subscriber": false, "radiant_win": true, "start_time": 1772243198, "duration": 3206, "cluster": 381, "lobby_type": 0, "game_mode": 22, "is_contributor": false, "patch": 59, "isRadiant": true, "win": 1, "lose": 0, "total_gold": 18541, "total_xp": 36922, "kills_per_min": 0.13100436681222707, "kda": 3.44, "abandons": 0, "benchmarks": {"gold_per_min": {"raw": 347, "pct": 0.17722419928825622}, "xp_per_min": {"raw": 691, "pct": 0.5601423487544483}, "kills_per_min": {"raw": 0.13100436681222707, "pct": 0.2704626334519573}, "last_hits_per_min": {"raw": 1.422333125389894, "pct": 0.08801897983392645}, "hero_damage_per_min": {"raw": 822.4828446662507, "pct": 0.38979833926453145}, "hero_healing_per_min": {"raw": 54.75982532751092, "pct": 0.9900355871886121}, "tower_damage": {"raw": 1261, "pct": 0.7580071174377224}}}, {"player_slot": 3, "team_number": 0, "team_slot": 3, "hero_id": 8, "hero_variant": 2, "item_0": 147, "item_1": 139, "item_2": 63, "item_3": 145, "item_4": 123, "item_5": 1, "backpack_0": 4204, "backpack_1": 0, "backpack_2": 40, "item_neutral": 1721, "item_neutral2": 1586, "kills": 13, "deaths": 6, "assists": 9, "leaver_status": 0, "last_hits": 559, "denies": 8, "gold_per_min": 727, "xp_per_min": 1237, "level": 30, "net_worth": 35773, "aghanims_scepter": 1, "aghanims_shard": 0, "moonshard": 0, "hero_damage": 35756, "tower_damage": 7996, "hero_healing": 977, "gold": 4568, "gold_spent": 33095, "ability_upgrades_arr": [5028, 5029, 5028, 5027, 5028, 5030, 5028, 5027, 5027, 7021, 5027, 5029, 5030, 5029, 5029, 1192, 5030, 6662, 915, 628, 1489, 6105, 1013], "is_subscriber": false, "radiant_win": true, "start_time": 1772243198, "duration": 3206, "cluster": 381, "lobby_type": 0, "game_mode": 22, "is_contributor": false, "patch": 59, "isRadiant": true, "win": 1, "lose": 0, "total_gold": 38846, "total_xp": 66097, "kills_per_min": 0.24329382407985028, "kda": 3.14, "abandons": 0, "benchmarks": {"gold_per_min": {"raw": 727, "pct": 0.8370288248337029}, "xp_per_min": {"raw": 1237, "pct": 0.9575942350332595}, "kills_per_min": {"raw": 0.24329382407985026, "pct": 0.6593680709534369}, "last_hits_per_min": {"raw": 10.461634435433563, "pct": 0.8600332594235033}, "hero_damage_per_min": {"raw": 669.170305676856, "pct": 0.6047671840354767}, "hero_healing_per_min": {"raw": 18.28446662507798, "pct": 0.12222838137472283}, "tower_damage": {"raw": 7996, "pct": 0.6222283813747228}}}, {"account_id": 69140955, "player_slot": 4, "team_number": 0, "team_slot": 4, "hero_id": 17, "hero_variant": 2, "item_0": 108, "item_1": 41, "item_2": 1806, "item_3": 63, "item_4": 273, "item_5": 116, "backpack_0": 67, "backpack_1": 0, "backpack_2": 0, "item_neutral": 1643, "item_neutral2": 1583, "kills": 2, "deaths": 10, "assists": 14, "leaver_status": 0, "last_hits": 419, "denies": 1, "gold_per_min": 518, "xp_per_min": 893, "level": 27, "net_worth": 24969, "aghanims_scepter": 0, "aghanims_shard": 1, "moonshard": 0, "hero_damage": 20159, "tower_damage": 3593, "hero_healing": 0, "gold": 144, "gold_spent": 26755, "ability_upgrades_arr": [5098, 5100, 5098, 5099, 5098, 5101, 5098, 5100, 5100, 7132, 5100, 5099, 5101, 5099, 5099, 6916, 5101, 762, 627, 1187], "personaname": "Weather Systems", "name": null, "last_login": null, "rank_tier": 34, "computed_mmr": 4088.63, "is_subscriber": false, "radiant_win": true, "start_time": 1772243198, "duration": 3206, "cluster": 381, "lobby_type": 0, "game_mode": 22, "is_contributor": false, "patch": 59, "isRadiant": true, "win": 1, "lose": 0, "total_gold": 27678, "total_xp": 47715, "kills_per_min": 0.037429819089207735, "kda": 1.45, "abandons": 0, "benchmarks": {"gold_per_min": {"raw": 518, "pct": 0.4803220035778175}, "xp_per_min": {"raw": 893, "pct": 0.6525044722719141}, "kills_per_min": {"raw": 0.037429819089207735, "pct": 0.03577817531305903}, "last_hits_per_min": {"raw": 7.841547099189022, "pct": 0.8291592128801432}, "hero_damage_per_min": {"raw": 377.27386150966936, "pct": 0.1650268336314848}, "hero_healing_per_min": {"raw": 0, "pct": 0.8913237924865832},