{"players": [{"player_slot": 0, "team_number": 0, "team_slot": 0, "hero_id": 35, "hero_variant": 1, "item_0": 263, "item_1": 51, "item_2": 158, "item_3": 249, "item_4": 63, "item_5": 247, "backpack_0": 4204, "backpack_1": 4206, "backpack_2": 4206, "item_neutral": 1607, "item_neutral2": 1585, "kills": 11, "deaths": 2, "assists": 13, "leaver_status": 0, "last_hits": 397, "denies": 5, "gold_per_min": 685, "xp_per_min": 899, "level": 26, "net_worth": 29401, "aghanims_scepter": 0, "aghanims_shard": 0, "moonshard": 0, "hero_damage": 30527, "tower_damage": 12394, "hero_healing": 0, "gold": 3151, "gold_spent": 26755, "ability_upgrades_arr": [5154, 5156, 5155, 5156, 5156, 5157, 5156, 5155, 5155, 928, 5155, 5157, 5154, 5154, 6305, 5154, 5157, 1455, 6896], "is_subscriber": false, "radiant_win": true, "start_time": 1756180565, "duration": 2568, "cluster": 241, "lobby_type": 0, "game_mode": 22, "is_contributor": false, "patch": 58, "region": 14, "isRadiant": true, "win": 1, "lose": 0, "total_gold": 29318, "total_xp": 38477, "kills_per_min": 0.25700934579439255, "kda": 8, "abandons": 0, "benchmarks": {"gold_per_min": {"raw": 685, "pct": 0.808523500075563}, "xp_per_min": {"raw": 899, "pct": 0.7805652108206136}, "kills_per_min": {"raw": 0.2570093457943925, "pct": 0.5476802176212785}, "last_hits_per_min": {"raw": 9.27570093457944, "pct": 0.9037328094302554}, "hero_damage_per_min": {"raw": 713.2476635514018, "pct": 0.3400332476953302}, "hero_healing_per_min": {"raw": 0, "pct": 0.9321444763487986}, "tower_damage": {"raw": 12394, "pct": 0.8286232431615536}}}, {"player_slot": 1, "team_number": 0, "team_slot": 1, "hero_id": 47, "hero_variant": 1, "item_0": 180, "item_1": 67, "item_2": 75, "item_3": 116, "item_4": 236, "item_5": 139, "backpack_0": 1125, "backpack_1": 0, "backpack_2": 0, "item_neutral": 359, "item_neutral2": 1584, "kills": 12, "deaths": 4, "assists": 18, "leaver_status": 0, "last_hits": 203, "denies": 6, "gold_per_min": 483, "xp_per_min": 526, "level": 20, "net_worth": 20189, "aghanims_scepter": 0, "aghanims_shard": 1, "moonshard": 0, "hero_damage": 25869, "tower_damage": 10142, "hero_healing": 0, "gold": 2109, "gold_spent": 18720, "ability_upgrades_arr": [5218, 5219, 5220, 5218, 5218, 5221, 5218, 5219, 5220, 6156, 5220, 5221, 5220, 5219, 984, 5219, 5221, 1540], "is_subscriber": false, "radiant_win": true, "start_time": 1756180565, "duration": 2568, "cluster": 241, "lobby_type": 0, "game_mode": 22, "is_contributor": false, "patch": 58, "region": 14, "isRadiant": true, "win": 1, "lose": 0, "total_gold": 20672, "total_xp": 22512, "kills_per_min": 0.28037383177570097, "kda": 6, "abandons": 0, "benchmarks": {"gold_per_min": {"raw": 483, "pct": 0.4837650492520978}, "xp_per_min": {"raw": 526, "pct": 0.2243706676395476}, "kills_per_min": {"raw": 0.2803738317757009, "pct": 0.6282378693907333}, "last_hits_per_min": {"raw": 4.742990654205607, "pct": 0.5326523166727472}, "hero_damage_per_min": {"raw": 604.4158878504672, "pct": 0.3177672382342211}, "hero_healing_per_min": {"raw": 0, "pct": 0.8858080992338563}, "tower_damage": {"raw": 10142, "pct": 0.9139000364830354}}}, {"player_slot": 2, "team_number": 0, "team_slot": 2, "hero_id": 30, "hero_variant": 4, "item_0": 180, "item_1": 254, "item_2": 232, "item_3": 21, "item_4": 40, "item_5": 1441, "backpack_0": 22, "backpack_1": 23, "backpack_2": 218, "item_neutral": 1158, "item_neutral2": 1586, "kills": 7, "deaths": 1, "assists": 13, "leaver_status": 0, "last_hits": 61, "denies": 1, "gold_per_min": 316, "xp_per_min": 449, "level": 18, "net_worth": 13489, "aghanims_scepter": 0, "aghanims_shard": 1, "moonshard": 0, "hero_damage": 16455, "tower_damage": 1341, "hero_healing": 13052, "gold": 3084, "gold_spent": 11055, "ability_upgrades_arr": [5138, 5140, 5138, 5139, 5138, 5141, 5140, 5139, 5139, 5959, 5139, 5141, 5140, 5140, 6524, 5138, 5141], "is_subscriber": false, "radiant_win": true, "start_time": 1756180565, "duration": 2568, "cluster": 241, "lobby_type": 0, "game_mode": 22, "is_contributor": false, "patch": 58, "region": 14, "isRadiant": true, "win": 1, "lose": 0, "total_gold": 13524, "total_xp": 19217, "kills_per_min": 0.1635514018691589, "kda": 10, "abandons": 0, "benchmarks": {"gold_per_min": {"raw": 316, "pct": 0.25395916809769126}, "xp_per_min": {"raw": 449, "pct": 0.28811295554283534}, "kills_per_min": {"raw": 0.16355140186915887, "pct": 0.4390383514596451}, "last_hits_per_min": {"raw": 1.425233644859813, "pct": 0.6794504865483686}, "hero_damage_per_min": {"raw": 384.4626168224299, "pct": 0.19500095401640907}, "hero_healing_per_min": {"raw": 304.95327102803736, "pct": 0.8477389811104751}, "tower_damage": {"raw": 1341, "pct": 0.8813203587101698}}}, {"player_slot": 3, "team_number": 0, "team_slot": 3, "hero_id": 45, "hero_variant": 2, "item_0": 0, "item_1": 254, "item_2": 180, "item_3": 36, "item_4": 123, "item_5": 232, "backpack_0": 40, "backpack_1": 0, "backpack_2": 0, "item_neutral": 1604, "item_neutral2": 1586, "kills": 6, "deaths": 4, "assists": 21, "leaver_status": 0, "last_hits": 127, "denies": 7, "gold_per_min": 398, "xp_per_min": 564, "level": 21, "net_worth": 15380, "aghanims_scepter": 0, "aghanims_shard": 0, "moonshard": 0, "hero_damage": 18125, "tower_damage": 3768, "hero_healing": 1726, "gold": 4225, "gold_spent": 13030, "ability_upgrades_arr": [5186, 5187, 5186, 5187, 5186, 5189, 5188, 5186, 5187, 5188, 5187, 5189, 6448, 5188, 6195, 5188, 5189, 6541], "is_subscriber": false, "radiant_win": true, "start_time": 1756180565, "duration": 2568, "cluster": 241, "lobby_type": 0, "game_mode": 22, "is_contributor": false, "patch": 58, "region": 14, "isRadiant": true, "win": 1, "lose": 0, "total_gold": 17034, "total_xp": 24139, "kills_per_min": 0.14018691588785048, "kda": 5.4, "abandons": 0, "benchmarks": {"gold_per_min": {"raw": 398, "pct": 0.5886524822695035}, "xp_per_min": {"raw": 564, "pct": 0.5240346729708432}, "kills_per_min": {"raw": 0.14018691588785046, "pct": 0.5555555555555556}, "last_hits_per_min": {"raw": 2.967289719626168, "pct": 0.7186761229314421}, "hero_damage_per_min": {"raw": 423.4813084112149, "pct": 0.1954294720252167}, "hero_healing_per_min": {"raw": 40.32710280373832, "pct": 0.30811662726556344}, "tower_damage": {"raw": 3768, "pct": 0.5232466509062254}}}, {"player_slot": 4, "team_number": 0, "team_slot": 4, "hero_id": 29, "hero_variant": 1, "item_0": 90, "item_1": 34, "item_2": 73, "item_3": 1, "item_4": 50, "item_5": 81, "backpack_0": 0, "backpack_1": 0, "backpack_2": 0, "item_neutral": 828, "item_neutral2": 1585, "kills": 2, "deaths": 2, "assists": 21, "leaver_status": 0, "last_hits": 105, "denies": 3, "gold_per_min": 317, "xp_per_min": 518, "level": 20, "net_worth": 13876, "aghanims_scepter": 0, "aghanims_shard": 0, "moonshard": 0, "hero_damage": 7884, "tower_damage": 704, "hero_healing": 2273, "gold": 3496, "gold_spent": 10670, "ability_upgrades_arr": [5120, 5118, 5120, 5118, 5120, 5121, 5120, 5118, 5119, 963, 5118, 5121, 5119, 5119, 5119, 6946, 5121, 964], "is_subscriber": false, "radiant_win": true, "start_time": 1756180565, "duration": 2568, "cluster": 241, "lobby_type": 0, "game_mode": 22, "is_contributor": false, "patch": 58, "region": 14, "isRadiant": true, "win": 1, "lose": 0, "total_gold": 13567, "total_xp": 22170, "kills_per_min": 0.04672897196261683, "kda": 7.67, "abandons": 0, "benchmarks": {"gold_per_min": {"raw": 317, "pct": 0.08895044629116651}, "xp_per_min": {"raw": 518, "pct": 0.21268082486919052}, "kills_per_min": {"raw": 0.04672897196261682, "pct": 0.12803939673745768}, "last_hits_per_min": {"raw": 2.453271028037383, "pct": 0.07109879963065559}, "hero_damage_per_min": {"raw": 184.20560747663552, "pct": 0.02277623884272084}, "hero_healing_per_min": {"raw": 53.10747663551402, "pct": 0.6491228070175439}, "tower_damage": {"raw": 704, "pct": 0.4050477069867652}}}, {"player_slot": 128, "team_number": 1, "team_slot": 0, "hero_id": 104, "hero_variant": 1, "item_0": 127, "item_1": 149, "item_2": 50, "item_3": 1, "item_4": 9, "item_5": 55, "backpack_0": 86, "backpack_1": 34,