{"players": [{"account_id": 37467834, "player_slot": 0, "team_number": 0, "team_slot": 0, "hero_id": 98, "hero_variant": 2, "item_0": 226, "item_1": 90, "item_2": 50, "item_3": 235, "item_4": 273, "item_5": 178, "backpack_0": 0, "backpack_1": 0, "backpack_2": 0, "item_neutral": 1168, "item_neutral2": 1585, "kills": 12, "deaths": 12, "assists": 31, "leaver_status": 0, "last_hits": 203, "denies": 6, "gold_per_min": 522, "xp_per_min": 805, "level": 26, "net_worth": 23277, "aghanims_scepter": 0, "aghanims_shard": 1, "moonshard": 0, "hero_damage": 42901, "tower_damage": 5207, "hero_healing": 0, "gold": 2597, "gold_spent": 21735, "ability_upgrades_arr": [5524, 5526, 5524, 5525, 5524, 5527, 5524, 5525, 5525, 7132, 5525, 5526, 5527, 5526, 5526, 6948, 5527, 6951], "personaname": "ExtremoDiaz", "name": null, "last_login": null, "rank_tier": 22, "computed_mmr": 3968.35, "is_subscriber": false, "radiant_win": true, "start_time": 1770073121, "duration": 3044, "cluster": 241, "lobby_type": 7, "game_mode": 22, "is_contributor": false, "patch": 59, "region": 14, "isRadiant": true, "win": 1, "lose": 0, "total_gold": 26482, "total_xp": 40840, "kills_per_min": 0.23653088042049933, "kda": 3.31, "abandons": 0, "benchmarks": {"gold_per_min": {"raw": 522, "pct": 0.6855791962174941}, "xp_per_min": {"raw": 805, "pct": 0.735224586288416}, "kills_per_min": {"raw": 0.23653088042049933, "pct": 0.7009456264775413}, "last_hits_per_min": {"raw": 4.001314060446781, "pct": 0.3475177304964539}, "hero_damage_per_min": {"raw": 845.6176084099868, "pct": 0.8262411347517731}, "hero_healing_per_min": {"raw": 0, "pct": 0.8617021276595744}, "tower_damage": {"raw": 5207, "pct": 0.9716312056737588}}}, {"player_slot": 1, "team_number": 0, "team_slot": 1, "hero_id": 85, "hero_variant": 1, "item_0": 180, "item_1": 90, "item_2": 242, "item_3": 127, "item_4": 119, "item_5": 114, "backpack_0": 218, "backpack_1": 0, "backpack_2": 0, "item_neutral": 1168, "item_neutral2": 1597, "kills": 12, "deaths": 12, "assists": 39, "leaver_status": 0, "last_hits": 210, "denies": 1, "gold_per_min": 551, "xp_per_min": 1110, "level": 28, "net_worth": 24647, "aghanims_scepter": 0, "aghanims_shard": 0, "moonshard": 0, "hero_damage": 35536, "tower_damage": 5105, "hero_healing": 4410, "gold": 2922, "gold_spent": 22925, "ability_upgrades_arr": [5444, 5442, 5443, 5444, 5443, 5447, 5442, 5442, 5444, 5443, 813, 5442, 5443, 5447, 5444, 6155, 5447, 6972, 6971, 807, 616], "is_subscriber": false, "radiant_win": true, "start_time": 1770073121, "duration": 3044, "cluster": 241, "lobby_type": 7, "game_mode": 22, "is_contributor": false, "patch": 59, "region": 14, "isRadiant": true, "win": 1, "lose": 0, "total_gold": 27954, "total_xp": 56314, "kills_per_min": 0.23653088042049933, "kda": 3.92, "abandons": 0, "benchmarks": {"gold_per_min": {"raw": 551, "pct": 0.920908708456037}, "xp_per_min": {"raw": 1110, "pct": 0.987379049221708}, "kills_per_min": {"raw": 0.23653088042049933, "pct": 0.7164493058477072}, "last_hits_per_min": {"raw": 4.139290407358739, "pct": 0.7980647875473286}, "hero_damage_per_min": {"raw": 700.4467805519054, "pct": 0.8910391249474127}, "hero_healing_per_min": {"raw": 86.9250985545335, "pct": 0.46697517879680267}, "tower_damage": {"raw": 5105, "pct": 0.9764408918805216}}}, {"player_slot": 2, "team_number": 0, "team_slot": 2, "hero_id": 72, "hero_variant": 1, "item_0": 263, "item_1": 108, "item_2": 40, "item_3": 141, "item_4": 36, "item_5": 63, "backpack_0": 11, "backpack_1": 218, "backpack_2": 0, "item_neutral": 1603, "item_neutral2": 1585, "kills": 15, "deaths": 9, "assists": 16, "leaver_status": 0, "last_hits": 154, "denies": 6, "gold_per_min": 463, "xp_per_min": 800, "level": 26, "net_worth": 19892, "aghanims_scepter": 0, "aghanims_shard": 1, "moonshard": 0, "hero_damage": 32161, "tower_damage": 8004, "hero_healing": 0, "gold": 2242, "gold_spent": 19305, "ability_upgrades_arr": [5363, 5362, 5363, 5362, 5363, 5364, 5363, 5362, 5362, 1332, 730, 5361, 5364, 5361, 5361, 5361, 1012, 5364, 6312, 6216], "is_subscriber": false, "radiant_win": true, "start_time": 1770073121, "duration": 3044, "cluster": 241, "lobby_type": 7, "game_mode": 22, "is_contributor": false, "patch": 59, "region": 14, "isRadiant": true, "win": 1, "lose": 0, "total_gold": 23489, "total_xp": 40586, "kills_per_min": 0.2956636005256242, "kda": 3.1, "abandons": 0, "benchmarks": {"gold_per_min": {"raw": 463, "pct": 0.44805194805194803}, "xp_per_min": {"raw": 800, "pct": 0.7115027829313544}, "kills_per_min": {"raw": 0.2956636005256242, "pct": 0.8070500927643784}, "last_hits_per_min": {"raw": 3.0354796320630753, "pct": 0.2829313543599258}, "hero_damage_per_min": {"raw": 633.92247043364, "pct": 0.4461966604823748}, "hero_healing_per_min": {"raw": 0, "pct": 0.8831168831168831}, "tower_damage": {"raw": 8004, "pct": 0.7987012987012987}}}, {"account_id": 1862729565, "player_slot": 3, "team_number": 0, "team_slot": 3, "hero_id": 104, "hero_variant": 2, "item_0": 133, "item_1": 0, "item_2": 1, "item_3": 50, "item_4": 127, "item_5": 247, "backpack_0": 0, "backpack_1": 0, "backpack_2": 0, "item_neutral": 1598, "item_neutral2": 1583, "kills": 21, "deaths": 15, "assists": 20, "leaver_status": 0, "last_hits": 209, "denies": 2, "gold_per_min": 595, "xp_per_min": 1117, "level": 29, "net_worth": 19891, "aghanims_scepter": 0, "aghanims_shard": 0, "moonshard": 1, "hero_damage": 51538, "tower_damage": 7171, "hero_healing": 1168, "gold": 241, "gold_spent": 29635, "ability_upgrades_arr": [5595, 5596, 5595, 5597, 5595, 5598, 5595, 5596, 5596, 1176, 5597, 5596, 5598, 5597, 5597, 463, 5598, 6526, 880, 1113, 6671, 7395], "personaname": "TUPONCHO1", "name": null, "last_login": null, "rank_tier": 14, "computed_mmr": 3908.55, "is_subscriber": false, "radiant_win": true, "start_time": 1770073121, "duration": 3044, "cluster": 241, "lobby_type": 7, "game_mode": 22, "is_contributor": false, "patch": 59, "region": 14, "isRadiant": true, "win": 1, "lose": 0, "total_gold": 30186, "total_xp": 56669, "kills_per_min": 0.41392904073587383, "kda": 2.56, "abandons": 0, "benchmarks": {"gold_per_min": {"raw": 595, "pct": 0.8332778702163062}, "xp_per_min": {"raw": 1117, "pct": 0.9524126455906822}, "kills_per_min": {"raw": 0.41392904073587383, "pct": 0.878369384359401}, "last_hits_per_min": {"raw": 4.11957950065703, "pct": 0.3083194675540765}, "hero_damage_per_min": {"raw": 1015.8607095926413, "pct": 0.8958402662229618}, "hero_healing_per_min": {"raw": 23.02233902759527, "pct": 0.3860232945091514}, "tower_damage": {"raw": 7171, "pct": 0.8336106489184693}}}, {"player_slot": 4, "team_number": 0, "team_slot": 4, "hero_id": 22, "hero_variant": 2, "item_0": 180, "item_1": 110, "item_2": 41, "item_3": 108, "item_4": 232, "item_5": 273, "backpack_0": 0, "backpack_1": 4206, "backpack_2": 0, "item_neutral": 1168, "item_neutral2": 1592, "kills": 18, "deaths": 6, "assists": 26, "leaver_status": 0, "last_hits": 141, "denies": 5, "gold_per_min": 505, "xp_per_min": 918, "level": 27, "net_worth": 23518, "aghanims_scepter": 0, "aghanims_shard": 0, "moonshard": 0, "hero_damage": 65978, "tower_damage": 2864, "hero_healing": 0, "gold": 5478, "gold_spent": 19140, "ability_upgrades_arr": [5111, 5110, 641, 5111, 5111, 5113, 5110, 5110, 5111, 641, 5959, 5110, 5113, 641, 641, 611, 5113, 6501, 8038], "is_subscriber": false, "radiant_win": true, "start_time": 1770073121, "duration": 3044, "cluster": 241, "lobby_type": 7, "game_mode": 22, "is_contributor": false, "patch": 59, "region": 14, "isRadiant": true, "win": 1, "lose": 0, "total_gold": 25620, "total_xp": 46573, "kills_per_min": 0.354796320630749, "kda": 6.29, "abandons": 0, "benchmarks": {"gold_per_min": {"raw": 505, "pct": 0.6398576512455516}, "xp_per_min": {"raw": 918, "pct": 0.8602609727164887}, "kills_per_min": {"raw": 0.35479632063074906, "pct": 0.8744958481613286}, "last_hits_per_min": {"raw": 2.7792378449408672, "pct": 0.3395017793594306}, "hero_damage_per_min": {"raw": 1300.4862023653088, "pct": 0.8915776986951364}, "hero_healing_per_min": {"raw": 0,