{"players": [{"player_slot": 0, "team_number": 0, "team_slot": 0, "hero_id": 36, "hero_variant": 1, "item_0": 204, "item_1": 610, "item_2": 48, "item_3": 34, "item_4": 108, "item_5": 137, "backpack_0": 0, "backpack_1": 0, "backpack_2": 0, "item_neutral": 1159, "item_neutral2": 1586, "kills": 24, "deaths": 3, "assists": 15, "leaver_status": 0, "last_hits": 344, "denies": 10, "gold_per_min": 800, "xp_per_min": 1327, "level": 28, "net_worth": 32296, "aghanims_scepter": 0, "aghanims_shard": 1, "moonshard": 0, "hero_damage": 58622, "tower_damage": 7824, "hero_healing": 4318, "gold": 5046, "gold_spent": 28145, "ability_upgrades_arr": [5158, 5159, 5158, 5159, 5158, 5161, 5158, 1270, 5159, 5159, 1270, 5161, 1270, 1270, 1049, 7110, 5161, 350, 6703, 820, 7111], "is_subscriber": false, "radiant_win": true, "start_time": 1743534656, "duration": 2508, "cluster": 241, "lobby_type": 7, "game_mode": 22, "is_contributor": false, "patch": 57, "region": 14, "isRadiant": true, "win": 1, "lose": 0, "total_gold": 33440, "total_xp": 55468, "kills_per_min": 0.5741626794258373, "kda": 9.75, "abandons": 0, "benchmarks": {"gold_per_min": {"raw": 800, "pct": 0.9599413776257938}, "xp_per_min": {"raw": 1327, "pct": 0.9824132877381534}, "kills_per_min": {"raw": 0.5741626794258373, "pct": 0.9504152418172936}, "last_hits_per_min": {"raw": 8.229665071770336, "pct": 0.769418661455789}, "hero_damage_per_min": {"raw": 1402.4401913875597, "pct": 0.8998534440644846}, "hero_healing_per_min": {"raw": 103.30143540669857, "pct": 0.3529555446995603}, "tower_damage": {"raw": 7824, "pct": 0.9907181240840254}}}, {"player_slot": 1, "team_number": 0, "team_slot": 1, "hero_id": 88, "hero_variant": 2, "item_0": 204, "item_1": 36, "item_2": 42, "item_3": 180, "item_4": 256, "item_5": 1107, "backpack_0": 0, "backpack_1": 0, "backpack_2": 0, "item_neutral": 1602, "item_neutral2": 1584, "kills": 14, "deaths": 7, "assists": 12, "leaver_status": 0, "last_hits": 90, "denies": 7, "gold_per_min": 444, "xp_per_min": 709, "level": 23, "net_worth": 16831, "aghanims_scepter": 0, "aghanims_shard": 0, "moonshard": 0, "hero_damage": 25774, "tower_damage": 183, "hero_healing": 0, "gold": 131, "gold_spent": 17690, "ability_upgrades_arr": [5462, 1104, 5464, 5462, 5462, 5465, 5462, 1104, 5464, 402, 1104, 5465, 1104, 5464, 1171, 5464, 5465, 6399], "is_subscriber": false, "radiant_win": true, "start_time": 1743534656, "duration": 2508, "cluster": 241, "lobby_type": 7, "game_mode": 22, "is_contributor": false, "patch": 57, "region": 14, "isRadiant": true, "win": 1, "lose": 0, "total_gold": 18559, "total_xp": 29636, "kills_per_min": 0.3349282296650718, "kda": 3.25, "abandons": 0, "benchmarks": {"gold_per_min": {"raw": 444, "pct": 0.7973695026715989}, "xp_per_min": {"raw": 709, "pct": 0.6658446362515413}, "kills_per_min": {"raw": 0.33492822966507174, "pct": 0.8623099054665022}, "last_hits_per_min": {"raw": 2.15311004784689, "pct": 0.6974928072338676}, "hero_damage_per_min": {"raw": 616.6028708133972, "pct": 0.5643238799835594}, "hero_healing_per_min": {"raw": 0, "pct": 0.7644882860665845}, "tower_damage": {"raw": 183, "pct": 0.4796547472256473}}}, {"player_slot": 2, "team_number": 0, "team_slot": 2, "hero_id": 26, "hero_variant": 1, "item_0": 36, "item_1": 1, "item_2": 254, "item_3": 232, "item_4": 40, "item_5": 214, "backpack_0": 0, "backpack_1": 0, "backpack_2": 0, "item_neutral": 378, "item_neutral2": 1583, "kills": 3, "deaths": 13, "assists": 23, "leaver_status": 0, "last_hits": 74, "denies": 0, "gold_per_min": 346, "xp_per_min": 609, "level": 21, "net_worth": 13183, "aghanims_scepter": 0, "aghanims_shard": 0, "moonshard": 0, "hero_damage": 11707, "tower_damage": 340, "hero_healing": 0, "gold": 4988, "gold_spent": 9165, "ability_upgrades_arr": [5044, 5046, 5045, 5046, 5047, 5044, 5046, 5918, 730, 5044, 5045, 5047, 5046, 5044, 401, 5045, 5047, 5045], "is_subscriber": false, "radiant_win": true, "start_time": 1743534656, "duration": 2508, "cluster": 241, "lobby_type": 7, "game_mode": 22, "is_contributor": false, "patch": 57, "region": 14, "isRadiant": true, "win": 1, "lose": 0, "total_gold": 14462, "total_xp": 25456, "kills_per_min": 0.07177033492822966, "kda": 1.86, "abandons": 0, "benchmarks": {"gold_per_min": {"raw": 346, "pct": 0.5647518266565885}, "xp_per_min": {"raw": 609, "pct": 0.599899218946838}, "kills_per_min": {"raw": 0.07177033492822966, "pct": 0.19765684051398338}, "last_hits_per_min": {"raw": 1.770334928229665, "pct": 0.7398589065255732}, "hero_damage_per_min": {"raw": 280.07177033492826, "pct": 0.35903250188964475}, "hero_healing_per_min": {"raw": 0, "pct": 0.754976064499874}, "tower_damage": {"raw": 340, "pct": 0.5466112370874275}}}, {"player_slot": 3, "team_number": 0, "team_slot": 3, "hero_id": 104, "hero_variant": 1, "item_0": 50, "item_1": 108, "item_2": 1, "item_3": 149, "item_4": 168, "item_5": 252, "backpack_0": 0, "backpack_1": 0, "backpack_2": 0, "item_neutral": 2193, "item_neutral2": 1586, "kills": 16, "deaths": 12, "assists": 13, "leaver_status": 0, "last_hits": 217, "denies": 11, "gold_per_min": 579, "xp_per_min": 850, "level": 25, "net_worth": 19392, "aghanims_scepter": 0, "aghanims_shard": 1, "moonshard": 0, "hero_damage": 35971, "tower_damage": 8434, "hero_healing": 2016, "gold": 1842, "gold_spent": 18760, "ability_upgrades_arr": [5597, 5595, 5595, 5597, 5595, 5598, 5595, 5596, 5597, 1113, 5596, 5598, 5597, 5596, 6671, 5596, 5598, 6526, 880], "is_subscriber": false, "radiant_win": true, "start_time": 1743534656, "duration": 2508, "cluster": 241, "lobby_type": 7, "game_mode": 22, "is_contributor": false, "patch": 57, "region": 14, "isRadiant": true, "win": 1, "lose": 0, "total_gold": 24202, "total_xp": 35530, "kills_per_min": 0.3827751196172249, "kda": 2.23, "abandons": 0, "benchmarks": {"gold_per_min": {"raw": 579, "pct": 0.7959689922480621}, "xp_per_min": {"raw": 850, "pct": 0.7415503875968992}, "kills_per_min": {"raw": 0.3827751196172249, "pct": 0.8373643410852714}, "last_hits_per_min": {"raw": 5.1913875598086126, "pct": 0.6444961240310078}, "hero_damage_per_min": {"raw": 860.5502392344498, "pct": 0.7472868217054264}, "hero_healing_per_min": {"raw": 48.229665071770334, "pct": 0.6257364341085271}, "tower_damage": {"raw": 8434, "pct": 0.8860465116279069}}}, {"account_id": 37467834, "player_slot": 4, "team_number": 0, "team_slot": 4, "hero_id": 84, "hero_variant": 1, "item_0": 65, "item_1": 229, "item_2": 102, "item_3": 231, "item_4": 218, "item_5": 36, "backpack_0": 0, "backpack_1": 0, "backpack_2": 0, "item_neutral": 2193, "item_neutral2": 1584, "kills": 1, "deaths": 7, "assists": 27, "leaver_status": 0, "last_hits": 127, "denies": 5, "gold_per_min": 488, "xp_per_min": 677, "level": 22, "net_worth": 18232, "aghanims_scepter": 0, "aghanims_shard": 0, "moonshard": 0, "hero_damage": 23981, "tower_damage": 4473, "hero_healing": 2553, "gold": 5257, "gold_spent": 14915, "ability_upgrades_arr": [5439, 5438, 5439, 5440, 5439, 5441, 5439, 5440, 5440, 403, 5440, 5441, 5438, 5438, 1181, 5438, 5441, 6183], "personaname": "ExtremoDiaz", "name": null, "last_login": null, "rank_tier": 22, "computed_mmr": 3968.35, "is_subscriber": false, "radiant_win": true, "start_time": 1743534656, "duration": 2508, "cluster": 241, "lobby_type": 7, "game_mode": 22, "is_contributor": false, "patch": 57, "region": 14, "isRadiant": true, "win": 1, "lose": 0, "total_gold": 20398, "total_xp": 28298, "kills_per_min": 0.023923444976076555, "kda": 3.5, "abandons": 0, "benchmarks": {"gold_per_min": {"raw": 488, "pct": 0.61735818801363}, "xp_per_min": {"raw": 677, "pct": 0.6394066947284025}, "kills_per_min": {"raw": 0.023923444976076555, "pct": 0.060733613950691524}, "last_hits_per_min": {"raw": 3.0382775119617227, "pct": 0.6434155141310884}, "hero_damage_per_min": {"raw": 573.7081339712919, "pct": 0.6135498095810784}, "hero_healing_per_min": {"raw": 61.07655502392345, "pct": 0.9234315494086991}, "tower_damage": {"raw": 4473, "pct": 0.8943676087392263}}}, {"player_slot": 128, "team_number": 1, "team_slot": 0, "hero_id": 97,