{"players": [{"account_id": 231915841, "player_slot": 0, "team_number": 0, "team_slot": 0, "hero_id": 64, "hero_variant": 4, "item_0": 77, "item_1": 73, "item_2": 180, "item_3": 152, "item_4": 100, "item_5": 36, "backpack_0": 39, "backpack_1": 0, "backpack_2": 57, "item_neutral": 947, "item_neutral2": 1584, "kills": 2, "deaths": 9, "assists": 6, "leaver_status": 0, "last_hits": 115, "denies": 0, "gold_per_min": 282, "xp_per_min": 421, "level": 17, "net_worth": 10173, "aghanims_scepter": 0, "aghanims_shard": 0, "moonshard": 0, "hero_damage": 15459, "tower_damage": 180, "hero_healing": 0, "gold": 563, "gold_spent": 10100, "ability_upgrades_arr": [5297, 5299, 5298, 5299, 5299, 5300, 5299, 5297, 5298, 5298, 303, 5300, 5298, 5297, 5297, 526], "personaname": "J & J", "name": null, "last_login": null, "rank_tier": 22, "computed_mmr": null, "is_subscriber": false, "radiant_win": false, "start_time": 1761353908, "duration": 2259, "cluster": 241, "lobby_type": 0, "game_mode": 22, "is_contributor": false, "patch": 58, "region": 14, "isRadiant": true, "win": 0, "lose": 1, "total_gold": 10617, "total_xp": 15850, "kills_per_min": 0.05312084993359894, "kda": 0.8, "abandons": 0, "benchmarks": {"gold_per_min": {"raw": 282, "pct": 0.1934782608695652}, "xp_per_min": {"raw": 421, "pct": 0.24937888198757763}, "kills_per_min": {"raw": 0.05312084993359894, "pct": 0.2127329192546584}, "last_hits_per_min": {"raw": 3.054448871181939, "pct": 0.8161490683229814}, "hero_damage_per_min": {"raw": 410.597609561753, "pct": 0.46677018633540374}, "hero_healing_per_min": {"raw": 0, "pct": 0.5785714285714286}, "tower_damage": {"raw": 180, "pct": 0.19099378881987578}}}, {"account_id": 45421382, "player_slot": 1, "team_number": 0, "team_slot": 1, "hero_id": 30, "hero_variant": 4, "item_0": 21, "item_1": 0, "item_2": 267, "item_3": 180, "item_4": 269, "item_5": 108, "backpack_0": 0, "backpack_1": 0, "backpack_2": 0, "item_neutral": 1604, "item_neutral2": 1593, "kills": 7, "deaths": 7, "assists": 9, "leaver_status": 0, "last_hits": 77, "denies": 15, "gold_per_min": 391, "xp_per_min": 428, "level": 17, "net_worth": 13499, "aghanims_scepter": 0, "aghanims_shard": 0, "moonshard": 0, "hero_damage": 30889, "tower_damage": 484, "hero_healing": 1325, "gold": 1824, "gold_spent": 13465, "ability_upgrades_arr": [5138, 5140, 5138, 5139, 5140, 5141, 5138, 5138, 5140, 5140, 5139, 5141, 5139, 5139, 6524, 5959], "personaname": "La Chaucha", "name": null, "last_login": "2026-03-03T14:36:01.200Z", "rank_tier": 42, "computed_mmr": 4031.51, "is_subscriber": false, "radiant_win": false, "start_time": 1761353908, "duration": 2259, "cluster": 241, "lobby_type": 0, "game_mode": 22, "is_contributor": false, "patch": 58, "region": 14, "isRadiant": true, "win": 0, "lose": 1, "total_gold": 14721, "total_xp": 16114, "kills_per_min": 0.18592297476759628, "kda": 2, "abandons": 0, "benchmarks": {"gold_per_min": {"raw": 391, "pct": 0.6501419523913519}, "xp_per_min": {"raw": 428, "pct": 0.2493994321904346}, "kills_per_min": {"raw": 0.18592297476759628, "pct": 0.5289364490063333}, "last_hits_per_min": {"raw": 2.045152722443559, "pct": 0.8860013103297664}, "hero_damage_per_min": {"raw": 820.4249667994688, "pct": 0.8829438742083424}, "hero_healing_per_min": {"raw": 35.1925630810093, "pct": 0.1751474120987115}, "tower_damage": {"raw": 484, "pct": 0.6088665647521293}}}, {"account_id": 37467834, "player_slot": 2, "team_number": 0, "team_slot": 2, "hero_id": 48, "hero_variant": 3, "item_0": 172, "item_1": 147, "item_2": 263, "item_3": 36, "item_4": 75, "item_5": 63, "backpack_0": 0, "backpack_1": 4204, "backpack_2": 0, "item_neutral": 1605, "item_neutral2": 1576, "kills": 1, "deaths": 7, "assists": 10, "leaver_status": 0, "last_hits": 195, "denies": 9, "gold_per_min": 386, "xp_per_min": 414, "level": 16, "net_worth": 13761, "aghanims_scepter": 0, "aghanims_shard": 0, "moonshard": 0, "hero_damage": 16144, "tower_damage": 1789, "hero_healing": 0, "gold": 306, "gold_spent": 14075, "ability_upgrades_arr": [5222, 5223, 5222, 5223, 5222, 5225, 5222, 5223, 5223, 847, 1462, 5225, 1462, 1462, 770, 1462], "personaname": "ExtremoDiaz", "name": null, "last_login": null, "rank_tier": 22, "computed_mmr": 3968.35, "is_subscriber": false, "radiant_win": false, "start_time": 1761353908, "duration": 2259, "cluster": 241, "lobby_type": 0, "game_mode": 22, "is_contributor": false, "patch": 58, "region": 14, "isRadiant": true, "win": 0, "lose": 1, "total_gold": 14532, "total_xp": 15587, "kills_per_min": 0.02656042496679947, "kda": 1.38, "abandons": 0, "benchmarks": {"gold_per_min": {"raw": 386, "pct": 0.08751727314601566}, "xp_per_min": {"raw": 414, "pct": 0.06310456011054813}, "kills_per_min": {"raw": 0.02656042496679947, "pct": 0.03638876093965914}, "last_hits_per_min": {"raw": 5.179282868525897, "pct": 0.12160294795025334}, "hero_damage_per_min": {"raw": 428.79150066401064, "pct": 0.1906955320128973}, "hero_healing_per_min": {"raw": 0, "pct": 0.9686780285582681}, "tower_damage": {"raw": 1789, "pct": 0.33578995854444954}}}, {"player_slot": 3, "team_number": 0, "team_slot": 3, "hero_id": 39, "hero_variant": 2, "item_0": 77, "item_1": 123, "item_2": 63, "item_3": 41, "item_4": 98, "item_5": 36, "backpack_0": 4204, "backpack_1": 0, "backpack_2": 0, "item_neutral": 1602, "item_neutral2": 1584, "kills": 7, "deaths": 10, "assists": 3, "leaver_status": 0, "last_hits": 163, "denies": 16, "gold_per_min": 387, "xp_per_min": 530, "level": 19, "net_worth": 12877, "aghanims_scepter": 0, "aghanims_shard": 1, "moonshard": 0, "hero_damage": 17743, "tower_damage": 0, "hero_healing": 0, "gold": 272, "gold_spent": 13235, "ability_upgrades_arr": [5173, 5175, 5175, 5173, 5174, 5176, 5175, 5175, 5173, 6115, 5173, 5176, 5174, 5174, 5939, 5174, 5176], "is_subscriber": false, "radiant_win": false, "start_time": 1761353908, "duration": 2259, "cluster": 241, "lobby_type": 0, "game_mode": 22, "is_contributor": false, "patch": 58, "region": 14, "isRadiant": true, "win": 0, "lose": 1, "total_gold": 14570, "total_xp": 19954, "kills_per_min": 0.18592297476759628, "kda": 0.91, "abandons": 0, "benchmarks": {"gold_per_min": {"raw": 387, "pct": 0.1775796178343949}, "xp_per_min": {"raw": 530, "pct": 0.16687898089171974}, "kills_per_min": {"raw": 0.18592297476759628, "pct": 0.3482802547770701}, "last_hits_per_min": {"raw": 4.329349269588313, "pct": 0.3072611464968153}, "hero_damage_per_min": {"raw": 471.261620185923, "pct": 0.12254777070063694}, "hero_healing_per_min": {"raw": 0, "pct": 0.8264968152866242}, "tower_damage": {"raw": 0, "pct": 0.09579617834394905}}}, {"player_slot": 4, "team_number": 0, "team_slot": 4, "hero_id": 71, "hero_variant": 1, "item_0": 50, "item_1": 44, "item_2": 38, "item_3": 43, "item_4": 16, "item_5": 1123, "backpack_0": 237, "backpack_1": 188, "backpack_2": 259, "item_neutral": 0, "item_neutral2": 0, "kills": 2, "deaths": 17, "assists": 6, "leaver_status": 0, "last_hits": 43, "denies": 0, "gold_per_min": 218, "xp_per_min": 380, "level": 16, "net_worth": 6783, "aghanims_scepter": 0, "aghanims_shard": 1, "moonshard": 0, "hero_damage": 5822, "tower_damage": 371, "hero_healing": 0, "gold": 1378, "gold_spent": 5655, "ability_upgrades_arr": [7301, 5353, 7301, 5355, 5353, 7301, 5353, 5355, 5356, 5355, 5353, 5356, 5355, 7301, 6253, 5931], "is_subscriber": false, "radiant_win": false, "start_time": 1761353908, "duration": 2259, "cluster": 241, "lobby_type": 0, "game_mode": 22, "is_contributor": false, "patch": 58, "region": 14, "isRadiant": true, "win": 0, "lose": 1, "total_gold": 8207, "total_xp": 14307, "kills_per_min": 0.05312084993359894, "kda": 0.44, "abandons": 0, "benchmarks": {"gold_per_min": {"raw": 218, "pct": 0.021071287908625443}, "xp_per_min": {"raw": 380, "pct": 0.10397794407246948}, "kills_per_min": {"raw": 0.05312084993359894, "pct": 0.07818038597873178}, "last_hits_per_min": {"raw": 1.1420982735723773, "pct": 0.10181173690429303}, "hero_damage_per_min": {"raw": 154.6347941567065, "pct": 0.009649468294604176}, "hero_healing_per_min": {"raw": 0,