{"players": [{"player_slot": 0, "team_number": 0, "team_slot": 0, "hero_id": 94, "hero_variant": 4, "item_0": 63, "item_1": 108, "item_2": 147, "item_3": 174, "item_4": 166, "item_5": 36, "backpack_0": 0, "backpack_1": 0, "backpack_2": 0, "item_neutral": 1638, "item_neutral2": 1594, "kills": 6, "deaths": 2, "assists": 14, "leaver_status": 0, "last_hits": 317, "denies": 9, "gold_per_min": 604, "xp_per_min": 694, "level": 21, "net_worth": 21298, "aghanims_scepter": 0, "aghanims_shard": 1, "moonshard": 0, "hero_damage": 18635, "tower_damage": 5379, "hero_healing": 0, "gold": 3648, "gold_spent": 21600, "ability_upgrades_arr": [1475, 5505, 5505, 1475, 5505, 5504, 5505, 5504, 5504, 5507, 5504, 5507, 1475, 1561, 7389, 1475, 5507, 6182], "is_subscriber": false, "radiant_win": true, "start_time": 1760322215, "duration": 2217, "cluster": 381, "lobby_type": 0, "game_mode": 22, "is_contributor": false, "patch": 58, "isRadiant": true, "win": 1, "lose": 0, "total_gold": 22317, "total_xp": 25643, "kills_per_min": 0.16238159675236805, "kda": 6.67, "abandons": 0, "benchmarks": {"gold_per_min": {"raw": 604, "pct": 0.48992805755395685}, "xp_per_min": {"raw": 694, "pct": 0.3532374100719424}, "kills_per_min": {"raw": 0.16238159675236807, "pct": 0.6179856115107913}, "last_hits_per_min": {"raw": 8.579161028416781, "pct": 0.3776978417266187}, "hero_damage_per_min": {"raw": 504.3301759133965, "pct": 0.3489208633093525}, "hero_healing_per_min": {"raw": 0, "pct": 0.9597122302158273}, "tower_damage": {"raw": 5379, "pct": 0.541726618705036}}}, {"player_slot": 1, "team_number": 0, "team_slot": 1, "hero_id": 75, "hero_variant": 4, "item_0": 180, "item_1": 263, "item_2": 40, "item_3": 77, "item_4": 108, "item_5": 77, "backpack_0": 188, "backpack_1": 0, "backpack_2": 36, "item_neutral": 675, "item_neutral2": 1583, "kills": 14, "deaths": 7, "assists": 20, "leaver_status": 0, "last_hits": 51, "denies": 0, "gold_per_min": 414, "xp_per_min": 587, "level": 20, "net_worth": 13883, "aghanims_scepter": 0, "aghanims_shard": 0, "moonshard": 0, "hero_damage": 22496, "tower_damage": 2322, "hero_healing": 0, "gold": 2193, "gold_spent": 12815, "ability_upgrades_arr": [5377, 5379, 5377, 5379, 5377, 5380, 5377, 5379, 5379, 5378, 6184, 5380, 5378, 5378, 721, 5378, 5380, 6880], "is_subscriber": false, "radiant_win": true, "start_time": 1760322215, "duration": 2217, "cluster": 381, "lobby_type": 0, "game_mode": 22, "is_contributor": false, "patch": 58, "isRadiant": true, "win": 1, "lose": 0, "total_gold": 15297, "total_xp": 21689, "kills_per_min": 0.37889039242219213, "kda": 4.25, "abandons": 0, "benchmarks": {"gold_per_min": {"raw": 414, "pct": 0.6932181701855407}, "xp_per_min": {"raw": 587, "pct": 0.580934101087652}, "kills_per_min": {"raw": 0.37889039242219213, "pct": 0.9507357645553423}, "last_hits_per_min": {"raw": 1.3802435723951285, "pct": 0.31765834932821496}, "hero_damage_per_min": {"raw": 608.8227334235453, "pct": 0.7690339091490723}, "hero_healing_per_min": {"raw": 0, "pct": 0.7293666026871402}, "tower_damage": {"raw": 2322, "pct": 0.7885476647472809}}}, {"account_id": 45421382, "player_slot": 2, "team_number": 0, "team_slot": 2, "hero_id": 8, "hero_variant": 2, "item_0": 154, "item_1": 26, "item_2": 1097, "item_3": 50, "item_4": 1, "item_5": 598, "backpack_0": 0, "backpack_1": 0, "backpack_2": 0, "item_neutral": 828, "item_neutral2": 1586, "kills": 11, "deaths": 3, "assists": 12, "leaver_status": 0, "last_hits": 241, "denies": 18, "gold_per_min": 587, "xp_per_min": 752, "level": 22, "net_worth": 20464, "aghanims_scepter": 0, "aghanims_shard": 0, "moonshard": 0, "hero_damage": 26876, "tower_damage": 9565, "hero_healing": 5907, "gold": 2614, "gold_spent": 19455, "ability_upgrades_arr": [5028, 5027, 5028, 5027, 5028, 5030, 5029, 5029, 5027, 5027, 5029, 5030, 7021, 5028, 5029, 1192, 5030, 6105], "personaname": "La Chaucha", "name": null, "last_login": "2026-03-03T14:36:01.200Z", "rank_tier": 42, "computed_mmr": 4031.51, "is_subscriber": false, "radiant_win": true, "start_time": 1760322215, "duration": 2217, "cluster": 381, "lobby_type": 0, "game_mode": 22, "is_contributor": false, "patch": 58, "isRadiant": true, "win": 1, "lose": 0, "total_gold": 21689, "total_xp": 27786, "kills_per_min": 0.2976995940460081, "kda": 5.75, "abandons": 0, "benchmarks": {"gold_per_min": {"raw": 587, "pct": 0.5030487804878049}, "xp_per_min": {"raw": 752, "pct": 0.44927937915742794}, "kills_per_min": {"raw": 0.2976995940460081, "pct": 0.7851995565410199}, "last_hits_per_min": {"raw": 6.522327469553451, "pct": 0.2572062084257206}, "hero_damage_per_min": {"raw": 727.361299052774, "pct": 0.6762749445676275}, "hero_healing_per_min": {"raw": 159.86468200270636, "pct": 0.6092017738359202}, "tower_damage": {"raw": 9565, "pct": 0.6712860310421286}}}, {"account_id": 65137360, "player_slot": 3, "team_number": 0, "team_slot": 3, "hero_id": 123, "hero_variant": 1, "item_0": 180, "item_1": 0, "item_2": 0, "item_3": 36, "item_4": 1466, "item_5": 267, "backpack_0": 44, "backpack_1": 0, "backpack_2": 0, "item_neutral": 1602, "item_neutral2": 1577, "kills": 6, "deaths": 2, "assists": 26, "leaver_status": 0, "last_hits": 44, "denies": 7, "gold_per_min": 362, "xp_per_min": 647, "level": 21, "net_worth": 12851, "aghanims_scepter": 0, "aghanims_shard": 0, "moonshard": 0, "hero_damage": 21854, "tower_damage": 2085, "hero_healing": 1062, "gold": 3596, "gold_spent": 11580, "ability_upgrades_arr": [8429, 8158, 8429, 8158, 9501, 8106, 9501, 8429, 8158, 8158, 8429, 8106, 9501, 9501, 730, 730, 8106], "personaname": "PatoDeGoma", "name": null, "last_login": "2021-02-10T20:32:57.535Z", "rank_tier": 45, "computed_mmr": null, "is_subscriber": false, "radiant_win": true, "start_time": 1760322215, "duration": 2217, "cluster": 381, "lobby_type": 0, "game_mode": 22, "is_contributor": false, "patch": 58, "isRadiant": true, "win": 1, "lose": 0, "total_gold": 13375, "total_xp": 23906, "kills_per_min": 0.16238159675236805, "kda": 10.67, "abandons": 0, "benchmarks": {"gold_per_min": {"raw": 362, "pct": 0.4410801963993453}, "xp_per_min": {"raw": 647, "pct": 0.6231587561374795}, "kills_per_min": {"raw": 0.16238159675236807, "pct": 0.5994271685761048}, "last_hits_per_min": {"raw": 1.1907983761840324, "pct": 0.13666121112929625}, "hero_damage_per_min": {"raw": 591.4479025710419, "pct": 0.733633387888707}, "hero_healing_per_min": {"raw": 28.741542625169146, "pct": 0.9075286415711947}, "tower_damage": {"raw": 2085, "pct": 0.8346972176759411}}}, {"player_slot": 4, "team_number": 0, "team_slot": 4, "hero_id": 23, "hero_variant": 1, "item_0": 50, "item_1": 116, "item_2": 127, "item_3": 119, "item_4": 73, "item_5": 0, "backpack_0": 0, "backpack_1": 4205, "backpack_2": 0, "item_neutral": 565, "item_neutral2": 1594, "kills": 5, "deaths": 5, "assists": 19, "leaver_status": 0, "last_hits": 188, "denies": 10, "gold_per_min": 495, "xp_per_min": 621, "level": 20, "net_worth": 16289, "aghanims_scepter": 0, "aghanims_shard": 0, "moonshard": 0, "hero_damage": 18482, "tower_damage": 2901, "hero_healing": 0, "gold": 2659, "gold_spent": 15515, "ability_upgrades_arr": [5031, 5032, 5033, 5032, 5032, 5035, 5032, 5033, 5033, 1015, 5033, 5035, 5031, 5031, 6385, 5031, 5035, 1241], "is_subscriber": false, "radiant_win": true, "start_time": 1760322215, "duration": 2217, "cluster": 381, "lobby_type": 0, "game_mode": 22, "is_contributor": false, "patch": 58, "isRadiant": true, "win": 1, "lose": 0, "total_gold": 18290, "total_xp": 22945, "kills_per_min": 0.13531799729364005, "kda": 4, "abandons": 0, "benchmarks": {"gold_per_min": {"raw": 495, "pct": 0.4122448979591837}, "xp_per_min": {"raw": 621, "pct": 0.3395918367346939}, "kills_per_min": {"raw": 0.13531799729364005, "pct": 0.40244897959183673}, "last_hits_per_min": {"raw": 5.087956698240866, "pct": 0.2873469387755102}, "hero_damage_per_min": {"raw": 500.1894451962111, "pct": 0.2742857142857143}, "hero_healing_per_min": {"raw": 0, "pct": 0.8742857142857143}, "tower_damage": {"raw": 2901,