{"players": [{"player_slot": 0, "team_number": 0, "team_slot": 0, "hero_id": 109, "hero_variant": 1, "item_0": 75, "item_1": 263, "item_2": 174, "item_3": 63, "item_4": 75, "item_5": 135, "backpack_0": 24, "backpack_1": 1575, "backpack_2": 4205, "item_neutral": 1607, "item_neutral2": 1583, "kills": 6, "deaths": 13, "assists": 10, "leaver_status": 0, "last_hits": 271, "denies": 0, "gold_per_min": 490, "xp_per_min": 814, "level": 25, "net_worth": 17518, "aghanims_scepter": 0, "aghanims_shard": 0, "moonshard": 0, "hero_damage": 27553, "tower_damage": 1681, "hero_healing": 0, "gold": 358, "gold_spent": 22350, "ability_upgrades_arr": [5620, 5621, 5620, 5621, 5620, 5622, 5620, 5621, 5621, 7861, 5619, 5622, 5619, 5619, 1186, 5619, 5622, 6168, 6943], "is_subscriber": false, "radiant_win": false, "start_time": 1763859540, "duration": 2770, "cluster": 381, "lobby_type": 0, "game_mode": 22, "is_contributor": false, "patch": 58, "isRadiant": true, "win": 0, "lose": 1, "total_gold": 22621, "total_xp": 37579, "kills_per_min": 0.12996389891696752, "kda": 1.14, "abandons": 0, "benchmarks": {"gold_per_min": {"raw": 490, "pct": 0.3425720620842572}, "xp_per_min": {"raw": 814, "pct": 0.6352549889135255}, "kills_per_min": {"raw": 0.1299638989169675, "pct": 0.33370288248337027}, "last_hits_per_min": {"raw": 5.870036101083032, "pct": 0.28159645232815966}, "hero_damage_per_min": {"raw": 596.8158844765343, "pct": 0.5764966740576497}, "hero_healing_per_min": {"raw": 0, "pct": 0.9301552106430155}, "tower_damage": {"raw": 1681, "pct": 0.33813747228381374}}}, {"account_id": 37467834, "player_slot": 1, "team_number": 0, "team_slot": 1, "hero_id": 5, "hero_variant": 3, "item_0": 218, "item_1": 254, "item_2": 1, "item_3": 0, "item_4": 36, "item_5": 214, "backpack_0": 0, "backpack_1": 40, "backpack_2": 0, "item_neutral": 1607, "item_neutral2": 1583, "kills": 5, "deaths": 18, "assists": 23, "leaver_status": 0, "last_hits": 16, "denies": 2, "gold_per_min": 312, "xp_per_min": 474, "level": 20, "net_worth": 11049, "aghanims_scepter": 0, "aghanims_shard": 0, "moonshard": 0, "hero_damage": 14175, "tower_damage": 0, "hero_healing": 0, "gold": 4069, "gold_spent": 8370, "ability_upgrades_arr": [5127, 5128, 5127, 5128, 5127, 5129, 5127, 5126, 5128, 5128, 5126, 5126, 5129, 5959, 5126, 956, 5129, 6520], "personaname": "ExtremoDiaz", "name": null, "last_login": null, "rank_tier": 22, "computed_mmr": 3968.35, "is_subscriber": false, "radiant_win": false, "start_time": 1763859540, "duration": 2770, "cluster": 381, "lobby_type": 0, "game_mode": 22, "is_contributor": false, "patch": 58, "isRadiant": true, "win": 0, "lose": 1, "total_gold": 14404, "total_xp": 21883, "kills_per_min": 0.10830324909747292, "kda": 1.47, "abandons": 0, "benchmarks": {"gold_per_min": {"raw": 312, "pct": 0.31178247734138975}, "xp_per_min": {"raw": 474, "pct": 0.32507552870090634}, "kills_per_min": {"raw": 0.10830324909747292, "pct": 0.4909365558912387}, "last_hits_per_min": {"raw": 0.34657039711191334, "pct": 0.013595166163141994}, "hero_damage_per_min": {"raw": 307.03971119133575, "pct": 0.1743202416918429}, "hero_healing_per_min": {"raw": 0, "pct": 0.7250755287009063}, "tower_damage": {"raw": 0, "pct": 0.23957703927492446}}}, {"player_slot": 2, "team_number": 0, "team_slot": 2, "hero_id": 104, "hero_variant": 1, "item_0": 692, "item_1": 135, "item_2": 127, "item_3": 50, "item_4": 1, "item_5": 9, "backpack_0": 0, "backpack_1": 0, "backpack_2": 0, "item_neutral": 1599, "item_neutral2": 1594, "kills": 8, "deaths": 10, "assists": 13, "leaver_status": 0, "last_hits": 209, "denies": 9, "gold_per_min": 486, "xp_per_min": 723, "level": 24, "net_worth": 17285, "aghanims_scepter": 0, "aghanims_shard": 0, "moonshard": 0, "hero_damage": 33613, "tower_damage": 695, "hero_healing": 3098, "gold": 1335, "gold_spent": 21180, "ability_upgrades_arr": [5595, 5597, 5596, 5595, 5595, 5598, 5595, 5596, 5597, 5597, 5596, 5598, 5597, 5596, 1113, 463, 5598, 6526], "is_subscriber": false, "radiant_win": false, "start_time": 1763859540, "duration": 2770, "cluster": 381, "lobby_type": 0, "game_mode": 22, "is_contributor": false, "patch": 58, "isRadiant": true, "win": 0, "lose": 1, "total_gold": 22437, "total_xp": 33378, "kills_per_min": 0.1732851985559567, "kda": 1.91, "abandons": 0, "benchmarks": {"gold_per_min": {"raw": 486, "pct": 0.481198003327787}, "xp_per_min": {"raw": 723, "pct": 0.5457570715474209}, "kills_per_min": {"raw": 0.17328519855595667, "pct": 0.3625623960066556}, "last_hits_per_min": {"raw": 4.527075812274369, "pct": 0.43826955074875207}, "hero_damage_per_min": {"raw": 728.0794223826715, "pct": 0.5818635607321131}, "hero_healing_per_min": {"raw": 67.10469314079421, "pct": 0.7186356073211314}, "tower_damage": {"raw": 695, "pct": 0.3668885191347754}}}, {"account_id": 57067300, "player_slot": 3, "team_number": 0, "team_slot": 3, "hero_id": 63, "hero_variant": 1, "item_0": 168, "item_1": 135, "item_2": 116, "item_3": 236, "item_4": 63, "item_5": 149, "backpack_0": 0, "backpack_1": 0, "backpack_2": 0, "item_neutral": 1608, "item_neutral2": 1577, "kills": 14, "deaths": 9, "assists": 19, "leaver_status": 0, "last_hits": 173, "denies": 11, "gold_per_min": 509, "xp_per_min": 657, "level": 23, "net_worth": 19741, "aghanims_scepter": 0, "aghanims_shard": 1, "moonshard": 0, "hero_damage": 33864, "tower_damage": 1043, "hero_healing": 0, "gold": 491, "gold_spent": 20395, "ability_upgrades_arr": [5289, 5290, 5291, 5291, 5291, 5292, 5290, 5290, 5291, 5290, 5289, 5292, 5289, 5289, 6987, 6115, 5292, 6988], "personaname": "[L]and", "name": null, "last_login": "2021-04-05T18:45:38.489Z", "rank_tier": 32, "computed_mmr": null, "is_subscriber": false, "radiant_win": false, "start_time": 1763859540, "duration": 2770, "cluster": 381, "lobby_type": 0, "game_mode": 22, "is_contributor": false, "patch": 58, "isRadiant": true, "win": 0, "lose": 1, "total_gold": 23498, "total_xp": 30331, "kills_per_min": 0.3032490974729242, "kda": 3.3, "abandons": 0, "benchmarks": {"gold_per_min": {"raw": 509, "pct": 0.4921875}, "xp_per_min": {"raw": 657, "pct": 0.3623798076923077}, "kills_per_min": {"raw": 0.30324909747292417, "pct": 0.7181490384615384}, "last_hits_per_min": {"raw": 3.747292418772563, "pct": 0.26021634615384615}, "hero_damage_per_min": {"raw": 733.5162454873646, "pct": 0.6379206730769231}, "hero_healing_per_min": {"raw": 0, "pct": 0.81640625}, "tower_damage": {"raw": 1043, "pct": 0.3278245192307692}}}, {"player_slot": 4, "team_number": 0, "team_slot": 4, "hero_id": 98, "hero_variant": 2, "item_0": 190, "item_1": 127, "item_2": 180, "item_3": 242, "item_4": 9, "item_5": 108, "backpack_0": 0, "backpack_1": 0, "backpack_2": 0, "item_neutral": 1642, "item_neutral2": 1586, "kills": 5, "deaths": 11, "assists": 19, "leaver_status": 0, "last_hits": 153, "denies": 5, "gold_per_min": 399, "xp_per_min": 633, "level": 23, "net_worth": 15989, "aghanims_scepter": 0, "aghanims_shard": 0, "moonshard": 0, "hero_damage": 38508, "tower_damage": 26, "hero_healing": 0, "gold": 1139, "gold_spent": 20195, "ability_upgrades_arr": [5524, 5525, 5524, 5526, 5524, 5527, 5526, 5524, 5525, 5526, 5526, 5527, 5525, 5525, 7132, 8482, 5527, 6951], "is_subscriber": false, "radiant_win": false, "start_time": 1763859540, "duration": 2770, "cluster": 381, "lobby_type": 0, "game_mode": 22, "is_contributor": false, "patch": 58, "isRadiant": true, "win": 0, "lose": 1, "total_gold": 18420, "total_xp": 29223, "kills_per_min": 0.10830324909747292, "kda": 2, "abandons": 0, "benchmarks": {"gold_per_min": {"raw": 399, "pct": 0.34278959810874704}, "xp_per_min": {"raw": 633, "pct": 0.48226950354609927}, "kills_per_min": {"raw": 0.10830324909747292, "pct": 0.2789598108747045}, "last_hits_per_min": {"raw": 3.3140794223826715, "pct": 0.24822695035460993}, "hero_damage_per_min": {"raw": 834.1083032490975, "pct": 0.8203309692671394}, "hero_healing_per_min": {"raw": 0, "pct": 0.8617021276595744}, "tower_damage": {"raw": 26, "pct": 0.25886524822695034}}}, {"player_slot": 128, "team_number": 1, "team_slot": 0,