{"players": [{"account_id": 45421382, "player_slot": 0, "team_number": 0, "team_slot": 0, "hero_id": 23, "hero_variant": 1, "item_0": 36, "item_1": 43, "item_2": 127, "item_3": 50, "item_4": 90, "item_5": 911, "backpack_0": 0, "backpack_1": 0, "backpack_2": 0, "item_neutral": 1605, "item_neutral2": 1576, "kills": 3, "deaths": 10, "assists": 13, "leaver_status": 0, "last_hits": 177, "denies": 7, "gold_per_min": 410, "xp_per_min": 384, "level": 16, "net_worth": 13820, "aghanims_scepter": 0, "aghanims_shard": 1, "moonshard": 0, "hero_damage": 20998, "tower_damage": 278, "hero_healing": 0, "gold": 1095, "gold_spent": 14125, "ability_upgrades_arr": [5032, 5031, 5033, 5032, 5032, 5035, 5033, 5033, 5032, 5031, 1015, 5035, 5033, 5031, 5031, 6385], "personaname": "La Chaucha", "name": null, "last_login": "2026-03-03T14:36:01.200Z", "rank_tier": 42, "computed_mmr": 4031.51, "is_subscriber": false, "radiant_win": false, "start_time": 1752720598, "duration": 2300, "cluster": 241, "lobby_type": 0, "game_mode": 22, "is_contributor": false, "patch": 58, "region": 14, "isRadiant": true, "win": 0, "lose": 1, "total_gold": 15716, "total_xp": 14720, "kills_per_min": 0.07826086956521738, "kda": 1.45, "abandons": 0, "benchmarks": {"gold_per_min": {"raw": 410, "pct": 0.19600855310049894}, "xp_per_min": {"raw": 384, "pct": 0.08410548823948681}, "kills_per_min": {"raw": 0.0782608695652174, "pct": 0.17890235210263722}, "last_hits_per_min": {"raw": 4.6173913043478265, "pct": 0.22451888809693513}, "hero_damage_per_min": {"raw": 547.7739130434783, "pct": 0.33713471133285816}, "hero_healing_per_min": {"raw": 0, "pct": 0.887384176764077}, "tower_damage": {"raw": 278, "pct": 0.28082679971489666}}}, {"account_id": 37467834, "player_slot": 1, "team_number": 0, "team_slot": 1, "hero_id": 93, "hero_variant": 1, "item_0": 63, "item_1": 36, "item_2": 174, "item_3": 42, "item_4": 188, "item_5": 4204, "backpack_0": 0, "backpack_1": 0, "backpack_2": 0, "item_neutral": 1604, "item_neutral2": 1583, "kills": 1, "deaths": 11, "assists": 9, "leaver_status": 0, "last_hits": 36, "denies": 1, "gold_per_min": 231, "xp_per_min": 285, "level": 14, "net_worth": 6918, "aghanims_scepter": 0, "aghanims_shard": 0, "moonshard": 0, "hero_damage": 3497, "tower_damage": 0, "hero_healing": 0, "gold": 2468, "gold_spent": 5240, "ability_upgrades_arr": [5496, 5495, 5494, 5494, 5494, 5497, 5494, 5495, 5495, 5495, 6147, 5497, 5496, 5496], "personaname": "ExtremoDiaz", "name": null, "last_login": null, "rank_tier": 22, "computed_mmr": 3968.35, "is_subscriber": false, "radiant_win": false, "start_time": 1752720598, "duration": 2300, "cluster": 241, "lobby_type": 0, "game_mode": 22, "is_contributor": false, "patch": 58, "region": 14, "isRadiant": true, "win": 0, "lose": 1, "total_gold": 8855, "total_xp": 10925, "kills_per_min": 0.02608695652173913, "kda": 0.83, "abandons": 0, "benchmarks": {"gold_per_min": {"raw": 231, "pct": 0.01282638570774164}, "xp_per_min": {"raw": 285, "pct": 0.020613834173156206}, "kills_per_min": {"raw": 0.026086956521739132, "pct": 0.025423728813559324}, "last_hits_per_min": {"raw": 0.9391304347826088, "pct": 0.007787448465414567}, "hero_damage_per_min": {"raw": 91.22608695652174, "pct": 0.011223087494273936}, "hero_healing_per_min": {"raw": 0, "pct": 0.9654145671094824}, "tower_damage": {"raw": 0, "pct": 0.13513513513513514}}}, {"account_id": 57067300, "player_slot": 2, "team_number": 0, "team_slot": 2, "hero_id": 63, "hero_variant": 2, "item_0": 168, "item_1": 596, "item_2": 116, "item_3": 236, "item_4": 63, "item_5": 149, "backpack_0": 0, "backpack_1": 0, "backpack_2": 0, "item_neutral": 1639, "item_neutral2": 1584, "kills": 7, "deaths": 4, "assists": 9, "leaver_status": 0, "last_hits": 161, "denies": 9, "gold_per_min": 409, "xp_per_min": 566, "level": 20, "net_worth": 14564, "aghanims_scepter": 0, "aghanims_shard": 0, "moonshard": 0, "hero_damage": 24181, "tower_damage": 0, "hero_healing": 0, "gold": 489, "gold_spent": 15745, "ability_upgrades_arr": [5290, 5291, 5289, 5291, 5291, 5292, 5291, 5290, 5289, 5290, 5290, 5292, 5289, 5289, 6987, 6115, 5292], "personaname": "[L]and", "name": null, "last_login": "2021-04-05T18:45:38.489Z", "rank_tier": 32, "computed_mmr": null, "is_subscriber": false, "radiant_win": false, "start_time": 1752720598, "duration": 2300, "cluster": 241, "lobby_type": 0, "game_mode": 22, "is_contributor": false, "patch": 58, "region": 14, "isRadiant": true, "win": 0, "lose": 1, "total_gold": 15678, "total_xp": 21696, "kills_per_min": 0.1826086956521739, "kda": 3.2, "abandons": 0, "benchmarks": {"gold_per_min": {"raw": 409, "pct": 0.26090627638615255}, "xp_per_min": {"raw": 566, "pct": 0.24542640022516182}, "kills_per_min": {"raw": 0.1826086956521739, "pct": 0.4047283985364481}, "last_hits_per_min": {"raw": 4.2, "pct": 0.3433717984801576}, "hero_damage_per_min": {"raw": 630.8086956521739, "pct": 0.5347593582887701}, "hero_healing_per_min": {"raw": 0, "pct": 0.8041092034900085}, "tower_damage": {"raw": 0, "pct": 0.1072333239515902}}}, {"account_id": 65137360, "player_slot": 3, "team_number": 0, "team_slot": 3, "hero_id": 30, "hero_variant": 3, "item_0": 218, "item_1": 108, "item_2": 1575, "item_3": 36, "item_4": 180, "item_5": 0, "backpack_0": 0, "backpack_1": 0, "backpack_2": 0, "item_neutral": 1599, "item_neutral2": 1593, "kills": 6, "deaths": 7, "assists": 11, "leaver_status": 1, "last_hits": 17, "denies": 6, "gold_per_min": 283, "xp_per_min": 317, "level": 14, "net_worth": 9669, "aghanims_scepter": 0, "aghanims_shard": 1, "moonshard": 0, "hero_damage": 15428, "tower_damage": 0, "hero_healing": 7020, "gold": 1669, "gold_spent": 9190, "ability_upgrades_arr": [5138, 5140, 5140, 5139, 5140, 5141, 5138, 5139, 5139, 5138, 5139, 5141, 5140, 5138], "personaname": "PatoDeGoma", "name": null, "last_login": "2021-02-10T20:32:57.535Z", "rank_tier": 45, "computed_mmr": null, "is_subscriber": false, "radiant_win": false, "start_time": 1752720598, "duration": 2300, "cluster": 241, "lobby_type": 0, "game_mode": 22, "is_contributor": false, "patch": 58, "region": 14, "isRadiant": true, "win": 0, "lose": 1, "total_gold": 10848, "total_xp": 12151, "kills_per_min": 0.15652173913043477, "kda": 2.13, "abandons": 0, "benchmarks": {"gold_per_min": {"raw": 283, "pct": 0.13398272376401396}, "xp_per_min": {"raw": 317, "pct": 0.07388347730196655}, "kills_per_min": {"raw": 0.1565217391304348, "pct": 0.39349384304355817}, "last_hits_per_min": {"raw": 0.4434782608695652, "pct": 0.051277338724499175}, "hero_damage_per_min": {"raw": 402.46956521739133, "pct": 0.2251424370520125}, "hero_healing_per_min": {"raw": 183.13043478260872, "pct": 0.6410586289285057}, "tower_damage": {"raw": 0, "pct": 0.21356368314648042}}}, {"player_slot": 4, "team_number": 0, "team_slot": 4, "hero_id": 34, "hero_variant": 1, "item_0": 1, "item_1": 29, "item_2": 77, "item_3": 232, "item_4": 57, "item_5": 108, "backpack_0": 0, "backpack_1": 0, "backpack_2": 0, "item_neutral": 1604, "item_neutral2": 1583, "kills": 2, "deaths": 6, "assists": 7, "leaver_status": 0, "last_hits": 215, "denies": 6, "gold_per_min": 401, "xp_per_min": 519, "level": 19, "net_worth": 14599, "aghanims_scepter": 0, "aghanims_shard": 0, "moonshard": 0, "hero_damage": 33836, "tower_damage": 0, "hero_healing": 5751, "gold": 4169, "gold_spent": 11945, "ability_upgrades_arr": [5150, 5152, 5152, 650, 5152, 5153, 5152, 5150, 5150, 800, 5150, 5153, 650, 650, 6152, 650, 5153], "is_subscriber": false, "radiant_win": false, "start_time": 1752720598, "duration": 2300, "cluster": 241, "lobby_type": 0, "game_mode": 22, "is_contributor": false, "patch": 58, "region": 14, "isRadiant": true, "win": 0, "lose": 1, "total_gold": 15371, "total_xp": 19895, "kills_per_min": 0.05217391304347826, "kda": 1.29, "abandons": 0, "benchmarks": {"gold_per_min": {"raw": 401, "pct": 0.20501392757660167}, "xp_per_min": {"raw": 519, "pct": 0.1799442896935933}, "kills_per_min": {"raw": 0.052173913043478265, "pct": 0.11364902506963788}, "last_hits_per_min": {"raw": 5.608695652173913,