{"players": [{"player_slot": 0, "team_number": 0, "team_slot": 0, "hero_id": 95, "hero_variant": 1, "item_0": 145, "item_1": 170, "item_2": 152, "item_3": 50, "item_4": 116, "item_5": 40, "backpack_0": 60, "backpack_1": 0, "backpack_2": 0, "item_neutral": 309, "item_neutral2": 1586, "kills": 6, "deaths": 11, "assists": 10, "leaver_status": 0, "last_hits": 254, "denies": 5, "gold_per_min": 525, "xp_per_min": 743, "level": 22, "net_worth": 16503, "aghanims_scepter": 0, "aghanims_shard": 0, "moonshard": 0, "hero_damage": 20362, "tower_damage": 690, "hero_healing": 0, "gold": 323, "gold_spent": 17580, "ability_upgrades_arr": [5509, 5511, 5509, 5508, 5509, 5512, 5509, 5511, 5511, 5508, 5508, 5511, 5512, 5508, 1010, 6959, 5512, 1011], "is_subscriber": false, "radiant_win": false, "start_time": 1743881013, "duration": 2209, "cluster": 241, "lobby_type": 7, "game_mode": 22, "is_contributor": false, "patch": 57, "region": 14, "isRadiant": true, "win": 0, "lose": 1, "total_gold": 19328, "total_xp": 27354, "kills_per_min": 0.16296966953372566, "kda": 1.33, "abandons": 0, "benchmarks": {"gold_per_min": {"raw": 525, "pct": 0.49710982658959535}, "xp_per_min": {"raw": 743, "pct": 0.48786127167630056}, "kills_per_min": {"raw": 0.1629696695337257, "pct": 0.4023121387283237}, "last_hits_per_min": {"raw": 6.8990493435943865, "pct": 0.5861271676300578}, "hero_damage_per_min": {"raw": 553.064735174287, "pct": 0.4658959537572254}, "hero_healing_per_min": {"raw": 0, "pct": 0.9710982658959537}, "tower_damage": {"raw": 690, "pct": 0.2994219653179191}}}, {"player_slot": 1, "team_number": 0, "team_slot": 1, "hero_id": 27, "hero_variant": 2, "item_0": 0, "item_1": 108, "item_2": 232, "item_3": 0, "item_4": 180, "item_5": 0, "backpack_0": 0, "backpack_1": 0, "backpack_2": 0, "item_neutral": 362, "item_neutral2": 1593, "kills": 6, "deaths": 12, "assists": 13, "leaver_status": 0, "last_hits": 59, "denies": 3, "gold_per_min": 307, "xp_per_min": 429, "level": 17, "net_worth": 9144, "aghanims_scepter": 0, "aghanims_shard": 0, "moonshard": 0, "hero_damage": 18024, "tower_damage": 68, "hero_healing": 125, "gold": 1269, "gold_spent": 9555, "ability_upgrades_arr": [5078, 5080, 5080, 5078, 5078, 5081, 5079, 5078, 5080, 5080, 5079, 5081, 5079, 5079, 468, 793], "is_subscriber": false, "radiant_win": false, "start_time": 1743881013, "duration": 2209, "cluster": 241, "lobby_type": 7, "game_mode": 22, "is_contributor": false, "patch": 57, "region": 14, "isRadiant": true, "win": 0, "lose": 1, "total_gold": 11302, "total_xp": 15794, "kills_per_min": 0.16296966953372566, "kda": 1.46, "abandons": 0, "benchmarks": {"gold_per_min": {"raw": 307, "pct": 0.2614009485589201}, "xp_per_min": {"raw": 429, "pct": 0.24826705581904415}, "kills_per_min": {"raw": 0.1629696695337257, "pct": 0.8181320685881065}, "last_hits_per_min": {"raw": 1.6025350837483023, "pct": 0.4248449470995987}, "hero_damage_per_min": {"raw": 489.56088727931194, "pct": 0.7973367384166362}, "hero_healing_per_min": {"raw": 3.3952014486192845, "pct": 0.7451659978110179}, "tower_damage": {"raw": 68, "pct": 0.138270704122583}}}, {"player_slot": 2, "team_number": 0, "team_slot": 2, "hero_id": 42, "hero_variant": 1, "item_0": 152, "item_1": 73, "item_2": 0, "item_3": 141, "item_4": 137, "item_5": 63, "backpack_0": 0, "backpack_1": 0, "backpack_2": 0, "item_neutral": 1605, "item_neutral2": 1584, "kills": 5, "deaths": 8, "assists": 7, "leaver_status": 0, "last_hits": 258, "denies": 17, "gold_per_min": 472, "xp_per_min": 629, "level": 20, "net_worth": 15478, "aghanims_scepter": 0, "aghanims_shard": 0, "moonshard": 0, "hero_damage": 20521, "tower_damage": 1717, "hero_healing": 0, "gold": 423, "gold_spent": 15485, "ability_upgrades_arr": [5088, 5086, 5087, 5087, 5087, 5089, 5087, 5088, 5088, 5088, 6088, 5086, 5089, 5086, 809, 5086, 5089, 5908], "is_subscriber": false, "radiant_win": false, "start_time": 1743881013, "duration": 2209, "cluster": 241, "lobby_type": 7, "game_mode": 22, "is_contributor": false, "patch": 57, "region": 14, "isRadiant": true, "win": 0, "lose": 1, "total_gold": 17377, "total_xp": 23157, "kills_per_min": 0.13580805794477138, "kda": 1.33, "abandons": 0, "benchmarks": {"gold_per_min": {"raw": 472, "pct": 0.2080014817558807}, "xp_per_min": {"raw": 629, "pct": 0.2226338210779774}, "kills_per_min": {"raw": 0.13580805794477138, "pct": 0.23411742915354694}, "last_hits_per_min": {"raw": 7.007695789950203, "pct": 0.49916651231709575}, "hero_damage_per_min": {"raw": 557.3834314169308, "pct": 0.22930172254121134}, "hero_healing_per_min": {"raw": 0, "pct": 0.9507316169661049}, "tower_damage": {"raw": 1717, "pct": 0.2215225041674384}}}, {"player_slot": 3, "team_number": 0, "team_slot": 3, "hero_id": 3, "hero_variant": 2, "item_0": 23, "item_1": 102, "item_2": 180, "item_3": 244, "item_4": 36, "item_5": 232, "backpack_0": 218, "backpack_1": 0, "backpack_2": 0, "item_neutral": 1602, "item_neutral2": 1584, "kills": 6, "deaths": 12, "assists": 12, "leaver_status": 0, "last_hits": 51, "denies": 1, "gold_per_min": 306, "xp_per_min": 432, "level": 17, "net_worth": 9807, "aghanims_scepter": 0, "aghanims_shard": 1, "moonshard": 0, "hero_damage": 20898, "tower_damage": 29, "hero_healing": 0, "gold": 807, "gold_spent": 10935, "ability_upgrades_arr": [5011, 5012, 5011, 5014, 5011, 5013, 5011, 5012, 5014, 720, 5012, 5013, 5012, 5014, 779, 5014], "is_subscriber": false, "radiant_win": false, "start_time": 1743881013, "duration": 2209, "cluster": 241, "lobby_type": 7, "game_mode": 22, "is_contributor": false, "patch": 57, "region": 14, "isRadiant": true, "win": 0, "lose": 1, "total_gold": 11265, "total_xp": 15904, "kills_per_min": 0.16296966953372566, "kda": 1.38, "abandons": 0, "benchmarks": {"gold_per_min": {"raw": 306, "pct": 0.424507658643326}, "xp_per_min": {"raw": 432, "pct": 0.3096280087527352}, "kills_per_min": {"raw": 0.1629696695337257, "pct": 0.7450765864332604}, "last_hits_per_min": {"raw": 1.3852421910366681, "pct": 0.687089715536105}, "hero_damage_per_min": {"raw": 567.6233589859664, "pct": 0.8796498905908097}, "hero_healing_per_min": {"raw": 0, "pct": 0.6925601750547046}, "tower_damage": {"raw": 29, "pct": 0.27461706783369805}}}, {"player_slot": 4, "team_number": 0, "team_slot": 4, "hero_id": 59, "hero_variant": 4, "item_0": 116, "item_1": 26, "item_2": 21, "item_3": 151, "item_4": 73, "item_5": 63, "backpack_0": 0, "backpack_1": 0, "backpack_2": 0, "item_neutral": 828, "item_neutral2": 1594, "kills": 5, "deaths": 16, "assists": 5, "leaver_status": 0, "last_hits": 119, "denies": 9, "gold_per_min": 342, "xp_per_min": 458, "level": 17, "net_worth": 10901, "aghanims_scepter": 0, "aghanims_shard": 0, "moonshard": 0, "hero_damage": 19630, "tower_damage": 29, "hero_healing": 0, "gold": 546, "gold_spent": 10645, "ability_upgrades_arr": [5272, 5273, 5272, 5273, 7300, 5272, 5274, 5272, 5273, 5273, 7300, 7300, 7300, 5274, 6289, 6655], "is_subscriber": false, "radiant_win": false, "start_time": 1743881013, "duration": 2209, "cluster": 241, "lobby_type": 7, "game_mode": 22, "is_contributor": false, "patch": 57, "region": 14, "isRadiant": true, "win": 0, "lose": 1, "total_gold": 12591, "total_xp": 16862, "kills_per_min": 0.13580805794477138, "kda": 0.59, "abandons": 0, "benchmarks": {"gold_per_min": {"raw": 342, "pct": 0.14564755838641189}, "xp_per_min": {"raw": 458, "pct": 0.16687898089171974}, "kills_per_min": {"raw": 0.13580805794477138, "pct": 0.1762208067940552}, "last_hits_per_min": {"raw": 3.232231779085559, "pct": 0.28747346072186836}, "hero_damage_per_min": {"raw": 533.1824354911724, "pct": 0.24925690021231423}, "hero_healing_per_min": {"raw": 0, "pct": 0.9685774946921444}, "tower_damage": {"raw": 29, "pct": 0.11804670912951168}}}, {"player_slot": 128, "team_number": 1, "team_slot": 0, "hero_id": 71, "hero_variant": 1, "item_0": 50, "item_1": 267, "item_2": 127, "item_3": 210, "item_4": 73, "item_5": 162, "backpack_0": 0, "backpack_1": 0, "backpack_2": 0, "item_neutral": 947, "item_neutral2": 1576, "kills": 8, "deaths": 8, "assists": 25,