{"players": [{"player_slot": 0, "team_number": 0, "team_slot": 0, "hero_id": 35, "hero_variant": 1, "item_0": 263, "item_1": 63, "item_2": 172, "item_3": 158, "item_4": 42, "item_5": 141, "backpack_0": 69, "backpack_1": 0, "backpack_2": 0, "item_neutral": 1607, "item_neutral2": 1597, "kills": 24, "deaths": 3, "assists": 26, "leaver_status": 0, "last_hits": 302, "denies": 14, "gold_per_min": 693, "xp_per_min": 1000, "level": 27, "net_worth": 30655, "aghanims_scepter": 1, "aghanims_shard": 1, "moonshard": 0, "hero_damage": 72230, "tower_damage": 10873, "hero_healing": 0, "gold": 3005, "gold_spent": 29655, "ability_upgrades_arr": [5154, 5155, 5154, 5155, 5154, 5157, 5154, 5155, 5155, 5156, 928, 5157, 5156, 5156, 5156, 7892, 5157, 1455, 6198, 7396], "is_subscriber": false, "radiant_win": true, "start_time": 1753478557, "duration": 2853, "cluster": 241, "lobby_type": 7, "game_mode": 22, "is_contributor": false, "patch": 58, "region": 14, "isRadiant": true, "win": 1, "lose": 0, "total_gold": 32952, "total_xp": 47550, "kills_per_min": 0.5047318611987383, "kda": 12.5, "abandons": 0, "benchmarks": {"gold_per_min": {"raw": 693, "pct": 0.8095674766926486}, "xp_per_min": {"raw": 1000, "pct": 0.8812471343420449}, "kills_per_min": {"raw": 0.5047318611987381, "pct": 0.9144123490753477}, "last_hits_per_min": {"raw": 6.351209253417455, "pct": 0.5103163686382394}, "hero_damage_per_min": {"raw": 1519.0325972660357, "pct": 0.9590401956289164}, "hero_healing_per_min": {"raw": 0, "pct": 0.9301543634418462}, "tower_damage": {"raw": 10873, "pct": 0.7741097355952927}}}, {"player_slot": 1, "team_number": 0, "team_slot": 1, "hero_id": 105, "hero_variant": 2, "item_0": 102, "item_1": 178, "item_2": 100, "item_3": 176, "item_4": 108, "item_5": 214, "backpack_0": 4206, "backpack_1": 0, "backpack_2": 0, "item_neutral": 1599, "item_neutral2": 1577, "kills": 11, "deaths": 12, "assists": 30, "leaver_status": 0, "last_hits": 114, "denies": 0, "gold_per_min": 480, "xp_per_min": 883, "level": 26, "net_worth": 20208, "aghanims_scepter": 0, "aghanims_shard": 1, "moonshard": 0, "hero_damage": 53601, "tower_damage": 672, "hero_healing": 0, "gold": 2728, "gold_spent": 18770, "ability_upgrades_arr": [5601, 879, 5601, 879, 5601, 5599, 879, 5601, 879, 886, 886, 5599, 886, 886, 6997, 6282, 5599, 412, 6998], "is_subscriber": false, "radiant_win": true, "start_time": 1753478557, "duration": 2853, "cluster": 241, "lobby_type": 7, "game_mode": 22, "is_contributor": false, "patch": 58, "region": 14, "isRadiant": true, "win": 1, "lose": 0, "total_gold": 22824, "total_xp": 41986, "kills_per_min": 0.231335436382755, "kda": 3.15, "abandons": 0, "benchmarks": {"gold_per_min": {"raw": 480, "pct": 0.6796605674887298}, "xp_per_min": {"raw": 883, "pct": 0.9180588703261734}, "kills_per_min": {"raw": 0.231335436382755, "pct": 0.635905595332803}, "last_hits_per_min": {"raw": 2.3974763406940065, "pct": 0.36674622116149563}, "hero_damage_per_min": {"raw": 1127.2555205047317, "pct": 0.7915672235481305}, "hero_healing_per_min": {"raw": 0, "pct": 0.7364094404667197}, "tower_damage": {"raw": 672, "pct": 0.45293025722619995}}}, {"account_id": 1009591968, "player_slot": 2, "team_number": 0, "team_slot": 2, "hero_id": 18, "hero_variant": 2, "item_0": 156, "item_1": 1, "item_2": 154, "item_3": 116, "item_4": 252, "item_5": 141, "backpack_0": 63, "backpack_1": 0, "backpack_2": 1575, "item_neutral": 1641, "item_neutral2": 1586, "kills": 8, "deaths": 8, "assists": 20, "leaver_status": 0, "last_hits": 358, "denies": 6, "gold_per_min": 626, "xp_per_min": 849, "level": 26, "net_worth": 27543, "aghanims_scepter": 0, "aghanims_shard": 0, "moonshard": 0, "hero_damage": 38131, "tower_damage": 10894, "hero_healing": 0, "gold": 393, "gold_spent": 29080, "ability_upgrades_arr": [5094, 5095, 5095, 5096, 5095, 5097, 5095, 5094, 5094, 5094, 5096, 5097, 5096, 5096, 763, 6045, 5097, 1188, 6910], "personaname": "◦•●♡ ojï†o§ ♡●", "name": null, "last_login": null, "rank_tier": 53, "computed_mmr": 4164.87, "is_subscriber": false, "radiant_win": true, "start_time": 1753478557, "duration": 2853, "cluster": 241, "lobby_type": 7, "game_mode": 22, "is_contributor": false, "patch": 58, "region": 14, "isRadiant": true, "win": 1, "lose": 0, "total_gold": 29766, "total_xp": 40369, "kills_per_min": 0.16824395373291273, "kda": 3.11, "abandons": 0, "benchmarks": {"gold_per_min": {"raw": 626, "pct": 0.5710186513629842}, "xp_per_min": {"raw": 849, "pct": 0.5236728837876614}, "kills_per_min": {"raw": 0.16824395373291273, "pct": 0.36944045911047346}, "last_hits_per_min": {"raw": 7.528916929547845, "pct": 0.39741750358680056}, "hero_damage_per_min": {"raw": 801.9137749737118, "pct": 0.7109038737446198}, "hero_healing_per_min": {"raw": 0, "pct": 0.9548063127690101}, "tower_damage": {"raw": 10894, "pct": 0.7905308464849354}}}, {"account_id": 45421382, "player_slot": 3, "team_number": 0, "team_slot": 3, "hero_id": 26, "hero_variant": 1, "item_0": 232, "item_1": 42, "item_2": 931, "item_3": 100, "item_4": 79, "item_5": 0, "backpack_0": 58, "backpack_1": 0, "backpack_2": 0, "item_neutral": 1602, "item_neutral2": 1585, "kills": 9, "deaths": 7, "assists": 29, "leaver_status": 0, "last_hits": 53, "denies": 5, "gold_per_min": 378, "xp_per_min": 791, "level": 25, "net_worth": 14853, "aghanims_scepter": 0, "aghanims_shard": 0, "moonshard": 0, "hero_damage": 18760, "tower_damage": 1223, "hero_healing": 1720, "gold": 1178, "gold_spent": 18225, "ability_upgrades_arr": [5046, 5044, 5046, 5045, 5045, 5047, 5046, 5044, 5045, 5044, 5918, 5047, 5046, 5044, 401, 5045, 5047, 777, 6389], "personaname": "La Chaucha", "name": null, "last_login": "2026-03-03T14:36:01.200Z", "rank_tier": 42, "computed_mmr": 4031.51, "is_subscriber": false, "radiant_win": true, "start_time": 1753478557, "duration": 2853, "cluster": 241, "lobby_type": 7, "game_mode": 22, "is_contributor": false, "patch": 58, "region": 14, "isRadiant": true, "win": 1, "lose": 0, "total_gold": 17973, "total_xp": 37612, "kills_per_min": 0.18927444794952683, "kda": 4.75, "abandons": 0, "benchmarks": {"gold_per_min": {"raw": 378, "pct": 0.7067530064754857}, "xp_per_min": {"raw": 791, "pct": 0.8582000792916612}, "kills_per_min": {"raw": 0.1892744479495268, "pct": 0.6951235628386415}, "last_hits_per_min": {"raw": 1.1146161934805467, "pct": 0.46808510638297873}, "hero_damage_per_min": {"raw": 394.5320715036803, "pct": 0.6912911325492269}, "hero_healing_per_min": {"raw": 36.17245005257623, "pct": 0.9959032641733845}, "tower_damage": {"raw": 1223, "pct": 0.7803620985859654}}}, {"player_slot": 4, "team_number": 0, "team_slot": 4, "hero_id": 96, "hero_variant": 1, "item_0": 242, "item_1": 73, "item_2": 127, "item_3": 226, "item_4": 108, "item_5": 600, "backpack_0": 0, "backpack_1": 0, "backpack_2": 0, "item_neutral": 1643, "item_neutral2": 1585, "kills": 8, "deaths": 7, "assists": 29, "leaver_status": 0, "last_hits": 233, "denies": 2, "gold_per_min": 517, "xp_per_min": 812, "level": 26, "net_worth": 22345, "aghanims_scepter": 0, "aghanims_shard": 0, "moonshard": 0, "hero_damage": 34422, "tower_damage": 3445, "hero_healing": 0, "gold": 865, "gold_spent": 22800, "ability_upgrades_arr": [5516, 5514, 5514, 5515, 5515, 5517, 5515, 5515, 5514, 5514, 5917, 5517, 5516, 5516, 5516, 6617, 5517, 453, 5988], "is_subscriber": false, "radiant_win": true, "start_time": 1753478557, "duration": 2853, "cluster": 241, "lobby_type": 7, "game_mode": 22, "is_contributor": false, "patch": 58, "region": 14, "isRadiant": true, "win": 1, "lose": 0, "total_gold": 24583, "total_xp": 38610, "kills_per_min": 0.16824395373291273, "kda": 4.63, "abandons": 0, "benchmarks": {"gold_per_min": {"raw": 517, "pct": 0.759119496855346}, "xp_per_min": {"raw": 812, "pct": 0.7949685534591195}, "kills_per_min": {"raw": 0.16824395373291273, "pct": 0.7025157232704402}, "last_hits_per_min": {"raw": 4.900105152471083, "pct": 0.519496855345912}, "hero_damage_per_min": {"raw": 723.9116719242902, "pct": 0.8176100628930818}, "hero_healing_per_min": {"raw": 0,