{"players": [{"player_slot": 0, "team_number": 0, "team_slot": 0, "hero_id": 48, "hero_variant": 2, "item_0": 249, "item_1": 156, "item_2": 0, "item_3": 0, "item_4": 236, "item_5": 123, "backpack_0": 0, "backpack_1": 0, "backpack_2": 0, "item_neutral": 1605, "item_neutral2": 1584, "kills": 8, "deaths": 5, "assists": 11, "leaver_status": 0, "last_hits": 337, "denies": 12, "gold_per_min": 639, "xp_per_min": 1024, "level": 26, "net_worth": 21040, "aghanims_scepter": 0, "aghanims_shard": 0, "moonshard": 0, "hero_damage": 26946, "tower_damage": 11755, "hero_healing": 0, "gold": 3390, "gold_spent": 20525, "ability_upgrades_arr": [5223, 1462, 5223, 5222, 1462, 5223, 5223, 1462, 1462, 7047, 5225, 5222, 5225, 5222, 5222, 323, 5225, 770, 6682], "is_subscriber": false, "radiant_win": true, "start_time": 1773880761, "duration": 2368, "cluster": 381, "lobby_type": 0, "game_mode": 22, "is_contributor": false, "patch": 59, "isRadiant": true, "win": 1, "lose": 0, "total_gold": 25219, "total_xp": 40413, "kills_per_min": 0.2027027027027027, "kda": 3.17, "abandons": 0, "benchmarks": {"gold_per_min": {"raw": 639, "pct": 0.49359239355105416}, "xp_per_min": {"raw": 1024, "pct": 0.7937164117403885}, "kills_per_min": {"raw": 0.20270270270270271, "pct": 0.5134353038445638}, "last_hits_per_min": {"raw": 8.538851351351353, "pct": 0.3579991732120711}, "hero_damage_per_min": {"raw": 682.7533783783784, "pct": 0.49069863579991735}, "hero_healing_per_min": {"raw": 0, "pct": 0.9644481190574618}, "tower_damage": {"raw": 11755, "pct": 0.6093427035965275}}}, {"account_id": 1167553194, "player_slot": 1, "team_number": 0, "team_slot": 1, "hero_id": 38, "hero_variant": 2, "item_0": 267, "item_1": 1, "item_2": 147, "item_3": 63, "item_4": 123, "item_5": 108, "backpack_0": 4204, "backpack_1": 190, "backpack_2": 0, "item_neutral": 1605, "item_neutral2": 1584, "kills": 17, "deaths": 4, "assists": 15, "leaver_status": 0, "last_hits": 304, "denies": 2, "gold_per_min": 633, "xp_per_min": 872, "level": 25, "net_worth": 23020, "aghanims_scepter": 0, "aghanims_shard": 0, "moonshard": 0, "hero_damage": 43231, "tower_damage": 5030, "hero_healing": 0, "gold": 1070, "gold_spent": 24115, "ability_upgrades_arr": [5168, 7230, 7230, 5172, 5168, 5177, 5168, 5168, 5172, 7230, 901, 7230, 5177, 5172, 5172, 6612, 5177, 613, 722], "personaname": "ISLAND BOY", "name": null, "last_login": null, "rank_tier": 35, "computed_mmr": 3619.72, "is_subscriber": false, "radiant_win": true, "start_time": 1773880761, "duration": 2368, "cluster": 381, "lobby_type": 0, "game_mode": 22, "is_contributor": false, "patch": 59, "isRadiant": true, "win": 1, "lose": 0, "total_gold": 24982, "total_xp": 34414, "kills_per_min": 0.4307432432432432, "kda": 6.4, "abandons": 0, "benchmarks": {"gold_per_min": {"raw": 633, "pct": 0.6584627035213935}, "xp_per_min": {"raw": 872, "pct": 0.6327148807269973}, "kills_per_min": {"raw": 0.43074324324324326, "pct": 0.84967815221507}, "last_hits_per_min": {"raw": 7.702702702702703, "pct": 0.631578947368421}, "hero_damage_per_min": {"raw": 1095.3800675675675, "pct": 0.8610374858008331}, "hero_healing_per_min": {"raw": 0, "pct": 0.9023097311624385}, "tower_damage": {"raw": 5030, "pct": 0.6168118137069292}}}, {"player_slot": 2, "team_number": 0, "team_slot": 2, "hero_id": 85, "hero_variant": 2, "item_0": 692, "item_1": 108, "item_2": 77, "item_3": 180, "item_4": 79, "item_5": 92, "backpack_0": 0, "backpack_1": 0, "backpack_2": 0, "item_neutral": 565, "item_neutral2": 1586, "kills": 4, "deaths": 13, "assists": 33, "leaver_status": 0, "last_hits": 120, "denies": 5, "gold_per_min": 407, "xp_per_min": 685, "level": 22, "net_worth": 14935, "aghanims_scepter": 0, "aghanims_shard": 0, "moonshard": 0, "hero_damage": 24050, "tower_damage": 1787, "hero_healing": 9052, "gold": 2430, "gold_spent": 12930, "ability_upgrades_arr": [5442, 5443, 5442, 5443, 5442, 5447, 5442, 5443, 5443, 5444, 813, 5444, 5447, 5444, 5444, 616, 5447, 6420], "is_subscriber": false, "radiant_win": true, "start_time": 1773880761, "duration": 2368, "cluster": 381, "lobby_type": 0, "game_mode": 22, "is_contributor": false, "patch": 59, "isRadiant": true, "win": 1, "lose": 0, "total_gold": 16062, "total_xp": 27034, "kills_per_min": 0.10135135135135134, "kda": 2.64, "abandons": 0, "benchmarks": {"gold_per_min": {"raw": 407, "pct": 0.5370084811102545}, "xp_per_min": {"raw": 685, "pct": 0.6861989205859677}, "kills_per_min": {"raw": 0.10135135135135136, "pct": 0.25327679259830377}, "last_hits_per_min": {"raw": 3.040540540540541, "pct": 0.6090979182729376}, "hero_damage_per_min": {"raw": 609.375, "pct": 0.8419429452582884}, "hero_healing_per_min": {"raw": 229.3581081081081, "pct": 0.8006939090208173}, "tower_damage": {"raw": 1787, "pct": 0.7979953739398612}}}, {"account_id": 45421382, "player_slot": 3, "team_number": 0, "team_slot": 3, "hero_id": 54, "hero_variant": 4, "item_0": 36, "item_1": 598, "item_2": 208, "item_3": 50, "item_4": 939, "item_5": 154, "backpack_0": 0, "backpack_1": 0, "backpack_2": 0, "item_neutral": 1638, "item_neutral2": 1577, "kills": 11, "deaths": 0, "assists": 16, "leaver_status": 0, "last_hits": 256, "denies": 19, "gold_per_min": 599, "xp_per_min": 967, "level": 25, "net_worth": 23199, "aghanims_scepter": 0, "aghanims_shard": 0, "moonshard": 0, "hero_damage": 29266, "tower_damage": 8297, "hero_healing": 4891, "gold": 3189, "gold_spent": 21860, "ability_upgrades_arr": [5251, 631, 631, 5251, 5249, 5252, 631, 5251, 631, 5920, 730, 5251, 5249, 5249, 5249, 5252, 464, 5252, 709, 6173], "personaname": "La Chaucha", "name": null, "last_login": "2026-03-03T14:36:01.200Z", "rank_tier": 42, "computed_mmr": 4050.01, "is_subscriber": false, "radiant_win": true, "start_time": 1773880761, "duration": 2368, "cluster": 381, "lobby_type": 0, "game_mode": 22, "is_contributor": false, "patch": 59, "isRadiant": true, "win": 1, "lose": 0, "total_gold": 23640, "total_xp": 38164, "kills_per_min": 0.27871621621621623, "kda": 27, "abandons": 0, "benchmarks": {"gold_per_min": {"raw": 599, "pct": 0.5540485829959514}, "xp_per_min": {"raw": 967, "pct": 0.7058704453441296}, "kills_per_min": {"raw": 0.27871621621621623, "pct": 0.7129554655870445}, "last_hits_per_min": {"raw": 6.486486486486487, "pct": 0.34048582995951415}, "hero_damage_per_min": {"raw": 741.5371621621622, "pct": 0.5977732793522267}, "hero_healing_per_min": {"raw": 123.92736486486487, "pct": 0.9791497975708502}, "tower_damage": {"raw": 8297, "pct": 0.6336032388663968}}}, {"account_id": 37467834, "player_slot": 4, "team_number": 0, "team_slot": 4, "hero_id": 5, "hero_variant": 3, "item_0": 254, "item_1": 102, "item_2": 1, "item_3": 0, "item_4": 214, "item_5": 36, "backpack_0": 44, "backpack_1": 188, "backpack_2": 0, "item_neutral": 1637, "item_neutral2": 1593, "kills": 7, "deaths": 10, "assists": 23, "leaver_status": 0, "last_hits": 21, "denies": 3, "gold_per_min": 364, "xp_per_min": 579, "level": 20, "net_worth": 12776, "aghanims_scepter": 0, "aghanims_shard": 0, "moonshard": 0, "hero_damage": 14669, "tower_damage": 534, "hero_healing": 0, "gold": 4556, "gold_spent": 9510, "ability_upgrades_arr": [5127, 5128, 5127, 5128, 5127, 5128, 5127, 5129, 5128, 5126, 5926, 5126, 5129, 5126, 5126, 7654, 5129], "personaname": "ExtremoDiaz", "name": null, "last_login": null, "rank_tier": 22, "computed_mmr": 3996.43, "is_subscriber": false, "radiant_win": true, "start_time": 1773880761, "duration": 2368, "cluster": 381, "lobby_type": 0, "game_mode": 22, "is_contributor": false, "patch": 59, "isRadiant": true, "win": 1, "lose": 0, "total_gold": 14365, "total_xp": 22851, "kills_per_min": 0.17736486486486486, "kda": 2.73, "abandons": 0, "benchmarks": {"gold_per_min": {"raw": 364, "pct": 0.5658642142277522}, "xp_per_min": {"raw": 579, "pct": 0.5223153908574519}, "kills_per_min": {"raw": 0.17736486486486489, "pct": 0.7819853935623479}, "last_hits_per_min": {"raw": 0.5320945945945945, "pct": 0.037057073302677844}, "hero_damage_per_min": {"raw": 371.6807432432433, "pct": 0.3502840140654585},