{"players": [{"account_id": 914257524, "player_slot": 0, "team_number": 0, "team_slot": 0, "hero_id": 63, "hero_variant": 1, "item_0": 156, "item_1": 63, "item_2": 141, "item_3": 40, "item_4": 168, "item_5": 116, "backpack_0": 0, "backpack_1": 0, "backpack_2": 0, "item_neutral": 675, "item_neutral2": 1576, "kills": 17, "deaths": 8, "assists": 12, "leaver_status": 1, "last_hits": 235, "denies": 22, "gold_per_min": 604, "xp_per_min": 830, "level": 25, "net_worth": 21790, "aghanims_scepter": 0, "aghanims_shard": 1, "moonshard": 0, "hero_damage": 47355, "tower_damage": 6727, "hero_healing": 0, "gold": 1110, "gold_spent": 23645, "ability_upgrades_arr": [5290, 5291, 5289, 5291, 5291, 5292, 5291, 5290, 5290, 5290, 6115, 5289, 5292, 5289, 5289, 6987, 5292, 6131, 6990], "personaname": "dinosaur.344573", "name": null, "last_login": "2023-12-08T20:20:10.712Z", "rank_tier": 23, "computed_mmr": null, "is_subscriber": false, "radiant_win": false, "start_time": 1769267994, "duration": 2496, "cluster": 272, "lobby_type": 7, "game_mode": 22, "is_contributor": false, "patch": 59, "region": 3, "isRadiant": true, "win": 0, "lose": 1, "total_gold": 25126, "total_xp": 34528, "kills_per_min": 0.40865384615384615, "kda": 3.22, "abandons": 0, "benchmarks": {"gold_per_min": {"raw": 604, "pct": 0.7374577592929555}, "xp_per_min": {"raw": 830, "pct": 0.5942292695606967}, "kills_per_min": {"raw": 0.40865384615384615, "pct": 0.8809461918377957}, "last_hits_per_min": {"raw": 5.649038461538462, "pct": 0.5846113854951911}, "hero_damage_per_min": {"raw": 1138.3413461538462, "pct": 0.9292955549779048}, "hero_healing_per_min": {"raw": 0, "pct": 0.7192617624122692}, "tower_damage": {"raw": 6727, "pct": 0.6854691967767091}}}, {"player_slot": 1, "team_number": 0, "team_slot": 1, "hero_id": 26, "hero_variant": 1, "item_0": 36, "item_1": 254, "item_2": 1, "item_3": 218, "item_4": 0, "item_5": 214, "backpack_0": 0, "backpack_1": 0, "backpack_2": 0, "item_neutral": 1604, "item_neutral2": 1593, "kills": 4, "deaths": 10, "assists": 11, "leaver_status": 0, "last_hits": 33, "denies": 1, "gold_per_min": 286, "xp_per_min": 471, "level": 19, "net_worth": 9855, "aghanims_scepter": 0, "aghanims_shard": 1, "moonshard": 0, "hero_damage": 10720, "tower_damage": 65, "hero_healing": 125, "gold": 2645, "gold_spent": 8825, "ability_upgrades_arr": [5044, 5046, 5046, 5044, 5046, 5047, 5045, 5044, 5046, 465, 5044, 5047, 5045, 5045, 5045, 401, 5047], "is_subscriber": false, "radiant_win": false, "start_time": 1769267994, "duration": 2496, "cluster": 272, "lobby_type": 7, "game_mode": 22, "is_contributor": false, "patch": 59, "region": 3, "isRadiant": true, "win": 0, "lose": 1, "total_gold": 11897, "total_xp": 19593, "kills_per_min": 0.09615384615384615, "kda": 1.36, "abandons": 0, "benchmarks": {"gold_per_min": {"raw": 286, "pct": 0.2702414299052954}, "xp_per_min": {"raw": 471, "pct": 0.3093237294917967}, "kills_per_min": {"raw": 0.09615384615384615, "pct": 0.28691476590636256}, "last_hits_per_min": {"raw": 0.7932692307692307, "pct": 0.24916633319994663}, "hero_damage_per_min": {"raw": 257.6923076923077, "pct": 0.20061357876483926}, "hero_healing_per_min": {"raw": 3.0048076923076925, "pct": 0.833266639989329}, "tower_damage": {"raw": 65, "pct": 0.33119914632519676}}}, {"account_id": 68009807, "player_slot": 2, "team_number": 0, "team_slot": 2, "hero_id": 64, "hero_variant": 3, "item_0": 610, "item_1": 232, "item_2": 43, "item_3": 77, "item_4": 180, "item_5": 0, "backpack_0": 0, "backpack_1": 0, "backpack_2": 0, "item_neutral": 1604, "item_neutral2": 1594, "kills": 4, "deaths": 11, "assists": 16, "leaver_status": 0, "last_hits": 113, "denies": 8, "gold_per_min": 333, "xp_per_min": 469, "level": 19, "net_worth": 11233, "aghanims_scepter": 0, "aghanims_shard": 0, "moonshard": 0, "hero_damage": 16161, "tower_damage": 3315, "hero_healing": 0, "gold": 153, "gold_spent": 13190, "ability_upgrades_arr": [5299, 5297, 5299, 5298, 5299, 5300, 5299, 5297, 5297, 5297, 6661, 5300, 5298, 5298, 5298, 6186, 5300], "personaname": "Bl@ckW1dow", "name": null, "last_login": "2025-03-16T18:05:09.852Z", "rank_tier": 41, "computed_mmr": 3919.49, "is_subscriber": false, "radiant_win": false, "start_time": 1769267994, "duration": 2496, "cluster": 272, "lobby_type": 7, "game_mode": 22, "is_contributor": false, "patch": 59, "region": 3, "isRadiant": true, "win": 0, "lose": 1, "total_gold": 13852, "total_xp": 19510, "kills_per_min": 0.09615384615384615, "kda": 1.67, "abandons": 0, "benchmarks": {"gold_per_min": {"raw": 333, "pct": 0.40737240075614367}, "xp_per_min": {"raw": 469, "pct": 0.34168241965973534}, "kills_per_min": {"raw": 0.09615384615384615, "pct": 0.44187145557655955}, "last_hits_per_min": {"raw": 2.7163461538461537, "pct": 0.7346408317580341}, "hero_damage_per_min": {"raw": 388.4855769230769, "pct": 0.3716918714555766}, "hero_healing_per_min": {"raw": 0, "pct": 0.5637996219281664}, "tower_damage": {"raw": 3315, "pct": 0.6734404536862004}}}, {"player_slot": 3, "team_number": 0, "team_slot": 3, "hero_id": 59, "hero_variant": 3, "item_0": 29, "item_1": 154, "item_2": 26, "item_3": 151, "item_4": 1, "item_5": 116, "backpack_0": 0, "backpack_1": 0, "backpack_2": 0, "item_neutral": 1603, "item_neutral2": 1594, "kills": 9, "deaths": 11, "assists": 8, "leaver_status": 0, "last_hits": 191, "denies": 24, "gold_per_min": 447, "xp_per_min": 715, "level": 23, "net_worth": 14914, "aghanims_scepter": 0, "aghanims_shard": 0, "moonshard": 0, "hero_damage": 28379, "tower_damage": 5425, "hero_healing": 0, "gold": 514, "gold_spent": 16295, "ability_upgrades_arr": [5272, 5273, 7300, 5272, 5273, 5274, 5272, 5273, 7300, 5273, 6655, 7300, 5274, 7300, 5272, 433, 5274, 462], "is_subscriber": false, "radiant_win": false, "start_time": 1769267994, "duration": 2496, "cluster": 272, "lobby_type": 7, "game_mode": 22, "is_contributor": false, "patch": 59, "region": 3, "isRadiant": true, "win": 0, "lose": 1, "total_gold": 18595, "total_xp": 29744, "kills_per_min": 0.21634615384615383, "kda": 1.42, "abandons": 0, "benchmarks": {"gold_per_min": {"raw": 447, "pct": 0.45346062052505964}, "xp_per_min": {"raw": 715, "pct": 0.6257756563245823}, "kills_per_min": {"raw": 0.21634615384615385, "pct": 0.43293556085918855}, "last_hits_per_min": {"raw": 4.591346153846154, "pct": 0.5785202863961814}, "hero_damage_per_min": {"raw": 682.1875, "pct": 0.5221957040572792}, "hero_healing_per_min": {"raw": 0, "pct": 0.9618138424821002}, "tower_damage": {"raw": 5425, "pct": 0.7069212410501193}}}, {"account_id": 1058878597, "player_slot": 4, "team_number": 0, "team_slot": 4, "hero_id": 71, "hero_variant": 1, "item_0": 1802, "item_1": 277, "item_2": 152, "item_3": 36, "item_4": 61, "item_5": 50, "backpack_0": 0, "backpack_1": 0, "backpack_2": 0, "item_neutral": 1598, "item_neutral2": 1584, "kills": 5, "deaths": 10, "assists": 21, "leaver_status": 1, "last_hits": 161, "denies": 10, "gold_per_min": 422, "xp_per_min": 753, "level": 23, "net_worth": 14113, "aghanims_scepter": 0, "aghanims_shard": 1, "moonshard": 0, "hero_damage": 16997, "tower_damage": 58, "hero_healing": 0, "gold": 603, "gold_spent": 14945, "ability_upgrades_arr": [5355, 5353, 5355, 5353, 5355, 5356, 5355, 5353, 5353, 7301, 7022, 7301, 5356, 7301, 7301, 6296, 5356, 6149], "personaname": "PD@ddy", "name": null, "last_login": null, "rank_tier": 34, "computed_mmr": 3969.13, "is_subscriber": false, "radiant_win": false, "start_time": 1769267994, "duration": 2496, "cluster": 272, "lobby_type": 7, "game_mode": 22, "is_contributor": false, "patch": 59, "region": 3, "isRadiant": true, "win": 0, "lose": 1, "total_gold": 17555, "total_xp": 31324, "kills_per_min": 0.12019230769230768, "kda": 2.36, "abandons": 0, "benchmarks": {"gold_per_min": {"raw": 422, "pct": 0.6882453151618398}, "xp_per_min": {"raw": 753, "pct": 0.6771720613287905}, "kills_per_min": {"raw": 0.12019230769230768, "pct": 0.3580352072685974}, "last_hits_per_min": {"raw": 3.870192307692308, "pct": 0.8685406019307211},