{"players": [{"player_slot": 0, "team_number": 0, "team_slot": 0, "hero_id": 28, "hero_variant": 1, "item_0": 50, "item_1": 1, "item_2": 172, "item_3": 178, "item_4": 252, "item_5": 34, "backpack_0": 0, "backpack_1": 0, "backpack_2": 0, "item_neutral": 71, "item_neutral2": 1585, "kills": 5, "deaths": 6, "assists": 15, "leaver_status": 0, "last_hits": 84, "denies": 2, "gold_per_min": 435, "xp_per_min": 597, "level": 17, "net_worth": 12045, "aghanims_scepter": 0, "aghanims_shard": 1, "moonshard": 0, "hero_damage": 7492, "tower_damage": 5242, "hero_healing": 0, "gold": 1290, "gold_spent": 10945, "ability_upgrades_arr": [5116, 5115, 5114, 5115, 5114, 5117, 5115, 5114, 5116, 5116, 852, 5115, 5117, 5114, 5116, 6889], "is_subscriber": false, "radiant_win": true, "start_time": 1773682149, "duration": 1653, "cluster": 251, "lobby_type": 7, "game_mode": 22, "is_contributor": false, "patch": 59, "region": 15, "isRadiant": true, "win": 1, "lose": 0, "total_gold": 11984, "total_xp": 16447, "kills_per_min": 0.18148820326678766, "kda": 2.86, "abandons": 0, "benchmarks": {"gold_per_min": {"raw": 435, "pct": 0.4264705882352941}, "xp_per_min": {"raw": 597, "pct": 0.35171568627450983}, "kills_per_min": {"raw": 0.18148820326678766, "pct": 0.5306372549019608}, "last_hits_per_min": {"raw": 3.0490018148820326, "pct": 0.19362745098039216}, "hero_damage_per_min": {"raw": 271.9419237749546, "pct": 0.18586601307189543}, "hero_healing_per_min": {"raw": 0, "pct": 0.9383169934640523}, "tower_damage": {"raw": 5242, "pct": 0.8974673202614379}}}, {"account_id": 37467834, "player_slot": 1, "team_number": 0, "team_slot": 1, "hero_id": 84, "hero_variant": 1, "item_0": 65, "item_1": 180, "item_2": 102, "item_3": 218, "item_4": 232, "item_5": 36, "backpack_0": 188, "backpack_1": 0, "backpack_2": 0, "item_neutral": 1716, "item_neutral2": 1593, "kills": 6, "deaths": 6, "assists": 13, "leaver_status": 0, "last_hits": 63, "denies": 1, "gold_per_min": 488, "xp_per_min": 596, "level": 17, "net_worth": 12701, "aghanims_scepter": 0, "aghanims_shard": 0, "moonshard": 0, "hero_damage": 14181, "tower_damage": 1596, "hero_healing": 0, "gold": 3616, "gold_spent": 9540, "ability_upgrades_arr": [5439, 5438, 5439, 5440, 5439, 5441, 5439, 5438, 5438, 5440, 403, 5440, 5441, 5440, 5438, 1181], "personaname": "ExtremoDiaz", "name": null, "last_login": null, "rank_tier": 22, "computed_mmr": 3968.35, "is_subscriber": false, "radiant_win": true, "start_time": 1773682149, "duration": 1653, "cluster": 251, "lobby_type": 7, "game_mode": 22, "is_contributor": false, "patch": 59, "region": 15, "isRadiant": true, "win": 1, "lose": 0, "total_gold": 13444, "total_xp": 16419, "kills_per_min": 0.2177858439201452, "kda": 2.71, "abandons": 0, "benchmarks": {"gold_per_min": {"raw": 488, "pct": 0.61735818801363}, "xp_per_min": {"raw": 596, "pct": 0.4768490679494889}, "kills_per_min": {"raw": 0.2177858439201452, "pct": 0.8362397274002806}, "last_hits_per_min": {"raw": 2.2867513611615244, "pct": 0.42954499899779514}, "hero_damage_per_min": {"raw": 514.7368421052632, "pct": 0.49428743235117256}, "hero_healing_per_min": {"raw": 0, "pct": 0.6630587292042494}, "tower_damage": {"raw": 1596, "pct": 0.6746843054720385}}}, {"player_slot": 2, "team_number": 0, "team_slot": 2, "hero_id": 145, "hero_variant": 2, "item_0": 145, "item_1": 116, "item_2": 139, "item_3": 63, "item_4": 147, "item_5": 75, "backpack_0": 40, "backpack_1": 0, "backpack_2": 0, "item_neutral": 359, "item_neutral2": 1594, "kills": 24, "deaths": 1, "assists": 12, "leaver_status": 0, "last_hits": 257, "denies": 7, "gold_per_min": 870, "xp_per_min": 1186, "level": 24, "net_worth": 23410, "aghanims_scepter": 0, "aghanims_shard": 0, "moonshard": 0, "hero_damage": 36561, "tower_damage": 14473, "hero_healing": 0, "gold": 3175, "gold_spent": 21665, "ability_upgrades_arr": [1498, 1499, 1500, 1498, 1498, 1501, 1498, 1499, 1499, 1503, 1504, 6299, 1501, 1504, 1500, 1511, 1506, 1510], "is_subscriber": false, "radiant_win": true, "start_time": 1773682149, "duration": 1653, "cluster": 251, "lobby_type": 7, "game_mode": 22, "is_contributor": false, "patch": 59, "region": 15, "isRadiant": true, "win": 1, "lose": 0, "total_gold": 23968, "total_xp": 32674, "kills_per_min": 0.8711433756805808, "kda": 18, "abandons": 0, "benchmarks": {"gold_per_min": {"raw": 870, "pct": 0.9872813990461049}, "xp_per_min": {"raw": 1186, "pct": 0.931637519872814}, "kills_per_min": {"raw": 0.8711433756805808, "pct": 0.9936406995230525}, "last_hits_per_min": {"raw": 9.328493647912886, "pct": 0.9149443561208267}, "hero_damage_per_min": {"raw": 1327.078039927405, "pct": 0.9284578696343402}, "hero_healing_per_min": {"raw": 0, "pct": 0.9340222575516693}, "tower_damage": {"raw": 14473, "pct": 0.9483306836248012}}}, {"player_slot": 3, "team_number": 0, "team_slot": 3, "hero_id": 48, "hero_variant": 2, "item_0": 7, "item_1": 63, "item_2": 485, "item_3": 41, "item_4": 147, "item_5": 172, "backpack_0": 134, "backpack_1": 0, "backpack_2": 0, "item_neutral": 1599, "item_neutral2": 1584, "kills": 4, "deaths": 9, "assists": 9, "leaver_status": 0, "last_hits": 161, "denies": 8, "gold_per_min": 484, "xp_per_min": 661, "level": 18, "net_worth": 12789, "aghanims_scepter": 0, "aghanims_shard": 0, "moonshard": 0, "hero_damage": 13496, "tower_damage": 6024, "hero_healing": 0, "gold": 1664, "gold_spent": 11330, "ability_upgrades_arr": [5222, 5223, 5223, 1462, 5222, 5225, 5222, 5223, 5223, 5222, 847, 1462, 5225, 1462, 1462, 323, 5225], "is_subscriber": false, "radiant_win": true, "start_time": 1773682149, "duration": 1653, "cluster": 251, "lobby_type": 7, "game_mode": 22, "is_contributor": false, "patch": 59, "region": 15, "isRadiant": true, "win": 1, "lose": 0, "total_gold": 13334, "total_xp": 18210, "kills_per_min": 0.14519056261343014, "kda": 1.3, "abandons": 0, "benchmarks": {"gold_per_min": {"raw": 484, "pct": 0.19765561843168958}, "xp_per_min": {"raw": 661, "pct": 0.2502021018593371}, "kills_per_min": {"raw": 0.14519056261343014, "pct": 0.3350848827809216}, "last_hits_per_min": {"raw": 5.8439201451905625, "pct": 0.1370250606305578}, "hero_damage_per_min": {"raw": 489.87295825771326, "pct": 0.23160873080032338}, "hero_healing_per_min": {"raw": 0, "pct": 0.9624090541632982}, "tower_damage": {"raw": 6024, "pct": 0.4785772029102668}}}, {"player_slot": 4, "team_number": 0, "team_slot": 4, "hero_id": 31, "hero_variant": 2, "item_0": 218, "item_1": 206, "item_2": 36, "item_3": 77, "item_4": 29, "item_5": 232, "backpack_0": 0, "backpack_1": 0, "backpack_2": 0, "item_neutral": 1599, "item_neutral2": 1584, "kills": 7, "deaths": 4, "assists": 18, "leaver_status": 0, "last_hits": 46, "denies": 1, "gold_per_min": 395, "xp_per_min": 477, "level": 15, "net_worth": 8803, "aghanims_scepter": 0, "aghanims_shard": 1, "moonshard": 0, "hero_damage": 14524, "tower_damage": 1278, "hero_healing": 0, "gold": 1263, "gold_spent": 8730, "ability_upgrades_arr": [5136, 5134, 7325, 5136, 7325, 5137, 5134, 5134, 5136, 775, 5134, 7325, 5137, 5136, 7325, 6387], "is_subscriber": false, "radiant_win": true, "start_time": 1773682149, "duration": 1653, "cluster": 251, "lobby_type": 7, "game_mode": 22, "is_contributor": false, "patch": 59, "region": 15, "isRadiant": true, "win": 1, "lose": 0, "total_gold": 10882, "total_xp": 13141, "kills_per_min": 0.2540834845735027, "kda": 5, "abandons": 0, "benchmarks": {"gold_per_min": {"raw": 395, "pct": 0.719279433840875}, "xp_per_min": {"raw": 477, "pct": 0.29830581170920006}, "kills_per_min": {"raw": 0.2540834845735027, "pct": 0.9030666952605618}, "last_hits_per_min": {"raw": 1.6696914700544463, "pct": 0.5537207806133391}, "hero_damage_per_min": {"raw": 527.1869328493648, "pct": 0.6092644220458932}, "hero_healing_per_min": {"raw": 0, "pct": 0.65966116234184}, "tower_damage": {"raw": 1278, "pct": 0.8897705339909929}}}, {"player_slot": 128, "team_number": 1, "team_slot": 0, "hero_id": 16, "hero_variant": 4, "item_0": 1, "item_1": 36, "item_2": 21, "item_3": 73, "item_4": 29, "item_5": 8, "backpack_0": 77,