{"players": [{"player_slot": 0, "team_number": 0, "team_slot": 0, "hero_id": 41, "hero_variant": 2, "item_0": 110, "item_1": 116, "item_2": 0, "item_3": 63, "item_4": 166, "item_5": 135, "backpack_0": 0, "backpack_1": 36, "backpack_2": 0, "item_neutral": 1641, "item_neutral2": 1586, "kills": 4, "deaths": 9, "assists": 23, "leaver_status": 0, "last_hits": 247, "denies": 7, "gold_per_min": 476, "xp_per_min": 839, "level": 26, "net_worth": 20674, "aghanims_scepter": 0, "aghanims_shard": 0, "moonshard": 0, "hero_damage": 18852, "tower_damage": 3437, "hero_healing": 0, "gold": 2024, "gold_spent": 19965, "ability_upgrades_arr": [5182, 5691, 5184, 5182, 5182, 5185, 5182, 5184, 5184, 867, 5184, 5185, 5691, 5691, 6807, 5691, 5185, 6128, 6651], "is_subscriber": false, "radiant_win": true, "start_time": 1761965422, "duration": 2857, "cluster": 381, "lobby_type": 0, "game_mode": 22, "is_contributor": false, "patch": 58, "isRadiant": true, "win": 1, "lose": 0, "total_gold": 22665, "total_xp": 39950, "kills_per_min": 0.0840042002100105, "kda": 2.7, "abandons": 0, "benchmarks": {"gold_per_min": {"raw": 476, "pct": 0.35354691075514877}, "xp_per_min": {"raw": 839, "pct": 0.585812356979405}, "kills_per_min": {"raw": 0.0840042002100105, "pct": 0.17543859649122806}, "last_hits_per_min": {"raw": 5.187259362968148, "pct": 0.2246376811594203}, "hero_damage_per_min": {"raw": 395.9117955897795, "pct": 0.3348588863463005}, "hero_healing_per_min": {"raw": 0, "pct": 0.9462242562929062}, "tower_damage": {"raw": 3437, "pct": 0.5415713196033562}}}, {"player_slot": 1, "team_number": 0, "team_slot": 1, "hero_id": 128, "hero_variant": 2, "item_0": 1, "item_1": 267, "item_2": 254, "item_3": 36, "item_4": 108, "item_5": 180, "backpack_0": 43, "backpack_1": 0, "backpack_2": 0, "item_neutral": 840, "item_neutral2": 1586, "kills": 8, "deaths": 11, "assists": 17, "leaver_status": 0, "last_hits": 64, "denies": 0, "gold_per_min": 370, "xp_per_min": 674, "level": 24, "net_worth": 15179, "aghanims_scepter": 0, "aghanims_shard": 0, "moonshard": 0, "hero_damage": 19385, "tower_damage": 1107, "hero_healing": 213, "gold": 1754, "gold_spent": 14205, "ability_upgrades_arr": [6480, 6483, 6488, 6480, 6480, 6482, 6480, 6488, 6488, 384, 6482, 6488, 6483, 6483, 6489, 6483, 1628, 730, 6482], "is_subscriber": false, "radiant_win": true, "start_time": 1761965422, "duration": 2857, "cluster": 381, "lobby_type": 0, "game_mode": 22, "is_contributor": false, "patch": 58, "isRadiant": true, "win": 1, "lose": 0, "total_gold": 17618, "total_xp": 32093, "kills_per_min": 0.168008400420021, "kda": 2.08, "abandons": 0, "benchmarks": {"gold_per_min": {"raw": 370, "pct": 0.4342281879194631}, "xp_per_min": {"raw": 674, "pct": 0.7328859060402685}, "kills_per_min": {"raw": 0.168008400420021, "pct": 0.5845637583892618}, "last_hits_per_min": {"raw": 1.344067203360168, "pct": 0.14161073825503356}, "hero_damage_per_min": {"raw": 407.1053552677634, "pct": 0.27986577181208055}, "hero_healing_per_min": {"raw": 4.473223661183059, "pct": 0.36845637583892615}, "tower_damage": {"raw": 1107, "pct": 0.5758389261744966}}}, {"player_slot": 2, "team_number": 0, "team_slot": 2, "hero_id": 35, "hero_variant": 2, "item_0": 108, "item_1": 63, "item_2": 152, "item_3": 263, "item_4": 158, "item_5": 135, "backpack_0": 0, "backpack_1": 0, "backpack_2": 0, "item_neutral": 828, "item_neutral2": 1577, "kills": 17, "deaths": 8, "assists": 14, "leaver_status": 0, "last_hits": 251, "denies": 20, "gold_per_min": 616, "xp_per_min": 824, "level": 26, "net_worth": 25353, "aghanims_scepter": 0, "aghanims_shard": 0, "moonshard": 0, "hero_damage": 49579, "tower_damage": 10237, "hero_healing": 0, "gold": 1653, "gold_spent": 27410, "ability_upgrades_arr": [5154, 5156, 5156, 5155, 5156, 5157, 5155, 5156, 5155, 5155, 5154, 5154, 928, 5157, 5154, 7892, 5157, 6897, 6896], "is_subscriber": false, "radiant_win": true, "start_time": 1761965422, "duration": 2857, "cluster": 381, "lobby_type": 0, "game_mode": 22, "is_contributor": false, "patch": 58, "isRadiant": true, "win": 1, "lose": 0, "total_gold": 29331, "total_xp": 39236, "kills_per_min": 0.3570178508925446, "kda": 3.44, "abandons": 0, "benchmarks": {"gold_per_min": {"raw": 616, "pct": 0.6531223980016653}, "xp_per_min": {"raw": 824, "pct": 0.6919233971690258}, "kills_per_min": {"raw": 0.3570178508925446, "pct": 0.766361365528726}, "last_hits_per_min": {"raw": 5.271263563178159, "pct": 0.3268942547876769}, "hero_damage_per_min": {"raw": 1041.2110605530277, "pct": 0.7293921731890092}, "hero_healing_per_min": {"raw": 0, "pct": 0.9365528726061615}, "tower_damage": {"raw": 10237, "pct": 0.7462114904246461}}}, {"account_id": 37467834, "player_slot": 3, "team_number": 0, "team_slot": 3, "hero_id": 48, "hero_variant": 3, "item_0": 172, "item_1": 147, "item_2": 263, "item_3": 135, "item_4": 63, "item_5": 116, "backpack_0": 36, "backpack_1": 0, "backpack_2": 0, "item_neutral": 1607, "item_neutral2": 1594, "kills": 15, "deaths": 8, "assists": 13, "leaver_status": 0, "last_hits": 329, "denies": 14, "gold_per_min": 663, "xp_per_min": 963, "level": 27, "net_worth": 29000, "aghanims_scepter": 0, "aghanims_shard": 0, "moonshard": 0, "hero_damage": 36737, "tower_damage": 18811, "hero_healing": 0, "gold": 7400, "gold_spent": 22610, "ability_upgrades_arr": [5222, 5223, 5222, 5223, 5222, 5225, 5222, 5223, 5223, 847, 1462, 5225, 1462, 1462, 770, 1462, 5225, 6180, 6682], "personaname": "ExtremoDiaz", "name": null, "last_login": null, "rank_tier": 22, "computed_mmr": 3968.35, "is_subscriber": false, "radiant_win": true, "start_time": 1761965422, "duration": 2857, "cluster": 381, "lobby_type": 0, "game_mode": 22, "is_contributor": false, "patch": 58, "isRadiant": true, "win": 1, "lose": 0, "total_gold": 31569, "total_xp": 45854, "kills_per_min": 0.31501575078753935, "kda": 3.11, "abandons": 0, "benchmarks": {"gold_per_min": {"raw": 663, "pct": 0.562874251497006}, "xp_per_min": {"raw": 963, "pct": 0.7337632427452787}, "kills_per_min": {"raw": 0.31501575078753935, "pct": 0.8051589129433441}, "last_hits_per_min": {"raw": 6.909345467273363, "pct": 0.22938737908797788}, "hero_damage_per_min": {"raw": 771.515575778789, "pct": 0.6116996775679411}, "hero_healing_per_min": {"raw": 0, "pct": 0.9686780285582681}, "tower_damage": {"raw": 18811, "pct": 0.8254260709350529}}}, {"account_id": 65137360, "player_slot": 4, "team_number": 0, "team_slot": 4, "hero_id": 131, "hero_variant": 2, "item_0": 180, "item_1": 218, "item_2": 232, "item_3": 37, "item_4": 96, "item_5": 226, "backpack_0": 0, "backpack_1": 244, "backpack_2": 36, "item_neutral": 1641, "item_neutral2": 1592, "kills": 7, "deaths": 5, "assists": 29, "leaver_status": 0, "last_hits": 52, "denies": 7, "gold_per_min": 395, "xp_per_min": 731, "level": 25, "net_worth": 17312, "aghanims_scepter": 0, "aghanims_shard": 0, "moonshard": 0, "hero_damage": 19301, "tower_damage": 653, "hero_healing": 125, "gold": 2012, "gold_spent": 16630, "ability_upgrades_arr": [352, 386, 386, 383, 386, 385, 386, 352, 383, 352, 396, 385, 352, 383, 383, 707, 385, 399], "personaname": "PatoDeGoma", "name": null, "last_login": "2021-02-10T20:32:57.535Z", "rank_tier": 45, "computed_mmr": null, "is_subscriber": false, "radiant_win": true, "start_time": 1761965422, "duration": 2857, "cluster": 381, "lobby_type": 0, "game_mode": 22, "is_contributor": false, "patch": 58, "isRadiant": true, "win": 1, "lose": 0, "total_gold": 18808, "total_xp": 34807, "kills_per_min": 0.14700735036751839, "kda": 6, "abandons": 0, "benchmarks": {"gold_per_min": {"raw": 395, "pct": 0.8367983367983368}, "xp_per_min": {"raw": 731, "pct": 0.8908523908523909}, "kills_per_min": {"raw": 0.14700735036751836, "pct": 0.7266112266112266}, "last_hits_per_min": {"raw": 1.0920546027301365, "pct": 0.28274428274428276}, "hero_damage_per_min": {"raw": 405.34126706335314, "pct": 0.37525987525987525}, "hero_healing_per_min": {"raw": 2.625131256562828, "pct": 0.6382536382536382}, "tower_damage": {"raw": 653, "pct": 0.8014553014553014}}}, {"account_id": 218630453,