{"players": [{"player_slot": 0, "team_number": 0, "team_slot": 0, "hero_id": 3, "hero_variant": 1, "item_0": 534, "item_1": 249, "item_2": 40, "item_3": 63, "item_4": 172, "item_5": 141, "backpack_0": 218, "backpack_1": 0, "backpack_2": 0, "item_neutral": 1642, "item_neutral2": 1585, "kills": 8, "deaths": 9, "assists": 8, "leaver_status": 0, "last_hits": 224, "denies": 11, "gold_per_min": 457, "xp_per_min": 719, "level": 25, "net_worth": 19235, "aghanims_scepter": 0, "aghanims_shard": 0, "moonshard": 0, "hero_damage": 25376, "tower_damage": 872, "hero_healing": 0, "gold": 1800, "gold_spent": 18575, "ability_upgrades_arr": [5012, 5014, 5012, 5011, 5014, 5013, 5014, 5014, 5011, 979, 5012, 5013, 5012, 5011, 978, 5011, 5013, 6141, 6609], "is_subscriber": false, "radiant_win": false, "start_time": 1752365741, "duration": 3129, "cluster": 241, "lobby_type": 0, "game_mode": 22, "is_contributor": false, "patch": 58, "region": 14, "isRadiant": true, "win": 0, "lose": 1, "total_gold": 23832, "total_xp": 37495, "kills_per_min": 0.15340364333652926, "kda": 1.6, "abandons": 0, "benchmarks": {"gold_per_min": {"raw": 457, "pct": 0.9409190371991247}, "xp_per_min": {"raw": 719, "pct": 0.8347921225382933}, "kills_per_min": {"raw": 0.15340364333652926, "pct": 0.7111597374179431}, "last_hits_per_min": {"raw": 4.295302013422819, "pct": 0.9814004376367614}, "hero_damage_per_min": {"raw": 486.5963566634708, "pct": 0.7636761487964989}, "hero_healing_per_min": {"raw": 0, "pct": 0.6925601750547046}, "tower_damage": {"raw": 872, "pct": 0.7713347921225383}}}, {"account_id": 45421382, "player_slot": 1, "team_number": 0, "team_slot": 1, "hero_id": 104, "hero_variant": 1, "item_0": 168, "item_1": 112, "item_2": 116, "item_3": 50, "item_4": 1, "item_5": 0, "backpack_0": 0, "backpack_1": 0, "backpack_2": 0, "item_neutral": 1603, "item_neutral2": 1597, "kills": 18, "deaths": 11, "assists": 9, "leaver_status": 0, "last_hits": 332, "denies": 8, "gold_per_min": 588, "xp_per_min": 687, "level": 25, "net_worth": 24198, "aghanims_scepter": 1, "aghanims_shard": 1, "moonshard": 0, "hero_damage": 48568, "tower_damage": 3421, "hero_healing": 3045, "gold": 573, "gold_spent": 30875, "ability_upgrades_arr": [5595, 5597, 5597, 5595, 5597, 5598, 5596, 5595, 5596, 5595, 5597, 5598, 1176, 5596, 5596, 6671, 5598, 7395, 880], "personaname": "La Chaucha", "name": null, "last_login": "2026-03-03T14:36:01.200Z", "rank_tier": 42, "computed_mmr": 4031.51, "is_subscriber": false, "radiant_win": false, "start_time": 1752365741, "duration": 3129, "cluster": 241, "lobby_type": 0, "game_mode": 22, "is_contributor": false, "patch": 58, "region": 14, "isRadiant": true, "win": 0, "lose": 1, "total_gold": 30664, "total_xp": 35827, "kills_per_min": 0.3451581975071908, "kda": 2.25, "abandons": 0, "benchmarks": {"gold_per_min": {"raw": 588, "pct": 0.817353033637221}, "xp_per_min": {"raw": 687, "pct": 0.4699779943414021}, "kills_per_min": {"raw": 0.3451581975071908, "pct": 0.774127632819868}, "last_hits_per_min": {"raw": 6.366251198465964, "pct": 0.8917007230430682}, "hero_damage_per_min": {"raw": 931.313518696069, "pct": 0.8160955674316253}, "hero_healing_per_min": {"raw": 58.38926174496645, "pct": 0.6828041496384785}, "tower_damage": {"raw": 3421, "pct": 0.5961961647280729}}}, {"player_slot": 2, "team_number": 0, "team_slot": 2, "hero_id": 26, "hero_variant": 1, "item_0": 100, "item_1": 1, "item_2": 31, "item_3": 214, "item_4": 232, "item_5": 43, "backpack_0": 0, "backpack_1": 0, "backpack_2": 215, "item_neutral": 1607, "item_neutral2": 1583, "kills": 1, "deaths": 8, "assists": 22, "leaver_status": 0, "last_hits": 54, "denies": 4, "gold_per_min": 296, "xp_per_min": 529, "level": 22, "net_worth": 12864, "aghanims_scepter": 0, "aghanims_shard": 1, "moonshard": 0, "hero_damage": 10667, "tower_damage": 1469, "hero_healing": 0, "gold": 1289, "gold_spent": 14270, "ability_upgrades_arr": [5044, 5046, 5046, 5045, 5046, 5047, 5046, 5044, 5044, 5918, 5044, 5047, 5045, 5045, 401, 5045, 5047, 777], "is_subscriber": false, "radiant_win": false, "start_time": 1752365741, "duration": 3129, "cluster": 241, "lobby_type": 0, "game_mode": 22, "is_contributor": false, "patch": 58, "region": 14, "isRadiant": true, "win": 0, "lose": 1, "total_gold": 15436, "total_xp": 27587, "kills_per_min": 0.019175455417066157, "kda": 2.56, "abandons": 0, "benchmarks": {"gold_per_min": {"raw": 296, "pct": 0.3081802563763711}, "xp_per_min": {"raw": 529, "pct": 0.4301572617946346}, "kills_per_min": {"raw": 0.019175455417066157, "pct": 0.027619928637504957}, "last_hits_per_min": {"raw": 1.0354745925215725, "pct": 0.41707413770318486}, "hero_damage_per_min": {"raw": 204.54458293384468, "pct": 0.10070040967358267}, "hero_healing_per_min": {"raw": 0, "pct": 0.7417734901546187}, "tower_damage": {"raw": 1469, "pct": 0.8115501519756839}}}, {"account_id": 65137360, "player_slot": 3, "team_number": 0, "team_slot": 3, "hero_id": 123, "hero_variant": 1, "item_0": 180, "item_1": 0, "item_2": 141, "item_3": 40, "item_4": 100, "item_5": 1466, "backpack_0": 16, "backpack_1": 43, "backpack_2": 0, "item_neutral": 1602, "item_neutral2": 1576, "kills": 7, "deaths": 7, "assists": 25, "leaver_status": 1, "last_hits": 179, "denies": 6, "gold_per_min": 395, "xp_per_min": 692, "level": 25, "net_worth": 18157, "aghanims_scepter": 0, "aghanims_shard": 0, "moonshard": 0, "hero_damage": 22754, "tower_damage": 525, "hero_healing": 125, "gold": 3947, "gold_spent": 17130, "ability_upgrades_arr": [8429, 8158, 8429, 8158, 9501, 8106, 8429, 8158, 9501, 8429, 8158, 8106, 9501, 9501, 7132, 9513, 8106, 7383], "personaname": "PatoDeGoma", "name": null, "last_login": "2021-02-10T20:32:57.535Z", "rank_tier": 45, "computed_mmr": null, "is_subscriber": false, "radiant_win": false, "start_time": 1752365741, "duration": 3129, "cluster": 241, "lobby_type": 0, "game_mode": 22, "is_contributor": false, "patch": 58, "region": 14, "isRadiant": true, "win": 0, "lose": 1, "total_gold": 20599, "total_xp": 36087, "kills_per_min": 0.1342281879194631, "kda": 4, "abandons": 0, "benchmarks": {"gold_per_min": {"raw": 395, "pct": 0.5774647887323944}, "xp_per_min": {"raw": 692, "pct": 0.6790214974054856}, "kills_per_min": {"raw": 0.1342281879194631, "pct": 0.466641957005189}, "last_hits_per_min": {"raw": 3.432406519654842, "pct": 0.7516679021497406}, "hero_damage_per_min": {"raw": 436.3183125599233, "pct": 0.3865826538176427}, "hero_healing_per_min": {"raw": 2.396931927133269, "pct": 0.6445515196441809}, "tower_damage": {"raw": 525, "pct": 0.4907338769458858}}}, {"player_slot": 4, "team_number": 0, "team_slot": 4, "hero_id": 2, "hero_variant": 1, "item_0": 1, "item_1": 127, "item_2": 50, "item_3": 116, "item_4": 692, "item_5": 114, "backpack_0": 125, "backpack_1": 0, "backpack_2": 0, "item_neutral": 1608, "item_neutral2": 1586, "kills": 5, "deaths": 13, "assists": 11, "leaver_status": 0, "last_hits": 311, "denies": 13, "gold_per_min": 495, "xp_per_min": 730, "level": 25, "net_worth": 22718, "aghanims_scepter": 0, "aghanims_shard": 0, "moonshard": 0, "hero_damage": 42193, "tower_damage": 779, "hero_healing": 0, "gold": 1918, "gold_spent": 22100, "ability_upgrades_arr": [5008, 5007, 5009, 5008, 5008, 5010, 5009, 5008, 5009, 9401, 5009, 5010, 5007, 5007, 5007, 670, 5010, 6991, 6102], "is_subscriber": false, "radiant_win": false, "start_time": 1752365741, "duration": 3129, "cluster": 241, "lobby_type": 0, "game_mode": 22, "is_contributor": false, "patch": 58, "region": 14, "isRadiant": true, "win": 0, "lose": 1, "total_gold": 25814, "total_xp": 38069, "kills_per_min": 0.09587727708533078, "kda": 1.14, "abandons": 0, "benchmarks": {"gold_per_min": {"raw": 495, "pct": 0.5313055062166963}, "xp_per_min": {"raw": 730, "pct": 0.5515097690941385}, "kills_per_min": {"raw": 0.09587727708533078, "pct": 0.09236234458259325}, "last_hits_per_min": {"raw": 5.963566634707575, "pct": 0.8150532859680284}, "hero_damage_per_min": {"raw": 809.0699904122723, "pct": 0.6660746003552398}, "hero_healing_per_min": {"raw": 0,