{"players": [{"player_slot": 0, "team_number": 0, "team_slot": 0, "hero_id": 64, "hero_variant": 3, "item_0": 176, "item_1": 256, "item_2": 108, "item_3": 263, "item_4": 206, "item_5": 180, "backpack_0": 0, "backpack_1": 0, "backpack_2": 0, "item_neutral": 565, "item_neutral2": 1584, "kills": 15, "deaths": 7, "assists": 21, "leaver_status": 0, "last_hits": 238, "denies": 0, "gold_per_min": 550, "xp_per_min": 868, "level": 27, "net_worth": 25361, "aghanims_scepter": 0, "aghanims_shard": 1, "moonshard": 0, "hero_damage": 34109, "tower_damage": 4673, "hero_healing": 0, "gold": 3186, "gold_spent": 24555, "ability_upgrades_arr": [5299, 5297, 5298, 5298, 5299, 5300, 5299, 5299, 5297, 5963, 5298, 5300, 5297, 5297, 6661, 5298, 5300, 6064, 6381, 303], "is_subscriber": false, "radiant_win": true, "start_time": 1762960814, "duration": 3326, "cluster": 381, "lobby_type": 7, "game_mode": 22, "is_contributor": false, "patch": 58, "isRadiant": true, "win": 1, "lose": 0, "total_gold": 30488, "total_xp": 48116, "kills_per_min": 0.27059530968129886, "kda": 4.5, "abandons": 0, "benchmarks": {"gold_per_min": {"raw": 550, "pct": 0.9819875776397515}, "xp_per_min": {"raw": 868, "pct": 0.967391304347826}, "kills_per_min": {"raw": 0.27059530968129886, "pct": 0.9537267080745342}, "last_hits_per_min": {"raw": 4.293445580276608, "pct": 0.9385093167701863}, "hero_damage_per_min": {"raw": 615.3156945279616, "pct": 0.8580745341614907}, "hero_healing_per_min": {"raw": 0, "pct": 0.5785714285714286}, "tower_damage": {"raw": 4673, "pct": 0.8453416149068324}}}, {"account_id": 37467834, "player_slot": 1, "team_number": 0, "team_slot": 1, "hero_id": 42, "hero_variant": 1, "item_0": 90, "item_1": 1, "item_2": 50, "item_3": 30, "item_4": 137, "item_5": 112, "backpack_0": 36, "backpack_1": 0, "backpack_2": 0, "item_neutral": 1608, "item_neutral2": 1586, "kills": 5, "deaths": 7, "assists": 28, "leaver_status": 0, "last_hits": 205, "denies": 8, "gold_per_min": 459, "xp_per_min": 841, "level": 27, "net_worth": 23539, "aghanims_scepter": 0, "aghanims_shard": 1, "moonshard": 0, "hero_damage": 31540, "tower_damage": 3385, "hero_healing": 0, "gold": 3989, "gold_spent": 19940, "ability_upgrades_arr": [5086, 5087, 5088, 5087, 5087, 5089, 5087, 5086, 5086, 1545, 5086, 5089, 5088, 5088, 809, 5088, 5089, 1547, 6566, 6088], "personaname": "ExtremoDiaz", "name": null, "last_login": null, "rank_tier": 22, "computed_mmr": 3968.35, "is_subscriber": false, "radiant_win": true, "start_time": 1762960814, "duration": 3326, "cluster": 381, "lobby_type": 7, "game_mode": 22, "is_contributor": false, "patch": 58, "isRadiant": true, "win": 1, "lose": 0, "total_gold": 25443, "total_xp": 46619, "kills_per_min": 0.09019843656043296, "kda": 4.13, "abandons": 0, "benchmarks": {"gold_per_min": {"raw": 459, "pct": 0.19415807560137457}, "xp_per_min": {"raw": 841, "pct": 0.5642611683848797}, "kills_per_min": {"raw": 0.09019843656043296, "pct": 0.14209621993127147}, "last_hits_per_min": {"raw": 3.698135898977751, "pct": 0.07079037800687285}, "hero_damage_per_min": {"raw": 568.9717378232111, "pct": 0.2572164948453608}, "hero_healing_per_min": {"raw": 0, "pct": 0.9589347079037801}, "tower_damage": {"raw": 3385, "pct": 0.3445017182130584}}}, {"player_slot": 2, "team_number": 0, "team_slot": 2, "hero_id": 27, "hero_variant": 2, "item_0": 214, "item_1": 40, "item_2": 180, "item_3": 110, "item_4": 254, "item_5": 232, "backpack_0": 0, "backpack_1": 15, "backpack_2": 0, "item_neutral": 1607, "item_neutral2": 1584, "kills": 5, "deaths": 11, "assists": 24, "leaver_status": 0, "last_hits": 154, "denies": 0, "gold_per_min": 401, "xp_per_min": 695, "level": 26, "net_worth": 19645, "aghanims_scepter": 0, "aghanims_shard": 1, "moonshard": 0, "hero_damage": 24229, "tower_damage": 7107, "hero_healing": 0, "gold": 6100, "gold_spent": 15535, "ability_upgrades_arr": [5080, 5078, 5080, 5079, 5078, 5081, 5079, 5080, 5079, 5079, 6926, 5081, 5078, 5080, 793, 5078, 5081, 6295, 6521], "is_subscriber": false, "radiant_win": true, "start_time": 1762960814, "duration": 3326, "cluster": 381, "lobby_type": 7, "game_mode": 22, "is_contributor": false, "patch": 58, "isRadiant": true, "win": 1, "lose": 0, "total_gold": 22228, "total_xp": 38526, "kills_per_min": 0.09019843656043296, "kda": 2.42, "abandons": 0, "benchmarks": {"gold_per_min": {"raw": 401, "pct": 0.7317847925352392}, "xp_per_min": {"raw": 695, "pct": 0.8465356362914433}, "kills_per_min": {"raw": 0.09019843656043296, "pct": 0.46217986896962476}, "last_hits_per_min": {"raw": 2.778111846061335, "pct": 0.8463371054198928}, "hero_damage_per_min": {"raw": 437.08358388454604, "pct": 0.6799682350605519}, "hero_healing_per_min": {"raw": 0, "pct": 0.669446098868374}, "tower_damage": {"raw": 7107, "pct": 0.852094500694858}}}, {"player_slot": 3, "team_number": 0, "team_slot": 3, "hero_id": 4, "hero_variant": 1, "item_0": 127, "item_1": 116, "item_2": 158, "item_3": 143, "item_4": 50, "item_5": 139, "backpack_0": 0, "backpack_1": 0, "backpack_2": 0, "item_neutral": 1643, "item_neutral2": 1594, "kills": 22, "deaths": 7, "assists": 13, "leaver_status": 0, "last_hits": 378, "denies": 15, "gold_per_min": 720, "xp_per_min": 1249, "level": 30, "net_worth": 35178, "aghanims_scepter": 1, "aghanims_shard": 1, "moonshard": 0, "hero_damage": 87083, "tower_damage": 11948, "hero_healing": 0, "gold": 6303, "gold_spent": 30420, "ability_upgrades_arr": [5016, 5017, 5017, 5015, 5016, 5018, 5016, 5016, 5015, 5015, 5015, 818, 5018, 5017, 819, 5017, 5018, 6357, 905, 6034, 6356, 6230, 6809], "is_subscriber": false, "radiant_win": true, "start_time": 1762960814, "duration": 3326, "cluster": 381, "lobby_type": 7, "game_mode": 22, "is_contributor": false, "patch": 58, "isRadiant": true, "win": 1, "lose": 0, "total_gold": 39912, "total_xp": 69236, "kills_per_min": 0.39687312086590504, "kda": 4.38, "abandons": 0, "benchmarks": {"gold_per_min": {"raw": 720, "pct": 0.8409638554216867}, "xp_per_min": {"raw": 1249, "pct": 0.9439759036144578}, "kills_per_min": {"raw": 0.396873120865905, "pct": 0.8078313253012048}, "last_hits_per_min": {"raw": 6.819001803968731, "pct": 0.49939759036144576}, "hero_damage_per_min": {"raw": 1570.9500901984366, "pct": 0.9837349397590361}, "hero_healing_per_min": {"raw": 0, "pct": 0.9632530120481928}, "tower_damage": {"raw": 11948, "pct": 0.8313253012048193}}}, {"player_slot": 4, "team_number": 0, "team_slot": 4, "hero_id": 22, "hero_variant": 1, "item_0": 110, "item_1": 1, "item_2": 180, "item_3": 176, "item_4": 235, "item_5": 108, "backpack_0": 0, "backpack_1": 0, "backpack_2": 0, "item_neutral": 1603, "item_neutral2": 1594, "kills": 14, "deaths": 10, "assists": 26, "leaver_status": 0, "last_hits": 371, "denies": 3, "gold_per_min": 640, "xp_per_min": 859, "level": 27, "net_worth": 28662, "aghanims_scepter": 0, "aghanims_shard": 1, "moonshard": 0, "hero_damage": 66429, "tower_damage": 999, "hero_healing": 0, "gold": 4037, "gold_spent": 26685, "ability_upgrades_arr": [5110, 5111, 5110, 5111, 5110, 5113, 5110, 5111, 5111, 6157, 641, 5113, 641, 641, 611, 641, 5113, 6501, 8038, 5959], "is_subscriber": false, "radiant_win": true, "start_time": 1762960814, "duration": 3326, "cluster": 381, "lobby_type": 7, "game_mode": 22, "is_contributor": false, "patch": 58, "isRadiant": true, "win": 1, "lose": 0, "total_gold": 35477, "total_xp": 47617, "kills_per_min": 0.2525556223692123, "kda": 3.64, "abandons": 0, "benchmarks": {"gold_per_min": {"raw": 640, "pct": 0.9084223013048636}, "xp_per_min": {"raw": 859, "pct": 0.8018979833926453}, "kills_per_min": {"raw": 0.25255562236921225, "pct": 0.6778173190984579}, "last_hits_per_min": {"raw": 6.692723992784125, "pct": 0.8711743772241993}, "hero_damage_per_min": {"raw": 1198.3583884546001, "pct": 0.8258600237247924}, "hero_healing_per_min": {"raw": 0, "pct": 0.8208778173190985}, "tower_damage": {"raw": 999, "pct": 0.698932384341637}}}, {"player_slot": 128, "team_number": 1, "team_slot": 0, "hero_id": 85, "hero_variant": 2, "item_0": 127, "item_1": 28, "item_2": 232, "item_3": 226,