{"players": [{"player_slot": 0, "team_number": 0, "team_slot": 0, "hero_id": 28, "hero_variant": 1, "item_0": 247, "item_1": 50, "item_2": 100, "item_3": 65, "item_4": 1, "item_5": 116, "backpack_0": 1804, "backpack_1": 0, "backpack_2": 0, "item_neutral": 1643, "item_neutral2": 1594, "kills": 4, "deaths": 21, "assists": 25, "leaver_status": 0, "last_hits": 192, "denies": 2, "gold_per_min": 437, "xp_per_min": 815, "level": 28, "net_worth": 19548, "aghanims_scepter": 0, "aghanims_shard": 1, "moonshard": 0, "hero_damage": 20985, "tower_damage": 0, "hero_healing": 0, "gold": 1448, "gold_spent": 19905, "ability_upgrades_arr": [5116, 5115, 5114, 5114, 5114, 5117, 5114, 5116, 5115, 852, 5115, 5115, 5117, 5116, 5116, 6889, 5117, 6211, 6890, 695, 5903], "is_subscriber": false, "radiant_win": false, "start_time": 1772921784, "duration": 3699, "cluster": 241, "lobby_type": 7, "game_mode": 22, "is_contributor": false, "patch": 59, "region": 14, "isRadiant": true, "win": 0, "lose": 1, "total_gold": 26941, "total_xp": 50244, "kills_per_min": 0.064882400648824, "kda": 1.32, "abandons": 0, "benchmarks": {"gold_per_min": {"raw": 437, "pct": 0.4325980392156863}, "xp_per_min": {"raw": 815, "pct": 0.7038398692810458}, "kills_per_min": {"raw": 0.064882400648824, "pct": 0.14991830065359477}, "last_hits_per_min": {"raw": 3.1143552311435525, "pct": 0.2042483660130719}, "hero_damage_per_min": {"raw": 340.3892944038929, "pct": 0.3014705882352941}, "hero_healing_per_min": {"raw": 0, "pct": 0.9383169934640523}, "tower_damage": {"raw": 0, "pct": 0.1707516339869281}}}, {"player_slot": 1, "team_number": 0, "team_slot": 1, "hero_id": 42, "hero_variant": 1, "item_0": 50, "item_1": 127, "item_2": 116, "item_3": 90, "item_4": 137, "item_5": 112, "backpack_0": 0, "backpack_1": 0, "backpack_2": 4205, "item_neutral": 1605, "item_neutral2": 1594, "kills": 14, "deaths": 7, "assists": 18, "leaver_status": 0, "last_hits": 511, "denies": 2, "gold_per_min": 638, "xp_per_min": 927, "level": 29, "net_worth": 34979, "aghanims_scepter": 1, "aghanims_shard": 1, "moonshard": 1, "hero_damage": 64312, "tower_damage": 11423, "hero_healing": 0, "gold": 1979, "gold_spent": 40410, "ability_upgrades_arr": [5088, 5087, 5087, 5086, 5087, 5089, 5087, 5088, 5088, 6088, 5088, 5086, 5089, 5086, 5086, 6195, 5089, 6020, 6566, 1545, 809, 1547], "is_subscriber": false, "radiant_win": false, "start_time": 1772921784, "duration": 3699, "cluster": 241, "lobby_type": 7, "game_mode": 22, "is_contributor": false, "patch": 59, "region": 14, "isRadiant": true, "win": 0, "lose": 1, "total_gold": 39332, "total_xp": 57149, "kills_per_min": 0.22708840227088403, "kda": 4, "abandons": 0, "benchmarks": {"gold_per_min": {"raw": 638, "pct": 0.6389824797843666}, "xp_per_min": {"raw": 927, "pct": 0.6785714285714286}, "kills_per_min": {"raw": 0.22708840227088403, "pct": 0.5168463611859838}, "last_hits_per_min": {"raw": 8.288726682887267, "pct": 0.730121293800539}, "hero_damage_per_min": {"raw": 1043.1792376317924, "pct": 0.7976752021563343}, "hero_healing_per_min": {"raw": 0, "pct": 0.956199460916442}, "tower_damage": {"raw": 11423, "pct": 0.7609501347708895}}}, {"player_slot": 2, "team_number": 0, "team_slot": 2, "hero_id": 8, "hero_variant": 2, "item_0": 108, "item_1": 145, "item_2": 249, "item_3": 123, "item_4": 160, "item_5": 63, "backpack_0": 218, "backpack_1": 143, "backpack_2": 0, "item_neutral": 1601, "item_neutral2": 1584, "kills": 10, "deaths": 18, "assists": 24, "leaver_status": 0, "last_hits": 456, "denies": 6, "gold_per_min": 634, "xp_per_min": 1033, "level": 29, "net_worth": 30662, "aghanims_scepter": 0, "aghanims_shard": 1, "moonshard": 0, "hero_damage": 59804, "tower_damage": 14056, "hero_healing": 21786, "gold": 337, "gold_spent": 29985, "ability_upgrades_arr": [5028, 5027, 5028, 5029, 5028, 5030, 5028, 5027, 5027, 5027, 7021, 5029, 5030, 5029, 5029, 1192, 5030, 6662, 915, 628, 1489, 6105], "is_subscriber": false, "radiant_win": false, "start_time": 1772921784, "duration": 3699, "cluster": 241, "lobby_type": 7, "game_mode": 22, "is_contributor": false, "patch": 59, "region": 14, "isRadiant": true, "win": 0, "lose": 1, "total_gold": 39086, "total_xp": 63684, "kills_per_min": 0.16220600162206003, "kda": 1.79, "abandons": 0, "benchmarks": {"gold_per_min": {"raw": 634, "pct": 0.6043841336116911}, "xp_per_min": {"raw": 1033, "pct": 0.8021920668058455}, "kills_per_min": {"raw": 0.16220600162206003, "pct": 0.3763048016701461}, "last_hits_per_min": {"raw": 7.3965936739659375, "pct": 0.36325678496868474}, "hero_damage_per_min": {"raw": 970.0567721005679, "pct": 0.8669102296450939}, "hero_healing_per_min": {"raw": 353.38199513382, "pct": 0.9157098121085595}, "tower_damage": {"raw": 14056, "pct": 0.8113256784968684}}}, {"player_slot": 3, "team_number": 0, "team_slot": 3, "hero_id": 84, "hero_variant": 1, "item_0": 600, "item_1": 96, "item_2": 226, "item_3": 235, "item_4": 180, "item_5": 123, "backpack_0": 0, "backpack_1": 0, "backpack_2": 0, "item_neutral": 1601, "item_neutral2": 1577, "kills": 13, "deaths": 8, "assists": 27, "leaver_status": 0, "last_hits": 256, "denies": 10, "gold_per_min": 726, "xp_per_min": 1222, "level": 30, "net_worth": 35132, "aghanims_scepter": 1, "aghanims_shard": 0, "moonshard": 0, "hero_damage": 56259, "tower_damage": 2297, "hero_healing": 0, "gold": 2182, "gold_spent": 39525, "ability_upgrades_arr": [5439, 5438, 5438, 5439, 5438, 5441, 5438, 5439, 5439, 5440, 801, 5440, 5441, 5440, 5440, 1181, 5441, 6708, 6707, 403, 442, 6183, 7030], "is_subscriber": false, "radiant_win": false, "start_time": 1772921784, "duration": 3699, "cluster": 241, "lobby_type": 7, "game_mode": 22, "is_contributor": false, "patch": 59, "region": 14, "isRadiant": true, "win": 0, "lose": 1, "total_gold": 44757, "total_xp": 75336, "kills_per_min": 0.21086780210867803, "kda": 4.44, "abandons": 0, "benchmarks": {"gold_per_min": {"raw": 726, "pct": 0.9763479655241531}, "xp_per_min": {"raw": 1222, "pct": 0.9943876528362398}, "kills_per_min": {"raw": 0.21086780210867803, "pct": 0.8240128282220885}, "last_hits_per_min": {"raw": 4.152473641524736, "pct": 0.8232110643415514}, "hero_damage_per_min": {"raw": 912.5547445255474, "pct": 0.9342553617959511}, "hero_healing_per_min": {"raw": 0, "pct": 0.6630587292042494}, "tower_damage": {"raw": 2297, "pct": 0.7534576067348165}}}, {"player_slot": 4, "team_number": 0, "team_slot": 4, "hero_id": 71, "hero_variant": 1, "item_0": 50, "item_1": 242, "item_2": 90, "item_3": 127, "item_4": 36, "item_5": 73, "backpack_0": 0, "backpack_1": 0, "backpack_2": 0, "item_neutral": 565, "item_neutral2": 1586, "kills": 9, "deaths": 16, "assists": 29, "leaver_status": 0, "last_hits": 147, "denies": 3, "gold_per_min": 430, "xp_per_min": 771, "level": 27, "net_worth": 17050, "aghanims_scepter": 0, "aghanims_shard": 1, "moonshard": 0, "hero_damage": 43889, "tower_damage": 1085, "hero_healing": 0, "gold": 3335, "gold_spent": 15550, "ability_upgrades_arr": [5353, 5355, 5353, 5355, 5353, 5356, 7301, 5353, 5355, 5355, 5931, 7301, 5356, 7301, 7301, 6253, 5356, 8254, 830, 7022], "is_subscriber": false, "radiant_win": false, "start_time": 1772921784, "duration": 3699, "cluster": 241, "lobby_type": 7, "game_mode": 22, "is_contributor": false, "patch": 59, "region": 14, "isRadiant": true, "win": 0, "lose": 1, "total_gold": 26509, "total_xp": 47532, "kills_per_min": 0.14598540145985403, "kda": 2.24, "abandons": 0, "benchmarks": {"gold_per_min": {"raw": 430, "pct": 0.6290693220988127}, "xp_per_min": {"raw": 771, "pct": 0.7211796246648794}, "kills_per_min": {"raw": 0.14598540145985403, "pct": 0.4222520107238606}, "last_hits_per_min": {"raw": 2.3844282238442824, "pct": 0.4781692837993106}, "hero_damage_per_min": {"raw": 711.9059205190592, "pct": 0.8452700114898506}, "hero_healing_per_min": {"raw": 0, "pct": 0.6999234009957871}, "tower_damage": {"raw": 1085, "pct": 0.695135963232478}}}, {"player_slot": 128, "team_number": 1, "team_slot": 0, "hero_id": 97, "hero_variant": 4, "item_0": 1, "item_1": 231, "item_2": 939,