{"players": [{"player_slot": 0, "team_number": 0, "team_slot": 0, "hero_id": 105, "hero_variant": 2, "item_0": 27, "item_1": 232, "item_2": 180, "item_3": 36, "item_4": 108, "item_5": 178, "backpack_0": 40, "backpack_1": 42, "backpack_2": 0, "item_neutral": 1602, "item_neutral2": 1593, "kills": 9, "deaths": 7, "assists": 23, "leaver_status": 0, "last_hits": 62, "denies": 0, "gold_per_min": 419, "xp_per_min": 535, "level": 18, "net_worth": 13212, "aghanims_scepter": 0, "aghanims_shard": 1, "moonshard": 0, "hero_damage": 25026, "tower_damage": 2490, "hero_healing": 0, "gold": 2327, "gold_spent": 12615, "ability_upgrades_arr": [5601, 879, 5601, 879, 5601, 5599, 5601, 879, 879, 886, 6997, 5599, 886, 886, 6282, 886, 5599], "is_subscriber": false, "radiant_win": true, "start_time": 1752632053, "duration": 2166, "cluster": 241, "lobby_type": 0, "game_mode": 22, "is_contributor": false, "patch": 58, "region": 14, "isRadiant": true, "win": 1, "lose": 0, "total_gold": 15125, "total_xp": 19313, "kills_per_min": 0.2493074792243767, "kda": 4, "abandons": 0, "benchmarks": {"gold_per_min": {"raw": 419, "pct": 0.4526650755767701}, "xp_per_min": {"raw": 535, "pct": 0.3797401219835587}, "kills_per_min": {"raw": 0.24930747922437674, "pct": 0.6884115619199151}, "last_hits_per_min": {"raw": 1.7174515235457064, "pct": 0.16732962079024133}, "hero_damage_per_min": {"raw": 693.240997229917, "pct": 0.28029700344736147}, "hero_healing_per_min": {"raw": 0, "pct": 0.7364094404667197}, "tower_damage": {"raw": 2490, "pct": 0.7936886767435694}}}, {"account_id": 94713574, "player_slot": 1, "team_number": 0, "team_slot": 1, "hero_id": 35, "hero_variant": 2, "item_0": 158, "item_1": 63, "item_2": 149, "item_3": 263, "item_4": 20, "item_5": 26, "backpack_0": 16, "backpack_1": 0, "backpack_2": 0, "item_neutral": 1605, "item_neutral2": 1594, "kills": 5, "deaths": 4, "assists": 17, "leaver_status": 0, "last_hits": 249, "denies": 9, "gold_per_min": 523, "xp_per_min": 588, "level": 19, "net_worth": 18430, "aghanims_scepter": 0, "aghanims_shard": 1, "moonshard": 0, "hero_damage": 10607, "tower_damage": 2770, "hero_healing": 0, "gold": 2375, "gold_spent": 16975, "ability_upgrades_arr": [5154, 5155, 5154, 5155, 5154, 5157, 5154, 5155, 5155, 928, 5156, 5157, 5156, 5156, 6305, 5156, 5157], "personaname": "HOLLY HANDS", "name": null, "last_login": null, "rank_tier": 32, "computed_mmr": 4102.8, "is_subscriber": false, "radiant_win": true, "start_time": 1752632053, "duration": 2166, "cluster": 241, "lobby_type": 0, "game_mode": 22, "is_contributor": false, "patch": 58, "region": 14, "isRadiant": true, "win": 1, "lose": 0, "total_gold": 18880, "total_xp": 21226, "kills_per_min": 0.13850415512465372, "kda": 4.4, "abandons": 0, "benchmarks": {"gold_per_min": {"raw": 523, "pct": 0.4074583524377197}, "xp_per_min": {"raw": 588, "pct": 0.2683784196851597}, "kills_per_min": {"raw": 0.13850415512465375, "pct": 0.20510469203729176}, "last_hits_per_min": {"raw": 6.8975069252077565, "pct": 0.5977380406541342}, "hero_damage_per_min": {"raw": 293.82271468144046, "pct": 0.016811860003056702}, "hero_healing_per_min": {"raw": 0, "pct": 0.9301543634418462}, "tower_damage": {"raw": 2770, "pct": 0.4294666055326303}}}, {"player_slot": 2, "team_number": 0, "team_slot": 2, "hero_id": 73, "hero_variant": 2, "item_0": 147, "item_1": 137, "item_2": 135, "item_3": 48, "item_4": 250, "item_5": 1, "backpack_0": 0, "backpack_1": 0, "backpack_2": 0, "item_neutral": 1605, "item_neutral2": 1577, "kills": 4, "deaths": 3, "assists": 14, "leaver_status": 0, "last_hits": 337, "denies": 4, "gold_per_min": 793, "xp_per_min": 883, "level": 24, "net_worth": 26554, "aghanims_scepter": 0, "aghanims_shard": 0, "moonshard": 0, "hero_damage": 17633, "tower_damage": 12383, "hero_healing": 0, "gold": 324, "gold_spent": 28790, "ability_upgrades_arr": [5366, 5365, 5366, 5365, 5366, 5369, 5365, 5365, 5366, 1116, 1116, 5369, 1116, 1116, 7144, 1002, 5369, 1003], "is_subscriber": false, "radiant_win": true, "start_time": 1752632053, "duration": 2166, "cluster": 241, "lobby_type": 0, "game_mode": 22, "is_contributor": false, "patch": 58, "region": 14, "isRadiant": true, "win": 1, "lose": 0, "total_gold": 28627, "total_xp": 31876, "kills_per_min": 0.11080332409972299, "kda": 4.5, "abandons": 0, "benchmarks": {"gold_per_min": {"raw": 793, "pct": 0.6929386590584878}, "xp_per_min": {"raw": 883, "pct": 0.6654778887303852}, "kills_per_min": {"raw": 0.11080332409972299, "pct": 0.4868045649072753}, "last_hits_per_min": {"raw": 9.335180055401663, "pct": 0.6972182596291013}, "hero_damage_per_min": {"raw": 488.4487534626039, "pct": 0.5549215406562055}, "hero_healing_per_min": {"raw": 0, "pct": 0.9358059914407989}, "tower_damage": {"raw": 12383, "pct": 0.8830242510699001}}}, {"account_id": 41671841, "player_slot": 3, "team_number": 0, "team_slot": 3, "hero_id": 53, "hero_variant": 1, "item_0": 168, "item_1": 166, "item_2": 0, "item_3": 63, "item_4": 0, "item_5": 98, "backpack_0": 0, "backpack_1": 0, "backpack_2": 0, "item_neutral": 1605, "item_neutral2": 1586, "kills": 9, "deaths": 5, "assists": 19, "leaver_status": 0, "last_hits": 122, "denies": 4, "gold_per_min": 444, "xp_per_min": 514, "level": 18, "net_worth": 14406, "aghanims_scepter": 0, "aghanims_shard": 0, "moonshard": 0, "hero_damage": 18794, "tower_damage": 7537, "hero_healing": 2384, "gold": 3181, "gold_spent": 12140, "ability_upgrades_arr": [5245, 5246, 5245, 5246, 5245, 5248, 5245, 5246, 5246, 5247, 470, 5248, 5247, 5247, 1620, 5247, 5248], "personaname": "*Mr.Fefete*☆☆☆", "name": null, "last_login": null, "rank_tier": 32, "computed_mmr": 4164.76, "is_subscriber": false, "radiant_win": true, "start_time": 1752632053, "duration": 2166, "cluster": 241, "lobby_type": 0, "game_mode": 22, "is_contributor": false, "patch": 58, "region": 14, "isRadiant": true, "win": 1, "lose": 0, "total_gold": 16028, "total_xp": 18555, "kills_per_min": 0.2493074792243767, "kda": 4.67, "abandons": 0, "benchmarks": {"gold_per_min": {"raw": 444, "pct": 0.2652973898160034}, "xp_per_min": {"raw": 514, "pct": 0.2554557124518614}, "kills_per_min": {"raw": 0.24930747922437674, "pct": 0.693196405648267}, "last_hits_per_min": {"raw": 3.3795013850415514, "pct": 0.16046213093709885}, "hero_damage_per_min": {"raw": 520.6094182825485, "pct": 0.3025246041934104}, "hero_healing_per_min": {"raw": 66.0387811634349, "pct": 0.9880188275566966}, "tower_damage": {"raw": 7537, "pct": 0.7419768934531451}}}, {"account_id": 359167422, "player_slot": 4, "team_number": 0, "team_slot": 4, "hero_id": 76, "hero_variant": 1, "item_0": 1, "item_1": 263, "item_2": 116, "item_3": 77, "item_4": 63, "item_5": 534, "backpack_0": 4204, "backpack_1": 0, "backpack_2": 0, "item_neutral": 1605, "item_neutral2": 1584, "kills": 17, "deaths": 1, "assists": 7, "leaver_status": 0, "last_hits": 200, "denies": 14, "gold_per_min": 593, "xp_per_min": 916, "level": 24, "net_worth": 19988, "aghanims_scepter": 0, "aghanims_shard": 0, "moonshard": 0, "hero_damage": 26805, "tower_damage": 5411, "hero_healing": 0, "gold": 4358, "gold_spent": 17600, "ability_upgrades_arr": [5392, 5391, 5684, 5392, 5392, 5394, 5392, 5391, 5391, 5391, 6094, 5394, 5684, 5684, 5684, 6712, 5394, 467], "personaname": "El gordo valor", "name": null, "last_login": null, "rank_tier": 43, "computed_mmr": 3962.1, "is_subscriber": false, "radiant_win": true, "start_time": 1752632053, "duration": 2166, "cluster": 241, "lobby_type": 0, "game_mode": 22, "is_contributor": false, "patch": 58, "region": 14, "isRadiant": true, "win": 1, "lose": 0, "total_gold": 21407, "total_xp": 33067, "kills_per_min": 0.4709141274238227, "kda": 12, "abandons": 0, "benchmarks": {"gold_per_min": {"raw": 593, "pct": 0.6945213060320974}, "xp_per_min": {"raw": 916, "pct": 0.7493082457111234}, "kills_per_min": {"raw": 0.4709141274238227, "pct": 0.8871057000553404}, "last_hits_per_min": {"raw": 5.54016620498615, "pct": 0.5771997786386276}, "hero_damage_per_min": {"raw": 742.5207756232687, "pct": 0.5401217487548423},