{"players": [{"player_slot": 0, "team_number": 0, "team_slot": 0, "hero_id": 71, "hero_variant": 3, "item_0": 249, "item_1": 92, "item_2": 36, "item_3": 252, "item_4": 50, "item_5": 168, "backpack_0": 0, "backpack_1": 0, "backpack_2": 0, "item_neutral": 1643, "item_neutral2": 1586, "kills": 12, "deaths": 10, "assists": 27, "leaver_status": 0, "last_hits": 200, "denies": 0, "gold_per_min": 447, "xp_per_min": 870, "level": 27, "net_worth": 18178, "aghanims_scepter": 0, "aghanims_shard": 0, "moonshard": 0, "hero_damage": 24289, "tower_damage": 491, "hero_healing": 431, "gold": 3403, "gold_spent": 15695, "ability_upgrades_arr": [5353, 5355, 5355, 5353, 5355, 5356, 5355, 5353, 5353, 7301, 5931, 5356, 7301, 7301, 7301, 6253, 5356, 6149, 830, 7022], "is_subscriber": false, "radiant_win": false, "start_time": 1750558959, "duration": 3045, "cluster": 241, "lobby_type": 0, "game_mode": 22, "is_contributor": false, "patch": 58, "region": 14, "isRadiant": true, "win": 0, "lose": 1, "total_gold": 22685, "total_xp": 44152, "kills_per_min": 0.23645320197044334, "kda": 3.55, "abandons": 0, "benchmarks": {"gold_per_min": {"raw": 447, "pct": 0.6705641025641026}, "xp_per_min": {"raw": 870, "pct": 0.8328205128205128}, "kills_per_min": {"raw": 0.23645320197044334, "pct": 0.7177435897435898}, "last_hits_per_min": {"raw": 3.9408866995073892, "pct": 0.7926153846153846}, "hero_damage_per_min": {"raw": 478.6009852216749, "pct": 0.43466666666666665}, "hero_healing_per_min": {"raw": 8.492610837438423, "pct": 0.8826666666666667}, "tower_damage": {"raw": 491, "pct": 0.5302564102564102}}}, {"player_slot": 1, "team_number": 0, "team_slot": 1, "hero_id": 14, "hero_variant": 3, "item_0": 206, "item_1": 0, "item_2": 90, "item_3": 692, "item_4": 232, "item_5": 50, "backpack_0": 0, "backpack_1": 0, "backpack_2": 0, "item_neutral": 1605, "item_neutral2": 1586, "kills": 8, "deaths": 9, "assists": 28, "leaver_status": 0, "last_hits": 86, "denies": 7, "gold_per_min": 339, "xp_per_min": 790, "level": 26, "net_worth": 14485, "aghanims_scepter": 0, "aghanims_shard": 0, "moonshard": 0, "hero_damage": 24548, "tower_damage": 1258, "hero_healing": 0, "gold": 1035, "gold_spent": 15710, "ability_upgrades_arr": [5075, 5076, 5075, 5076, 5075, 5077, 5075, 5076, 5076, 5074, 5932, 5077, 5074, 5074, 6565, 5074, 5077, 332, 6506], "is_subscriber": false, "radiant_win": false, "start_time": 1750558959, "duration": 3045, "cluster": 241, "lobby_type": 0, "game_mode": 22, "is_contributor": false, "patch": 58, "region": 14, "isRadiant": true, "win": 0, "lose": 1, "total_gold": 17204, "total_xp": 40092, "kills_per_min": 0.15763546798029557, "kda": 3.6, "abandons": 0, "benchmarks": {"gold_per_min": {"raw": 339, "pct": 0.3255979161733365}, "xp_per_min": {"raw": 790, "pct": 0.813402794222117}, "kills_per_min": {"raw": 0.15763546798029557, "pct": 0.4734785697371537}, "last_hits_per_min": {"raw": 1.6945812807881775, "pct": 0.3392138290314942}, "hero_damage_per_min": {"raw": 483.7044334975369, "pct": 0.4796353303338859}, "hero_healing_per_min": {"raw": 0, "pct": 0.7493488041676534}, "tower_damage": {"raw": 1258, "pct": 0.7623727208145867}}}, {"player_slot": 2, "team_number": 0, "team_slot": 2, "hero_id": 46, "hero_variant": 2, "item_0": 603, "item_1": 116, "item_2": 141, "item_3": 168, "item_4": 160, "item_5": 63, "backpack_0": 0, "backpack_1": 0, "backpack_2": 0, "item_neutral": 1607, "item_neutral2": 1594, "kills": 19, "deaths": 3, "assists": 18, "leaver_status": 0, "last_hits": 382, "denies": 3, "gold_per_min": 633, "xp_per_min": 950, "level": 27, "net_worth": 29271, "aghanims_scepter": 0, "aghanims_shard": 0, "moonshard": 0, "hero_damage": 56471, "tower_damage": 4436, "hero_healing": 0, "gold": 2521, "gold_spent": 29745, "ability_upgrades_arr": [5195, 5196, 5194, 5196, 5196, 5197, 5196, 5194, 5195, 5194, 5194, 1548, 5195, 5197, 5195, 757, 5197, 6939, 6071, 6938], "is_subscriber": false, "radiant_win": false, "start_time": 1750558959, "duration": 3045, "cluster": 241, "lobby_type": 0, "game_mode": 22, "is_contributor": false, "patch": 58, "region": 14, "isRadiant": true, "win": 0, "lose": 1, "total_gold": 32124, "total_xp": 48212, "kills_per_min": 0.37438423645320196, "kda": 9.25, "abandons": 0, "benchmarks": {"gold_per_min": {"raw": 633, "pct": 0.5757575757575758}, "xp_per_min": {"raw": 950, "pct": 0.6506961506961507}, "kills_per_min": {"raw": 0.37438423645320196, "pct": 0.8251433251433251}, "last_hits_per_min": {"raw": 7.527093596059114, "pct": 0.3751023751023751}, "hero_damage_per_min": {"raw": 1112.729064039409, "pct": 0.8791973791973792}, "hero_healing_per_min": {"raw": 0, "pct": 0.947993447993448}, "tower_damage": {"raw": 4436, "pct": 0.4893529893529894}}}, {"player_slot": 3, "team_number": 0, "team_slot": 3, "hero_id": 49, "hero_variant": 3, "item_0": 116, "item_1": 250, "item_2": 1, "item_3": 63, "item_4": 141, "item_5": 225, "backpack_0": 0, "backpack_1": 0, "backpack_2": 0, "item_neutral": 1643, "item_neutral2": 1597, "kills": 21, "deaths": 9, "assists": 17, "leaver_status": 0, "last_hits": 290, "denies": 7, "gold_per_min": 565, "xp_per_min": 896, "level": 27, "net_worth": 24269, "aghanims_scepter": 0, "aghanims_shard": 0, "moonshard": 0, "hero_damage": 47577, "tower_damage": 1739, "hero_healing": 0, "gold": 369, "gold_spent": 26060, "ability_upgrades_arr": [5226, 5228, 5227, 5226, 5228, 5229, 5228, 5228, 5226, 5938, 5226, 5229, 5227, 5227, 5227, 5993, 5229, 1043, 742, 7113], "is_subscriber": false, "radiant_win": false, "start_time": 1750558959, "duration": 3045, "cluster": 241, "lobby_type": 0, "game_mode": 22, "is_contributor": false, "patch": 58, "region": 14, "isRadiant": true, "win": 0, "lose": 1, "total_gold": 28673, "total_xp": 45472, "kills_per_min": 0.41379310344827586, "kda": 3.8, "abandons": 0, "benchmarks": {"gold_per_min": {"raw": 565, "pct": 0.6379821958456974}, "xp_per_min": {"raw": 896, "pct": 0.7587961000423908}, "kills_per_min": {"raw": 0.41379310344827586, "pct": 0.9385332768122086}, "last_hits_per_min": {"raw": 5.7142857142857135, "pct": 0.42136498516320475}, "hero_damage_per_min": {"raw": 937.4778325123153, "pct": 0.857566765578635}, "hero_healing_per_min": {"raw": 0, "pct": 0.9520983467571005}, "tower_damage": {"raw": 1739, "pct": 0.36837643069097076}}}, {"player_slot": 4, "team_number": 0, "team_slot": 4, "hero_id": 32, "hero_variant": 1, "item_0": 21, "item_1": 250, "item_2": 40, "item_3": 0, "item_4": 63, "item_5": 174, "backpack_0": 0, "backpack_1": 0, "backpack_2": 188, "item_neutral": 1601, "item_neutral2": 1584, "kills": 6, "deaths": 12, "assists": 25, "leaver_status": 0, "last_hits": 77, "denies": 4, "gold_per_min": 310, "xp_per_min": 776, "level": 26, "net_worth": 13046, "aghanims_scepter": 0, "aghanims_shard": 0, "moonshard": 0, "hero_damage": 15586, "tower_damage": 2120, "hero_healing": 0, "gold": 1311, "gold_spent": 13485, "ability_upgrades_arr": [5143, 5145, 5142, 5143, 5143, 5144, 5143, 5145, 5145, 5142, 5142, 5144, 5142, 5145, 474, 6193, 5144, 6330, 347], "is_subscriber": false, "radiant_win": false, "start_time": 1750558959, "duration": 3045, "cluster": 241, "lobby_type": 0, "game_mode": 22, "is_contributor": false, "patch": 58, "region": 14, "isRadiant": true, "win": 0, "lose": 1, "total_gold": 15732, "total_xp": 39382, "kills_per_min": 0.11822660098522167, "kda": 2.38, "abandons": 0, "benchmarks": {"gold_per_min": {"raw": 310, "pct": 0.12015758371634931}, "xp_per_min": {"raw": 776, "pct": 0.4274458305975049}, "kills_per_min": {"raw": 0.11822660098522167, "pct": 0.170059093893631}, "last_hits_per_min": {"raw": 1.5172413793103448, "pct": 0.11162179908076166}, "hero_damage_per_min": {"raw": 307.11330049261085, "pct": 0.1346027577150361}, "hero_healing_per_min": {"raw": 0, "pct": 0.9061063690085358}, "tower_damage": {"raw": 2120, "pct": 0.6487196323046619}}}, {"player_slot": 128, "team_number": 1, "team_slot": 0, "hero_id": 26, "hero_variant": 2, "item_0": 34, "item_1": 1, "item_2": 100, "item_3": 37, "item_4": 931, "item_5": 43, "backpack_0": 4204, "backpack_1": 0,