{"players": [{"account_id": 1243109529, "player_slot": 0, "team_number": 0, "team_slot": 0, "hero_id": 84, "hero_variant": 1, "item_0": 273, "item_1": 218, "item_2": 36, "item_3": 63, "item_4": 73, "item_5": 73, "backpack_0": 0, "backpack_1": 0, "backpack_2": 0, "item_neutral": 565, "item_neutral2": 1585, "kills": 5, "deaths": 11, "assists": 17, "leaver_status": 0, "last_hits": 67, "denies": 8, "gold_per_min": 344, "xp_per_min": 392, "level": 16, "net_worth": 9212, "aghanims_scepter": 0, "aghanims_shard": 0, "moonshard": 0, "hero_damage": 20975, "tower_damage": 0, "hero_healing": 125, "gold": 1902, "gold_spent": 9055, "ability_upgrades_arr": [5439, 5438, 5439, 5440, 5439, 5441, 5439, 5438, 5440, 5438, 5440, 5438, 5441, 5440, 403], "personaname": "D A R K  S O U L S", "name": null, "last_login": null, "rank_tier": 33, "computed_mmr": null, "is_subscriber": false, "radiant_win": false, "start_time": 1753578045, "duration": 2158, "cluster": 241, "lobby_type": 0, "game_mode": 4, "is_contributor": false, "patch": 58, "region": 14, "isRadiant": true, "win": 0, "lose": 1, "total_gold": 12372, "total_xp": 14098, "kills_per_min": 0.13901760889712697, "kda": 1.83, "abandons": 0, "benchmarks": {"gold_per_min": {"raw": 344, "pct": 0.18879967057854644}, "xp_per_min": {"raw": 392, "pct": 0.1190035001029442}, "kills_per_min": {"raw": 0.13901760889712697, "pct": 0.6040765904879555}, "last_hits_per_min": {"raw": 1.8628359592215014, "pct": 0.2880378834671608}, "hero_damage_per_min": {"raw": 583.1788693234477, "pct": 0.6102532427424336}, "hero_healing_per_min": {"raw": 3.4754402224281744, "pct": 0.7274037471690343}, "tower_damage": {"raw": 0, "pct": 0.22277125797817582}}}, {"account_id": 45421382, "player_slot": 1, "team_number": 0, "team_slot": 1, "hero_id": 40, "hero_variant": 1, "item_0": 28, "item_1": 485, "item_2": 267, "item_3": 210, "item_4": 0, "item_5": 63, "backpack_0": 0, "backpack_1": 0, "backpack_2": 0, "item_neutral": 565, "item_neutral2": 1577, "kills": 2, "deaths": 15, "assists": 14, "leaver_status": 0, "last_hits": 107, "denies": 6, "gold_per_min": 339, "xp_per_min": 393, "level": 16, "net_worth": 9684, "aghanims_scepter": 0, "aghanims_shard": 1, "moonshard": 0, "hero_damage": 25225, "tower_damage": 669, "hero_healing": 8, "gold": 384, "gold_spent": 11660, "ability_upgrades_arr": [5178, 5179, 5180, 5180, 5179, 1105, 5178, 5180, 5178, 5178, 5179, 5180, 6979, 1105, 6532, 5179], "personaname": "La Chaucha", "name": null, "last_login": "2026-03-03T14:36:01.200Z", "rank_tier": 42, "computed_mmr": 4031.51, "is_subscriber": false, "radiant_win": false, "start_time": 1753578045, "duration": 2158, "cluster": 241, "lobby_type": 0, "game_mode": 4, "is_contributor": false, "patch": 58, "region": 14, "isRadiant": true, "win": 0, "lose": 1, "total_gold": 12192, "total_xp": 14134, "kills_per_min": 0.05560704355885079, "kda": 1, "abandons": 0, "benchmarks": {"gold_per_min": {"raw": 339, "pct": 0.2604361370716511}, "xp_per_min": {"raw": 393, "pct": 0.1722741433021807}, "kills_per_min": {"raw": 0.05560704355885079, "pct": 0.1454828660436137}, "last_hits_per_min": {"raw": 2.9749768303985173, "pct": 0.6163551401869158}, "hero_damage_per_min": {"raw": 701.3438368860056, "pct": 0.6479750778816199}, "hero_healing_per_min": {"raw": 0.22242817423540315, "pct": 0.31542056074766356}, "tower_damage": {"raw": 669, "pct": 0.45560747663551404}}}, {"account_id": 65137360, "player_slot": 2, "team_number": 0, "team_slot": 2, "hero_id": 47, "hero_variant": 1, "item_0": 180, "item_1": 218, "item_2": 16, "item_3": 244, "item_4": 1466, "item_5": 37, "backpack_0": 16, "backpack_1": 0, "backpack_2": 0, "item_neutral": 1637, "item_neutral2": 1584, "kills": 6, "deaths": 7, "assists": 11, "leaver_status": 1, "last_hits": 55, "denies": 7, "gold_per_min": 332, "xp_per_min": 439, "level": 17, "net_worth": 10801, "aghanims_scepter": 0, "aghanims_shard": 0, "moonshard": 0, "hero_damage": 15791, "tower_damage": 495, "hero_healing": 0, "gold": 2876, "gold_spent": 8465, "ability_upgrades_arr": [5218, 5220, 5218, 5219, 5218, 5221, 5219, 5218, 5220, 6820, 5219, 5221, 5220, 5219, 984, 5220], "personaname": "PatoDeGoma", "name": null, "last_login": "2021-02-10T20:32:57.535Z", "rank_tier": 45, "computed_mmr": null, "is_subscriber": false, "radiant_win": false, "start_time": 1753578045, "duration": 2158, "cluster": 241, "lobby_type": 0, "game_mode": 4, "is_contributor": false, "patch": 58, "region": 14, "isRadiant": true, "win": 0, "lose": 1, "total_gold": 11940, "total_xp": 15789, "kills_per_min": 0.16682113067655235, "kda": 2.13, "abandons": 0, "benchmarks": {"gold_per_min": {"raw": 332, "pct": 0.08966565349544073}, "xp_per_min": {"raw": 439, "pct": 0.12006079027355623}, "kills_per_min": {"raw": 0.16682113067655235, "pct": 0.2898936170212766}, "last_hits_per_min": {"raw": 1.5291936978683967, "pct": 0.04939209726443769}, "hero_damage_per_min": {"raw": 439.0454124189064, "pct": 0.12537993920972645}, "hero_healing_per_min": {"raw": 0, "pct": 0.8674012158054711}, "tower_damage": {"raw": 495, "pct": 0.24088145896656535}}}, {"account_id": 37467834, "player_slot": 3, "team_number": 0, "team_slot": 3, "hero_id": 46, "hero_variant": 1, "item_0": 7, "item_1": 36, "item_2": 263, "item_3": 20, "item_4": 63, "item_5": 168, "backpack_0": 0, "backpack_1": 0, "backpack_2": 0, "item_neutral": 1639, "item_neutral2": 1584, "kills": 7, "deaths": 8, "assists": 6, "leaver_status": 0, "last_hits": 176, "denies": 9, "gold_per_min": 457, "xp_per_min": 520, "level": 18, "net_worth": 13827, "aghanims_scepter": 0, "aghanims_shard": 0, "moonshard": 0, "hero_damage": 15419, "tower_damage": 2614, "hero_healing": 0, "gold": 2772, "gold_spent": 11295, "ability_upgrades_arr": [5195, 5194, 5196, 5194, 5194, 5197, 5194, 5195, 5195, 5195, 1548, 5197, 5196, 5196, 757, 5196, 5197], "personaname": "ExtremoDiaz", "name": null, "last_login": null, "rank_tier": 22, "computed_mmr": 3968.35, "is_subscriber": false, "radiant_win": false, "start_time": 1753578045, "duration": 2158, "cluster": 241, "lobby_type": 0, "game_mode": 4, "is_contributor": false, "patch": 58, "region": 14, "isRadiant": true, "win": 0, "lose": 1, "total_gold": 16436, "total_xp": 18702, "kills_per_min": 0.19462465245597774, "kda": 1.44, "abandons": 0, "benchmarks": {"gold_per_min": {"raw": 457, "pct": 0.18181818181818182}, "xp_per_min": {"raw": 520, "pct": 0.10892710892710893}, "kills_per_min": {"raw": 0.19462465245597774, "pct": 0.4406224406224406}, "last_hits_per_min": {"raw": 4.89341983317887, "pct": 0.11343161343161343}, "hero_damage_per_min": {"raw": 428.7025023169602, "pct": 0.22891072891072892}, "hero_healing_per_min": {"raw": 0, "pct": 0.947993447993448}, "tower_damage": {"raw": 2614, "pct": 0.4131859131859132}}}, {"account_id": 150417517, "player_slot": 4, "team_number": 0, "team_slot": 4, "hero_id": 64, "hero_variant": 3, "item_0": 100, "item_1": 108, "item_2": 0, "item_3": 36, "item_4": 1107, "item_5": 180, "backpack_0": 0, "backpack_1": 0, "backpack_2": 0, "item_neutral": 565, "item_neutral2": 1584, "kills": 9, "deaths": 10, "assists": 15, "leaver_status": 0, "last_hits": 68, "denies": 3, "gold_per_min": 381, "xp_per_min": 590, "level": 19, "net_worth": 11892, "aghanims_scepter": 0, "aghanims_shard": 0, "moonshard": 0, "hero_damage": 21531, "tower_damage": 366, "hero_healing": 0, "gold": 642, "gold_spent": 12420, "ability_upgrades_arr": [5297, 5299, 5298, 5297, 5297, 5300, 5297, 5298, 5299, 5298, 5298, 5300, 5299, 5299, 5963, 6661, 5300], "personaname": "LF", "name": null, "last_login": null, "rank_tier": 32, "computed_mmr": 4008.1, "is_subscriber": false, "radiant_win": false, "start_time": 1753578045, "duration": 2158, "cluster": 241, "lobby_type": 0, "game_mode": 4, "is_contributor": false, "patch": 58, "region": 14, "isRadiant": true, "win": 0, "lose": 1, "total_gold": 13703, "total_xp": 21220, "kills_per_min": 0.25023169601482853, "kda": 2.18, "abandons": 0, "benchmarks": {"gold_per_min": {"raw": 381, "pct": 0.6513310185185185}, "xp_per_min": {"raw": 590,