{"players": [{"account_id": 1141207790, "player_slot": 0, "team_number": 0, "team_slot": 0, "hero_id": 105, "hero_variant": 2, "item_0": 108, "item_1": 259, "item_2": 232, "item_3": 231, "item_4": 38, "item_5": 36, "backpack_0": 0, "backpack_1": 0, "backpack_2": 0, "item_neutral": 565, "item_neutral2": 1585, "kills": 9, "deaths": 13, "assists": 16, "leaver_status": 0, "last_hits": 155, "denies": 0, "gold_per_min": 377, "xp_per_min": 463, "level": 21, "net_worth": 14931, "aghanims_scepter": 0, "aghanims_shard": 0, "moonshard": 0, "hero_damage": 61852, "tower_damage": 222, "hero_healing": 235, "gold": 706, "gold_spent": 18425, "ability_upgrades_arr": [5601, 879, 5601, 886, 5601, 5599, 5601, 886, 886, 879, 886, 5599, 879, 879, 6000, 6282, 5599, 6552], "personaname": "L e u i s ＾ ＾", "name": null, "last_login": null, "rank_tier": 14, "computed_mmr": 3915.66, "is_subscriber": false, "radiant_win": false, "start_time": 1749264578, "duration": 3117, "cluster": 346, "lobby_type": 7, "game_mode": 22, "is_contributor": false, "patch": 58, "region": 38, "isRadiant": true, "win": 0, "lose": 1, "total_gold": 19585, "total_xp": 24052, "kills_per_min": 0.17324350336862368, "kda": 1.79, "abandons": 0, "benchmarks": {"gold_per_min": {"raw": 377, "pct": 0.2879540109746538}, "xp_per_min": {"raw": 463, "pct": 0.2338646459367651}, "kills_per_min": {"raw": 0.17324350336862365, "pct": 0.4463025868826757}, "last_hits_per_min": {"raw": 2.9836381135707413, "pct": 0.5333159132479749}, "hero_damage_per_min": {"raw": 1190.60635226179, "pct": 0.8343349882414424}, "hero_healing_per_min": {"raw": 4.523580365736285, "pct": 0.8709171674941207}, "tower_damage": {"raw": 222, "pct": 0.29448654298406063}}}, {"player_slot": 1, "team_number": 0, "team_slot": 1, "hero_id": 98, "hero_variant": 1, "item_0": 119, "item_1": 108, "item_2": 94, "item_3": 692, "item_4": 180, "item_5": 273, "backpack_0": 0, "backpack_1": 0, "backpack_2": 0, "item_neutral": 1643, "item_neutral2": 1594, "kills": 8, "deaths": 10, "assists": 17, "leaver_status": 0, "last_hits": 286, "denies": 14, "gold_per_min": 492, "xp_per_min": 722, "level": 25, "net_worth": 23447, "aghanims_scepter": 0, "aghanims_shard": 1, "moonshard": 0, "hero_damage": 29966, "tower_damage": 659, "hero_healing": 0, "gold": 2847, "gold_spent": 20940, "ability_upgrades_arr": [5526, 5525, 5526, 5524, 5526, 5527, 5526, 5525, 5525, 5525, 1185, 5527, 5524, 5524, 6948, 5524, 5527, 6951, 6949], "is_subscriber": false, "radiant_win": false, "start_time": 1749264578, "duration": 3117, "cluster": 346, "lobby_type": 7, "game_mode": 22, "is_contributor": false, "patch": 58, "region": 38, "isRadiant": true, "win": 0, "lose": 1, "total_gold": 25559, "total_xp": 37507, "kills_per_min": 0.15399422521655437, "kda": 2.27, "abandons": 0, "benchmarks": {"gold_per_min": {"raw": 492, "pct": 0.5857933579335793}, "xp_per_min": {"raw": 722, "pct": 0.5904059040590406}, "kills_per_min": {"raw": 0.15399422521655437, "pct": 0.4114391143911439}, "last_hits_per_min": {"raw": 5.505293551491819, "pct": 0.6466789667896679}, "hero_damage_per_min": {"raw": 576.8238691049086, "pct": 0.492619926199262}, "hero_healing_per_min": {"raw": 0, "pct": 0.8634686346863468}, "tower_damage": {"raw": 659, "pct": 0.5295202952029521}}}, {"account_id": 135096376, "player_slot": 2, "team_number": 0, "team_slot": 2, "hero_id": 95, "hero_variant": 1, "item_0": 154, "item_1": 116, "item_2": 249, "item_3": 48, "item_4": 145, "item_5": 1804, "backpack_0": 0, "backpack_1": 0, "backpack_2": 26, "item_neutral": 1643, "item_neutral2": 1594, "kills": 6, "deaths": 9, "assists": 11, "leaver_status": 0, "last_hits": 336, "denies": 12, "gold_per_min": 512, "xp_per_min": 758, "level": 26, "net_worth": 21949, "aghanims_scepter": 0, "aghanims_shard": 0, "moonshard": 0, "hero_damage": 43909, "tower_damage": 4804, "hero_healing": 0, "gold": 549, "gold_spent": 21820, "ability_upgrades_arr": [5508, 5509, 5511, 5510, 5509, 5512, 5511, 5511, 5508, 5508, 5510, 5512, 5511, 5508, 6959, 6958, 5512, 1011, 6960], "personaname": "VxZ", "name": null, "last_login": "2019-02-08T22:30:03.276Z", "rank_tier": 25, "computed_mmr": 4078.66, "is_subscriber": false, "radiant_win": false, "start_time": 1749264578, "duration": 3117, "cluster": 346, "lobby_type": 7, "game_mode": 22, "is_contributor": false, "patch": 58, "region": 38, "isRadiant": true, "win": 0, "lose": 1, "total_gold": 26598, "total_xp": 39378, "kills_per_min": 0.11549566891241578, "kda": 1.7, "abandons": 0, "benchmarks": {"gold_per_min": {"raw": 512, "pct": 0.4340659340659341}, "xp_per_min": {"raw": 758, "pct": 0.48021978021978023}, "kills_per_min": {"raw": 0.11549566891241579, "pct": 0.24615384615384617}, "last_hits_per_min": {"raw": 6.467757459095283, "pct": 0.4857142857142857}, "hero_damage_per_min": {"raw": 845.2165543792107, "pct": 0.7835164835164835}, "hero_healing_per_min": {"raw": 0, "pct": 0.9483516483516483}, "tower_damage": {"raw": 4804, "pct": 0.512087912087912}}}, {"player_slot": 3, "team_number": 0, "team_slot": 3, "hero_id": 14, "hero_variant": 1, "item_0": 1, "item_1": 114, "item_2": 214, "item_3": 692, "item_4": 190, "item_5": 218, "backpack_0": 0, "backpack_1": 0, "backpack_2": 0, "item_neutral": 1642, "item_neutral2": 1585, "kills": 6, "deaths": 14, "assists": 10, "leaver_status": 0, "last_hits": 138, "denies": 3, "gold_per_min": 343, "xp_per_min": 569, "level": 23, "net_worth": 14291, "aghanims_scepter": 0, "aghanims_shard": 0, "moonshard": 0, "hero_damage": 18476, "tower_damage": 607, "hero_healing": 0, "gold": 416, "gold_spent": 14670, "ability_upgrades_arr": [5075, 5076, 5076, 5074, 5076, 5077, 5074, 5074, 5074, 7142, 5075, 5077, 5075, 5076, 507, 5075, 5077, 408], "is_subscriber": false, "radiant_win": false, "start_time": 1749264578, "duration": 3117, "cluster": 346, "lobby_type": 7, "game_mode": 22, "is_contributor": false, "patch": 58, "region": 38, "isRadiant": true, "win": 0, "lose": 1, "total_gold": 17818, "total_xp": 29559, "kills_per_min": 0.11549566891241578, "kda": 1.07, "abandons": 0, "benchmarks": {"gold_per_min": {"raw": 343, "pct": 0.3458923839151976}, "xp_per_min": {"raw": 569, "pct": 0.44717133310289203}, "kills_per_min": {"raw": 0.11549566891241579, "pct": 0.3093674386450052}, "last_hits_per_min": {"raw": 2.656400384985563, "pct": 0.5877405231017399}, "hero_damage_per_min": {"raw": 355.6496631376324, "pct": 0.22341283558013597}, "hero_healing_per_min": {"raw": 0, "pct": 0.7495103122479548}, "tower_damage": {"raw": 607, "pct": 0.6097476667818873}}}, {"account_id": 365582327, "player_slot": 4, "team_number": 0, "team_slot": 4, "hero_id": 39, "hero_variant": 2, "item_0": 123, "item_1": 63, "item_2": 250, "item_3": 534, "item_4": 598, "item_5": 235, "backpack_0": 0, "backpack_1": 0, "backpack_2": 0, "item_neutral": 1604, "item_neutral2": 1597, "kills": 13, "deaths": 13, "assists": 11, "leaver_status": 0, "last_hits": 266, "denies": 4, "gold_per_min": 529, "xp_per_min": 858, "level": 27, "net_worth": 25259, "aghanims_scepter": 0, "aghanims_shard": 1, "moonshard": 0, "hero_damage": 48866, "tower_damage": 1169, "hero_healing": 0, "gold": 559, "gold_spent": 24800, "ability_upgrades_arr": [5175, 5174, 5175, 5173, 5175, 5176, 5175, 5173, 5174, 5174, 5174, 5176, 6115, 5173, 5939, 5173, 5176, 590, 965, 1279], "personaname": "Mr. Sophistication", "name": null, "last_login": null, "rank_tier": 22, "computed_mmr": 3929.56, "is_subscriber": false, "radiant_win": false, "start_time": 1749264578, "duration": 3117, "cluster": 346, "lobby_type": 7, "game_mode": 22, "is_contributor": false, "patch": 58, "region": 38, "isRadiant": true, "win": 0, "lose": 1, "total_gold": 27481, "total_xp": 44573, "kills_per_min": 0.25024061597690084, "kda": 1.71, "abandons": 0, "benchmarks": {"gold_per_min": {"raw": 529, "pct": 0.5113111165166626}, "xp_per_min": {"raw": 858, "pct": 0.63099002675748}, "kills_per_min": {"raw": 0.2502406159769009, "pct": 0.5319873510094868}, "last_hits_per_min": {"raw": 5.120307988450433, "pct": 0.4470931646801265},