{"players": [{"player_slot": 0, "team_number": 0, "team_slot": 0, "hero_id": 91, "hero_variant": 0, "item_0": 244, "item_1": 0, "item_2": 180, "item_3": 92, "item_4": 269, "item_5": 79, "backpack_0": 0, "backpack_1": 0, "backpack_2": 0, "item_neutral": 1861, "item_neutral2": 1577, "kills": 6, "deaths": 2, "assists": 27, "leaver_status": 0, "last_hits": 21, "denies": 2, "gold_per_min": 309, "xp_per_min": 532, "level": 18, "net_worth": 8678, "aghanims_scepter": 0, "aghanims_shard": 0, "moonshard": 0, "hero_damage": 9799, "tower_damage": 1102, "hero_healing": 18287, "gold": 2003, "gold_spent": 9545, "ability_upgrades_arr": [5485, 5487, 5487, 5489, 5487, 5488, 5489, 5487, 5489, 1559, 5486, 5486, 5488, 5486, 5486, 6659, 5488], "is_subscriber": false, "radiant_win": true, "start_time": 1776040361, "duration": 1973, "cluster": 346, "lobby_type": 0, "game_mode": 22, "is_contributor": false, "patch": 60, "region": 38, "isRadiant": true, "win": 1, "lose": 0, "total_gold": 10160, "total_xp": 17493, "kills_per_min": 0.1824632539280284, "kda": 11, "abandons": 0, "benchmarks": {"gold_per_min": {"raw": 309, "pct": 0.5177809388335705}, "xp_per_min": {"raw": 532, "pct": 0.49359886201991465}, "kills_per_min": {"raw": 0.1824632539280284, "pct": 0.8933143669985776}, "last_hits_per_min": {"raw": 0.6386213887480994, "pct": 0.406827880512091}, "hero_damage_per_min": {"raw": 297.9929042067917, "pct": 0.7652916073968705}, "hero_healing_per_min": {"raw": 556.1175874303092, "pct": 0.7923186344238976}, "tower_damage": {"raw": 1102, "pct": 0.5917496443812233}}}, {"player_slot": 1, "team_number": 0, "team_slot": 1, "hero_id": 57, "hero_variant": 0, "item_0": 13, "item_1": 939, "item_2": 50, "item_3": 36, "item_4": 11, "item_5": 911, "backpack_0": 0, "backpack_1": 0, "backpack_2": 0, "item_neutral": 1637, "item_neutral2": 1577, "kills": 11, "deaths": 3, "assists": 17, "leaver_status": 0, "last_hits": 104, "denies": 9, "gold_per_min": 447, "xp_per_min": 504, "level": 17, "net_worth": 14742, "aghanims_scepter": 0, "aghanims_shard": 1, "moonshard": 0, "hero_damage": 26051, "tower_damage": 4090, "hero_healing": 3090, "gold": 3192, "gold_spent": 11705, "ability_upgrades_arr": [656, 5263, 656, 5263, 656, 5263, 656, 5266, 5263, 895, 7372, 895, 5266, 895, 895, 501], "is_subscriber": false, "radiant_win": true, "start_time": 1776040361, "duration": 1973, "cluster": 346, "lobby_type": 0, "game_mode": 22, "is_contributor": false, "patch": 60, "region": 38, "isRadiant": true, "win": 1, "lose": 0, "total_gold": 14698, "total_xp": 16573, "kills_per_min": 0.3345159655347187, "kda": 7, "abandons": 0, "benchmarks": {"gold_per_min": {"raw": 447, "pct": 0.7351598173515982}, "xp_per_min": {"raw": 504, "pct": 0.3995433789954338}, "kills_per_min": {"raw": 0.3345159655347187, "pct": 0.9246575342465754}, "last_hits_per_min": {"raw": 3.1626964014191588, "pct": 0.6073059360730594}, "hero_damage_per_min": {"raw": 792.2250380131778, "pct": 0.9178082191780822}, "hero_healing_per_min": {"raw": 93.96857577293461, "pct": 0.4863013698630137}, "tower_damage": {"raw": 4090, "pct": 0.8767123287671232}}}, {"account_id": 45421382, "player_slot": 2, "team_number": 0, "team_slot": 2, "hero_id": 21, "hero_variant": 0, "item_0": 1076, "item_1": 34, "item_2": 166, "item_3": 63, "item_4": 226, "item_5": 135, "backpack_0": 0, "backpack_1": 0, "backpack_2": 0, "item_neutral": 1599, "item_neutral2": 1584, "kills": 21, "deaths": 2, "assists": 10, "leaver_status": 0, "last_hits": 203, "denies": 8, "gold_per_min": 662, "xp_per_min": 734, "level": 21, "net_worth": 20756, "aghanims_scepter": 0, "aghanims_shard": 1, "moonshard": 0, "hero_damage": 31344, "tower_damage": 8345, "hero_healing": 0, "gold": 1056, "gold_spent": 21540, "ability_upgrades_arr": [5131, 5132, 5131, 5132, 5130, 5133, 5131, 5132, 5131, 5130, 1195, 5132, 5130, 5133, 5130, 6562, 5133, 7889], "personaname": "La Chaucha", "name": null, "last_login": "2026-03-03T14:36:01.200Z", "rank_tier": 44, "computed_mmr": 4147.59, "is_subscriber": false, "radiant_win": true, "start_time": 1776040361, "duration": 1973, "cluster": 346, "lobby_type": 0, "game_mode": 22, "is_contributor": false, "patch": 60, "region": 38, "isRadiant": true, "win": 1, "lose": 0, "total_gold": 21768, "total_xp": 24136, "kills_per_min": 0.6386213887480994, "kda": 10.33, "abandons": 0, "benchmarks": {"gold_per_min": {"raw": 662, "pct": 0.9416282642089093}, "xp_per_min": {"raw": 734, "pct": 0.6482334869431644}, "kills_per_min": {"raw": 0.6386213887480994, "pct": 0.9871991807475679}, "last_hits_per_min": {"raw": 6.173340091231627, "pct": 0.8704557091653866}, "hero_damage_per_min": {"raw": 953.1880385200203, "pct": 0.9175627240143369}, "hero_healing_per_min": {"raw": 0, "pct": 0.8090117767537123}, "tower_damage": {"raw": 8345, "pct": 0.8556067588325653}}}, {"account_id": 65137360, "player_slot": 3, "team_number": 0, "team_slot": 3, "hero_id": 39, "hero_variant": 0, "item_0": 180, "item_1": 218, "item_2": 69, "item_3": 0, "item_4": 100, "item_5": 36, "backpack_0": 44, "backpack_1": 0, "backpack_2": 0, "item_neutral": 1599, "item_neutral2": 1595, "kills": 4, "deaths": 7, "assists": 18, "leaver_status": 0, "last_hits": 37, "denies": 11, "gold_per_min": 306, "xp_per_min": 404, "level": 15, "net_worth": 9088, "aghanims_scepter": 0, "aghanims_shard": 0, "moonshard": 0, "hero_damage": 10285, "tower_damage": 1316, "hero_healing": 445, "gold": 3048, "gold_spent": 7850, "ability_upgrades_arr": [5173, 5174, 5173, 5174, 5175, 5176, 5175, 5175, 5174, 5175, 6115, 5174, 5176, 5173, 5173, 629], "personaname": "PatoDeGoma", "name": null, "last_login": "2021-02-10T20:32:57.535Z", "rank_tier": 45, "computed_mmr": null, "is_subscriber": false, "radiant_win": true, "start_time": 1776040361, "duration": 1973, "cluster": 346, "lobby_type": 0, "game_mode": 22, "is_contributor": false, "patch": 60, "region": 38, "isRadiant": true, "win": 1, "lose": 0, "total_gold": 10062, "total_xp": 13284, "kills_per_min": 0.12164216928535226, "kda": 2.75, "abandons": 0, "benchmarks": {"gold_per_min": {"raw": 306, "pct": 0.05303392259913999}, "xp_per_min": {"raw": 404, "pct": 0.061156235069278544}, "kills_per_min": {"raw": 0.12164216928535225, "pct": 0.15480172001911133}, "last_hits_per_min": {"raw": 1.1251900658895082, "pct": 0.020066889632107024}, "hero_damage_per_min": {"raw": 312.77242777496195, "pct": 0.023889154323936932}, "hero_healing_per_min": {"raw": 13.532691332995439, "pct": 0.967032967032967}, "tower_damage": {"raw": 1316, "pct": 0.45437171524128045}}}, {"account_id": 37467834, "player_slot": 4, "team_number": 0, "team_slot": 4, "hero_id": 6, "hero_variant": 0, "item_0": 36, "item_1": 263, "item_2": 1, "item_3": 141, "item_4": 63, "item_5": 75, "backpack_0": 0, "backpack_1": 0, "backpack_2": 0, "item_neutral": 577, "item_neutral2": 1584, "kills": 8, "deaths": 3, "assists": 12, "leaver_status": 0, "last_hits": 179, "denies": 17, "gold_per_min": 505, "xp_per_min": 568, "level": 18, "net_worth": 16093, "aghanims_scepter": 0, "aghanims_shard": 0, "moonshard": 0, "hero_damage": 25012, "tower_damage": 8569, "hero_healing": 0, "gold": 1768, "gold_spent": 14595, "ability_upgrades_arr": [5019, 343, 5019, 343, 343, 5022, 343, 5632, 5019, 580, 5019, 5632, 5022, 5632, 5632, 486, 5022], "personaname": "ExtremoDiaz", "name": null, "last_login": null, "rank_tier": 22, "computed_mmr": 3996.43, "is_subscriber": false, "radiant_win": true, "start_time": 1776040361, "duration": 1973, "cluster": 346, "lobby_type": 0, "game_mode": 22, "is_contributor": false, "patch": 60, "region": 38, "isRadiant": true, "win": 1, "lose": 0, "total_gold": 16606, "total_xp": 18677, "kills_per_min": 0.24328433857070453, "kda": 5, "abandons": 0, "benchmarks": {"gold_per_min": {"raw": 505, "pct": 0.3230441724321448}, "xp_per_min": {"raw": 568, "pct": 0.19957424161788184}, "kills_per_min": {"raw": 0.2432843385707045, "pct": 0.5721128259712613}, "last_hits_per_min": {"raw": 5.4434870755195135, "pct": 0.2362959020755721}, "hero_damage_per_min": {"raw": 760.6284845413077,