{"players": [{"player_slot": 0, "team_number": 0, "team_slot": 0, "hero_id": 136, "hero_variant": 3, "item_0": 145, "item_1": 116, "item_2": 208, "item_3": 154, "item_4": 123, "item_5": 63, "backpack_0": 0, "backpack_1": 0, "backpack_2": 0, "item_neutral": 1643, "item_neutral2": 1583, "kills": 14, "deaths": 9, "assists": 15, "leaver_status": 0, "last_hits": 396, "denies": 18, "gold_per_min": 636, "xp_per_min": 951, "level": 27, "net_worth": 30010, "aghanims_scepter": 0, "aghanims_shard": 1, "moonshard": 0, "hero_damage": 45351, "tower_damage": 15091, "hero_healing": 0, "gold": 3910, "gold_spent": 26990, "ability_upgrades_arr": [8235, 1427, 8192, 1427, 1427, 8198, 8235, 8235, 8235, 1427, 8192, 8198, 8192, 8192, 1573, 8246, 8198, 8238, 1430, 1572], "is_subscriber": false, "radiant_win": true, "start_time": 1749309513, "duration": 3074, "cluster": 346, "lobby_type": 7, "game_mode": 22, "is_contributor": false, "patch": 58, "region": 38, "isRadiant": true, "win": 1, "lose": 0, "total_gold": 32584, "total_xp": 48722, "kills_per_min": 0.27325959661678595, "kda": 2.9, "abandons": 0, "benchmarks": {"gold_per_min": {"raw": 636, "pct": 0.9117291414752116}, "xp_per_min": {"raw": 951, "pct": 0.9123337363966143}, "kills_per_min": {"raw": 0.27325959661678595, "pct": 0.6227327690447401}, "last_hits_per_min": {"raw": 7.729342875731945, "pct": 0.9903264812575574}, "hero_damage_per_min": {"raw": 885.1854261548472, "pct": 0.8555018137847642}, "hero_healing_per_min": {"raw": 0, "pct": 0.1336154776299879}, "tower_damage": {"raw": 15091, "pct": 0.9860943168077388}}}, {"account_id": 158368629, "player_slot": 1, "team_number": 0, "team_slot": 1, "hero_id": 22, "hero_variant": 2, "item_0": 180, "item_1": 1808, "item_2": 223, "item_3": 108, "item_4": 235, "item_5": 110, "backpack_0": 48, "backpack_1": 0, "backpack_2": 0, "item_neutral": 1641, "item_neutral2": 1592, "kills": 16, "deaths": 8, "assists": 25, "leaver_status": 0, "last_hits": 317, "denies": 2, "gold_per_min": 594, "xp_per_min": 764, "level": 26, "net_worth": 28830, "aghanims_scepter": 0, "aghanims_shard": 0, "moonshard": 0, "hero_damage": 68953, "tower_damage": 2272, "hero_healing": 0, "gold": 2280, "gold_spent": 26740, "ability_upgrades_arr": [5110, 641, 5110, 5111, 5110, 5113, 5110, 5111, 5111, 5111, 6157, 5113, 641, 641, 641, 611, 5113, 6518, 8038], "personaname": "Mr.Cat", "name": null, "last_login": null, "rank_tier": 24, "computed_mmr": 3886.51, "is_subscriber": false, "radiant_win": true, "start_time": 1749309513, "duration": 3074, "cluster": 346, "lobby_type": 7, "game_mode": 22, "is_contributor": false, "patch": 58, "region": 38, "isRadiant": true, "win": 1, "lose": 0, "total_gold": 30432, "total_xp": 39142, "kills_per_min": 0.3122966818477554, "kda": 4.56, "abandons": 0, "benchmarks": {"gold_per_min": {"raw": 594, "pct": 0.852027027027027}, "xp_per_min": {"raw": 764, "pct": 0.6824324324324325}, "kills_per_min": {"raw": 0.3122966818477554, "pct": 0.8078828828828829}, "last_hits_per_min": {"raw": 6.187378009108653, "pct": 0.8342342342342343}, "hero_damage_per_min": {"raw": 1345.8620689655172, "pct": 0.9096846846846847}, "hero_healing_per_min": {"raw": 0, "pct": 0.8135135135135135}, "tower_damage": {"raw": 2272, "pct": 0.8921171171171172}}}, {"player_slot": 2, "team_number": 0, "team_slot": 2, "hero_id": 84, "hero_variant": 1, "item_0": 600, "item_1": 114, "item_2": 231, "item_3": 65, "item_4": 210, "item_5": 127, "backpack_0": 0, "backpack_1": 0, "backpack_2": 0, "item_neutral": 1643, "item_neutral2": 1586, "kills": 12, "deaths": 5, "assists": 26, "leaver_status": 0, "last_hits": 284, "denies": 12, "gold_per_min": 639, "xp_per_min": 914, "level": 27, "net_worth": 31123, "aghanims_scepter": 0, "aghanims_shard": 1, "moonshard": 0, "hero_damage": 47862, "tower_damage": 5052, "hero_healing": 325, "gold": 2373, "gold_spent": 30695, "ability_upgrades_arr": [5439, 5438, 5439, 5440, 5439, 5441, 5440, 5439, 5438, 5440, 403, 5441, 5438, 5438, 442, 5440, 5441, 6183, 7030, 801], "is_subscriber": false, "radiant_win": true, "start_time": 1749309513, "duration": 3074, "cluster": 346, "lobby_type": 7, "game_mode": 22, "is_contributor": false, "patch": 58, "region": 38, "isRadiant": true, "win": 1, "lose": 0, "total_gold": 32738, "total_xp": 46827, "kills_per_min": 0.2342225113858165, "kda": 6.33, "abandons": 0, "benchmarks": {"gold_per_min": {"raw": 639, "pct": 0.9204249348566848}, "xp_per_min": {"raw": 914, "pct": 0.9272399278412508}, "kills_per_min": {"raw": 0.23422251138581654, "pct": 0.8665063138905592}, "last_hits_per_min": {"raw": 5.5432661027976575, "pct": 0.94167167769092}, "hero_damage_per_min": {"raw": 934.1964866623292, "pct": 0.9408699138103829}, "hero_healing_per_min": {"raw": 6.343526350032531, "pct": 0.7873321306875125}, "tower_damage": {"raw": 5052, "pct": 0.9150130286630588}}}, {"player_slot": 3, "team_number": 0, "team_slot": 3, "hero_id": 111, "hero_variant": 1, "item_0": 180, "item_1": 1107, "item_2": 218, "item_3": 36, "item_4": 1, "item_5": 176, "backpack_0": 0, "backpack_1": 0, "backpack_2": 0, "item_neutral": 1607, "item_neutral2": 1592, "kills": 6, "deaths": 6, "assists": 23, "leaver_status": 0, "last_hits": 84, "denies": 0, "gold_per_min": 361, "xp_per_min": 621, "level": 24, "net_worth": 16155, "aghanims_scepter": 0, "aghanims_shard": 0, "moonshard": 0, "hero_damage": 24764, "tower_damage": 326, "hero_healing": 9711, "gold": 3830, "gold_spent": 14070, "ability_upgrades_arr": [5637, 5639, 5639, 5637, 5639, 5637, 5638, 5637, 5639, 5638, 5640, 5638, 5638, 5640, 681, 6540, 5640, 405], "is_subscriber": false, "radiant_win": true, "start_time": 1749309513, "duration": 3074, "cluster": 346, "lobby_type": 7, "game_mode": 22, "is_contributor": false, "patch": 58, "region": 38, "isRadiant": true, "win": 1, "lose": 0, "total_gold": 18495, "total_xp": 31815, "kills_per_min": 0.11711125569290826, "kda": 4.14, "abandons": 0, "benchmarks": {"gold_per_min": {"raw": 361, "pct": 0.7389347336834209}, "xp_per_min": {"raw": 621, "pct": 0.7584396099024756}, "kills_per_min": {"raw": 0.11711125569290827, "pct": 0.5491372843210802}, "last_hits_per_min": {"raw": 1.6395575797007156, "pct": 0.7704426106526632}, "hero_damage_per_min": {"raw": 483.35718932986333, "pct": 0.8934733683420856}, "hero_healing_per_min": {"raw": 189.54456733897203, "pct": 0.2865716429107277}, "tower_damage": {"raw": 326, "pct": 0.6159039759939985}}}, {"player_slot": 4, "team_number": 0, "team_slot": 4, "hero_id": 45, "hero_variant": 1, "item_0": 102, "item_1": 100, "item_2": 180, "item_3": 235, "item_4": 254, "item_5": 232, "backpack_0": 0, "backpack_1": 0, "backpack_2": 0, "item_neutral": 1604, "item_neutral2": 1583, "kills": 6, "deaths": 7, "assists": 30, "leaver_status": 0, "last_hits": 67, "denies": 1, "gold_per_min": 354, "xp_per_min": 604, "level": 23, "net_worth": 17504, "aghanims_scepter": 0, "aghanims_shard": 0, "moonshard": 0, "hero_damage": 23558, "tower_damage": 7202, "hero_healing": 4423, "gold": 2079, "gold_spent": 16265, "ability_upgrades_arr": [5186, 5188, 5186, 5187, 5186, 5189, 5186, 5188, 5188, 5188, 6859, 5189, 5187, 5187, 6195, 5187, 5189, 6220], "is_subscriber": false, "radiant_win": true, "start_time": 1749309513, "duration": 3074, "cluster": 346, "lobby_type": 7, "game_mode": 22, "is_contributor": false, "patch": 58, "region": 38, "isRadiant": true, "win": 1, "lose": 0, "total_gold": 18136, "total_xp": 30944, "kills_per_min": 0.11711125569290826, "kda": 4.5, "abandons": 0, "benchmarks": {"gold_per_min": {"raw": 354, "pct": 0.4034672970843184}, "xp_per_min": {"raw": 604, "pct": 0.6036249014972419}, "kills_per_min": {"raw": 0.11711125569290827, "pct": 0.44602048857368004}, "last_hits_per_min": {"raw": 1.3077423552374756, "pct": 0.15130023640661938}, "hero_damage_per_min": {"raw": 459.8178269355888, "pct": 0.24901497241922774}, "hero_healing_per_min": {"raw": 86.33051398828887, "pct": 0.4933018124507486}, "tower_damage": {"raw": 7202, "pct": 0.760441292356186}}}, {"player_slot": 128, "team_number": 1, "team_slot": 0,