{"players": [{"player_slot": 0, "team_number": 0, "team_slot": 0, "hero_id": 21, "hero_variant": 5, "item_0": 135, "item_1": 116, "item_2": 50, "item_3": 0, "item_4": 0, "item_5": 0, "backpack_0": 0, "backpack_1": 0, "backpack_2": 0, "item_neutral": 71, "item_neutral2": 1584, "kills": 13, "deaths": 0, "assists": 9, "leaver_status": 0, "last_hits": 103, "denies": 14, "gold_per_min": 516, "xp_per_min": 549, "level": 16, "net_worth": 13978, "aghanims_scepter": 0, "aghanims_shard": 1, "moonshard": 0, "hero_damage": 10813, "tower_damage": 5530, "hero_healing": 0, "gold": 2128, "gold_spent": 13085, "ability_upgrades_arr": [5131, 5130, 5131, 5132, 5131, 5133, 5131, 5132, 5130, 5920, 5132, 5133, 5132, 5130, 6562, 5130], "is_subscriber": false, "radiant_win": true, "start_time": 1763776652, "duration": 1698, "cluster": 251, "lobby_type": 0, "game_mode": 22, "is_contributor": false, "patch": 58, "region": 15, "isRadiant": true, "win": 1, "lose": 0, "total_gold": 14602, "total_xp": 15536, "kills_per_min": 0.45936395759717313, "kda": 22, "abandons": 0, "benchmarks": {"gold_per_min": {"raw": 516, "pct": 0.7259656047363969}, "xp_per_min": {"raw": 549, "pct": 0.33436707076402594}, "kills_per_min": {"raw": 0.45936395759717313, "pct": 0.9613758105441218}, "last_hits_per_min": {"raw": 3.639575971731449, "pct": 0.4761770510290386}, "hero_damage_per_min": {"raw": 382.08480565371025, "pct": 0.22892585283338032}, "hero_healing_per_min": {"raw": 0, "pct": 0.8449393853961094}, "tower_damage": {"raw": 5530, "pct": 0.7623343670707641}}}, {"player_slot": 1, "team_number": 0, "team_slot": 1, "hero_id": 102, "hero_variant": 3, "item_0": 1575, "item_1": 48, "item_2": 174, "item_3": 73, "item_4": 0, "item_5": 250, "backpack_0": 0, "backpack_1": 4204, "backpack_2": 0, "item_neutral": 1638, "item_neutral2": 1584, "kills": 6, "deaths": 2, "assists": 8, "leaver_status": 0, "last_hits": 113, "denies": 1, "gold_per_min": 469, "xp_per_min": 574, "level": 17, "net_worth": 13254, "aghanims_scepter": 0, "aghanims_shard": 0, "moonshard": 0, "hero_damage": 13720, "tower_damage": 3815, "hero_healing": 1784, "gold": 824, "gold_spent": 12570, "ability_upgrades_arr": [5587, 5586, 5587, 5585, 5587, 5588, 5587, 5586, 5586, 1165, 5588, 5586, 5585, 5585, 7340, 5585], "is_subscriber": false, "radiant_win": true, "start_time": 1763776652, "duration": 1698, "cluster": 251, "lobby_type": 0, "game_mode": 22, "is_contributor": false, "patch": 58, "region": 15, "isRadiant": true, "win": 1, "lose": 0, "total_gold": 13272, "total_xp": 16244, "kills_per_min": 0.21201413427561838, "kda": 4.67, "abandons": 0, "benchmarks": {"gold_per_min": {"raw": 469, "pct": 0.7427536231884058}, "xp_per_min": {"raw": 574, "pct": 0.4682971014492754}, "kills_per_min": {"raw": 0.21201413427561838, "pct": 0.8007246376811594}, "last_hits_per_min": {"raw": 3.9929328621908127, "pct": 0.644927536231884}, "hero_damage_per_min": {"raw": 484.8056537102474, "pct": 0.6476449275362319}, "hero_healing_per_min": {"raw": 63.03886925795052, "pct": 0.4954710144927536}, "tower_damage": {"raw": 3815, "pct": 0.8034420289855072}}}, {"player_slot": 2, "team_number": 0, "team_slot": 2, "hero_id": 18, "hero_variant": 2, "item_0": 172, "item_1": 63, "item_2": 116, "item_3": 1, "item_4": 252, "item_5": 141, "backpack_0": 0, "backpack_1": 0, "backpack_2": 0, "item_neutral": 1600, "item_neutral2": 1584, "kills": 12, "deaths": 1, "assists": 11, "leaver_status": 0, "last_hits": 248, "denies": 4, "gold_per_min": 700, "xp_per_min": 715, "level": 19, "net_worth": 19269, "aghanims_scepter": 0, "aghanims_shard": 0, "moonshard": 0, "hero_damage": 15445, "tower_damage": 13437, "hero_healing": 0, "gold": 1869, "gold_spent": 18700, "ability_upgrades_arr": [5094, 5095, 5094, 5096, 5094, 5097, 5095, 5095, 5095, 6045, 5094, 5097, 5096, 5096, 6911, 5096, 5097], "is_subscriber": false, "radiant_win": true, "start_time": 1763776652, "duration": 1698, "cluster": 251, "lobby_type": 0, "game_mode": 22, "is_contributor": false, "patch": 58, "region": 15, "isRadiant": true, "win": 1, "lose": 0, "total_gold": 19810, "total_xp": 20234, "kills_per_min": 0.42402826855123676, "kda": 11.5, "abandons": 0, "benchmarks": {"gold_per_min": {"raw": 700, "pct": 0.7547770700636943}, "xp_per_min": {"raw": 715, "pct": 0.3590764331210191}, "kills_per_min": {"raw": 0.42402826855123676, "pct": 0.8829617834394905}, "last_hits_per_min": {"raw": 8.763250883392226, "pct": 0.5867834394904459}, "hero_damage_per_min": {"raw": 545.7597173144877, "pct": 0.4148089171974522}, "hero_healing_per_min": {"raw": 0, "pct": 0.9601910828025477}, "tower_damage": {"raw": 13437, "pct": 0.875}}}, {"player_slot": 3, "team_number": 0, "team_slot": 3, "hero_id": 79, "hero_variant": 1, "item_0": 232, "item_1": 214, "item_2": 88, "item_3": 98, "item_4": 36, "item_5": 42, "backpack_0": 215, "backpack_1": 253, "backpack_2": 0, "item_neutral": 840, "item_neutral2": 1595, "kills": 7, "deaths": 6, "assists": 19, "leaver_status": 0, "last_hits": 24, "denies": 6, "gold_per_min": 374, "xp_per_min": 452, "level": 15, "net_worth": 9935, "aghanims_scepter": 0, "aghanims_shard": 0, "moonshard": 0, "hero_damage": 11052, "tower_damage": 1862, "hero_healing": 0, "gold": 260, "gold_spent": 10380, "ability_upgrades_arr": [5421, 1001, 5423, 5421, 5421, 5425, 1001, 1001, 1001, 5421, 6137, 5425, 5423, 5423], "is_subscriber": false, "radiant_win": true, "start_time": 1763776652, "duration": 1698, "cluster": 251, "lobby_type": 0, "game_mode": 22, "is_contributor": false, "patch": 58, "region": 15, "isRadiant": true, "win": 1, "lose": 0, "total_gold": 10584, "total_xp": 12791, "kills_per_min": 0.24734982332155475, "kda": 3.71, "abandons": 0, "benchmarks": {"gold_per_min": {"raw": 374, "pct": 0.6967592592592593}, "xp_per_min": {"raw": 452, "pct": 0.3587962962962963}, "kills_per_min": {"raw": 0.24734982332155475, "pct": 0.9097222222222222}, "last_hits_per_min": {"raw": 0.8480565371024735, "pct": 0.16203703703703703}, "hero_damage_per_min": {"raw": 390.53003533568904, "pct": 0.3900462962962963}, "hero_healing_per_min": {"raw": 0, "pct": 0.41435185185185186}, "tower_damage": {"raw": 1862, "pct": 0.8923611111111112}}}, {"player_slot": 4, "team_number": 0, "team_slot": 4, "hero_id": 50, "hero_variant": 2, "item_0": 108, "item_1": 98, "item_2": 63, "item_3": 244, "item_4": 73, "item_5": 77, "backpack_0": 0, "backpack_1": 0, "backpack_2": 0, "item_neutral": 1638, "item_neutral2": 1595, "kills": 2, "deaths": 2, "assists": 12, "leaver_status": 0, "last_hits": 95, "denies": 4, "gold_per_min": 399, "xp_per_min": 533, "level": 16, "net_worth": 10526, "aghanims_scepter": 0, "aghanims_shard": 0, "moonshard": 0, "hero_damage": 8686, "tower_damage": 3762, "hero_healing": 9248, "gold": 216, "gold_spent": 12045, "ability_upgrades_arr": [5233, 5235, 5235, 5233, 5233, 1550, 5234, 5235, 5233, 5235, 5234, 1550, 5234, 5234, 1018, 6232], "is_subscriber": false, "radiant_win": true, "start_time": 1763776652, "duration": 1698, "cluster": 251, "lobby_type": 0, "game_mode": 22, "is_contributor": false, "patch": 58, "region": 15, "isRadiant": true, "win": 1, "lose": 0, "total_gold": 11291, "total_xp": 15083, "kills_per_min": 0.0706713780918728, "kda": 4.67, "abandons": 0, "benchmarks": {"gold_per_min": {"raw": 399, "pct": 0.859375}, "xp_per_min": {"raw": 533, "pct": 0.5127840909090909}, "kills_per_min": {"raw": 0.07067137809187278, "pct": 0.44886363636363635}, "last_hits_per_min": {"raw": 3.356890459363958, "pct": 0.9225852272727273}, "hero_damage_per_min": {"raw": 306.9257950530035, "pct": 0.6150568181818182}, "hero_healing_per_min": {"raw": 326.7844522968198, "pct": 0.5958806818181818}, "tower_damage": {"raw": 3762, "pct": 0.9857954545454546}}}, {"account_id": 115132074, "player_slot": 128, "team_number": 1, "team_slot": 0, "hero_id": 54, "hero_variant": 4, "item_0": 240, "item_1": 73, "item_2": 569, "item_3": 50, "item_4": 135, "item_5": 244, "backpack_0": 0, "backpack_1": 0, "backpack_2": 0, "item_neutral": 1638, "item_neutral2": 1577, "kills": 2, "deaths": 4,