{"players": [{"player_slot": 0, "team_number": 0, "team_slot": 0, "hero_id": 63, "hero_variant": 2, "item_0": 147, "item_1": 149, "item_2": 250, "item_3": 166, "item_4": 75, "item_5": 596, "backpack_0": 0, "backpack_1": 0, "backpack_2": 0, "item_neutral": 1603, "item_neutral2": 1584, "kills": 4, "deaths": 8, "assists": 6, "leaver_status": 1, "last_hits": 290, "denies": 13, "gold_per_min": 447, "xp_per_min": 529, "level": 21, "net_worth": 18299, "aghanims_scepter": 0, "aghanims_shard": 0, "moonshard": 0, "hero_damage": 14059, "tower_damage": 1235, "hero_healing": 0, "gold": 344, "gold_spent": 18720, "ability_upgrades_arr": [5289, 5290, 5291, 5289, 5290, 5292, 5290, 5290, 5289, 5289, 6200, 5291, 5291, 5292, 6989, 5291, 5292, 6131], "is_subscriber": false, "radiant_win": false, "start_time": 1759623481, "duration": 2695, "cluster": 241, "lobby_type": 7, "game_mode": 22, "is_contributor": false, "patch": 58, "region": 14, "isRadiant": true, "win": 0, "lose": 1, "total_gold": 20077, "total_xp": 23760, "kills_per_min": 0.08905380333951762, "kda": 1.11, "abandons": 0, "benchmarks": {"gold_per_min": {"raw": 447, "pct": 0.35910842047330765}, "xp_per_min": {"raw": 529, "pct": 0.18547055586130984}, "kills_per_min": {"raw": 0.08905380333951762, "pct": 0.12878370941111722}, "last_hits_per_min": {"raw": 6.456400742115028, "pct": 0.6216290588882774}, "hero_damage_per_min": {"raw": 313.0018552875696, "pct": 0.07842597688497524}, "hero_healing_per_min": {"raw": 0, "pct": 0.8131535498073748}, "tower_damage": {"raw": 1235, "pct": 0.3472757292239956}}}, {"player_slot": 1, "team_number": 0, "team_slot": 1, "hero_id": 84, "hero_variant": 2, "item_0": 180, "item_1": 1, "item_2": 65, "item_3": 218, "item_4": 108, "item_5": 0, "backpack_0": 0, "backpack_1": 0, "backpack_2": 0, "item_neutral": 1607, "item_neutral2": 1583, "kills": 4, "deaths": 8, "assists": 11, "leaver_status": 0, "last_hits": 73, "denies": 20, "gold_per_min": 333, "xp_per_min": 412, "level": 18, "net_worth": 13227, "aghanims_scepter": 0, "aghanims_shard": 0, "moonshard": 0, "hero_damage": 15104, "tower_damage": 297, "hero_healing": 0, "gold": 3027, "gold_spent": 11920, "ability_upgrades_arr": [5439, 5439, 5440, 5438, 5439, 5441, 5439, 5438, 5438, 5438, 5440, 5441, 5440, 5440, 801, 1181, 5441], "is_subscriber": false, "radiant_win": false, "start_time": 1759623481, "duration": 2695, "cluster": 241, "lobby_type": 7, "game_mode": 22, "is_contributor": false, "patch": 58, "region": 14, "isRadiant": true, "win": 0, "lose": 1, "total_gold": 14957, "total_xp": 18505, "kills_per_min": 0.08905380333951762, "kda": 1.67, "abandons": 0, "benchmarks": {"gold_per_min": {"raw": 333, "pct": 0.15975145319703346}, "xp_per_min": {"raw": 412, "pct": 0.15113249148125876}, "kills_per_min": {"raw": 0.08905380333951762, "pct": 0.3710162357185809}, "last_hits_per_min": {"raw": 1.6252319109461966, "pct": 0.20926037282020446}, "hero_damage_per_min": {"raw": 336.26716141001856, "pct": 0.13048707155742634}, "hero_healing_per_min": {"raw": 0, "pct": 0.6630587292042494}, "tower_damage": {"raw": 297, "pct": 0.3952695931048306}}}, {"player_slot": 2, "team_number": 0, "team_slot": 2, "hero_id": 49, "hero_variant": 1, "item_0": 116, "item_1": 127, "item_2": 178, "item_3": 34, "item_4": 63, "item_5": 249, "backpack_0": 0, "backpack_1": 0, "backpack_2": 0, "item_neutral": 1607, "item_neutral2": 1594, "kills": 7, "deaths": 7, "assists": 5, "leaver_status": 0, "last_hits": 193, "denies": 13, "gold_per_min": 380, "xp_per_min": 374, "level": 17, "net_worth": 15821, "aghanims_scepter": 0, "aghanims_shard": 0, "moonshard": 0, "hero_damage": 26311, "tower_damage": 3581, "hero_healing": 0, "gold": 1266, "gold_spent": 16195, "ability_upgrades_arr": [5226, 5227, 5226, 5228, 5226, 5229, 5226, 5228, 5228, 5228, 5938, 5229, 5227, 5227, 5993, 5227], "is_subscriber": false, "radiant_win": false, "start_time": 1759623481, "duration": 2695, "cluster": 241, "lobby_type": 7, "game_mode": 22, "is_contributor": false, "patch": 58, "region": 14, "isRadiant": true, "win": 0, "lose": 1, "total_gold": 17068, "total_xp": 16798, "kills_per_min": 0.15584415584415584, "kda": 1.5, "abandons": 0, "benchmarks": {"gold_per_min": {"raw": 380, "pct": 0.1426313709996049}, "xp_per_min": {"raw": 374, "pct": 0.06479652311339391}, "kills_per_min": {"raw": 0.15584415584415584, "pct": 0.4156459897273805}, "last_hits_per_min": {"raw": 4.296846011131725, "pct": 0.1758198340576847}, "hero_damage_per_min": {"raw": 585.773654916512, "pct": 0.4488344527854603}, "hero_healing_per_min": {"raw": 0, "pct": 0.9573291189253259}, "tower_damage": {"raw": 3581, "pct": 0.4733306993283287}}}, {"account_id": 45421382, "player_slot": 3, "team_number": 0, "team_slot": 3, "hero_id": 43, "hero_variant": 2, "item_0": 692, "item_1": 0, "item_2": 116, "item_3": 50, "item_4": 100, "item_5": 0, "backpack_0": 0, "backpack_1": 0, "backpack_2": 0, "item_neutral": 1641, "item_neutral2": 1592, "kills": 6, "deaths": 6, "assists": 7, "leaver_status": 0, "last_hits": 179, "denies": 8, "gold_per_min": 375, "xp_per_min": 522, "level": 20, "net_worth": 13798, "aghanims_scepter": 0, "aghanims_shard": 1, "moonshard": 0, "hero_damage": 28978, "tower_damage": 2695, "hero_healing": 330, "gold": 448, "gold_spent": 16370, "ability_upgrades_arr": [5090, 5685, 5685, 5090, 5685, 5093, 5091, 5090, 5685, 5091, 5090, 5093, 6299, 5091, 5091, 1458, 5093, 6628], "personaname": "La Chaucha", "name": null, "last_login": "2026-03-03T14:36:01.200Z", "rank_tier": 42, "computed_mmr": 4031.51, "is_subscriber": false, "radiant_win": false, "start_time": 1759623481, "duration": 2695, "cluster": 241, "lobby_type": 7, "game_mode": 22, "is_contributor": false, "patch": 58, "region": 14, "isRadiant": true, "win": 0, "lose": 1, "total_gold": 16843, "total_xp": 23446, "kills_per_min": 0.13358070500927643, "kda": 1.86, "abandons": 0, "benchmarks": {"gold_per_min": {"raw": 375, "pct": 0.18800292611558156}, "xp_per_min": {"raw": 522, "pct": 0.2333577176298464}, "kills_per_min": {"raw": 0.13358070500927643, "pct": 0.2670080468178493}, "last_hits_per_min": {"raw": 3.985157699443414, "pct": 0.3269934162399415}, "hero_damage_per_min": {"raw": 645.1502782931354, "pct": 0.4228237015362107}, "hero_healing_per_min": {"raw": 7.346938775510204, "pct": 0.8478419897585955}, "tower_damage": {"raw": 2695, "pct": 0.43964886613021215}}}, {"player_slot": 4, "team_number": 0, "team_slot": 4, "hero_id": 136, "hero_variant": 3, "item_0": 116, "item_1": 1, "item_2": 267, "item_3": 98, "item_4": 0, "item_5": 50, "backpack_0": 4204, "backpack_1": 36, "backpack_2": 188, "item_neutral": 1604, "item_neutral2": 1594, "kills": 8, "deaths": 10, "assists": 12, "leaver_status": 0, "last_hits": 134, "denies": 1, "gold_per_min": 360, "xp_per_min": 420, "level": 18, "net_worth": 15042, "aghanims_scepter": 0, "aghanims_shard": 0, "moonshard": 0, "hero_damage": 22333, "tower_damage": 321, "hero_healing": 227, "gold": 642, "gold_spent": 15430, "ability_upgrades_arr": [8235, 8192, 8192, 8235, 1427, 8198, 8192, 8235, 8235, 1573, 8192, 8198, 1427, 1427, 1138, 1427, 8198], "is_subscriber": false, "radiant_win": false, "start_time": 1759623481, "duration": 2695, "cluster": 241, "lobby_type": 7, "game_mode": 22, "is_contributor": false, "patch": 58, "region": 14, "isRadiant": true, "win": 0, "lose": 1, "total_gold": 16170, "total_xp": 18865, "kills_per_min": 0.17810760667903525, "kda": 1.82, "abandons": 0, "benchmarks": {"gold_per_min": {"raw": 360, "pct": 0.3252720677146312}, "xp_per_min": {"raw": 420, "pct": 0.18621523579201935}, "kills_per_min": {"raw": 0.17810760667903525, "pct": 0.41414752116082226}, "last_hits_per_min": {"raw": 2.9833024118738405, "pct": 0.4558645707376058}, "hero_damage_per_min": {"raw": 497.20964749536176, "pct": 0.49455864570737607}, "hero_healing_per_min": {"raw": 5.053803339517625, "pct": 0.5350665054413543}, "tower_damage": {"raw": 321, "pct": 0.28476420798065294}}}, {"player_slot": 128, "team_number": 1, "team_slot": 0, "hero_id": 80, "hero_variant": 1, "item_0": 29,