{"players": [{"account_id": 1003364372, "player_slot": 0, "team_number": 0, "team_slot": 0, "hero_id": 8, "hero_variant": 1, "item_0": 158, "item_1": 174, "item_2": 208, "item_3": 139, "item_4": 1, "item_5": 147, "backpack_0": 0, "backpack_1": 4204, "backpack_2": 0, "item_neutral": 1642, "item_neutral2": 1577, "kills": 17, "deaths": 6, "assists": 8, "leaver_status": 0, "last_hits": 420, "denies": 10, "gold_per_min": 700, "xp_per_min": 930, "level": 26, "net_worth": 28721, "aghanims_scepter": 0, "aghanims_shard": 0, "moonshard": 0, "hero_damage": 40034, "tower_damage": 2723, "hero_healing": 7274, "gold": 2021, "gold_spent": 30495, "ability_upgrades_arr": [5028, 5027, 5028, 5029, 5028, 5030, 5028, 5027, 5027, 5029, 7021, 5030, 5027, 5029, 1192, 5029, 5030, 6105, 1013], "personaname": "Škoda Fabia Rally2 evo", "name": null, "last_login": null, "rank_tier": 41, "computed_mmr": 3975.44, "is_subscriber": false, "radiant_win": false, "start_time": 1757463442, "duration": 2792, "cluster": 241, "lobby_type": 0, "game_mode": 22, "is_contributor": false, "patch": 58, "region": 14, "isRadiant": true, "win": 0, "lose": 1, "total_gold": 32573, "total_xp": 43276, "kills_per_min": 0.3653295128939828, "kda": 3.57, "abandons": 0, "benchmarks": {"gold_per_min": {"raw": 700, "pct": 0.7799334811529933}, "xp_per_min": {"raw": 930, "pct": 0.6912416851441242}, "kills_per_min": {"raw": 0.3653295128939828, "pct": 0.8885809312638581}, "last_hits_per_min": {"raw": 9.025787965616047, "pct": 0.6596452328159645}, "hero_damage_per_min": {"raw": 860.3295128939828, "pct": 0.8059866962305987}, "hero_healing_per_min": {"raw": 156.31805157593124, "pct": 0.6000554323725056}, "tower_damage": {"raw": 2723, "pct": 0.46147450110864746}}}, {"player_slot": 1, "team_number": 0, "team_slot": 1, "hero_id": 97, "hero_variant": 4, "item_0": 110, "item_1": 180, "item_2": 42, "item_3": 100, "item_4": 127, "item_5": 1, "backpack_0": 0, "backpack_1": 0, "backpack_2": 0, "item_neutral": 359, "item_neutral2": 1592, "kills": 3, "deaths": 14, "assists": 26, "leaver_status": 0, "last_hits": 146, "denies": 13, "gold_per_min": 385, "xp_per_min": 541, "level": 21, "net_worth": 14704, "aghanims_scepter": 0, "aghanims_shard": 0, "moonshard": 0, "hero_damage": 22800, "tower_damage": 255, "hero_healing": 0, "gold": 1154, "gold_spent": 16370, "ability_upgrades_arr": [5520, 5518, 5518, 5520, 5519, 5521, 5519, 5520, 5518, 7132, 5519, 5521, 5518, 5519, 5518, 712, 5520, 5521, 6199], "is_subscriber": false, "radiant_win": false, "start_time": 1757463442, "duration": 2792, "cluster": 241, "lobby_type": 0, "game_mode": 22, "is_contributor": false, "patch": 58, "region": 14, "isRadiant": true, "win": 0, "lose": 1, "total_gold": 17915, "total_xp": 25174, "kills_per_min": 0.06446991404011461, "kda": 1.93, "abandons": 0, "benchmarks": {"gold_per_min": {"raw": 385, "pct": 0.40566398775354}, "xp_per_min": {"raw": 541, "pct": 0.32261768082663606}, "kills_per_min": {"raw": 0.06446991404011461, "pct": 0.19173363949483352}, "last_hits_per_min": {"raw": 3.1375358166189113, "pct": 0.42824339839265213}, "hero_damage_per_min": {"raw": 489.97134670487105, "pct": 0.6318407960199005}, "hero_healing_per_min": {"raw": 0, "pct": 0.7967853042479908}, "tower_damage": {"raw": 255, "pct": 0.4313050133945656}}}, {"player_slot": 2, "team_number": 0, "team_slot": 2, "hero_id": 11, "hero_variant": 1, "item_0": 249, "item_1": 263, "item_2": 108, "item_3": 48, "item_4": 7, "item_5": 116, "backpack_0": 485, "backpack_1": 134, "backpack_2": 0, "item_neutral": 1642, "item_neutral2": 1594, "kills": 7, "deaths": 10, "assists": 18, "leaver_status": 0, "last_hits": 336, "denies": 6, "gold_per_min": 586, "xp_per_min": 993, "level": 27, "net_worth": 25214, "aghanims_scepter": 0, "aghanims_shard": 0, "moonshard": 0, "hero_damage": 43187, "tower_damage": 2516, "hero_healing": 0, "gold": 1714, "gold_spent": 24495, "ability_upgrades_arr": [5061, 5063, 5061, 5063, 5061, 5064, 5060, 5063, 5063, 999, 1216, 5064, 1216, 1216, 6875, 1216, 5064, 6670, 1217, 6876], "is_subscriber": false, "radiant_win": false, "start_time": 1757463442, "duration": 2792, "cluster": 241, "lobby_type": 0, "game_mode": 22, "is_contributor": false, "patch": 58, "region": 14, "isRadiant": true, "win": 0, "lose": 1, "total_gold": 27268, "total_xp": 46207, "kills_per_min": 0.1504297994269341, "kda": 2.27, "abandons": 0, "benchmarks": {"gold_per_min": {"raw": 586, "pct": 0.47060258599658455}, "xp_per_min": {"raw": 993, "pct": 0.7884849963405709}, "kills_per_min": {"raw": 0.1504297994269341, "pct": 0.22883630153696025}, "last_hits_per_min": {"raw": 7.2206303724928365, "pct": 0.39936569895096363}, "hero_damage_per_min": {"raw": 928.0873925501432, "pct": 0.7701878506952915}, "hero_healing_per_min": {"raw": 0, "pct": 0.9190046352768968}, "tower_damage": {"raw": 2516, "pct": 0.43156867528665527}}}, {"player_slot": 3, "team_number": 0, "team_slot": 3, "hero_id": 7, "hero_variant": 3, "item_0": 180, "item_1": 96, "item_2": 1, "item_3": 108, "item_4": 34, "item_5": 254, "backpack_0": 0, "backpack_1": 0, "backpack_2": 0, "item_neutral": 1604, "item_neutral2": 1592, "kills": 10, "deaths": 6, "assists": 16, "leaver_status": 0, "last_hits": 217, "denies": 7, "gold_per_min": 462, "xp_per_min": 845, "level": 26, "net_worth": 18675, "aghanims_scepter": 0, "aghanims_shard": 1, "moonshard": 0, "hero_damage": 21529, "tower_damage": 632, "hero_healing": 0, "gold": 1775, "gold_spent": 17050, "ability_upgrades_arr": [5023, 5024, 5025, 5024, 5025, 5026, 5025, 5025, 5024, 5023, 5024, 5026, 5023, 5023, 744, 858, 5026, 6425, 6035], "is_subscriber": false, "radiant_win": false, "start_time": 1757463442, "duration": 2792, "cluster": 241, "lobby_type": 0, "game_mode": 22, "is_contributor": false, "patch": 58, "region": 14, "isRadiant": true, "win": 0, "lose": 1, "total_gold": 21498, "total_xp": 39320, "kills_per_min": 0.21489971346704873, "kda": 3.71, "abandons": 0, "benchmarks": {"gold_per_min": {"raw": 462, "pct": 0.5644929617925883}, "xp_per_min": {"raw": 845, "pct": 0.803792013789141}, "kills_per_min": {"raw": 0.21489971346704873, "pct": 0.6834243033611032}, "last_hits_per_min": {"raw": 4.663323782234957, "pct": 0.6228095374892272}, "hero_damage_per_min": {"raw": 462.6575931232092, "pct": 0.2703246193622522}, "hero_healing_per_min": {"raw": 0, "pct": 0.8465958058029301}, "tower_damage": {"raw": 632, "pct": 0.49698362539500146}}}, {"account_id": 100811271, "player_slot": 4, "team_number": 0, "team_slot": 4, "hero_id": 21, "hero_variant": 4, "item_0": 1, "item_1": 254, "item_2": 267, "item_3": 43, "item_4": 29, "item_5": 6, "backpack_0": 38, "backpack_1": 188, "backpack_2": 0, "item_neutral": 1601, "item_neutral2": 1586, "kills": 1, "deaths": 15, "assists": 20, "leaver_status": 0, "last_hits": 44, "denies": 0, "gold_per_min": 300, "xp_per_min": 558, "level": 22, "net_worth": 10313, "aghanims_scepter": 0, "aghanims_shard": 0, "moonshard": 0, "hero_damage": 21239, "tower_damage": 186, "hero_healing": 320, "gold": 1513, "gold_spent": 10420, "ability_upgrades_arr": [5131, 5130, 5131, 5132, 5131, 5130, 5131, 5130, 5130, 1195, 5132, 5132, 5133, 5133, 6992, 5132, 5133, 7062], "personaname": "Hamyuts", "name": null, "last_login": null, "rank_tier": null, "computed_mmr": null, "is_subscriber": false, "radiant_win": false, "start_time": 1757463442, "duration": 2792, "cluster": 241, "lobby_type": 0, "game_mode": 22, "is_contributor": false, "patch": 58, "region": 14, "isRadiant": true, "win": 0, "lose": 1, "total_gold": 13960, "total_xp": 25965, "kills_per_min": 0.021489971346704873, "kda": 1.31, "abandons": 0, "benchmarks": {"gold_per_min": {"raw": 300, "pct": 0.11897378065971244}, "xp_per_min": {"raw": 558, "pct": 0.3501550606146039}, "kills_per_min": {"raw": 0.02148997134670487, "pct": 0.020580772483789117}, "last_hits_per_min": {"raw": 0.9455587392550143, "pct": 0.021144629264166902}, "hero_damage_per_min": {"raw": 456.42550143266476, "pct": 0.37665632929235976}, "hero_healing_per_min": {"raw": 6.876790830945559,