{"players": [{"player_slot": 0, "team_number": 0, "team_slot": 0, "hero_id": 69, "hero_variant": 1, "item_0": 65, "item_1": 127, "item_2": 36, "item_3": 1, "item_4": 73, "item_5": 50, "backpack_0": 0, "backpack_1": 0, "backpack_2": 0, "item_neutral": 828, "item_neutral2": 1583, "kills": 1, "deaths": 10, "assists": 6, "leaver_status": 0, "last_hits": 118, "denies": 3, "gold_per_min": 366, "xp_per_min": 344, "level": 14, "net_worth": 10890, "aghanims_scepter": 0, "aghanims_shard": 1, "moonshard": 0, "hero_damage": 11371, "tower_damage": 106, "hero_healing": 0, "gold": 285, "gold_spent": 10795, "ability_upgrades_arr": [5339, 5340, 5341, 5340, 5340, 5342, 5339, 5339, 5340, 6370, 5341, 5342, 5339, 5341], "is_subscriber": false, "radiant_win": false, "start_time": 1757206110, "duration": 1980, "cluster": 241, "lobby_type": 0, "game_mode": 22, "is_contributor": false, "patch": 58, "region": 14, "isRadiant": true, "win": 0, "lose": 1, "total_gold": 12078, "total_xp": 11352, "kills_per_min": 0.030303030303030304, "kda": 0.64, "abandons": 0, "benchmarks": {"gold_per_min": {"raw": 366, "pct": 0.03822487413760955}, "xp_per_min": {"raw": 344, "pct": 0.03356330412082789}, "kills_per_min": {"raw": 0.030303030303030304, "pct": 0.02368077568525079}, "last_hits_per_min": {"raw": 3.5757575757575757, "pct": 0.10311392877121014}, "hero_damage_per_min": {"raw": 344.57575757575756, "pct": 0.0967741935483871}, "hero_healing_per_min": {"raw": 0, "pct": 0.8989371620361738}, "tower_damage": {"raw": 106, "pct": 0.23457020324445274}}}, {"player_slot": 1, "team_number": 0, "team_slot": 1, "hero_id": 17, "hero_variant": 2, "item_0": 41, "item_1": 123, "item_2": 534, "item_3": 63, "item_4": 0, "item_5": 259, "backpack_0": 0, "backpack_1": 0, "backpack_2": 0, "item_neutral": 1599, "item_neutral2": 1583, "kills": 6, "deaths": 4, "assists": 5, "leaver_status": 0, "last_hits": 199, "denies": 9, "gold_per_min": 449, "xp_per_min": 603, "level": 19, "net_worth": 12483, "aghanims_scepter": 0, "aghanims_shard": 0, "moonshard": 0, "hero_damage": 18298, "tower_damage": 634, "hero_healing": 0, "gold": 733, "gold_spent": 12845, "ability_upgrades_arr": [5098, 5099, 5100, 5098, 5098, 5101, 5098, 5100, 5100, 7132, 5100, 5101, 5099, 5099, 6916, 5099, 5101], "is_subscriber": false, "radiant_win": false, "start_time": 1757206110, "duration": 1980, "cluster": 241, "lobby_type": 0, "game_mode": 22, "is_contributor": false, "patch": 58, "region": 14, "isRadiant": true, "win": 0, "lose": 1, "total_gold": 14817, "total_xp": 19899, "kills_per_min": 0.18181818181818182, "kda": 2.2, "abandons": 0, "benchmarks": {"gold_per_min": {"raw": 449, "pct": 0.315742397137746}, "xp_per_min": {"raw": 603, "pct": 0.26610017889087656}, "kills_per_min": {"raw": 0.18181818181818182, "pct": 0.36538461538461536}, "last_hits_per_min": {"raw": 6.03030303030303, "pct": 0.4991055456171735}, "hero_damage_per_min": {"raw": 554.4848484848485, "pct": 0.41234347048300535}, "hero_healing_per_min": {"raw": 0, "pct": 0.8913237924865832}, "tower_damage": {"raw": 634, "pct": 0.3743291592128801}}}, {"account_id": 93545625, "player_slot": 2, "team_number": 0, "team_slot": 2, "hero_id": 114, "hero_variant": 3, "item_0": 50, "item_1": 36, "item_2": 252, "item_3": 168, "item_4": 75, "item_5": 116, "backpack_0": 11, "backpack_1": 0, "backpack_2": 0, "item_neutral": 828, "item_neutral2": 1584, "kills": 9, "deaths": 7, "assists": 11, "leaver_status": 0, "last_hits": 168, "denies": 24, "gold_per_min": 471, "xp_per_min": 561, "level": 18, "net_worth": 14027, "aghanims_scepter": 0, "aghanims_shard": 0, "moonshard": 0, "hero_damage": 28947, "tower_damage": 873, "hero_healing": 0, "gold": 1022, "gold_spent": 13440, "ability_upgrades_arr": [5723, 5716, 5723, 5721, 5716, 5725, 5716, 5723, 5723, 5716, 748, 5725, 5721, 5721, 6421, 5721, 5725], "personaname": "Carkodar", "name": null, "last_login": null, "rank_tier": 63, "computed_mmr": 3986.38, "is_subscriber": false, "radiant_win": false, "start_time": 1757206110, "duration": 1980, "cluster": 241, "lobby_type": 0, "game_mode": 22, "is_contributor": false, "patch": 58, "region": 14, "isRadiant": true, "win": 0, "lose": 1, "total_gold": 15543, "total_xp": 18513, "kills_per_min": 0.2727272727272727, "kda": 2.5, "abandons": 0, "benchmarks": {"gold_per_min": {"raw": 471, "pct": 0.4190700412007063}, "xp_per_min": {"raw": 561, "pct": 0.2831077104178929}, "kills_per_min": {"raw": 0.2727272727272727, "pct": 0.631547969393761}, "last_hits_per_min": {"raw": 5.090909090909091, "pct": 0.42672160094173045}, "hero_damage_per_min": {"raw": 877.1818181818181, "pct": 0.7186580341377281}, "hero_healing_per_min": {"raw": 0, "pct": 0.9417304296645085}, "tower_damage": {"raw": 873, "pct": 0.3902295467922307}}}, {"player_slot": 3, "team_number": 0, "team_slot": 3, "hero_id": 136, "hero_variant": 4, "item_0": 50, "item_1": 1128, "item_2": 36, "item_3": 261, "item_4": 73, "item_5": 77, "backpack_0": 4204, "backpack_1": 11, "backpack_2": 0, "item_neutral": 828, "item_neutral2": 1583, "kills": 1, "deaths": 8, "assists": 7, "leaver_status": 0, "last_hits": 15, "denies": 6, "gold_per_min": 189, "xp_per_min": 303, "level": 13, "net_worth": 5279, "aghanims_scepter": 0, "aghanims_shard": 0, "moonshard": 0, "hero_damage": 6787, "tower_damage": 204, "hero_healing": 199, "gold": 269, "gold_spent": 6105, "ability_upgrades_arr": [8192, 8235, 8235, 1427, 8235, 8198, 8235, 1427, 1427, 1573, 1427, 8198, 8192], "is_subscriber": false, "radiant_win": false, "start_time": 1757206110, "duration": 1980, "cluster": 241, "lobby_type": 0, "game_mode": 22, "is_contributor": false, "patch": 58, "region": 14, "isRadiant": true, "win": 0, "lose": 1, "total_gold": 6237, "total_xp": 9999, "kills_per_min": 0.030303030303030304, "kda": 0.89, "abandons": 0, "benchmarks": {"gold_per_min": {"raw": 189, "pct": 0.01700251889168766}, "xp_per_min": {"raw": 303, "pct": 0.0787153652392947}, "kills_per_min": {"raw": 0.030303030303030304, "pct": 0.04785894206549118}, "last_hits_per_min": {"raw": 0.4545454545454546, "pct": 0.0163727959697733}, "hero_damage_per_min": {"raw": 205.66666666666666, "pct": 0.09445843828715365}, "hero_healing_per_min": {"raw": 6.03030303030303, "pct": 0.570528967254408}, "tower_damage": {"raw": 204, "pct": 0.23929471032745592}}}, {"account_id": 188372570, "player_slot": 4, "team_number": 0, "team_slot": 4, "hero_id": 101, "hero_variant": 2, "item_0": 34, "item_1": 180, "item_2": 259, "item_3": 23, "item_4": 77, "item_5": 43, "backpack_0": 0, "backpack_1": 0, "backpack_2": 0, "item_neutral": 1604, "item_neutral2": 1583, "kills": 5, "deaths": 10, "assists": 11, "leaver_status": 0, "last_hits": 6, "denies": 3, "gold_per_min": 214, "xp_per_min": 289, "level": 13, "net_worth": 6135, "aghanims_scepter": 0, "aghanims_shard": 0, "moonshard": 0, "hero_damage": 18076, "tower_damage": 89, "hero_healing": 0, "gold": 780, "gold_spent": 6285, "ability_upgrades_arr": [5582, 5581, 5581, 5582, 5583, 5584, 5581, 5581, 5582, 5582, 411, 5584, 5583], "personaname": "BProphet", "name": null, "last_login": null, "rank_tier": 31, "computed_mmr": 3979.69, "is_subscriber": false, "radiant_win": false, "start_time": 1757206110, "duration": 1980, "cluster": 241, "lobby_type": 0, "game_mode": 22, "is_contributor": false, "patch": 58, "region": 14, "isRadiant": true, "win": 0, "lose": 1, "total_gold": 7062, "total_xp": 9537, "kills_per_min": 0.15151515151515152, "kda": 1.45, "abandons": 0, "benchmarks": {"gold_per_min": {"raw": 214, "pct": 0.03244078269824923}, "xp_per_min": {"raw": 289, "pct": 0.047631307929969106}, "kills_per_min": {"raw": 0.15151515151515152, "pct": 0.3694644696189495}, "last_hits_per_min": {"raw": 0.18181818181818182, "pct": 0.006179196704428424}, "hero_damage_per_min": {"raw": 547.7575757575758, "pct": 0.37950566426364574}, "hero_healing_per_min": {"raw": 0, "pct": 0.7868177136972193}, "tower_damage": {"raw": 89, "pct": 0.30020597322348097}}}, {"account_id": 45421382, "player_slot": 128, "team_number": 1, "team_slot": 0, "hero_id": 104,