{"players": [{"player_slot": 0, "team_number": 0, "team_slot": 0, "hero_id": 101, "hero_variant": 2, "item_0": 48, "item_1": 77, "item_2": 206, "item_3": 37, "item_4": 41, "item_5": 100, "backpack_0": 0, "backpack_1": 77, "backpack_2": 0, "item_neutral": 1602, "item_neutral2": 1595, "kills": 5, "deaths": 15, "assists": 29, "leaver_status": 0, "last_hits": 123, "denies": 5, "gold_per_min": 414, "xp_per_min": 652, "level": 24, "net_worth": 15346, "aghanims_scepter": 0, "aghanims_shard": 1, "moonshard": 0, "hero_damage": 33101, "tower_damage": 1749, "hero_healing": 0, "gold": 3311, "gold_spent": 13080, "ability_upgrades_arr": [5582, 5581, 5581, 5582, 5581, 5584, 5583, 5581, 5582, 5582, 7132, 5584, 5583, 5583, 5583, 6181, 5584, 6885], "is_subscriber": false, "radiant_win": false, "start_time": 1756070616, "duration": 2930, "cluster": 241, "lobby_type": 7, "game_mode": 22, "is_contributor": false, "patch": 58, "region": 14, "isRadiant": true, "win": 0, "lose": 1, "total_gold": 20217, "total_xp": 31839, "kills_per_min": 0.10238907849829351, "kda": 2.13, "abandons": 0, "benchmarks": {"gold_per_min": {"raw": 414, "pct": 0.6919711785898096}, "xp_per_min": {"raw": 652, "pct": 0.6124549665465775}, "kills_per_min": {"raw": 0.10238907849829351, "pct": 0.2002058672156459}, "last_hits_per_min": {"raw": 2.5187713310580206, "pct": 0.7228512609366958}, "hero_damage_per_min": {"raw": 677.8361774744028, "pct": 0.620174987133299}, "hero_healing_per_min": {"raw": 0, "pct": 0.7614513638703037}, "tower_damage": {"raw": 1749, "pct": 0.9078744209984559}}}, {"player_slot": 1, "team_number": 0, "team_slot": 1, "hero_id": 102, "hero_variant": 3, "item_0": 208, "item_1": 81, "item_2": 137, "item_3": 50, "item_4": 939, "item_5": 147, "backpack_0": 0, "backpack_1": 0, "backpack_2": 0, "item_neutral": 1603, "item_neutral2": 1584, "kills": 16, "deaths": 10, "assists": 20, "leaver_status": 0, "last_hits": 267, "denies": 9, "gold_per_min": 612, "xp_per_min": 937, "level": 27, "net_worth": 26419, "aghanims_scepter": 0, "aghanims_shard": 1, "moonshard": 0, "hero_damage": 56358, "tower_damage": 7695, "hero_healing": 4462, "gold": 1019, "gold_spent": 27120, "ability_upgrades_arr": [5586, 5587, 5586, 5587, 5586, 5588, 5586, 5587, 5587, 1165, 5585, 5588, 5585, 5585, 7340, 5585, 5588, 8251, 6602, 972], "is_subscriber": false, "radiant_win": false, "start_time": 1756070616, "duration": 2930, "cluster": 241, "lobby_type": 7, "game_mode": 22, "is_contributor": false, "patch": 58, "region": 14, "isRadiant": true, "win": 0, "lose": 1, "total_gold": 29886, "total_xp": 45756, "kills_per_min": 0.32764505119453924, "kda": 3.27, "abandons": 0, "benchmarks": {"gold_per_min": {"raw": 612, "pct": 0.9297297297297298}, "xp_per_min": {"raw": 937, "pct": 0.9117117117117117}, "kills_per_min": {"raw": 0.32764505119453924, "pct": 0.9324324324324325}, "last_hits_per_min": {"raw": 5.467576791808874, "pct": 0.7963963963963964}, "hero_damage_per_min": {"raw": 1154.0887372013651, "pct": 0.9684684684684685}, "hero_healing_per_min": {"raw": 91.37201365187713, "pct": 0.5648648648648649}, "tower_damage": {"raw": 7695, "pct": 0.9171171171171171}}}, {"player_slot": 2, "team_number": 0, "team_slot": 2, "hero_id": 88, "hero_variant": 2, "item_0": 202, "item_1": 37, "item_2": 36, "item_3": 190, "item_4": 180, "item_5": 100, "backpack_0": 0, "backpack_1": 0, "backpack_2": 0, "item_neutral": 565, "item_neutral2": 1595, "kills": 14, "deaths": 17, "assists": 21, "leaver_status": 0, "last_hits": 28, "denies": 1, "gold_per_min": 369, "xp_per_min": 628, "level": 23, "net_worth": 13859, "aghanims_scepter": 0, "aghanims_shard": 0, "moonshard": 0, "hero_damage": 38563, "tower_damage": 217, "hero_healing": 0, "gold": 934, "gold_spent": 13305, "ability_upgrades_arr": [5462, 5464, 5462, 1104, 5462, 5465, 1104, 1104, 5464, 5462, 1104, 5465, 5464, 5464, 402, 1171, 5465, 891], "is_subscriber": false, "radiant_win": false, "start_time": 1756070616, "duration": 2930, "cluster": 241, "lobby_type": 7, "game_mode": 22, "is_contributor": false, "patch": 58, "region": 14, "isRadiant": true, "win": 0, "lose": 1, "total_gold": 18019, "total_xp": 30667, "kills_per_min": 0.28668941979522183, "kda": 1.94, "abandons": 0, "benchmarks": {"gold_per_min": {"raw": 369, "pct": 0.49183303085299457}, "xp_per_min": {"raw": 628, "pct": 0.48366606170598914}, "kills_per_min": {"raw": 0.28668941979522183, "pct": 0.7572595281306715}, "last_hits_per_min": {"raw": 0.5733788395904437, "pct": 0.052177858439201454}, "hero_damage_per_min": {"raw": 789.6860068259385, "pct": 0.8012704174228675}, "hero_healing_per_min": {"raw": 0, "pct": 0.7713248638838476}, "tower_damage": {"raw": 217, "pct": 0.4782214156079855}}}, {"account_id": 45421382, "player_slot": 3, "team_number": 0, "team_slot": 3, "hero_id": 44, "hero_variant": 3, "item_0": 911, "item_1": 168, "item_2": 116, "item_3": 208, "item_4": 63, "item_5": 26, "backpack_0": 0, "backpack_1": 0, "backpack_2": 0, "item_neutral": 828, "item_neutral2": 1585, "kills": 12, "deaths": 11, "assists": 16, "leaver_status": 0, "last_hits": 270, "denies": 18, "gold_per_min": 579, "xp_per_min": 791, "level": 26, "net_worth": 22160, "aghanims_scepter": 0, "aghanims_shard": 0, "moonshard": 0, "hero_damage": 41875, "tower_damage": 2688, "hero_healing": 0, "gold": 1310, "gold_spent": 22355, "ability_upgrades_arr": [5190, 5191, 5190, 5191, 1287, 5193, 5190, 1287, 5190, 5191, 5191, 5193, 483, 1287, 491, 1287, 5193, 1074, 6192], "personaname": "La Chaucha", "name": null, "last_login": "2026-03-03T14:36:01.200Z", "rank_tier": 42, "computed_mmr": 4031.51, "is_subscriber": false, "radiant_win": false, "start_time": 1756070616, "duration": 2930, "cluster": 241, "lobby_type": 7, "game_mode": 22, "is_contributor": false, "patch": 58, "region": 14, "isRadiant": true, "win": 0, "lose": 1, "total_gold": 28274, "total_xp": 38627, "kills_per_min": 0.24573378839590443, "kda": 2.33, "abandons": 0, "benchmarks": {"gold_per_min": {"raw": 579, "pct": 0.5469361147327249}, "xp_per_min": {"raw": 791, "pct": 0.49054758800521514}, "kills_per_min": {"raw": 0.24573378839590443, "pct": 0.53748370273794}, "last_hits_per_min": {"raw": 5.5290102389078495, "pct": 0.28683181225554105}, "hero_damage_per_min": {"raw": 857.5085324232082, "pct": 0.7513037809647979}, "hero_healing_per_min": {"raw": 0, "pct": 0.9628422425032594}, "tower_damage": {"raw": 2688, "pct": 0.5563885267275098}}}, {"account_id": 65137360, "player_slot": 4, "team_number": 0, "team_slot": 4, "hero_id": 123, "hero_variant": 1, "item_0": 36, "item_1": 218, "item_2": 180, "item_3": 100, "item_4": 1466, "item_5": 267, "backpack_0": 0, "backpack_1": 0, "backpack_2": 0, "item_neutral": 1599, "item_neutral2": 1595, "kills": 6, "deaths": 10, "assists": 27, "leaver_status": 0, "last_hits": 77, "denies": 2, "gold_per_min": 379, "xp_per_min": 673, "level": 24, "net_worth": 15143, "aghanims_scepter": 0, "aghanims_shard": 0, "moonshard": 0, "hero_damage": 20578, "tower_damage": 480, "hero_healing": 1162, "gold": 3268, "gold_spent": 13395, "ability_upgrades_arr": [8429, 8158, 8158, 9501, 8429, 8106, 8158, 8429, 8429, 8158, 7132, 9501, 8106, 9501, 9513, 9501, 8106, 7383], "personaname": "PatoDeGoma", "name": null, "last_login": "2021-02-10T20:32:57.535Z", "rank_tier": 45, "computed_mmr": null, "is_subscriber": false, "radiant_win": false, "start_time": 1756070616, "duration": 2930, "cluster": 241, "lobby_type": 7, "game_mode": 22, "is_contributor": false, "patch": 58, "region": 14, "isRadiant": true, "win": 0, "lose": 1, "total_gold": 18507, "total_xp": 32864, "kills_per_min": 0.12286689419795221, "kda": 3, "abandons": 0, "benchmarks": {"gold_per_min": {"raw": 379, "pct": 0.5022238695329874}, "xp_per_min": {"raw": 673, "pct": 0.6508524833209784}, "kills_per_min": {"raw": 0.12286689419795221, "pct": 0.41697553743513716}, "last_hits_per_min": {"raw": 1.57679180887372, "pct": 0.2490733876945886}, "hero_damage_per_min": {"raw": 421.39249146757675, "pct": 0.34655300222386953},