{"players": [{"player_slot": 0, "team_number": 0, "team_slot": 0, "hero_id": 86, "hero_variant": 1, "item_0": 1, "item_1": 180, "item_2": 0, "item_3": 4206, "item_4": 108, "item_5": 1107, "backpack_0": 0, "backpack_1": 244, "backpack_2": 0, "item_neutral": 1601, "item_neutral2": 1594, "kills": 3, "deaths": 12, "assists": 11, "leaver_status": 0, "last_hits": 127, "denies": 8, "gold_per_min": 339, "xp_per_min": 460, "level": 18, "net_worth": 13018, "aghanims_scepter": 0, "aghanims_shard": 1, "moonshard": 0, "hero_damage": 20844, "tower_damage": 575, "hero_healing": 0, "gold": 943, "gold_spent": 12665, "ability_upgrades_arr": [5450, 5448, 5450, 7320, 5450, 5452, 5450, 7320, 7320, 7320, 897, 5448, 5452, 5448, 5448, 518, 5452], "is_subscriber": false, "radiant_win": false, "start_time": 1767251981, "duration": 2510, "cluster": 182, "lobby_type": 7, "game_mode": 22, "is_contributor": false, "patch": 59, "region": 8, "isRadiant": true, "win": 0, "lose": 1, "total_gold": 14181, "total_xp": 19243, "kills_per_min": 0.07171314741035856, "kda": 1.08, "abandons": 0, "benchmarks": {"gold_per_min": {"raw": 339, "pct": 0.2765159408210044}, "xp_per_min": {"raw": 460, "pct": 0.21796207543238175}, "kills_per_min": {"raw": 0.07171314741035856, "pct": 0.2219212335903313}, "last_hits_per_min": {"raw": 3.0358565737051793, "pct": 0.5761617003542404}, "hero_damage_per_min": {"raw": 498.26294820717135, "pct": 0.40529276932694314}, "hero_healing_per_min": {"raw": 0, "pct": 0.5059387372369244}, "tower_damage": {"raw": 575, "pct": 0.49989581162742236}}}, {"account_id": 116247092, "player_slot": 1, "team_number": 0, "team_slot": 1, "hero_id": 40, "hero_variant": 2, "item_0": 242, "item_1": 90, "item_2": 267, "item_3": 180, "item_4": 42, "item_5": 36, "backpack_0": 0, "backpack_1": 0, "backpack_2": 0, "item_neutral": 1168, "item_neutral2": 1583, "kills": 6, "deaths": 10, "assists": 9, "leaver_status": 0, "last_hits": 132, "denies": 9, "gold_per_min": 359, "xp_per_min": 475, "level": 19, "net_worth": 13055, "aghanims_scepter": 0, "aghanims_shard": 0, "moonshard": 0, "hero_damage": 29707, "tower_damage": 391, "hero_healing": 1177, "gold": 920, "gold_spent": 13510, "ability_upgrades_arr": [5178, 5179, 5180, 5180, 5180, 1105, 5180, 5179, 5179, 5179, 6979, 5178, 1105, 5178, 5178, 811, 1105], "personaname": "12voxan", "name": null, "last_login": null, "rank_tier": 42, "computed_mmr": 4202.53, "is_subscriber": false, "radiant_win": false, "start_time": 1767251981, "duration": 2510, "cluster": 182, "lobby_type": 7, "game_mode": 22, "is_contributor": false, "patch": 59, "region": 8, "isRadiant": true, "win": 0, "lose": 1, "total_gold": 15018, "total_xp": 19870, "kills_per_min": 0.14342629482071712, "kda": 1.36, "abandons": 0, "benchmarks": {"gold_per_min": {"raw": 359, "pct": 0.2694957288509231}, "xp_per_min": {"raw": 475, "pct": 0.29016257922292643}, "kills_per_min": {"raw": 0.14342629482071712, "pct": 0.5891430146045743}, "last_hits_per_min": {"raw": 3.155378486055777, "pct": 0.4888399007991182}, "hero_damage_per_min": {"raw": 710.1274900398406, "pct": 0.5194268393496831}, "hero_healing_per_min": {"raw": 28.135458167330675, "pct": 0.5847340865252135}, "tower_damage": {"raw": 391, "pct": 0.29402039129236707}}}, {"player_slot": 2, "team_number": 0, "team_slot": 2, "hero_id": 21, "hero_variant": 4, "item_0": 158, "item_1": 63, "item_2": 116, "item_3": 135, "item_4": 0, "item_5": 60, "backpack_0": 0, "backpack_1": 0, "backpack_2": 0, "item_neutral": 1605, "item_neutral2": 1584, "kills": 5, "deaths": 7, "assists": 7, "leaver_status": 0, "last_hits": 243, "denies": 34, "gold_per_min": 460, "xp_per_min": 534, "level": 20, "net_worth": 17852, "aghanims_scepter": 0, "aghanims_shard": 0, "moonshard": 0, "hero_damage": 20337, "tower_damage": 1320, "hero_healing": 0, "gold": 902, "gold_spent": 18810, "ability_upgrades_arr": [5130, 5132, 5130, 5132, 5130, 5133, 5130, 5132, 5132, 5920, 5131, 5131, 5133, 5131, 5131, 6992, 5133, 7889], "is_subscriber": false, "radiant_win": false, "start_time": 1767251981, "duration": 2510, "cluster": 182, "lobby_type": 7, "game_mode": 22, "is_contributor": false, "patch": 59, "region": 8, "isRadiant": true, "win": 0, "lose": 1, "total_gold": 19243, "total_xp": 22339, "kills_per_min": 0.1195219123505976, "kda": 1.5, "abandons": 0, "benchmarks": {"gold_per_min": {"raw": 460, "pct": 0.5024317246539469}, "xp_per_min": {"raw": 534, "pct": 0.25982042648709314}, "kills_per_min": {"raw": 0.11952191235059761, "pct": 0.17770295548073325}, "last_hits_per_min": {"raw": 5.808764940239044, "pct": 0.7579498690609802}, "hero_damage_per_min": {"raw": 486.1434262948207, "pct": 0.365132809577254}, "hero_healing_per_min": {"raw": 0, "pct": 0.8439955106621774}, "tower_damage": {"raw": 1320, "pct": 0.39150766928544706}}}, {"player_slot": 3, "team_number": 0, "team_slot": 3, "hero_id": 42, "hero_variant": 2, "item_0": 152, "item_1": 40, "item_2": 108, "item_3": 29, "item_4": 135, "item_5": 168, "backpack_0": 8, "backpack_1": 0, "backpack_2": 0, "item_neutral": 1605, "item_neutral2": 1597, "kills": 10, "deaths": 7, "assists": 2, "leaver_status": 0, "last_hits": 182, "denies": 9, "gold_per_min": 480, "xp_per_min": 827, "level": 25, "net_worth": 18696, "aghanims_scepter": 0, "aghanims_shard": 0, "moonshard": 0, "hero_damage": 18351, "tower_damage": 255, "hero_healing": 0, "gold": 866, "gold_spent": 18845, "ability_upgrades_arr": [5088, 5086, 1282, 5088, 5088, 5089, 5088, 1282, 1282, 1282, 1545, 5086, 5089, 5086, 5086, 809, 5089, 6020, 6566], "is_subscriber": false, "radiant_win": false, "start_time": 1767251981, "duration": 2510, "cluster": 182, "lobby_type": 7, "game_mode": 22, "is_contributor": false, "patch": 59, "region": 8, "isRadiant": true, "win": 0, "lose": 1, "total_gold": 20080, "total_xp": 34596, "kills_per_min": 0.2390438247011952, "kda": 1.5, "abandons": 0, "benchmarks": {"gold_per_min": {"raw": 480, "pct": 0.3561969439728353}, "xp_per_min": {"raw": 827, "pct": 0.6108658743633276}, "kills_per_min": {"raw": 0.23904382470119523, "pct": 0.667572156196944}, "last_hits_per_min": {"raw": 4.350597609561753, "pct": 0.21731748726655348}, "hero_damage_per_min": {"raw": 438.66932270916334, "pct": 0.20543293718166383}, "hero_healing_per_min": {"raw": 0, "pct": 0.9507640067911715}, "tower_damage": {"raw": 255, "pct": 0.1398981324278438}}}, {"account_id": 969789877, "player_slot": 4, "team_number": 0, "team_slot": 4, "hero_id": 82, "hero_variant": 1, "item_0": 174, "item_1": 236, "item_2": 108, "item_3": 1, "item_4": 73, "item_5": 63, "backpack_0": 0, "backpack_1": 0, "backpack_2": 0, "item_neutral": 1168, "item_neutral2": 1584, "kills": 4, "deaths": 6, "assists": 2, "leaver_status": 0, "last_hits": 325, "denies": 3, "gold_per_min": 470, "xp_per_min": 635, "level": 22, "net_worth": 17449, "aghanims_scepter": 0, "aghanims_shard": 1, "moonshard": 0, "hero_damage": 10093, "tower_damage": 1861, "hero_healing": 0, "gold": 3194, "gold_spent": 16705, "additional_units": [{"unitname": "", "item_0": 174, "item_1": 236, "item_2": 108, "item_3": 1, "item_4": 73, "item_5": 63, "backpack_0": 0, "backpack_1": 0, "backpack_2": 0, "item_neutral": 0, "item_neutral2": 0}], "ability_upgrades_arr": [7318, 5431, 5433, 5430, 5431, 5431, 5431, 7318, 7318, 5433, 6689, 7318, 5430, 5430, 5430, 7027, 730, 5433, 7102, 730, 730, 730], "personaname": "https:/bastard.komm", "name": null, "last_login": null, "rank_tier": 44, "computed_mmr": 3898.85, "is_subscriber": false, "radiant_win": false, "start_time": 1767251981, "duration": 2510, "cluster": 182, "lobby_type": 7, "game_mode": 22, "is_contributor": false, "patch": 59, "region": 8, "isRadiant": true, "win": 0, "lose": 1, "total_gold": 19661, "total_xp": 26564, "kills_per_min": 0.09561752988047809, "kda": 0.86, "abandons": 0, "benchmarks": {"gold_per_min": {"raw": 470, "pct": 0.31412103746397696}, "xp_per_min": {"raw": 635, "pct": 0.29394812680115273}, "kills_per_min": {"raw": 0.09561752988047809, "pct": 0.2017291066282421},