{"players": [{"account_id": 150977635, "player_slot": 0, "team_number": 0, "team_slot": 0, "hero_id": 104, "hero_variant": 1, "item_0": 50, "item_1": 0, "item_2": 156, "item_3": 36, "item_4": 73, "item_5": 1, "backpack_0": 11, "backpack_1": 0, "backpack_2": 0, "item_neutral": 1599, "item_neutral2": 1583, "kills": 7, "deaths": 5, "assists": 11, "leaver_status": 0, "last_hits": 103, "denies": 15, "gold_per_min": 445, "xp_per_min": 452, "level": 14, "net_worth": 11765, "aghanims_scepter": 0, "aghanims_shard": 1, "moonshard": 0, "hero_damage": 13277, "tower_damage": 2387, "hero_healing": 1008, "gold": 410, "gold_spent": 11660, "ability_upgrades_arr": [5597, 5595, 5595, 5597, 5595, 5598, 5595, 5596, 5597, 5596, 5596, 5596, 5598, 1113], "personaname": "one piece", "name": null, "last_login": null, "rank_tier": 33, "computed_mmr": 3977.77, "is_subscriber": false, "radiant_win": true, "start_time": 1754013021, "duration": 1642, "cluster": 241, "lobby_type": 0, "game_mode": 22, "is_contributor": false, "patch": 58, "region": 14, "isRadiant": true, "win": 1, "lose": 0, "total_gold": 12178, "total_xp": 12369, "kills_per_min": 0.2557856272838002, "kda": 3, "abandons": 0, "benchmarks": {"gold_per_min": {"raw": 445, "pct": 0.34501729016032695}, "xp_per_min": {"raw": 452, "pct": 0.11725872367180132}, "kills_per_min": {"raw": 0.2557856272838003, "pct": 0.5866079849104056}, "last_hits_per_min": {"raw": 3.7637028014616325, "pct": 0.2452059100911663}, "hero_damage_per_min": {"raw": 485.1522533495737, "pct": 0.1994655768626218}, "hero_healing_per_min": {"raw": 36.833130328867234, "pct": 0.5284501729016032}, "tower_damage": {"raw": 2387, "pct": 0.522948758252122}}}, {"account_id": 45421382, "player_slot": 1, "team_number": 0, "team_slot": 1, "hero_id": 8, "hero_variant": 2, "item_0": 0, "item_1": 36, "item_2": 1097, "item_3": 50, "item_4": 26, "item_5": 154, "backpack_0": 0, "backpack_1": 0, "backpack_2": 0, "item_neutral": 1606, "item_neutral2": 1584, "kills": 11, "deaths": 3, "assists": 11, "leaver_status": 0, "last_hits": 131, "denies": 8, "gold_per_min": 524, "xp_per_min": 602, "level": 17, "net_worth": 13860, "aghanims_scepter": 0, "aghanims_shard": 0, "moonshard": 0, "hero_damage": 14711, "tower_damage": 4443, "hero_healing": 2396, "gold": 710, "gold_spent": 14110, "ability_upgrades_arr": [5028, 5029, 5028, 5029, 5028, 5030, 5027, 5029, 5028, 5027, 5027, 5030, 5027, 628, 5029, 1192], "personaname": "La Chaucha", "name": null, "last_login": "2026-03-03T14:36:01.200Z", "rank_tier": 42, "computed_mmr": 4031.51, "is_subscriber": false, "radiant_win": true, "start_time": 1754013021, "duration": 1642, "cluster": 241, "lobby_type": 0, "game_mode": 22, "is_contributor": false, "patch": 58, "region": 14, "isRadiant": true, "win": 1, "lose": 0, "total_gold": 14340, "total_xp": 16474, "kills_per_min": 0.40194884287454324, "kda": 5.5, "abandons": 0, "benchmarks": {"gold_per_min": {"raw": 524, "pct": 0.36614509246088195}, "xp_per_min": {"raw": 602, "pct": 0.23357041251778093}, "kills_per_min": {"raw": 0.40194884287454324, "pct": 0.9155049786628734}, "last_hits_per_min": {"raw": 4.786845310596833, "pct": 0.11692745376955903}, "hero_damage_per_min": {"raw": 537.5517661388551, "pct": 0.42304409672830723}, "hero_healing_per_min": {"raw": 87.55176613885506, "pct": 0.3957325746799431}, "tower_damage": {"raw": 4443, "pct": 0.5186344238975817}}}, {"account_id": 65137360, "player_slot": 2, "team_number": 0, "team_slot": 2, "hero_id": 68, "hero_variant": 2, "item_0": 108, "item_1": 1575, "item_2": 218, "item_3": 180, "item_4": 206, "item_5": 0, "backpack_0": 16, "backpack_1": 38, "backpack_2": 0, "item_neutral": 1599, "item_neutral2": 1593, "kills": 6, "deaths": 1, "assists": 19, "leaver_status": 0, "last_hits": 33, "denies": 6, "gold_per_min": 362, "xp_per_min": 496, "level": 15, "net_worth": 9233, "aghanims_scepter": 0, "aghanims_shard": 0, "moonshard": 0, "hero_damage": 10656, "tower_damage": 731, "hero_healing": 0, "gold": 583, "gold_spent": 9830, "ability_upgrades_arr": [5347, 5346, 5347, 5345, 5347, 5348, 5346, 5347, 5346, 5346, 5345, 5348, 7652, 5345], "personaname": "PatoDeGoma", "name": null, "last_login": "2021-02-10T20:32:57.535Z", "rank_tier": 45, "computed_mmr": null, "is_subscriber": false, "radiant_win": true, "start_time": 1754013021, "duration": 1642, "cluster": 241, "lobby_type": 0, "game_mode": 22, "is_contributor": false, "patch": 58, "region": 14, "isRadiant": true, "win": 1, "lose": 0, "total_gold": 9906, "total_xp": 13573, "kills_per_min": 0.21924482338611448, "kda": 12.5, "abandons": 0, "benchmarks": {"gold_per_min": {"raw": 362, "pct": 0.5744322960470984}, "xp_per_min": {"raw": 496, "pct": 0.404121110176619}, "kills_per_min": {"raw": 0.21924482338611448, "pct": 0.8713204373423045}, "last_hits_per_min": {"raw": 1.2058465286236297, "pct": 0.39781328847771236}, "hero_damage_per_min": {"raw": 389.3788063337393, "pct": 0.4634146341463415}, "hero_healing_per_min": {"raw": 0, "pct": 0.6665264928511354}, "tower_damage": {"raw": 731, "pct": 0.7081581160639192}}}, {"account_id": 37467834, "player_slot": 3, "team_number": 0, "team_slot": 3, "hero_id": 48, "hero_variant": 3, "item_0": 172, "item_1": 147, "item_2": 263, "item_3": 63, "item_4": 36, "item_5": 0, "backpack_0": 0, "backpack_1": 0, "backpack_2": 0, "item_neutral": 359, "item_neutral2": 1586, "kills": 12, "deaths": 3, "assists": 9, "leaver_status": 0, "last_hits": 177, "denies": 8, "gold_per_min": 638, "xp_per_min": 679, "level": 18, "net_worth": 17226, "aghanims_scepter": 0, "aghanims_shard": 0, "moonshard": 0, "hero_damage": 21666, "tower_damage": 17891, "hero_healing": 0, "gold": 4076, "gold_spent": 13530, "ability_upgrades_arr": [5222, 5223, 5222, 5223, 5222, 5225, 5222, 5223, 5223, 847, 1462, 5225, 1462, 1462, 1462, 770, 5225], "personaname": "ExtremoDiaz", "name": null, "last_login": null, "rank_tier": 22, "computed_mmr": 3968.35, "is_subscriber": false, "radiant_win": true, "start_time": 1754013021, "duration": 1642, "cluster": 241, "lobby_type": 0, "game_mode": 22, "is_contributor": false, "patch": 58, "region": 14, "isRadiant": true, "win": 1, "lose": 0, "total_gold": 17459, "total_xp": 18581, "kills_per_min": 0.43848964677222896, "kda": 5.25, "abandons": 0, "benchmarks": {"gold_per_min": {"raw": 638, "pct": 0.48465002046663935}, "xp_per_min": {"raw": 679, "pct": 0.25051166598444535}, "kills_per_min": {"raw": 0.43848964677222896, "pct": 0.937781416291445}, "last_hits_per_min": {"raw": 6.467722289890378, "pct": 0.16537044617273844}, "hero_damage_per_min": {"raw": 791.6930572472594, "pct": 0.6115431846090872}, "hero_healing_per_min": {"raw": 0, "pct": 0.9594760540319279}, "tower_damage": {"raw": 17891, "pct": 0.8084322554236595}}}, {"account_id": 115132074, "player_slot": 4, "team_number": 0, "team_slot": 4, "hero_id": 75, "hero_variant": 3, "item_0": 77, "item_1": 1806, "item_2": 0, "item_3": 36, "item_4": 63, "item_5": 77, "backpack_0": 0, "backpack_1": 0, "backpack_2": 0, "item_neutral": 1638, "item_neutral2": 1586, "kills": 8, "deaths": 4, "assists": 20, "leaver_status": 0, "last_hits": 49, "denies": 9, "gold_per_min": 410, "xp_per_min": 537, "level": 16, "net_worth": 10932, "aghanims_scepter": 0, "aghanims_shard": 1, "moonshard": 0, "hero_damage": 19502, "tower_damage": 1190, "hero_healing": 0, "gold": 597, "gold_spent": 10805, "ability_upgrades_arr": [5378, 5377, 5378, 5379, 5378, 5380, 5378, 5379, 5379, 5379, 5377, 5380, 5378, 5377, 5377], "personaname": "Durotan", "name": null, "last_login": null, "rank_tier": 41, "computed_mmr": 3905.19, "is_subscriber": false, "radiant_win": true, "start_time": 1754013021, "duration": 1642, "cluster": 241, "lobby_type": 0, "game_mode": 22, "is_contributor": false, "patch": 58, "region": 14, "isRadiant": true, "win": 1, "lose": 0, "total_gold": 11220, "total_xp": 14695, "kills_per_min": 0.292326431181486, "kda": 5.6, "abandons": 0, "benchmarks": {"gold_per_min": {"raw": 410, "pct": 0.6583688175565018}, "xp_per_min": {"raw": 537, "pct": 0.4500491320013102},