{"players": [{"player_slot": 0, "team_number": 0, "team_slot": 0, "hero_id": 6, "hero_variant": 1, "item_0": 147, "item_1": 249, "item_2": 263, "item_3": 75, "item_4": 108, "item_5": 48, "backpack_0": 0, "backpack_1": 0, "backpack_2": 0, "item_neutral": 71, "item_neutral2": 1584, "kills": 3, "deaths": 7, "assists": 10, "leaver_status": 0, "last_hits": 407, "denies": 32, "gold_per_min": 638, "xp_per_min": 906, "level": 26, "net_worth": 27484, "aghanims_scepter": 0, "aghanims_shard": 0, "moonshard": 0, "hero_damage": 19475, "tower_damage": 9878, "hero_healing": 0, "gold": 5079, "gold_spent": 24435, "ability_upgrades_arr": [5019, 343, 5019, 5632, 5019, 5022, 5019, 343, 343, 580, 343, 5022, 5632, 5632, 6027, 5632, 5022, 1088, 6280], "is_subscriber": false, "radiant_win": true, "start_time": 1764456034, "duration": 2849, "cluster": 241, "lobby_type": 7, "game_mode": 22, "is_contributor": false, "patch": 58, "region": 14, "isRadiant": true, "win": 1, "lose": 0, "total_gold": 30294, "total_xp": 43019, "kills_per_min": 0.06318006318006318, "kda": 1.63, "abandons": 0, "benchmarks": {"gold_per_min": {"raw": 638, "pct": 0.6818540953384251}, "xp_per_min": {"raw": 906, "pct": 0.7250460890176456}, "kills_per_min": {"raw": 0.06318006318006318, "pct": 0.09876218066894916}, "last_hits_per_min": {"raw": 8.571428571428571, "pct": 0.7218856992362391}, "hero_damage_per_min": {"raw": 410.14391014391015, "pct": 0.2014748485646563}, "hero_healing_per_min": {"raw": 0, "pct": 0.9657624440347643}, "tower_damage": {"raw": 9878, "pct": 0.684487753489597}}}, {"player_slot": 1, "team_number": 0, "team_slot": 1, "hero_id": 54, "hero_variant": 4, "item_0": 137, "item_1": 143, "item_2": 50, "item_3": 147, "item_4": 249, "item_5": 21, "backpack_0": 22, "backpack_1": 244, "backpack_2": 23, "item_neutral": 1608, "item_neutral2": 1592, "kills": 12, "deaths": 4, "assists": 11, "leaver_status": 0, "last_hits": 285, "denies": 21, "gold_per_min": 610, "xp_per_min": 1037, "level": 27, "net_worth": 27836, "aghanims_scepter": 0, "aghanims_shard": 0, "moonshard": 0, "hero_damage": 39164, "tower_damage": 4570, "hero_healing": 2936, "gold": 3786, "gold_spent": 25590, "ability_upgrades_arr": [631, 5251, 631, 5249, 631, 5252, 631, 5249, 730, 6676, 5249, 5252, 5249, 5251, 499, 5251, 5251, 5252, 709, 6173, 5920], "is_subscriber": false, "radiant_win": true, "start_time": 1764456034, "duration": 2849, "cluster": 241, "lobby_type": 7, "game_mode": 22, "is_contributor": false, "patch": 58, "region": 14, "isRadiant": true, "win": 1, "lose": 0, "total_gold": 28964, "total_xp": 49240, "kills_per_min": 0.2527202527202527, "kda": 4.6, "abandons": 0, "benchmarks": {"gold_per_min": {"raw": 610, "pct": 0.4920506601994072}, "xp_per_min": {"raw": 1037, "pct": 0.7436001077876583}, "kills_per_min": {"raw": 0.2527202527202527, "pct": 0.5824575586095392}, "last_hits_per_min": {"raw": 6.002106002106002, "pct": 0.1915925626515764}, "hero_damage_per_min": {"raw": 824.7946647946649, "pct": 0.627728375101051}, "hero_healing_per_min": {"raw": 61.83222183222183, "pct": 0.7689302074912423}, "tower_damage": {"raw": 4570, "pct": 0.4171382376717866}}}, {"player_slot": 2, "team_number": 0, "team_slot": 2, "hero_id": 27, "hero_variant": 2, "item_0": 1, "item_1": 176, "item_2": 180, "item_3": 188, "item_4": 43, "item_5": 36, "backpack_0": 109, "backpack_1": 16, "backpack_2": 279, "item_neutral": 1606, "item_neutral2": 1585, "kills": 4, "deaths": 13, "assists": 20, "leaver_status": 0, "last_hits": 99, "denies": 1, "gold_per_min": 373, "xp_per_min": 635, "level": 23, "net_worth": 15200, "aghanims_scepter": 0, "aghanims_shard": 0, "moonshard": 0, "hero_damage": 21756, "tower_damage": 4405, "hero_healing": 0, "gold": 2025, "gold_spent": 14315, "ability_upgrades_arr": [5080, 5078, 5078, 5080, 5080, 5081, 5078, 5079, 5078, 5080, 5079, 5081, 5079, 5079, 793, 468, 5081, 6295], "is_subscriber": false, "radiant_win": true, "start_time": 1764456034, "duration": 2849, "cluster": 241, "lobby_type": 7, "game_mode": 22, "is_contributor": false, "patch": 58, "region": 14, "isRadiant": true, "win": 1, "lose": 0, "total_gold": 17711, "total_xp": 30151, "kills_per_min": 0.08424008424008424, "kda": 1.71, "abandons": 0, "benchmarks": {"gold_per_min": {"raw": 373, "pct": 0.5916219972205679}, "xp_per_min": {"raw": 635, "pct": 0.7395274965257097}, "kills_per_min": {"raw": 0.08424008424008424, "pct": 0.4274369664482827}, "last_hits_per_min": {"raw": 2.0849420849420848, "pct": 0.6325193567599762}, "hero_damage_per_min": {"raw": 458.1818181818182, "pct": 0.7246376811594203}, "hero_healing_per_min": {"raw": 0, "pct": 0.669446098868374}, "tower_damage": {"raw": 4405, "pct": 0.6708358149692277}}}, {"player_slot": 3, "team_number": 0, "team_slot": 3, "hero_id": 104, "hero_variant": 1, "item_0": 692, "item_1": 50, "item_2": 235, "item_3": 1, "item_4": 127, "item_5": 0, "backpack_0": 0, "backpack_1": 0, "backpack_2": 0, "item_neutral": 1605, "item_neutral2": 1577, "kills": 9, "deaths": 11, "assists": 8, "leaver_status": 0, "last_hits": 209, "denies": 14, "gold_per_min": 508, "xp_per_min": 886, "level": 26, "net_worth": 21318, "aghanims_scepter": 0, "aghanims_shard": 1, "moonshard": 0, "hero_damage": 23701, "tower_damage": 8990, "hero_healing": 3547, "gold": 5268, "gold_spent": 16870, "ability_upgrades_arr": [5595, 5596, 5595, 5597, 5595, 5598, 5595, 5597, 5597, 5596, 5597, 5596, 5598, 5596, 6671, 5598, 1113, 7395], "is_subscriber": false, "radiant_win": true, "start_time": 1764456034, "duration": 2849, "cluster": 241, "lobby_type": 7, "game_mode": 22, "is_contributor": false, "patch": 58, "region": 14, "isRadiant": true, "win": 1, "lose": 0, "total_gold": 24121, "total_xp": 42070, "kills_per_min": 0.18954018954018953, "kda": 1.42, "abandons": 0, "benchmarks": {"gold_per_min": {"raw": 508, "pct": 0.5638935108153078}, "xp_per_min": {"raw": 886, "pct": 0.7925124792013312}, "kills_per_min": {"raw": 0.18954018954018953, "pct": 0.4103161397670549}, "last_hits_per_min": {"raw": 4.401544401544402, "pct": 0.39933444259567386}, "hero_damage_per_min": {"raw": 499.1435591435591, "pct": 0.23194675540765392}, "hero_healing_per_min": {"raw": 74.6998946998947, "pct": 0.7519134775374376}, "tower_damage": {"raw": 8990, "pct": 0.8985024958402662}}}, {"player_slot": 4, "team_number": 0, "team_slot": 4, "hero_id": 14, "hero_variant": 1, "item_0": 1, "item_1": 116, "item_2": 242, "item_3": 114, "item_4": 108, "item_5": 63, "backpack_0": 0, "backpack_1": 188, "backpack_2": 4204, "item_neutral": 1642, "item_neutral2": 1585, "kills": 19, "deaths": 13, "assists": 10, "leaver_status": 0, "last_hits": 253, "denies": 10, "gold_per_min": 593, "xp_per_min": 870, "level": 26, "net_worth": 22573, "aghanims_scepter": 0, "aghanims_shard": 0, "moonshard": 0, "hero_damage": 34840, "tower_damage": 2893, "hero_healing": 0, "gold": 1698, "gold_spent": 22280, "ability_upgrades_arr": [5075, 5076, 5076, 5075, 5076, 5077, 5076, 5075, 5075, 5932, 5074, 5077, 5074, 5074, 5074, 507, 5077, 332, 6506], "is_subscriber": false, "radiant_win": true, "start_time": 1764456034, "duration": 2849, "cluster": 241, "lobby_type": 7, "game_mode": 22, "is_contributor": false, "patch": 58, "region": 14, "isRadiant": true, "win": 1, "lose": 0, "total_gold": 28157, "total_xp": 41310, "kills_per_min": 0.40014040014040014, "kda": 2.07, "abandons": 0, "benchmarks": {"gold_per_min": {"raw": 593, "pct": 0.9568549882556558}, "xp_per_min": {"raw": 870, "pct": 0.9134627271603412}, "kills_per_min": {"raw": 0.40014040014040014, "pct": 0.9322536778340957}, "last_hits_per_min": {"raw": 5.328185328185328, "pct": 0.9217455804178514}, "hero_damage_per_min": {"raw": 733.7311337311338, "pct": 0.8287798244529608}, "hero_healing_per_min": {"raw": 0, "pct": 0.7490419087649894}, "tower_damage": {"raw": 2893, "pct": 0.9315119297811844}}}, {"player_slot": 128, "team_number": 1, "team_slot": 0, "hero_id": 40, "hero_variant": 2, "item_0": 267, "item_1": 231, "item_2": 56, "item_3": 90, "item_4": 40, "item_5": 6, "backpack_0": 0, "backpack_1": 0,