{"players": [{"player_slot": 0, "team_number": 0, "team_slot": 0, "hero_id": 30, "hero_variant": 4, "item_0": 1, "item_1": 108, "item_2": 267, "item_3": 254, "item_4": 180, "item_5": 0, "backpack_0": 0, "backpack_1": 0, "backpack_2": 0, "item_neutral": 1599, "item_neutral2": 1594, "kills": 13, "deaths": 14, "assists": 23, "leaver_status": 0, "last_hits": 53, "denies": 2, "gold_per_min": 389, "xp_per_min": 543, "level": 21, "net_worth": 15211, "aghanims_scepter": 0, "aghanims_shard": 1, "moonshard": 0, "hero_damage": 35549, "tower_damage": 452, "hero_healing": 305, "gold": 1086, "gold_spent": 15030, "ability_upgrades_arr": [5138, 5140, 5140, 5138, 5140, 5141, 5140, 5138, 5138, 5959, 5139, 5141, 5139, 5139, 5139, 6524, 5141, 5998], "is_subscriber": false, "radiant_win": false, "start_time": 1751846370, "duration": 2728, "cluster": 241, "lobby_type": 0, "game_mode": 22, "is_contributor": false, "patch": 58, "region": 14, "isRadiant": true, "win": 0, "lose": 1, "total_gold": 17686, "total_xp": 24688, "kills_per_min": 0.2859237536656891, "kda": 2.4, "abandons": 0, "benchmarks": {"gold_per_min": {"raw": 389, "pct": 0.6173497518838449}, "xp_per_min": {"raw": 543, "pct": 0.4719720639588311}, "kills_per_min": {"raw": 0.2859237536656892, "pct": 0.8377136555780188}, "last_hits_per_min": {"raw": 1.1656891495601174, "pct": 0.530968571953685}, "hero_damage_per_min": {"raw": 781.8695014662757, "pct": 0.8548061018195184}, "hero_healing_per_min": {"raw": 6.7082111436950145, "pct": 0.0487042823010476}, "tower_damage": {"raw": 452, "pct": 0.5815107517000552}}}, {"account_id": 119873159, "player_slot": 1, "team_number": 0, "team_slot": 1, "hero_id": 18, "hero_variant": 2, "item_0": 1, "item_1": 112, "item_2": 156, "item_3": 141, "item_4": 135, "item_5": 63, "backpack_0": 0, "backpack_1": 34, "backpack_2": 0, "item_neutral": 840, "item_neutral2": 1589, "kills": 14, "deaths": 6, "assists": 9, "leaver_status": 0, "last_hits": 439, "denies": 3, "gold_per_min": 659, "xp_per_min": 999, "level": 27, "net_worth": 26063, "aghanims_scepter": 0, "aghanims_shard": 0, "moonshard": 0, "hero_damage": 29893, "tower_damage": 6416, "hero_healing": 0, "gold": 2138, "gold_spent": 27915, "ability_upgrades_arr": [5094, 5095, 5095, 5096, 5095, 5097, 5095, 5094, 5094, 6045, 5096, 5097, 5096, 5094, 763, 5096, 5097, 1188, 6910, 673], "personaname": "Insano", "name": null, "last_login": null, "rank_tier": 52, "computed_mmr": 4009.44, "is_subscriber": false, "radiant_win": false, "start_time": 1751846370, "duration": 2728, "cluster": 241, "lobby_type": 0, "game_mode": 22, "is_contributor": false, "patch": 58, "region": 14, "isRadiant": true, "win": 0, "lose": 1, "total_gold": 29962, "total_xp": 45421, "kills_per_min": 0.30791788856304986, "kda": 3.29, "abandons": 0, "benchmarks": {"gold_per_min": {"raw": 659, "pct": 0.639167862266858}, "xp_per_min": {"raw": 999, "pct": 0.7216642754662841}, "kills_per_min": {"raw": 0.30791788856304986, "pct": 0.712338593974175}, "last_hits_per_min": {"raw": 9.655425219941348, "pct": 0.6987087517934003}, "hero_damage_per_min": {"raw": 657.4706744868034, "pct": 0.5530846484935438}, "hero_healing_per_min": {"raw": 0, "pct": 0.9548063127690101}, "tower_damage": {"raw": 6416, "pct": 0.633428981348637}}}, {"player_slot": 2, "team_number": 0, "team_slot": 2, "hero_id": 39, "hero_variant": 2, "item_0": 40, "item_1": 250, "item_2": 63, "item_3": 232, "item_4": 273, "item_5": 123, "backpack_0": 0, "backpack_1": 0, "backpack_2": 0, "item_neutral": 1607, "item_neutral2": 1584, "kills": 4, "deaths": 7, "assists": 16, "leaver_status": 0, "last_hits": 268, "denies": 11, "gold_per_min": 486, "xp_per_min": 676, "level": 23, "net_worth": 19620, "aghanims_scepter": 0, "aghanims_shard": 0, "moonshard": 0, "hero_damage": 23651, "tower_damage": 3262, "hero_healing": 0, "gold": 140, "gold_spent": 21300, "ability_upgrades_arr": [5173, 5175, 5173, 5174, 5173, 5176, 5173, 5175, 5175, 5175, 6115, 5176, 5174, 5174, 5939, 5174, 5176, 590], "is_subscriber": false, "radiant_win": false, "start_time": 1751846370, "duration": 2728, "cluster": 241, "lobby_type": 0, "game_mode": 22, "is_contributor": false, "patch": 58, "region": 14, "isRadiant": true, "win": 0, "lose": 1, "total_gold": 22096, "total_xp": 30735, "kills_per_min": 0.0879765395894428, "kda": 2.5, "abandons": 0, "benchmarks": {"gold_per_min": {"raw": 486, "pct": 0.3976470588235294}, "xp_per_min": {"raw": 676, "pct": 0.35320261437908496}, "kills_per_min": {"raw": 0.08797653958944282, "pct": 0.08366013071895424}, "last_hits_per_min": {"raw": 5.894428152492669, "pct": 0.6112418300653595}, "hero_damage_per_min": {"raw": 520.1832844574781, "pct": 0.16627450980392156}, "hero_healing_per_min": {"raw": 0, "pct": 0.7934640522875817}, "tower_damage": {"raw": 3262, "pct": 0.6962091503267974}}}, {"player_slot": 3, "team_number": 0, "team_slot": 3, "hero_id": 14, "hero_variant": 1, "item_0": 1, "item_1": 127, "item_2": 119, "item_3": 214, "item_4": 114, "item_5": 108, "backpack_0": 0, "backpack_1": 0, "backpack_2": 0, "item_neutral": 1608, "item_neutral2": 1594, "kills": 11, "deaths": 9, "assists": 23, "leaver_status": 0, "last_hits": 231, "denies": 10, "gold_per_min": 512, "xp_per_min": 787, "level": 25, "net_worth": 20833, "aghanims_scepter": 0, "aghanims_shard": 0, "moonshard": 0, "hero_damage": 28511, "tower_damage": 2149, "hero_healing": 0, "gold": 608, "gold_spent": 20795, "ability_upgrades_arr": [5075, 5076, 5076, 5075, 5076, 5077, 5076, 5075, 5075, 5074, 5074, 5077, 5074, 5074, 6565, 7142, 5077, 408, 6023], "is_subscriber": false, "radiant_win": false, "start_time": 1751846370, "duration": 2728, "cluster": 241, "lobby_type": 0, "game_mode": 22, "is_contributor": false, "patch": 58, "region": 14, "isRadiant": true, "win": 0, "lose": 1, "total_gold": 23278, "total_xp": 35782, "kills_per_min": 0.24193548387096772, "kda": 3.4, "abandons": 0, "benchmarks": {"gold_per_min": {"raw": 512, "pct": 0.8557897229457732}, "xp_per_min": {"raw": 787, "pct": 0.810206014681506}, "kills_per_min": {"raw": 0.24193548387096775, "pct": 0.7305233246507222}, "last_hits_per_min": {"raw": 5.080645161290322, "pct": 0.8932038834951457}, "hero_damage_per_min": {"raw": 627.0747800586511, "pct": 0.7075538716552214}, "hero_healing_per_min": {"raw": 0, "pct": 0.7493488041676534}, "tower_damage": {"raw": 2149, "pct": 0.8778119820033152}}}, {"player_slot": 4, "team_number": 0, "team_slot": 4, "hero_id": 75, "hero_variant": 4, "item_0": 267, "item_1": 88, "item_2": 244, "item_3": 214, "item_4": 57, "item_5": 176, "backpack_0": 23, "backpack_1": 0, "backpack_2": 0, "item_neutral": 1606, "item_neutral2": 1577, "kills": 7, "deaths": 6, "assists": 25, "leaver_status": 0, "last_hits": 34, "denies": 2, "gold_per_min": 309, "xp_per_min": 641, "level": 23, "net_worth": 13082, "aghanims_scepter": 0, "aghanims_shard": 1, "moonshard": 0, "hero_damage": 13461, "tower_damage": 614, "hero_healing": 445, "gold": 232, "gold_spent": 13140, "ability_upgrades_arr": [5377, 5379, 5377, 5379, 5377, 5380, 5377, 5379, 5379, 5378, 5378, 6184, 5380, 5378, 5378, 1467, 5380, 6880], "is_subscriber": false, "radiant_win": false, "start_time": 1751846370, "duration": 2728, "cluster": 241, "lobby_type": 0, "game_mode": 22, "is_contributor": false, "patch": 58, "region": 14, "isRadiant": true, "win": 0, "lose": 1, "total_gold": 14049, "total_xp": 29144, "kills_per_min": 0.15395894428152493, "kda": 4.57, "abandons": 0, "benchmarks": {"gold_per_min": {"raw": 309, "pct": 0.24074680641991483}, "xp_per_min": {"raw": 641, "pct": 0.6590239109073043}, "kills_per_min": {"raw": 0.15395894428152493, "pct": 0.5856534556174254}, "last_hits_per_min": {"raw": 0.7478005865102639, "pct": 0.08254176220111366}, "hero_damage_per_min": {"raw": 296.06304985337243, "pct": 0.12905339010809042}, "hero_healing_per_min": {"raw": 9.787390029325513, "pct": 0.9171306911234851}, "tower_damage": {"raw": 614, "pct": 0.4906649197510645}}}, {"player_slot": 128, "team_number": 1, "team_slot": 0, "hero_id": 59, "hero_variant": 4, "item_0": 69,