{"players": [{"player_slot": 0, "team_number": 0, "team_slot": 0, "hero_id": 56, "hero_variant": 3, "item_0": 116, "item_1": 158, "item_2": 225, "item_3": 168, "item_4": 63, "item_5": 250, "backpack_0": 0, "backpack_1": 0, "backpack_2": 0, "item_neutral": 1719, "item_neutral2": 1584, "kills": 19, "deaths": 12, "assists": 17, "leaver_status": 0, "last_hits": 386, "denies": 18, "gold_per_min": 712, "xp_per_min": 1146, "level": 30, "net_worth": 32135, "aghanims_scepter": 0, "aghanims_shard": 1, "moonshard": 0, "hero_damage": 70333, "tower_damage": 2529, "hero_healing": 0, "gold": 5085, "gold_spent": 29045, "ability_upgrades_arr": [5260, 5262, 1120, 5260, 1120, 5261, 5260, 5260, 5262, 5262, 5261, 1120, 1120, 5262, 6104, 5992, 5261, 495, 6620, 523, 554, 494, 7878], "is_subscriber": false, "radiant_win": false, "start_time": 1773520004, "duration": 3458, "cluster": 251, "lobby_type": 7, "game_mode": 22, "is_contributor": false, "patch": 59, "region": 15, "isRadiant": true, "win": 0, "lose": 1, "total_gold": 41034, "total_xp": 66047, "kills_per_min": 0.32967032967032966, "kda": 2.77, "abandons": 0, "benchmarks": {"gold_per_min": {"raw": 712, "pct": 0.8905761500669942}, "xp_per_min": {"raw": 1146, "pct": 0.9361322018758375}, "kills_per_min": {"raw": 0.3296703296703297, "pct": 0.6520768200089325}, "last_hits_per_min": {"raw": 6.697513013302487, "pct": 0.7329164805716838}, "hero_damage_per_min": {"raw": 1220.352805089647, "pct": 0.888343010272443}, "hero_healing_per_min": {"raw": 0, "pct": 0.9562304600267977}, "tower_damage": {"raw": 2529, "pct": 0.3729343456900402}}}, {"player_slot": 1, "team_number": 0, "team_slot": 1, "hero_id": 59, "hero_variant": 4, "item_0": 156, "item_1": 147, "item_2": 151, "item_3": 116, "item_4": 692, "item_5": 166, "backpack_0": 265, "backpack_1": 40, "backpack_2": 0, "item_neutral": 1719, "item_neutral2": 1597, "kills": 13, "deaths": 19, "assists": 13, "leaver_status": 0, "last_hits": 324, "denies": 7, "gold_per_min": 645, "xp_per_min": 993, "level": 29, "net_worth": 25651, "aghanims_scepter": 0, "aghanims_shard": 1, "moonshard": 0, "hero_damage": 41919, "tower_damage": 145, "hero_healing": 0, "gold": 1234, "gold_spent": 28405, "ability_upgrades_arr": [5272, 5273, 5272, 5273, 5273, 5274, 5272, 5273, 5272, 7300, 6655, 7300, 7300, 5274, 7300, 433, 5274, 688, 7143, 7140, 6380], "is_subscriber": false, "radiant_win": false, "start_time": 1773520004, "duration": 3458, "cluster": 251, "lobby_type": 7, "game_mode": 22, "is_contributor": false, "patch": 59, "region": 15, "isRadiant": true, "win": 0, "lose": 1, "total_gold": 37173, "total_xp": 57229, "kills_per_min": 0.2255639097744361, "kda": 1.3, "abandons": 0, "benchmarks": {"gold_per_min": {"raw": 645, "pct": 0.8996036988110965}, "xp_per_min": {"raw": 993, "pct": 0.9141347424042272}, "kills_per_min": {"raw": 0.22556390977443608, "pct": 0.38353148392778513}, "last_hits_per_min": {"raw": 5.621746674378254, "pct": 0.7688243064729194}, "hero_damage_per_min": {"raw": 727.3395026026604, "pct": 0.5178335535006605}, "hero_healing_per_min": {"raw": 0, "pct": 0.9766622633201233}, "tower_damage": {"raw": 145, "pct": 0.16116248348745046}}}, {"player_slot": 2, "team_number": 0, "team_slot": 2, "hero_id": 2, "hero_variant": 1, "item_0": 226, "item_1": 90, "item_2": 50, "item_3": 1, "item_4": 116, "item_5": 127, "backpack_0": 0, "backpack_1": 0, "backpack_2": 0, "item_neutral": 1168, "item_neutral2": 1583, "kills": 9, "deaths": 14, "assists": 17, "leaver_status": 0, "last_hits": 420, "denies": 11, "gold_per_min": 595, "xp_per_min": 894, "level": 28, "net_worth": 25760, "aghanims_scepter": 1, "aghanims_shard": 1, "moonshard": 0, "hero_damage": 48333, "tower_damage": 0, "hero_healing": 0, "gold": 885, "gold_spent": 26915, "ability_upgrades_arr": [5008, 5009, 5007, 5009, 5009, 5010, 5009, 5007, 5007, 9401, 5007, 5010, 5008, 5008, 5008, 974, 5010, 6145, 6608, 1189, 6102], "is_subscriber": false, "radiant_win": false, "start_time": 1773520004, "duration": 3458, "cluster": 251, "lobby_type": 7, "game_mode": 22, "is_contributor": false, "patch": 59, "region": 15, "isRadiant": true, "win": 0, "lose": 1, "total_gold": 34291, "total_xp": 51524, "kills_per_min": 0.15615962984384038, "kda": 1.73, "abandons": 0, "benchmarks": {"gold_per_min": {"raw": 595, "pct": 0.8602150537634409}, "xp_per_min": {"raw": 894, "pct": 0.8157284419144002}, "kills_per_min": {"raw": 0.15615962984384038, "pct": 0.236348302761965}, "last_hits_per_min": {"raw": 7.28744939271255, "pct": 0.9567784102888467}, "hero_damage_per_min": {"raw": 838.6292654713708, "pct": 0.7216951296647691}, "hero_healing_per_min": {"raw": 0, "pct": 0.9278937381404174}, "tower_damage": {"raw": 0, "pct": 0.2017710309930424}}}, {"player_slot": 3, "team_number": 0, "team_slot": 3, "hero_id": 58, "hero_variant": 1, "item_0": 263, "item_1": 29, "item_2": 149, "item_3": 206, "item_4": 116, "item_5": 256, "backpack_0": 1565, "backpack_1": 0, "backpack_2": 0, "item_neutral": 1605, "item_neutral2": 1576, "kills": 6, "deaths": 17, "assists": 21, "leaver_status": 0, "last_hits": 89, "denies": 1, "gold_per_min": 399, "xp_per_min": 801, "level": 27, "net_worth": 18416, "aghanims_scepter": 0, "aghanims_shard": 0, "moonshard": 0, "hero_damage": 31582, "tower_damage": 159, "hero_healing": 5882, "gold": 1066, "gold_spent": 19000, "ability_upgrades_arr": [5270, 5269, 5270, 5268, 5270, 5267, 5270, 5269, 5269, 8432, 5269, 5268, 5267, 5268, 5268, 6648, 5267, 6086, 6379, 1174], "is_subscriber": false, "radiant_win": false, "start_time": 1773520004, "duration": 3458, "cluster": 251, "lobby_type": 7, "game_mode": 22, "is_contributor": false, "patch": 59, "region": 15, "isRadiant": true, "win": 0, "lose": 1, "total_gold": 22995, "total_xp": 46164, "kills_per_min": 0.10410641989589359, "kda": 1.5, "abandons": 0, "benchmarks": {"gold_per_min": {"raw": 399, "pct": 0.6448484848484849}, "xp_per_min": {"raw": 801, "pct": 0.8290909090909091}, "kills_per_min": {"raw": 0.10410641989589357, "pct": 0.3503030303030303}, "last_hits_per_min": {"raw": 1.5442452284557548, "pct": 0.34424242424242424}, "hero_damage_per_min": {"raw": 547.9814921920185, "pct": 0.6618181818181819}, "hero_healing_per_min": {"raw": 102.05899363794101, "pct": 0.6436363636363637}, "tower_damage": {"raw": 159, "pct": 0.2}}}, {"account_id": 37467834, "player_slot": 4, "team_number": 0, "team_slot": 4, "hero_id": 14, "hero_variant": 3, "item_0": 214, "item_1": 36, "item_2": 1, "item_3": 232, "item_4": 0, "item_5": 0, "backpack_0": 0, "backpack_1": 0, "backpack_2": 0, "item_neutral": 1638, "item_neutral2": 1586, "kills": 4, "deaths": 25, "assists": 9, "leaver_status": 0, "last_hits": 84, "denies": 3, "gold_per_min": 260, "xp_per_min": 301, "level": 17, "net_worth": 10714, "aghanims_scepter": 0, "aghanims_shard": 1, "moonshard": 0, "hero_damage": 13640, "tower_damage": 92, "hero_healing": 0, "gold": 3329, "gold_spent": 8125, "ability_upgrades_arr": [5075, 5076, 5076, 5074, 5076, 5077, 5076, 5075, 5075, 5932, 5074, 5075, 5077, 5074, 5074, 507], "personaname": "ExtremoDiaz", "name": null, "last_login": null, "rank_tier": 22, "computed_mmr": 3968.35, "is_subscriber": false, "radiant_win": false, "start_time": 1773520004, "duration": 3458, "cluster": 251, "lobby_type": 7, "game_mode": 22, "is_contributor": false, "patch": 59, "region": 15, "isRadiant": true, "win": 0, "lose": 1, "total_gold": 14984, "total_xp": 17347, "kills_per_min": 0.06940427993059572, "kda": 0.5, "abandons": 0, "benchmarks": {"gold_per_min": {"raw": 260, "pct": 0.08065445327802742}, "xp_per_min": {"raw": 301, "pct": 0.04378384606521488}, "kills_per_min": {"raw": 0.06940427993059571, "pct": 0.1388408802857472}, "last_hits_per_min": {"raw": 1.45748987854251, "pct": 0.26604447516995045}, "hero_damage_per_min": {"raw": 236.66859456333142, "pct": 0.05207973268809771}, "hero_healing_per_min": {"raw": 0, "pct": 0.7495103122479548}, "tower_damage": {"raw": 92, "pct": 0.35073165111187926}}}, {"player_slot": 128, "team_number": 1, "team_slot": 0, "hero_id": 29,