{"players": [{"player_slot": 0, "team_number": 0, "team_slot": 0, "hero_id": 40, "hero_variant": 2, "item_0": 141, "item_1": 267, "item_2": 249, "item_3": 1, "item_4": 172, "item_5": 263, "backpack_0": 0, "backpack_1": 0, "backpack_2": 0, "item_neutral": 1643, "item_neutral2": 1586, "kills": 14, "deaths": 11, "assists": 30, "leaver_status": 0, "last_hits": 221, "denies": 4, "gold_per_min": 492, "xp_per_min": 962, "level": 29, "net_worth": 28458, "aghanims_scepter": 0, "aghanims_shard": 0, "moonshard": 0, "hero_damage": 48581, "tower_damage": 7164, "hero_healing": 1868, "gold": 6333, "gold_spent": 25925, "ability_upgrades_arr": [5178, 5179, 5180, 5180, 5180, 1105, 5180, 5179, 5179, 6979, 5179, 5178, 1105, 5178, 5178, 6532, 1105, 548, 6058, 859, 811, 6980], "is_subscriber": false, "radiant_win": true, "start_time": 1766196644, "duration": 3770, "cluster": 241, "lobby_type": 0, "game_mode": 22, "is_contributor": false, "patch": 59, "region": 14, "isRadiant": true, "win": 1, "lose": 0, "total_gold": 30914, "total_xp": 60445, "kills_per_min": 0.22281167108753314, "kda": 3.67, "abandons": 0, "benchmarks": {"gold_per_min": {"raw": 492, "pct": 0.8988731992583083}, "xp_per_min": {"raw": 962, "pct": 0.9900156896305805}, "kills_per_min": {"raw": 0.22281167108753316, "pct": 0.8609328198545143}, "last_hits_per_min": {"raw": 3.5172413793103448, "pct": 0.7376979032948224}, "hero_damage_per_min": {"raw": 773.1724137931035, "pct": 0.7549564969333904}, "hero_healing_per_min": {"raw": 29.72944297082228, "pct": 0.6050492083868207}, "tower_damage": {"raw": 7164, "pct": 0.9912993866780773}}}, {"account_id": 115132074, "player_slot": 1, "team_number": 0, "team_slot": 1, "hero_id": 6, "hero_variant": 1, "item_0": 117, "item_1": 139, "item_2": 160, "item_3": 116, "item_4": 154, "item_5": 141, "backpack_0": 26, "backpack_1": 0, "backpack_2": 0, "item_neutral": 1605, "item_neutral2": 1597, "kills": 18, "deaths": 6, "assists": 15, "leaver_status": 0, "last_hits": 484, "denies": 50, "gold_per_min": 678, "xp_per_min": 1037, "level": 30, "net_worth": 40227, "aghanims_scepter": 1, "aghanims_shard": 1, "moonshard": 0, "hero_damage": 51883, "tower_damage": 17016, "hero_healing": 0, "gold": 7327, "gold_spent": 35070, "ability_upgrades_arr": [5019, 343, 5019, 5632, 5019, 5022, 5019, 343, 343, 343, 5632, 580, 5022, 5632, 5632, 6027, 5022, 6202, 6280, 6209, 486, 1088], "personaname": "Durotan", "name": null, "last_login": null, "rank_tier": 41, "computed_mmr": 3905.19, "is_subscriber": false, "radiant_win": true, "start_time": 1766196644, "duration": 3770, "cluster": 241, "lobby_type": 0, "game_mode": 22, "is_contributor": false, "patch": 59, "region": 14, "isRadiant": true, "win": 1, "lose": 0, "total_gold": 42601, "total_xp": 65158, "kills_per_min": 0.286472148541114, "kda": 4.71, "abandons": 0, "benchmarks": {"gold_per_min": {"raw": 678, "pct": 0.7790360811166711}, "xp_per_min": {"raw": 1037, "pct": 0.8675269949960495}, "kills_per_min": {"raw": 0.286472148541114, "pct": 0.7242559915722939}, "last_hits_per_min": {"raw": 7.702917771883289, "pct": 0.5699236239136161}, "hero_damage_per_min": {"raw": 825.7241379310344, "pct": 0.7276797471688174}, "hero_healing_per_min": {"raw": 0, "pct": 0.9657624440347643}, "tower_damage": {"raw": 17016, "pct": 0.9086120621543323}}}, {"player_slot": 2, "team_number": 0, "team_slot": 2, "hero_id": 23, "hero_variant": 2, "item_0": 141, "item_1": 223, "item_2": 226, "item_3": 931, "item_4": 119, "item_5": 210, "backpack_0": 0, "backpack_1": 0, "backpack_2": 0, "item_neutral": 1168, "item_neutral2": 1597, "kills": 17, "deaths": 9, "assists": 25, "leaver_status": 0, "last_hits": 498, "denies": 5, "gold_per_min": 690, "xp_per_min": 1032, "level": 30, "net_worth": 37251, "aghanims_scepter": 1, "aghanims_shard": 1, "moonshard": 0, "hero_damage": 40180, "tower_damage": 6716, "hero_healing": 304, "gold": 6151, "gold_spent": 40535, "ability_upgrades_arr": [5032, 5031, 5032, 5033, 5033, 5035, 5032, 5031, 5032, 5033, 1015, 5033, 5035, 5031, 5031, 6385, 5035, 1175, 6667, 6666, 766, 1241], "is_subscriber": false, "radiant_win": true, "start_time": 1766196644, "duration": 3770, "cluster": 241, "lobby_type": 0, "game_mode": 22, "is_contributor": false, "patch": 59, "region": 14, "isRadiant": true, "win": 1, "lose": 0, "total_gold": 43355, "total_xp": 64844, "kills_per_min": 0.27055702917771884, "kda": 4.2, "abandons": 0, "benchmarks": {"gold_per_min": {"raw": 690, "pct": 0.9012244897959184}, "xp_per_min": {"raw": 1032, "pct": 0.9069387755102041}, "kills_per_min": {"raw": 0.27055702917771884, "pct": 0.8}, "last_hits_per_min": {"raw": 7.925729442970822, "pct": 0.8008163265306123}, "hero_damage_per_min": {"raw": 639.4694960212202, "pct": 0.5004081632653061}, "hero_healing_per_min": {"raw": 4.838196286472149, "pct": 0.9338775510204081}, "tower_damage": {"raw": 6716, "pct": 0.9493877551020408}}}, {"account_id": 65137360, "player_slot": 3, "team_number": 0, "team_slot": 3, "hero_id": 123, "hero_variant": 1, "item_0": 226, "item_1": 218, "item_2": 180, "item_3": 96, "item_4": 102, "item_5": 1466, "backpack_0": 0, "backpack_1": 0, "backpack_2": 0, "item_neutral": 1643, "item_neutral2": 1589, "kills": 8, "deaths": 9, "assists": 40, "leaver_status": 0, "last_hits": 130, "denies": 5, "gold_per_min": 408, "xp_per_min": 950, "level": 29, "net_worth": 22399, "aghanims_scepter": 0, "aghanims_shard": 0, "moonshard": 0, "hero_damage": 34866, "tower_damage": 1074, "hero_healing": 0, "gold": 5149, "gold_spent": 20735, "ability_upgrades_arr": [8429, 8158, 8429, 8158, 9501, 8106, 8158, 8429, 8158, 9501, 5902, 9501, 8106, 8429, 9501, 9513, 8106, 7383, 1134, 9511, 1568], "personaname": "PatoDeGoma", "name": null, "last_login": "2021-02-10T20:32:57.535Z", "rank_tier": 45, "computed_mmr": null, "is_subscriber": false, "radiant_win": true, "start_time": 1766196644, "duration": 3770, "cluster": 241, "lobby_type": 0, "game_mode": 22, "is_contributor": false, "patch": 59, "region": 14, "isRadiant": true, "win": 1, "lose": 0, "total_gold": 25636, "total_xp": 59691, "kills_per_min": 0.1273209549071618, "kda": 4.8, "abandons": 0, "benchmarks": {"gold_per_min": {"raw": 408, "pct": 0.6472995090016367}, "xp_per_min": {"raw": 950, "pct": 0.954582651391162}, "kills_per_min": {"raw": 0.1273209549071618, "pct": 0.4513093289689034}, "last_hits_per_min": {"raw": 2.0689655172413794, "pct": 0.4300327332242226}, "hero_damage_per_min": {"raw": 554.8965517241379, "pct": 0.6726677577741408}, "hero_healing_per_min": {"raw": 0, "pct": 0.6239770867430442}, "tower_damage": {"raw": 1074, "pct": 0.6685761047463176}}}, {"player_slot": 4, "team_number": 0, "team_slot": 4, "hero_id": 5, "hero_variant": 3, "item_0": 1, "item_1": 116, "item_2": 121, "item_3": 119, "item_4": 220, "item_5": 123, "backpack_0": 0, "backpack_1": 0, "backpack_2": 0, "item_neutral": 1644, "item_neutral2": 1592, "kills": 10, "deaths": 10, "assists": 26, "leaver_status": 0, "last_hits": 466, "denies": 3, "gold_per_min": 607, "xp_per_min": 1036, "level": 30, "net_worth": 33901, "aghanims_scepter": 1, "aghanims_shard": 1, "moonshard": 0, "hero_damage": 39989, "tower_damage": 1069, "hero_healing": 0, "gold": 1576, "gold_spent": 34025, "ability_upgrades_arr": [5127, 5128, 5126, 5126, 5126, 5129, 5126, 5127, 5127, 5127, 5959, 5128, 5129, 5128, 5128, 7654, 5129, 6520, 6234, 5926, 956, 6623, 6072], "is_subscriber": false, "radiant_win": true, "start_time": 1766196644, "duration": 3770, "cluster": 241, "lobby_type": 0, "game_mode": 22, "is_contributor": false, "patch": 59, "region": 14, "isRadiant": true, "win": 1, "lose": 0, "total_gold": 38139, "total_xp": 65095, "kills_per_min": 0.15915119363395225, "kda": 3.27, "abandons": 0, "benchmarks": {"gold_per_min": {"raw": 607, "pct": 0.9930513595166163}, "xp_per_min": {"raw": 1036, "pct": 0.9873111782477342}, "kills_per_min": {"raw": 0.15915119363395225, "pct": 0.711178247734139}, "last_hits_per_min": {"raw": 7.416445623342176, "pct": 0.9984894259818731}, "hero_damage_per_min": {"raw": 636.4297082228117,