{"players": [{"account_id": 196234184, "player_slot": 0, "team_number": 0, "team_slot": 0, "hero_id": 111, "hero_variant": 1, "item_0": 235, "item_1": 29, "item_2": 273, "item_3": 123, "item_4": 1, "item_5": 176, "backpack_0": 0, "backpack_1": 0, "backpack_2": 0, "item_neutral": 676, "item_neutral2": 1577, "kills": 22, "deaths": 7, "assists": 35, "leaver_status": 0, "last_hits": 467, "denies": 9, "gold_per_min": 683, "xp_per_min": 1150, "level": 29, "net_worth": 27954, "aghanims_scepter": 0, "aghanims_shard": 1, "moonshard": 0, "hero_damage": 80826, "tower_damage": 1776, "hero_healing": 25611, "gold": 4629, "gold_spent": 29785, "ability_upgrades_arr": [5637, 5639, 5639, 5638, 5639, 5640, 5639, 5637, 5637, 5637, 5638, 5640, 5638, 5638, 681, 6540, 5640, 405, 6206, 791, 1182], "personaname": "Blank  PMA 225", "name": null, "last_login": null, "rank_tier": 21, "computed_mmr": null, "is_subscriber": false, "radiant_win": false, "start_time": 1744310808, "duration": 2980, "cluster": 241, "lobby_type": 7, "game_mode": 22, "is_contributor": false, "patch": 57, "region": 14, "isRadiant": true, "win": 0, "lose": 1, "total_gold": 33922, "total_xp": 57116, "kills_per_min": 0.4429530201342282, "kda": 7.13, "abandons": 0, "benchmarks": {"gold_per_min": {"raw": 683, "pct": 0.9984996249062266}, "xp_per_min": {"raw": 1150, "pct": 0.9992498124531133}, "kills_per_min": {"raw": 0.44295302013422816, "pct": 0.9827456864216054}, "last_hits_per_min": {"raw": 9.40268456375839, "pct": 1}, "hero_damage_per_min": {"raw": 1627.3691275167785, "pct": 1}, "hero_healing_per_min": {"raw": 515.6577181208054, "pct": 0.808702175543886}, "tower_damage": {"raw": 1776, "pct": 0.9609902475618904}}}, {"account_id": 37467834, "player_slot": 1, "team_number": 0, "team_slot": 1, "hero_id": 84, "hero_variant": 1, "item_0": 231, "item_1": 65, "item_2": 1, "item_3": 229, "item_4": 218, "item_5": 188, "backpack_0": 261, "backpack_1": 39, "backpack_2": 216, "item_neutral": 949, "item_neutral2": 1577, "kills": 6, "deaths": 12, "assists": 39, "leaver_status": 0, "last_hits": 72, "denies": 4, "gold_per_min": 419, "xp_per_min": 655, "level": 24, "net_worth": 15262, "aghanims_scepter": 0, "aghanims_shard": 0, "moonshard": 0, "hero_damage": 33202, "tower_damage": 3398, "hero_healing": 6090, "gold": 1362, "gold_spent": 15490, "ability_upgrades_arr": [5439, 5438, 5439, 5440, 5439, 5441, 5439, 5440, 5440, 5440, 5438, 5441, 403, 5438, 1181, 5438, 5441, 6183], "personaname": "ExtremoDiaz", "name": null, "last_login": null, "rank_tier": 22, "computed_mmr": 3968.35, "is_subscriber": false, "radiant_win": false, "start_time": 1744310808, "duration": 2980, "cluster": 241, "lobby_type": 7, "game_mode": 22, "is_contributor": false, "patch": 57, "region": 14, "isRadiant": true, "win": 0, "lose": 1, "total_gold": 20810, "total_xp": 32531, "kills_per_min": 0.12080536912751678, "kda": 3.46, "abandons": 0, "benchmarks": {"gold_per_min": {"raw": 419, "pct": 0.3956704750450992}, "xp_per_min": {"raw": 655, "pct": 0.6025255562236921}, "kills_per_min": {"raw": 0.1208053691275168, "pct": 0.5371817999599118}, "last_hits_per_min": {"raw": 1.4496644295302012, "pct": 0.1585488073762277}, "hero_damage_per_min": {"raw": 668.4966442953021, "pct": 0.7566646622569653}, "hero_healing_per_min": {"raw": 122.61744966442954, "pct": 0.9807576668671076}, "tower_damage": {"raw": 3398, "pct": 0.8374423732210864}}}, {"player_slot": 2, "team_number": 0, "team_slot": 2, "hero_id": 6, "hero_variant": 2, "item_0": 249, "item_1": 63, "item_2": 263, "item_3": 24, "item_4": 139, "item_5": 141, "backpack_0": 56, "backpack_1": 0, "backpack_2": 0, "item_neutral": 1601, "item_neutral2": 1594, "kills": 11, "deaths": 8, "assists": 13, "leaver_status": 0, "last_hits": 422, "denies": 8, "gold_per_min": 589, "xp_per_min": 843, "level": 26, "net_worth": 26875, "aghanims_scepter": 0, "aghanims_shard": 0, "moonshard": 0, "hero_damage": 52601, "tower_damage": 6541, "hero_healing": 0, "gold": 1175, "gold_spent": 27120, "ability_upgrades_arr": [5019, 343, 5019, 343, 5019, 5022, 5632, 5019, 343, 6209, 343, 5022, 5632, 5632, 6027, 5632, 5022, 6202, 6280], "is_subscriber": false, "radiant_win": false, "start_time": 1744310808, "duration": 2980, "cluster": 241, "lobby_type": 7, "game_mode": 22, "is_contributor": false, "patch": 57, "region": 14, "isRadiant": true, "win": 0, "lose": 1, "total_gold": 29253, "total_xp": 41869, "kills_per_min": 0.2214765100671141, "kda": 2.67, "abandons": 0, "benchmarks": {"gold_per_min": {"raw": 589, "pct": 0.5644355644355644}, "xp_per_min": {"raw": 843, "pct": 0.6371128871128872}, "kills_per_min": {"raw": 0.22147651006711408, "pct": 0.5447052947052947}, "last_hits_per_min": {"raw": 8.496644295302014, "pct": 0.7285214785214785}, "hero_damage_per_min": {"raw": 1059.0805369127518, "pct": 0.8781218781218781}, "hero_healing_per_min": {"raw": 0, "pct": 0.9647852147852148}, "tower_damage": {"raw": 6541, "pct": 0.5769230769230769}}}, {"player_slot": 3, "team_number": 0, "team_slot": 3, "hero_id": 22, "hero_variant": 1, "item_0": 96, "item_1": 100, "item_2": 102, "item_3": 108, "item_4": 180, "item_5": 232, "backpack_0": 43, "backpack_1": 0, "backpack_2": 0, "item_neutral": 378, "item_neutral2": 1576, "kills": 13, "deaths": 9, "assists": 33, "leaver_status": 0, "last_hits": 128, "denies": 1, "gold_per_min": 424, "xp_per_min": 663, "level": 24, "net_worth": 18541, "aghanims_scepter": 0, "aghanims_shard": 0, "moonshard": 0, "hero_damage": 50959, "tower_damage": 242, "hero_healing": 0, "gold": 616, "gold_spent": 19545, "ability_upgrades_arr": [5110, 5111, 5110, 641, 5110, 5113, 5111, 5110, 5111, 6926, 5111, 5113, 641, 641, 611, 641, 5113, 6501], "is_subscriber": false, "radiant_win": false, "start_time": 1744310808, "duration": 2980, "cluster": 241, "lobby_type": 7, "game_mode": 22, "is_contributor": false, "patch": 57, "region": 14, "isRadiant": true, "win": 0, "lose": 1, "total_gold": 21058, "total_xp": 32929, "kills_per_min": 0.26174496644295303, "kda": 4.6, "abandons": 0, "benchmarks": {"gold_per_min": {"raw": 424, "pct": 0.4051801801801802}, "xp_per_min": {"raw": 663, "pct": 0.5004504504504504}, "kills_per_min": {"raw": 0.261744966442953, "pct": 0.7006756756756757}, "last_hits_per_min": {"raw": 2.577181208053691, "pct": 0.31554054054054054}, "hero_damage_per_min": {"raw": 1026.020134228188, "pct": 0.6630630630630631}, "hero_healing_per_min": {"raw": 0, "pct": 0.8135135135135135}, "tower_damage": {"raw": 242, "pct": 0.4166666666666667}}}, {"player_slot": 4, "team_number": 0, "team_slot": 4, "hero_id": 13, "hero_variant": 1, "item_0": 1, "item_1": 235, "item_2": 534, "item_3": 98, "item_4": 277, "item_5": 63, "backpack_0": 0, "backpack_1": 0, "backpack_2": 0, "item_neutral": 0, "item_neutral2": 0, "kills": 12, "deaths": 13, "assists": 28, "leaver_status": 0, "last_hits": 212, "denies": 9, "gold_per_min": 447, "xp_per_min": 606, "level": 23, "net_worth": 19226, "aghanims_scepter": 0, "aghanims_shard": 0, "moonshard": 0, "hero_damage": 44013, "tower_damage": 2643, "hero_healing": 0, "gold": 526, "gold_spent": 20200, "ability_upgrades_arr": [5069, 5072, 5069, 5071, 5069, 5073, 5069, 5071, 5071, 1057, 5072, 5073, 5071, 5072, 407, 5072, 5073, 1058], "is_subscriber": false, "radiant_win": false, "start_time": 1744310808, "duration": 2980, "cluster": 241, "lobby_type": 7, "game_mode": 22, "is_contributor": false, "patch": 57, "region": 14, "isRadiant": true, "win": 0, "lose": 1, "total_gold": 22201, "total_xp": 30098, "kills_per_min": 0.24161073825503357, "kda": 2.86, "abandons": 0, "benchmarks": {"gold_per_min": {"raw": 447, "pct": 0.2610759493670886}, "xp_per_min": {"raw": 606, "pct": 0.22626582278481014}, "kills_per_min": {"raw": 0.2416107382550336, "pct": 0.5390295358649789}, "last_hits_per_min": {"raw": 4.268456375838926, "pct": 0.20991561181434598}, "hero_damage_per_min": {"raw": 886.1677852348994, "pct": 0.6608649789029536}, "hero_healing_per_min": {"raw": 0, "pct": 0.8512658227848101}, "tower_damage": {"raw": 2643,