{"players": [{"account_id": 141662429, "player_slot": 0, "team_number": 0, "team_slot": 0, "hero_id": 97, "hero_variant": 3, "item_0": 231, "item_1": 1, "item_2": 0, "item_3": 21, "item_4": 77, "item_5": 73, "backpack_0": 0, "backpack_1": 0, "backpack_2": 0, "item_neutral": 1640, "item_neutral2": 1593, "kills": 3, "deaths": 11, "assists": 28, "leaver_status": 0, "last_hits": 99, "denies": 4, "gold_per_min": 415, "xp_per_min": 595, "level": 20, "net_worth": 12946, "aghanims_scepter": 0, "aghanims_shard": 0, "moonshard": 0, "hero_damage": 12805, "tower_damage": 224, "hero_healing": 3014, "gold": 486, "gold_spent": 14110, "ability_upgrades_arr": [5520, 5518, 5518, 5519, 5520, 5521, 5519, 5519, 5519, 5518, 5520, 5521, 5518, 5520, 1037, 525, 5521], "personaname": "Antes jugaba con amigos", "name": null, "last_login": null, "rank_tier": 63, "computed_mmr": 4078.71, "is_subscriber": false, "radiant_win": true, "start_time": 1752694214, "duration": 2193, "cluster": 241, "lobby_type": 7, "game_mode": 22, "is_contributor": false, "patch": 58, "region": 14, "isRadiant": true, "win": 1, "lose": 0, "total_gold": 15168, "total_xp": 21747, "kills_per_min": 0.08207934336525309, "kda": 2.58, "abandons": 0, "benchmarks": {"gold_per_min": {"raw": 415, "pct": 0.48247078464106846}, "xp_per_min": {"raw": 595, "pct": 0.3973288814691152}, "kills_per_min": {"raw": 0.08207934336525308, "pct": 0.2707846410684474}, "last_hits_per_min": {"raw": 2.7086183310533514, "pct": 0.3258764607679466}, "hero_damage_per_min": {"raw": 350.34199726402187, "pct": 0.2691151919866444}, "hero_healing_per_min": {"raw": 82.46238030095759, "pct": 0.9929883138564274}, "tower_damage": {"raw": 224, "pct": 0.3903171953255426}}}, {"player_slot": 1, "team_number": 0, "team_slot": 1, "hero_id": 10, "hero_variant": 1, "item_0": 123, "item_1": 160, "item_2": 147, "item_3": 63, "item_4": 81, "item_5": 236, "backpack_0": 0, "backpack_1": 0, "backpack_2": 0, "item_neutral": 1602, "item_neutral2": 1576, "kills": 13, "deaths": 5, "assists": 18, "leaver_status": 0, "last_hits": 268, "denies": 4, "gold_per_min": 725, "xp_per_min": 906, "level": 24, "net_worth": 25787, "aghanims_scepter": 0, "aghanims_shard": 0, "moonshard": 0, "hero_damage": 33714, "tower_damage": 21862, "hero_healing": 2792, "gold": 4737, "gold_spent": 21845, "ability_upgrades_arr": [5055, 5052, 5052, 5055, 5052, 5057, 5052, 730, 730, 730, 730, 730, 730, 730, 6062, 5056, 5055, 5057, 5058, 5053, 5929, 6138, 5053, 5053], "is_subscriber": false, "radiant_win": true, "start_time": 1752694214, "duration": 2193, "cluster": 241, "lobby_type": 7, "game_mode": 22, "is_contributor": false, "patch": 58, "region": 14, "isRadiant": true, "win": 1, "lose": 0, "total_gold": 26498, "total_xp": 33114, "kills_per_min": 0.3556771545827634, "kda": 5.17, "abandons": 0, "benchmarks": {"gold_per_min": {"raw": 725, "pct": 0.8648796498905909}, "xp_per_min": {"raw": 906, "pct": 0.6947483588621444}, "kills_per_min": {"raw": 0.35567715458276333, "pct": 0.8851203501094091}, "last_hits_per_min": {"raw": 7.332421340629275, "pct": 0.44638949671772427}, "hero_damage_per_min": {"raw": 922.4076607387141, "pct": 0.87472647702407}, "hero_healing_per_min": {"raw": 76.38850889192886, "pct": 0.9436542669584245}, "tower_damage": {"raw": 21862, "pct": 0.9474835886214442}}}, {"player_slot": 2, "team_number": 0, "team_slot": 2, "hero_id": 99, "hero_variant": 3, "item_0": 473, "item_1": 226, "item_2": 50, "item_3": 73, "item_4": 692, "item_5": 108, "backpack_0": 73, "backpack_1": 0, "backpack_2": 0, "item_neutral": 1603, "item_neutral2": 1583, "kills": 9, "deaths": 12, "assists": 12, "leaver_status": 0, "last_hits": 190, "denies": 2, "gold_per_min": 553, "xp_per_min": 702, "level": 21, "net_worth": 18150, "aghanims_scepter": 0, "aghanims_shard": 0, "moonshard": 0, "hero_damage": 25192, "tower_damage": 4078, "hero_healing": 0, "gold": 2390, "gold_spent": 16565, "ability_upgrades_arr": [5549, 5548, 5550, 5549, 5549, 5551, 5549, 5550, 5550, 5550, 5548, 5551, 6016, 5548, 5548, 1079, 5551, 6360], "is_subscriber": false, "radiant_win": true, "start_time": 1752694214, "duration": 2193, "cluster": 241, "lobby_type": 7, "game_mode": 22, "is_contributor": false, "patch": 58, "region": 14, "isRadiant": true, "win": 1, "lose": 0, "total_gold": 20212, "total_xp": 25658, "kills_per_min": 0.24623803009575926, "kda": 1.62, "abandons": 0, "benchmarks": {"gold_per_min": {"raw": 553, "pct": 0.6730693845550765}, "xp_per_min": {"raw": 702, "pct": 0.49000392003136023}, "kills_per_min": {"raw": 0.24623803009575923, "pct": 0.7048216385731085}, "last_hits_per_min": {"raw": 5.198358413132695, "pct": 0.5092120736965896}, "hero_damage_per_min": {"raw": 689.2476060191518, "pct": 0.3629949039592317}, "hero_healing_per_min": {"raw": 0, "pct": 0.9051352410819287}, "tower_damage": {"raw": 4078, "pct": 0.62250098000784}}}, {"player_slot": 3, "team_number": 0, "team_slot": 3, "hero_id": 74, "hero_variant": 3, "item_0": 110, "item_1": 108, "item_2": 65, "item_3": 235, "item_4": 48, "item_5": 123, "backpack_0": 0, "backpack_1": 0, "backpack_2": 40, "item_neutral": 1603, "item_neutral2": 1586, "kills": 12, "deaths": 5, "assists": 19, "leaver_status": 0, "last_hits": 272, "denies": 6, "gold_per_min": 809, "xp_per_min": 1328, "level": 27, "net_worth": 27531, "aghanims_scepter": 0, "aghanims_shard": 0, "moonshard": 0, "hero_damage": 43901, "tower_damage": 9111, "hero_healing": 0, "gold": 3951, "gold_spent": 29825, "ability_upgrades_arr": [5372, 5370, 5372, 5370, 5372, 5371, 5372, 5370, 5370, 5372, 5372, 5371, 5372, 5371, 5371, 5370, 5371, 5371, 5371, 5762, 1654, 5370, 6098, 6099, 5370], "is_subscriber": false, "radiant_win": true, "start_time": 1752694214, "duration": 2193, "cluster": 241, "lobby_type": 7, "game_mode": 22, "is_contributor": false, "patch": 58, "region": 14, "isRadiant": true, "win": 1, "lose": 0, "total_gold": 29568, "total_xp": 48538, "kills_per_min": 0.32831737346101236, "kda": 5.17, "abandons": 0, "benchmarks": {"gold_per_min": {"raw": 809, "pct": 0.993093705854654}, "xp_per_min": {"raw": 1328, "pct": 0.9960759692355988}, "kills_per_min": {"raw": 0.3283173734610123, "pct": 0.8461779940354732}, "last_hits_per_min": {"raw": 7.441860465116279, "pct": 0.9566787003610109}, "hero_damage_per_min": {"raw": 1201.121751025992, "pct": 0.9513420185214252}, "hero_healing_per_min": {"raw": 0, "pct": 0.8446083817297128}, "tower_damage": {"raw": 9111, "pct": 0.9207345785590959}}}, {"player_slot": 4, "team_number": 0, "team_slot": 4, "hero_id": 26, "hero_variant": 1, "item_0": 40, "item_1": 214, "item_2": 37, "item_3": 232, "item_4": 1, "item_5": 100, "backpack_0": 188, "backpack_1": 0, "backpack_2": 34, "item_neutral": 1158, "item_neutral2": 1577, "kills": 7, "deaths": 9, "assists": 18, "leaver_status": 0, "last_hits": 41, "denies": 2, "gold_per_min": 417, "xp_per_min": 652, "level": 21, "net_worth": 14081, "aghanims_scepter": 0, "aghanims_shard": 1, "moonshard": 0, "hero_damage": 17064, "tower_damage": 102, "hero_healing": 0, "gold": 2726, "gold_spent": 12355, "ability_upgrades_arr": [5044, 5046, 5045, 5046, 5046, 5047, 5046, 5044, 5044, 5044, 5045, 5047, 5045, 465, 5045, 401, 5047, 777], "is_subscriber": false, "radiant_win": true, "start_time": 1752694214, "duration": 2193, "cluster": 241, "lobby_type": 7, "game_mode": 22, "is_contributor": false, "patch": 58, "region": 14, "isRadiant": true, "win": 1, "lose": 0, "total_gold": 15241, "total_xp": 23830, "kills_per_min": 0.1915184678522572, "kda": 2.5, "abandons": 0, "benchmarks": {"gold_per_min": {"raw": 417, "pct": 0.8271441786705431}, "xp_per_min": {"raw": 652, "pct": 0.6775472446147747}, "kills_per_min": {"raw": 0.19151846785225718, "pct": 0.7021276595744681}, "last_hits_per_min": {"raw": 1.121751025991792, "pct": 0.4716532311351923}, "hero_damage_per_min": {"raw": 466.8673050615595, "pct": 0.8029602220166513}, "hero_healing_per_min": {"raw": 0, "pct": 0.7417734901546187}, "tower_damage": {"raw": 102, "pct": 0.3694991410070041}}}, {"account_id": 45421382,