{"players": [{"account_id": 354385317, "player_slot": 0, "team_number": 0, "team_slot": 0, "hero_id": 42, "hero_variant": 1, "item_0": 40, "item_1": 1, "item_2": 36, "item_3": 137, "item_4": 73, "item_5": 50, "backpack_0": 42, "backpack_1": 0, "backpack_2": 0, "item_neutral": 1602, "item_neutral2": 1594, "kills": 5, "deaths": 11, "assists": 10, "leaver_status": 0, "last_hits": 140, "denies": 1, "gold_per_min": 349, "xp_per_min": 547, "level": 20, "net_worth": 11734, "aghanims_scepter": 0, "aghanims_shard": 1, "moonshard": 0, "hero_damage": 24376, "tower_damage": 1230, "hero_healing": 0, "gold": 749, "gold_spent": 11505, "ability_upgrades_arr": [5087, 5086, 5088, 5087, 5087, 5089, 5086, 5087, 5088, 5088, 6088, 5089, 5088, 5086, 5086, 809, 5089, 5908], "personaname": "Alex丶", "name": null, "last_login": null, "rank_tier": 52, "computed_mmr": 3754.06, "is_subscriber": false, "radiant_win": false, "start_time": 1753752590, "duration": 2349, "cluster": 241, "lobby_type": 7, "game_mode": 22, "is_contributor": false, "patch": 58, "region": 14, "isRadiant": true, "win": 0, "lose": 1, "total_gold": 13663, "total_xp": 21415, "kills_per_min": 0.1277139208173691, "kda": 1.25, "abandons": 0, "benchmarks": {"gold_per_min": {"raw": 349, "pct": 0.0588997962585664}, "xp_per_min": {"raw": 547, "pct": 0.14521207631042785}, "kills_per_min": {"raw": 0.1277139208173691, "pct": 0.21170587145767736}, "last_hits_per_min": {"raw": 3.5759897828863343, "pct": 0.07112428227449527}, "hero_damage_per_min": {"raw": 622.6309067688378, "pct": 0.3026486386367846}, "hero_healing_per_min": {"raw": 0, "pct": 0.9507316169661049}, "tower_damage": {"raw": 1230, "pct": 0.17466197443971107}}}, {"player_slot": 1, "team_number": 0, "team_slot": 1, "hero_id": 34, "hero_variant": 2, "item_0": 223, "item_1": 108, "item_2": 202, "item_3": 232, "item_4": 1, "item_5": 1107, "backpack_0": 0, "backpack_1": 0, "backpack_2": 0, "item_neutral": 675, "item_neutral2": 1593, "kills": 5, "deaths": 8, "assists": 9, "leaver_status": 0, "last_hits": 300, "denies": 7, "gold_per_min": 590, "xp_per_min": 694, "level": 22, "net_worth": 20616, "aghanims_scepter": 0, "aghanims_shard": 0, "moonshard": 0, "hero_damage": 42793, "tower_damage": 5138, "hero_healing": 0, "gold": 1391, "gold_spent": 20240, "ability_upgrades_arr": [5150, 650, 5152, 5152, 5152, 5153, 5152, 5150, 5150, 800, 5150, 5153, 650, 650, 650, 6152, 5153, 413], "is_subscriber": false, "radiant_win": false, "start_time": 1753752590, "duration": 2349, "cluster": 241, "lobby_type": 7, "game_mode": 22, "is_contributor": false, "patch": 58, "region": 14, "isRadiant": true, "win": 0, "lose": 1, "total_gold": 23098, "total_xp": 27170, "kills_per_min": 0.1277139208173691, "kda": 1.56, "abandons": 0, "benchmarks": {"gold_per_min": {"raw": 590, "pct": 0.5844011142061282}, "xp_per_min": {"raw": 694, "pct": 0.37827298050139274}, "kills_per_min": {"raw": 0.1277139208173691, "pct": 0.3626740947075209}, "last_hits_per_min": {"raw": 7.662835249042146, "pct": 0.566016713091922}, "hero_damage_per_min": {"raw": 1093.0523627075352, "pct": 0.8356545961002786}, "hero_healing_per_min": {"raw": 0, "pct": 0.2540389972144847}, "tower_damage": {"raw": 5138, "pct": 0.9905292479108635}}}, {"player_slot": 2, "team_number": 0, "team_slot": 2, "hero_id": 5, "hero_variant": 4, "item_0": 37, "item_1": 254, "item_2": 214, "item_3": 36, "item_4": 43, "item_5": 0, "backpack_0": 0, "backpack_1": 0, "backpack_2": 0, "item_neutral": 840, "item_neutral2": 1585, "kills": 2, "deaths": 12, "assists": 9, "leaver_status": 0, "last_hits": 23, "denies": 3, "gold_per_min": 186, "xp_per_min": 286, "level": 14, "net_worth": 6103, "aghanims_scepter": 0, "aghanims_shard": 0, "moonshard": 0, "hero_damage": 10167, "tower_damage": 123, "hero_healing": 0, "gold": 953, "gold_spent": 6205, "ability_upgrades_arr": [5127, 5126, 5127, 5128, 5127, 5129, 5126, 5128, 5126, 5926, 5127, 5129, 5126, 5128], "is_subscriber": false, "radiant_win": false, "start_time": 1753752590, "duration": 2349, "cluster": 241, "lobby_type": 7, "game_mode": 22, "is_contributor": false, "patch": 58, "region": 14, "isRadiant": true, "win": 0, "lose": 1, "total_gold": 7281, "total_xp": 11196, "kills_per_min": 0.05108556832694764, "kda": 0.85, "abandons": 0, "benchmarks": {"gold_per_min": {"raw": 186, "pct": 0.018799102132435467}, "xp_per_min": {"raw": 286, "pct": 0.053591470258136924}, "kills_per_min": {"raw": 0.05108556832694764, "pct": 0.1781705948372615}, "last_hits_per_min": {"raw": 0.5874840357598978, "pct": 0.04601571268237935}, "hero_damage_per_min": {"raw": 259.69348659003833, "pct": 0.1015712682379349}, "hero_healing_per_min": {"raw": 0, "pct": 0.7067901234567902}, "tower_damage": {"raw": 123, "pct": 0.3574635241301908}}}, {"player_slot": 3, "team_number": 0, "team_slot": 3, "hero_id": 84, "hero_variant": 1, "item_0": 36, "item_1": 216, "item_2": 223, "item_3": 180, "item_4": 40, "item_5": 232, "backpack_0": 0, "backpack_1": 23, "backpack_2": 0, "item_neutral": 947, "item_neutral2": 1577, "kills": 3, "deaths": 12, "assists": 13, "leaver_status": 0, "last_hits": 86, "denies": 2, "gold_per_min": 292, "xp_per_min": 305, "level": 14, "net_worth": 9356, "aghanims_scepter": 0, "aghanims_shard": 0, "moonshard": 0, "hero_damage": 35193, "tower_damage": 361, "hero_healing": 0, "gold": 1071, "gold_spent": 10785, "ability_upgrades_arr": [5439, 5438, 5439, 5438, 5439, 5441, 5439, 5440, 5438, 5438, 403, 5441, 5440, 5440], "is_subscriber": false, "radiant_win": false, "start_time": 1753752590, "duration": 2349, "cluster": 241, "lobby_type": 7, "game_mode": 22, "is_contributor": false, "patch": 58, "region": 14, "isRadiant": true, "win": 0, "lose": 1, "total_gold": 11431, "total_xp": 11940, "kills_per_min": 0.07662835249042146, "kda": 1.23, "abandons": 0, "benchmarks": {"gold_per_min": {"raw": 292, "pct": 0.08873790405600164}, "xp_per_min": {"raw": 305, "pct": 0.046119003500102944}, "kills_per_min": {"raw": 0.07662835249042146, "pct": 0.2958616429894997}, "last_hits_per_min": {"raw": 2.1966794380587484, "pct": 0.4006588429071443}, "hero_damage_per_min": {"raw": 898.9272030651341, "pct": 0.9238212888614371}, "hero_healing_per_min": {"raw": 0, "pct": 0.6600782375952234}, "tower_damage": {"raw": 361, "pct": 0.4144533662754787}}}, {"player_slot": 4, "team_number": 0, "team_slot": 4, "hero_id": 8, "hero_variant": 2, "item_0": 1, "item_1": 158, "item_2": 108, "item_3": 225, "item_4": 65, "item_5": 63, "backpack_0": 0, "backpack_1": 0, "backpack_2": 0, "item_neutral": 1643, "item_neutral2": 1586, "kills": 7, "deaths": 5, "assists": 4, "leaver_status": 0, "last_hits": 357, "denies": 18, "gold_per_min": 606, "xp_per_min": 814, "level": 24, "net_worth": 21698, "aghanims_scepter": 0, "aghanims_shard": 0, "moonshard": 0, "hero_damage": 34810, "tower_damage": 773, "hero_healing": 3620, "gold": 1773, "gold_spent": 21220, "ability_upgrades_arr": [5027, 5028, 5028, 5027, 5027, 5030, 5029, 5027, 5028, 5028, 5029, 5029, 5030, 7021, 1192, 730, 730, 5030, 730, 5029, 6105], "is_subscriber": false, "radiant_win": false, "start_time": 1753752590, "duration": 2349, "cluster": 241, "lobby_type": 7, "game_mode": 22, "is_contributor": false, "patch": 58, "region": 14, "isRadiant": true, "win": 0, "lose": 1, "total_gold": 23724, "total_xp": 31868, "kills_per_min": 0.17879948914431673, "kda": 1.83, "abandons": 0, "benchmarks": {"gold_per_min": {"raw": 606, "pct": 0.5581792318634424}, "xp_per_min": {"raw": 814, "pct": 0.5368421052631579}, "kills_per_min": {"raw": 0.17879948914431673, "pct": 0.44352773826458036}, "last_hits_per_min": {"raw": 9.118773946360154, "pct": 0.6816500711237553}, "hero_damage_per_min": {"raw": 889.1443167305235, "pct": 0.8213371266002845}, "hero_healing_per_min": {"raw": 92.46487867177522, "pct": 0.4176386913229018}, "tower_damage": {"raw": 773, "pct": 0.30327169274537696}}}, {"player_slot": 128, "team_number": 1, "team_slot": 0, "hero_id": 99, "hero_variant": 2, "item_0": 50, "item_1": 226, "item_2": 242, "item_3": 90, "item_4": 36, "item_5": 114,