{"players": [{"account_id": 45421382, "player_slot": 0, "team_number": 0, "team_slot": 0, "hero_id": 47, "hero_variant": 1, "item_0": 263, "item_1": 135, "item_2": 127, "item_3": 50, "item_4": 226, "item_5": 170, "backpack_0": 0, "backpack_1": 0, "backpack_2": 0, "item_neutral": 828, "item_neutral2": 1583, "kills": 15, "deaths": 6, "assists": 16, "leaver_status": 0, "last_hits": 216, "denies": 13, "gold_per_min": 550, "xp_per_min": 741, "level": 25, "net_worth": 22955, "aghanims_scepter": 0, "aghanims_shard": 1, "moonshard": 0, "hero_damage": 30693, "tower_damage": 15657, "hero_healing": 0, "gold": 2555, "gold_spent": 24740, "ability_upgrades_arr": [5218, 5220, 5219, 5218, 5220, 5221, 5220, 5218, 5218, 5220, 5219, 5221, 5219, 5219, 6156, 984, 5221, 6165], "personaname": "La Chaucha", "name": null, "last_login": "2026-03-03T14:36:01.200Z", "rank_tier": 42, "computed_mmr": 4031.51, "is_subscriber": false, "radiant_win": true, "start_time": 1752453017, "duration": 2813, "cluster": 241, "lobby_type": 0, "game_mode": 22, "is_contributor": false, "patch": 58, "region": 14, "isRadiant": true, "win": 1, "lose": 0, "total_gold": 25785, "total_xp": 34740, "kills_per_min": 0.3199431212228937, "kda": 4.43, "abandons": 0, "benchmarks": {"gold_per_min": {"raw": 550, "pct": 0.7161854103343465}, "xp_per_min": {"raw": 741, "pct": 0.6014437689969605}, "kills_per_min": {"raw": 0.3199431212228937, "pct": 0.7283434650455927}, "last_hits_per_min": {"raw": 4.607180945609669, "pct": 0.5189969604863222}, "hero_damage_per_min": {"raw": 654.6676146462851, "pct": 0.42135258358662614}, "hero_healing_per_min": {"raw": 0, "pct": 0.8674012158054711}, "tower_damage": {"raw": 15657, "pct": 0.9836626139817629}}}, {"account_id": 65137360, "player_slot": 1, "team_number": 0, "team_slot": 1, "hero_id": 101, "hero_variant": 1, "item_0": 16, "item_1": 244, "item_2": 218, "item_3": 231, "item_4": 1466, "item_5": 16, "backpack_0": 0, "backpack_1": 0, "backpack_2": 0, "item_neutral": 1642, "item_neutral2": 1583, "kills": 9, "deaths": 8, "assists": 16, "leaver_status": 0, "last_hits": 41, "denies": 1, "gold_per_min": 351, "xp_per_min": 500, "level": 20, "net_worth": 13825, "aghanims_scepter": 0, "aghanims_shard": 0, "moonshard": 0, "hero_damage": 22001, "tower_damage": 505, "hero_healing": 4165, "gold": 3600, "gold_spent": 11865, "ability_upgrades_arr": [5582, 5581, 5582, 5583, 5582, 5584, 5582, 5583, 5583, 5583, 7132, 5584, 5581, 5581, 6181, 5581, 5584, 6885], "personaname": "PatoDeGoma", "name": null, "last_login": "2021-02-10T20:32:57.535Z", "rank_tier": 45, "computed_mmr": null, "is_subscriber": false, "radiant_win": true, "start_time": 1752453017, "duration": 2813, "cluster": 241, "lobby_type": 0, "game_mode": 22, "is_contributor": false, "patch": 58, "region": 14, "isRadiant": true, "win": 1, "lose": 0, "total_gold": 16456, "total_xp": 23441, "kills_per_min": 0.19196587273373622, "kda": 2.78, "abandons": 0, "benchmarks": {"gold_per_min": {"raw": 351, "pct": 0.4297478126608338}, "xp_per_min": {"raw": 500, "pct": 0.3072568193515183}, "kills_per_min": {"raw": 0.19196587273373622, "pct": 0.5367987647967061}, "last_hits_per_min": {"raw": 0.8745111980092427, "pct": 0.21461657231085948}, "hero_damage_per_min": {"raw": 469.2712406683256, "pct": 0.23854863612969635}, "hero_healing_per_min": {"raw": 88.83753999289016, "pct": 0.9958826556870818}, "tower_damage": {"raw": 505, "pct": 0.574112197632527}}}, {"account_id": 37467834, "player_slot": 2, "team_number": 0, "team_slot": 2, "hero_id": 54, "hero_variant": 5, "item_0": 135, "item_1": 108, "item_2": 50, "item_3": 137, "item_4": 154, "item_5": 143, "backpack_0": 0, "backpack_1": 0, "backpack_2": 36, "item_neutral": 1605, "item_neutral2": 1589, "kills": 2, "deaths": 2, "assists": 18, "leaver_status": 0, "last_hits": 299, "denies": 9, "gold_per_min": 539, "xp_per_min": 778, "level": 25, "net_worth": 25221, "aghanims_scepter": 0, "aghanims_shard": 1, "moonshard": 0, "hero_damage": 26021, "tower_damage": 8388, "hero_healing": 2304, "gold": 1196, "gold_spent": 24720, "ability_upgrades_arr": [631, 5251, 631, 5249, 631, 5252, 631, 5249, 5249, 5249, 5251, 5252, 5251, 5251, 6676, 499, 5252, 709, 6173], "personaname": "ExtremoDiaz", "name": null, "last_login": null, "rank_tier": 22, "computed_mmr": 3968.35, "is_subscriber": false, "radiant_win": true, "start_time": 1752453017, "duration": 2813, "cluster": 241, "lobby_type": 0, "game_mode": 22, "is_contributor": false, "patch": 58, "region": 14, "isRadiant": true, "win": 1, "lose": 0, "total_gold": 25270, "total_xp": 36475, "kills_per_min": 0.04265908282971916, "kda": 6.67, "abandons": 0, "benchmarks": {"gold_per_min": {"raw": 539, "pct": 0.31191739566900906}, "xp_per_min": {"raw": 778, "pct": 0.36555284669439264}, "kills_per_min": {"raw": 0.04265908282971916, "pct": 0.05463932310339882}, "last_hits_per_min": {"raw": 6.377532883043015, "pct": 0.2594292270184999}, "hero_damage_per_min": {"raw": 555.0159971560612, "pct": 0.31421196041875804}, "hero_healing_per_min": {"raw": 49.14326341983647, "pct": 0.6533773124910368}, "tower_damage": {"raw": 8388, "pct": 0.5578660547827334}}}, {"player_slot": 3, "team_number": 0, "team_slot": 3, "hero_id": 102, "hero_variant": 3, "item_0": 267, "item_1": 127, "item_2": 180, "item_3": 114, "item_4": 9, "item_5": 73, "backpack_0": 188, "backpack_1": 218, "backpack_2": 190, "item_neutral": 1608, "item_neutral2": 1594, "kills": 9, "deaths": 7, "assists": 20, "leaver_status": 0, "last_hits": 139, "denies": 4, "gold_per_min": 461, "xp_per_min": 645, "level": 23, "net_worth": 18752, "aghanims_scepter": 0, "aghanims_shard": 1, "moonshard": 0, "hero_damage": 34715, "tower_damage": 1514, "hero_healing": 4830, "gold": 1797, "gold_spent": 19895, "ability_upgrades_arr": [5585, 5586, 5586, 5585, 5586, 5588, 5585, 5585, 5586, 5587, 972, 5588, 5587, 5587, 6601, 5587, 5588, 6100], "is_subscriber": false, "radiant_win": true, "start_time": 1752453017, "duration": 2813, "cluster": 241, "lobby_type": 0, "game_mode": 22, "is_contributor": false, "patch": 58, "region": 14, "isRadiant": true, "win": 1, "lose": 0, "total_gold": 21613, "total_xp": 30239, "kills_per_min": 0.19196587273373622, "kda": 3.63, "abandons": 0, "benchmarks": {"gold_per_min": {"raw": 461, "pct": 0.7207207207207207}, "xp_per_min": {"raw": 645, "pct": 0.6045045045045045}, "kills_per_min": {"raw": 0.19196587273373622, "pct": 0.7513513513513513}, "last_hits_per_min": {"raw": 2.9648062566654816, "pct": 0.5567567567567567}, "hero_damage_per_min": {"raw": 740.4550302168503, "pct": 0.845945945945946}, "hero_healing_per_min": {"raw": 103.02168503377177, "pct": 0.5855855855855856}, "tower_damage": {"raw": 1514, "pct": 0.6243243243243243}}}, {"player_slot": 4, "team_number": 0, "team_slot": 4, "hero_id": 104, "hero_variant": 1, "item_0": 50, "item_1": 127, "item_2": 210, "item_3": 1, "item_4": 226, "item_5": 108, "backpack_0": 244, "backpack_1": 0, "backpack_2": 36, "item_neutral": 1603, "item_neutral2": 1597, "kills": 8, "deaths": 6, "assists": 17, "leaver_status": 0, "last_hits": 234, "denies": 5, "gold_per_min": 525, "xp_per_min": 659, "level": 23, "net_worth": 19638, "aghanims_scepter": 0, "aghanims_shard": 0, "moonshard": 0, "hero_damage": 28264, "tower_damage": 5718, "hero_healing": 2106, "gold": 2063, "gold_spent": 20795, "ability_upgrades_arr": [5595, 5597, 5596, 5595, 5595, 5598, 5595, 5597, 5596, 1113, 5596, 5598, 5597, 5596, 6671, 5597, 5598, 7395], "is_subscriber": false, "radiant_win": true, "start_time": 1752453017, "duration": 2813, "cluster": 241, "lobby_type": 0, "game_mode": 22, "is_contributor": false, "patch": 58, "region": 14, "isRadiant": true, "win": 1, "lose": 0, "total_gold": 24613, "total_xp": 30896, "kills_per_min": 0.17063633131887665, "kda": 3.57, "abandons": 0, "benchmarks": {"gold_per_min": {"raw": 525, "pct": 0.6263753536623703}, "xp_per_min": {"raw": 659, "pct": 0.41810751336057844}, "kills_per_min": {"raw": 0.17063633131887665, "pct": 0.33118516189877395},