{"players": [{"account_id": 89368655, "player_slot": 0, "team_number": 0, "team_slot": 0, "hero_id": 60, "hero_variant": 2, "item_0": 135, "item_1": 116, "item_2": 50, "item_3": 21, "item_4": 143, "item_5": 939, "backpack_0": 17, "backpack_1": 0, "backpack_2": 0, "item_neutral": 1603, "item_neutral2": 1584, "kills": 13, "deaths": 6, "assists": 21, "leaver_status": 0, "last_hits": 169, "denies": 5, "gold_per_min": 527, "xp_per_min": 929, "level": 26, "net_worth": 22097, "aghanims_scepter": 0, "aghanims_shard": 0, "moonshard": 0, "hero_damage": 28298, "tower_damage": 5548, "hero_healing": 0, "gold": 797, "gold_spent": 22495, "ability_upgrades_arr": [5275, 5276, 5275, 5277, 5275, 5278, 5275, 5277, 5277, 816, 5277, 5278, 5276, 5276, 480, 5276, 5278, 6145, 6129], "personaname": "Tichondrius", "name": null, "last_login": null, "rank_tier": 62, "computed_mmr": 4128.5, "is_subscriber": false, "radiant_win": true, "start_time": 1752872281, "duration": 2656, "cluster": 241, "lobby_type": 7, "game_mode": 22, "is_contributor": false, "patch": 58, "region": 14, "isRadiant": true, "win": 1, "lose": 0, "total_gold": 23328, "total_xp": 41123, "kills_per_min": 0.2936746987951807, "kda": 4.86, "abandons": 0, "benchmarks": {"gold_per_min": {"raw": 527, "pct": 0.6234309623430963}, "xp_per_min": {"raw": 929, "pct": 0.8330543933054393}, "kills_per_min": {"raw": 0.2936746987951807, "pct": 0.6602510460251046}, "last_hits_per_min": {"raw": 3.8177710843373496, "pct": 0.22384937238493724}, "hero_damage_per_min": {"raw": 639.2620481927711, "pct": 0.6610878661087866}, "hero_healing_per_min": {"raw": 0, "pct": 0.9121338912133892}, "tower_damage": {"raw": 5548, "pct": 0.7418410041841004}}}, {"player_slot": 1, "team_number": 0, "team_slot": 1, "hero_id": 83, "hero_variant": 2, "item_0": 231, "item_1": 610, "item_2": 36, "item_3": 4206, "item_4": 223, "item_5": 218, "backpack_0": 4206, "backpack_1": 0, "backpack_2": 0, "item_neutral": 1607, "item_neutral2": 1577, "kills": 4, "deaths": 3, "assists": 39, "leaver_status": 0, "last_hits": 111, "denies": 5, "gold_per_min": 454, "xp_per_min": 922, "level": 26, "net_worth": 18860, "aghanims_scepter": 0, "aghanims_shard": 1, "moonshard": 0, "hero_damage": 17508, "tower_damage": 4839, "hero_healing": 9904, "gold": 2210, "gold_spent": 17905, "ability_upgrades_arr": [5435, 338, 5435, 338, 338, 5437, 338, 5435, 5435, 755, 5436, 5437, 5436, 5436, 5436, 340, 5437, 756, 1131], "is_subscriber": false, "radiant_win": true, "start_time": 1752872281, "duration": 2656, "cluster": 241, "lobby_type": 7, "game_mode": 22, "is_contributor": false, "patch": 58, "region": 14, "isRadiant": true, "win": 1, "lose": 0, "total_gold": 20097, "total_xp": 40813, "kills_per_min": 0.09036144578313253, "kda": 10.75, "abandons": 0, "benchmarks": {"gold_per_min": {"raw": 454, "pct": 0.9172335600907029}, "xp_per_min": {"raw": 922, "pct": 0.9750566893424036}, "kills_per_min": {"raw": 0.09036144578313253, "pct": 0.5476190476190477}, "last_hits_per_min": {"raw": 2.5075301204819276, "pct": 0.7959183673469388}, "hero_damage_per_min": {"raw": 395.5120481927711, "pct": 0.6723356009070295}, "hero_healing_per_min": {"raw": 223.73493975903617, "pct": 0.9206349206349206}, "tower_damage": {"raw": 4839, "pct": 0.9512471655328798}}}, {"player_slot": 2, "team_number": 0, "team_slot": 2, "hero_id": 14, "hero_variant": 3, "item_0": 90, "item_1": 1, "item_2": 119, "item_3": 31, "item_4": 50, "item_5": 108, "backpack_0": 0, "backpack_1": 0, "backpack_2": 0, "item_neutral": 1641, "item_neutral2": 1597, "kills": 14, "deaths": 12, "assists": 24, "leaver_status": 0, "last_hits": 133, "denies": 3, "gold_per_min": 519, "xp_per_min": 749, "level": 24, "net_worth": 18778, "aghanims_scepter": 0, "aghanims_shard": 0, "moonshard": 0, "hero_damage": 20890, "tower_damage": 1386, "hero_healing": 0, "gold": 1128, "gold_spent": 18480, "ability_upgrades_arr": [5075, 5076, 5076, 5075, 5076, 5077, 5075, 5076, 5075, 5074, 7142, 5077, 5074, 5074, 6565, 5074, 5077, 408], "is_subscriber": false, "radiant_win": true, "start_time": 1752872281, "duration": 2656, "cluster": 241, "lobby_type": 7, "game_mode": 22, "is_contributor": false, "patch": 58, "region": 14, "isRadiant": true, "win": 1, "lose": 0, "total_gold": 22974, "total_xp": 33155, "kills_per_min": 0.31626506024096385, "kda": 2.92, "abandons": 0, "benchmarks": {"gold_per_min": {"raw": 519, "pct": 0.8675112479280133}, "xp_per_min": {"raw": 749, "pct": 0.7654511011129529}, "kills_per_min": {"raw": 0.31626506024096385, "pct": 0.8585129055174047}, "last_hits_per_min": {"raw": 3.0045180722891565, "pct": 0.6455126687189202}, "hero_damage_per_min": {"raw": 471.91265060240966, "pct": 0.4605730523324651}, "hero_healing_per_min": {"raw": 0, "pct": 0.7493488041676534}, "tower_damage": {"raw": 1386, "pct": 0.7859341700213118}}}, {"player_slot": 3, "team_number": 0, "team_slot": 3, "hero_id": 145, "hero_variant": 2, "item_0": 149, "item_1": 116, "item_2": 168, "item_3": 160, "item_4": 147, "item_5": 63, "backpack_0": 0, "backpack_1": 0, "backpack_2": 0, "item_neutral": 1608, "item_neutral2": 1577, "kills": 13, "deaths": 11, "assists": 16, "leaver_status": 0, "last_hits": 279, "denies": 5, "gold_per_min": 609, "xp_per_min": 810, "level": 25, "net_worth": 24525, "aghanims_scepter": 0, "aghanims_shard": 0, "moonshard": 0, "hero_damage": 34207, "tower_damage": 7013, "hero_healing": 0, "gold": 2125, "gold_spent": 25105, "ability_upgrades_arr": [1498, 1500, 1499, 1498, 1500, 1506, 1502, 1498, 1500, 1500, 1499, 1506, 1499, 6299, 1511, 1499, 1501, 1510, 1513], "is_subscriber": false, "radiant_win": true, "start_time": 1752872281, "duration": 2656, "cluster": 241, "lobby_type": 7, "game_mode": 22, "is_contributor": false, "patch": 58, "region": 14, "isRadiant": true, "win": 1, "lose": 0, "total_gold": 26958, "total_xp": 35856, "kills_per_min": 0.2936746987951807, "kda": 2.42, "abandons": 0, "benchmarks": {"gold_per_min": {"raw": 609, "pct": 0.660392798690671}, "xp_per_min": {"raw": 810, "pct": 0.5679214402618658}, "kills_per_min": {"raw": 0.2936746987951807, "pct": 0.6751227495908347}, "last_hits_per_min": {"raw": 6.302710843373494, "pct": 0.48527004909983634}, "hero_damage_per_min": {"raw": 772.7484939759037, "pct": 0.5867430441898527}, "hero_healing_per_min": {"raw": 0, "pct": 0.9361702127659575}, "tower_damage": {"raw": 7013, "pct": 0.7618657937806874}}}, {"player_slot": 4, "team_number": 0, "team_slot": 4, "hero_id": 25, "hero_variant": 1, "item_0": 48, "item_1": 156, "item_2": 116, "item_3": 152, "item_4": 141, "item_5": 117, "backpack_0": 36, "backpack_1": 41, "backpack_2": 0, "item_neutral": 1641, "item_neutral2": 1583, "kills": 15, "deaths": 8, "assists": 20, "leaver_status": 0, "last_hits": 326, "denies": 9, "gold_per_min": 713, "xp_per_min": 1090, "level": 27, "net_worth": 29013, "aghanims_scepter": 0, "aghanims_shard": 0, "moonshard": 0, "hero_damage": 43593, "tower_damage": 14201, "hero_healing": 8, "gold": 7638, "gold_spent": 23520, "ability_upgrades_arr": [5041, 5042, 5041, 5040, 5042, 5043, 5041, 5042, 5041, 5040, 5042, 5043, 6009, 5040, 6509, 5040, 5043, 844, 1442, 6212], "is_subscriber": false, "radiant_win": true, "start_time": 1752872281, "duration": 2656, "cluster": 241, "lobby_type": 7, "game_mode": 22, "is_contributor": false, "patch": 58, "region": 14, "isRadiant": true, "win": 1, "lose": 0, "total_gold": 31562, "total_xp": 48250, "kills_per_min": 0.338855421686747, "kda": 3.89, "abandons": 0, "benchmarks": {"gold_per_min": {"raw": 713, "pct": 0.8704051515964583}, "xp_per_min": {"raw": 1090, "pct": 0.8725516501207405}, "kills_per_min": {"raw": 0.338855421686747, "pct": 0.7461765495036222}, "last_hits_per_min": {"raw": 7.364457831325301, "pct": 0.6863429031392541}, "hero_damage_per_min": {"raw": 984.781626506024, "pct": 0.8242554333243896}, "hero_healing_per_min": {"raw": 0.18072289156626506, "pct": 0.8529648510866649}, "tower_damage": {"raw": 14201, "pct": 0.9398980413200966}}}, {"player_slot": 128, "team_number": 1, "team_slot": 0, "hero_id": 79,