{"players": [{"account_id": 239058686, "player_slot": 0, "team_number": 0, "team_slot": 0, "hero_id": 67, "hero_variant": 3, "item_0": 63, "item_1": 36, "item_2": 208, "item_3": 1107, "item_4": 137, "item_5": 147, "backpack_0": 0, "backpack_1": 0, "backpack_2": 0, "item_neutral": 1605, "item_neutral2": 1585, "kills": 13, "deaths": 4, "assists": 29, "leaver_status": 0, "last_hits": 206, "denies": 4, "gold_per_min": 601, "xp_per_min": 962, "level": 25, "net_worth": 22076, "aghanims_scepter": 0, "aghanims_shard": 0, "moonshard": 0, "hero_damage": 42014, "tower_damage": 3626, "hero_healing": 0, "gold": 1916, "gold_spent": 20990, "ability_upgrades_arr": [5334, 5336, 5334, 1679, 1679, 5337, 5336, 5336, 5336, 6900, 1679, 1679, 5334, 5337, 5334, 8040, 5337, 6195, 6903], "personaname": "VOLK", "name": null, "last_login": null, "rank_tier": 43, "computed_mmr": 3884.76, "is_subscriber": false, "radiant_win": true, "start_time": 1768061874, "duration": 2286, "cluster": 272, "lobby_type": 7, "game_mode": 22, "is_contributor": false, "patch": 59, "region": 3, "isRadiant": true, "win": 1, "lose": 0, "total_gold": 22898, "total_xp": 36652, "kills_per_min": 0.3412073490813648, "kda": 8.4, "abandons": 0, "benchmarks": {"gold_per_min": {"raw": 601, "pct": 0.6010436432637571}, "xp_per_min": {"raw": 962, "pct": 0.6712523719165086}, "kills_per_min": {"raw": 0.34120734908136485, "pct": 0.7860531309297912}, "last_hits_per_min": {"raw": 5.406824146981627, "pct": 0.3221062618595825}, "hero_damage_per_min": {"raw": 1102.7296587926508, "pct": 0.6826375711574952}, "hero_healing_per_min": {"raw": 0, "pct": 0.9487666034155597}, "tower_damage": {"raw": 3626, "pct": 0.5360531309297912}}}, {"player_slot": 1, "team_number": 0, "team_slot": 1, "hero_id": 81, "hero_variant": 2, "item_0": 151, "item_1": 1, "item_2": 250, "item_3": 0, "item_4": 112, "item_5": 63, "backpack_0": 0, "backpack_1": 0, "backpack_2": 0, "item_neutral": 1603, "item_neutral2": 1585, "kills": 21, "deaths": 5, "assists": 17, "leaver_status": 0, "last_hits": 199, "denies": 13, "gold_per_min": 612, "xp_per_min": 866, "level": 24, "net_worth": 21842, "aghanims_scepter": 0, "aghanims_shard": 1, "moonshard": 0, "hero_damage": 36427, "tower_damage": 8535, "hero_healing": 0, "gold": 2542, "gold_spent": 20715, "ability_upgrades_arr": [5426, 5428, 5427, 5428, 5428, 5429, 5428, 5426, 5427, 5426, 871, 5426, 5429, 5427, 5427, 872, 5429, 6133], "is_subscriber": false, "radiant_win": true, "start_time": 1768061874, "duration": 2286, "cluster": 272, "lobby_type": 7, "game_mode": 22, "is_contributor": false, "patch": 59, "region": 3, "isRadiant": true, "win": 1, "lose": 0, "total_gold": 23317, "total_xp": 32994, "kills_per_min": 0.5511811023622047, "kda": 6.33, "abandons": 0, "benchmarks": {"gold_per_min": {"raw": 612, "pct": 0.8254048582995951}, "xp_per_min": {"raw": 866, "pct": 0.7601214574898786}, "kills_per_min": {"raw": 0.5511811023622047, "pct": 0.951417004048583}, "last_hits_per_min": {"raw": 5.223097112860892, "pct": 0.5981781376518218}, "hero_damage_per_min": {"raw": 956.0892388451443, "pct": 0.8825910931174089}, "hero_healing_per_min": {"raw": 0, "pct": 0.9610323886639676}, "tower_damage": {"raw": 8535, "pct": 0.7965587044534413}}}, {"player_slot": 2, "team_number": 0, "team_slot": 2, "hero_id": 25, "hero_variant": 2, "item_0": 158, "item_1": 48, "item_2": 1, "item_3": 100, "item_4": 108, "item_5": 123, "backpack_0": 0, "backpack_1": 0, "backpack_2": 0, "item_neutral": 1604, "item_neutral2": 1594, "kills": 13, "deaths": 7, "assists": 14, "leaver_status": 0, "last_hits": 291, "denies": 9, "gold_per_min": 693, "xp_per_min": 957, "level": 25, "net_worth": 24896, "aghanims_scepter": 0, "aghanims_shard": 0, "moonshard": 0, "hero_damage": 24834, "tower_damage": 11065, "hero_healing": 0, "gold": 3046, "gold_spent": 22665, "ability_upgrades_arr": [5040, 5042, 5040, 5041, 5040, 5043, 5040, 5042, 5042, 6212, 5041, 5041, 5043, 5041, 5042, 6509, 5043, 6313, 961], "is_subscriber": false, "radiant_win": true, "start_time": 1768061874, "duration": 2286, "cluster": 272, "lobby_type": 7, "game_mode": 22, "is_contributor": false, "patch": 59, "region": 3, "isRadiant": true, "win": 1, "lose": 0, "total_gold": 26403, "total_xp": 36461, "kills_per_min": 0.3412073490813648, "kda": 3.38, "abandons": 0, "benchmarks": {"gold_per_min": {"raw": 693, "pct": 0.8203745743473326}, "xp_per_min": {"raw": 957, "pct": 0.7403518728717366}, "kills_per_min": {"raw": 0.34120734908136485, "pct": 0.742905788876277}, "last_hits_per_min": {"raw": 7.637795275590552, "pct": 0.7119750283768445}, "hero_damage_per_min": {"raw": 651.8110236220473, "pct": 0.4125993189557321}, "hero_healing_per_min": {"raw": 0, "pct": 0.854994324631101}, "tower_damage": {"raw": 11065, "pct": 0.8459137343927355}}}, {"account_id": 140601852, "player_slot": 3, "team_number": 0, "team_slot": 3, "hero_id": 31, "hero_variant": 3, "item_0": 254, "item_1": 129, "item_2": 102, "item_3": 30, "item_4": 232, "item_5": 214, "backpack_0": 0, "backpack_1": 0, "backpack_2": 0, "item_neutral": 1604, "item_neutral2": 1583, "kills": 9, "deaths": 6, "assists": 26, "leaver_status": 0, "last_hits": 111, "denies": 5, "gold_per_min": 463, "xp_per_min": 879, "level": 24, "net_worth": 15379, "aghanims_scepter": 0, "aghanims_shard": 1, "moonshard": 0, "hero_damage": 25017, "tower_damage": 1491, "hero_healing": 400, "gold": 2454, "gold_spent": 15805, "ability_upgrades_arr": [5134, 5136, 7325, 5134, 5136, 5137, 5134, 7325, 5134, 5136, 530, 7325, 5136, 5137, 7325, 6292, 5137, 7360], "personaname": ".henzo", "name": null, "last_login": null, "rank_tier": 43, "computed_mmr": 3981.83, "is_subscriber": false, "radiant_win": true, "start_time": 1768061874, "duration": 2286, "cluster": 272, "lobby_type": 7, "game_mode": 22, "is_contributor": false, "patch": 59, "region": 3, "isRadiant": true, "win": 1, "lose": 0, "total_gold": 17640, "total_xp": 33489, "kills_per_min": 0.23622047244094488, "kda": 5, "abandons": 0, "benchmarks": {"gold_per_min": {"raw": 463, "pct": 0.9295364238410596}, "xp_per_min": {"raw": 879, "pct": 0.9652980132450331}, "kills_per_min": {"raw": 0.23622047244094488, "pct": 0.8439735099337748}, "last_hits_per_min": {"raw": 2.9133858267716537, "pct": 0.9112582781456954}, "hero_damage_per_min": {"raw": 656.6141732283464, "pct": 0.7891390728476821}, "hero_healing_per_min": {"raw": 10.498687664041993, "pct": 0.920794701986755}, "tower_damage": {"raw": 1491, "pct": 0.8908609271523179}}}, {"player_slot": 4, "team_number": 0, "team_slot": 4, "hero_id": 50, "hero_variant": 2, "item_0": 231, "item_1": 269, "item_2": 226, "item_3": 0, "item_4": 0, "item_5": 0, "backpack_0": 0, "backpack_1": 0, "backpack_2": 0, "item_neutral": 359, "item_neutral2": 1585, "kills": 5, "deaths": 7, "assists": 38, "leaver_status": 0, "last_hits": 55, "denies": 2, "gold_per_min": 349, "xp_per_min": 773, "level": 23, "net_worth": 11867, "aghanims_scepter": 0, "aghanims_shard": 0, "moonshard": 0, "hero_damage": 12476, "tower_damage": 2357, "hero_healing": 30652, "gold": 1367, "gold_spent": 11655, "ability_upgrades_arr": [5233, 5235, 5233, 5235, 5234, 1550, 5235, 5233, 5235, 5233, 6926, 5234, 1550, 5234, 5234, 6232, 1550, 1552], "is_subscriber": false, "radiant_win": true, "start_time": 1768061874, "duration": 2286, "cluster": 272, "lobby_type": 7, "game_mode": 22, "is_contributor": false, "patch": 59, "region": 3, "isRadiant": true, "win": 1, "lose": 0, "total_gold": 13296, "total_xp": 29451, "kills_per_min": 0.13123359580052493, "kda": 5.38, "abandons": 0, "benchmarks": {"gold_per_min": {"raw": 349, "pct": 0.63794068270845}, "xp_per_min": {"raw": 773, "pct": 0.9031897034135422}, "kills_per_min": {"raw": 0.13123359580052493, "pct": 0.6994963626189143}, "last_hits_per_min": {"raw": 1.4435695538057742, "pct": 0.4622271964185786}, "hero_damage_per_min": {"raw": 327.4540682414698, "pct": 0.5937325125909345}, "hero_healing_per_min": {"raw": 804.514435695538, "pct": 0.9837716843872412}, "tower_damage": {"raw": 2357,