{"players": [{"account_id": 151934718, "player_slot": 0, "team_number": 0, "team_slot": 0, "hero_id": 7, "hero_variant": 3, "item_0": 1, "item_1": 116, "item_2": 110, "item_3": 48, "item_4": 235, "item_5": 127, "backpack_0": 0, "backpack_1": 0, "backpack_2": 0, "item_neutral": 1642, "item_neutral2": 1592, "kills": 13, "deaths": 10, "assists": 15, "leaver_status": 0, "last_hits": 520, "denies": 8, "gold_per_min": 629, "xp_per_min": 906, "level": 29, "net_worth": 33985, "aghanims_scepter": 1, "aghanims_shard": 1, "moonshard": 0, "hero_damage": 32585, "tower_damage": 3898, "hero_healing": 0, "gold": 5885, "gold_spent": 31565, "ability_upgrades_arr": [5024, 5025, 5024, 5023, 5025, 5026, 5024, 5025, 5024, 5025, 5023, 5026, 5023, 5023, 858, 730, 450, 5026, 6425, 1208, 744, 6511], "personaname": "vicio", "name": null, "last_login": null, "rank_tier": 45, "computed_mmr": 4051.29, "is_subscriber": false, "radiant_win": true, "start_time": 1753238372, "duration": 3813, "cluster": 241, "lobby_type": 0, "game_mode": 22, "is_contributor": false, "patch": 58, "region": 14, "isRadiant": true, "win": 1, "lose": 0, "total_gold": 39972, "total_xp": 57576, "kills_per_min": 0.2045633359559402, "kda": 2.55, "abandons": 0, "benchmarks": {"gold_per_min": {"raw": 629, "pct": 0.9030584380120152}, "xp_per_min": {"raw": 906, "pct": 0.841616602949208}, "kills_per_min": {"raw": 0.2045633359559402, "pct": 0.618787547788094}, "last_hits_per_min": {"raw": 8.18253343823761, "pct": 0.956581103222283}, "hero_damage_per_min": {"raw": 512.7458693941778, "pct": 0.3375204806116876}, "hero_healing_per_min": {"raw": 0, "pct": 0.835608956854178}, "tower_damage": {"raw": 3898, "pct": 0.8940469688694702}}}, {"account_id": 153407828, "player_slot": 1, "team_number": 0, "team_slot": 1, "hero_id": 105, "hero_variant": 2, "item_0": 100, "item_1": 256, "item_2": 203, "item_3": 176, "item_4": 133, "item_5": 235, "backpack_0": 188, "backpack_1": 180, "backpack_2": 0, "item_neutral": 1604, "item_neutral2": 1592, "kills": 9, "deaths": 16, "assists": 26, "leaver_status": 0, "last_hits": 286, "denies": 3, "gold_per_min": 477, "xp_per_min": 759, "level": 27, "net_worth": 33245, "aghanims_scepter": 0, "aghanims_shard": 1, "moonshard": 0, "hero_damage": 63444, "tower_damage": 1286, "hero_healing": 125, "gold": 2620, "gold_spent": 26145, "ability_upgrades_arr": [879, 5601, 5601, 879, 886, 5599, 5601, 5601, 879, 6997, 886, 5599, 879, 886, 886, 6282, 5599, 412, 6998, 6000], "personaname": "El Facha", "name": null, "last_login": null, "rank_tier": 72, "computed_mmr": 4021.75, "is_subscriber": false, "radiant_win": true, "start_time": 1753238372, "duration": 3813, "cluster": 241, "lobby_type": 0, "game_mode": 22, "is_contributor": false, "patch": 58, "region": 14, "isRadiant": true, "win": 1, "lose": 0, "total_gold": 30313, "total_xp": 48234, "kills_per_min": 0.14162077104642015, "kda": 2.06, "abandons": 0, "benchmarks": {"gold_per_min": {"raw": 477, "pct": 0.6682577565632458}, "xp_per_min": {"raw": 759, "pct": 0.7913020418987006}, "kills_per_min": {"raw": 0.14162077104642015, "pct": 0.3023070803500398}, "last_hits_per_min": {"raw": 4.500393391030685, "pct": 0.8252452930257226}, "hero_damage_per_min": {"raw": 998.3320220298979, "pct": 0.671705118005834}, "hero_healing_per_min": {"raw": 1.966955153422502, "pct": 0.7645186953062848}, "tower_damage": {"raw": 1286, "pct": 0.605674887297799}}}, {"player_slot": 2, "team_number": 0, "team_slot": 2, "hero_id": 86, "hero_variant": 2, "item_0": 218, "item_1": 108, "item_2": 30, "item_3": 254, "item_4": 232, "item_5": 231, "backpack_0": 43, "backpack_1": 77, "backpack_2": 0, "item_neutral": 1604, "item_neutral2": 1592, "kills": 5, "deaths": 6, "assists": 35, "leaver_status": 0, "last_hits": 87, "denies": 3, "gold_per_min": 388, "xp_per_min": 761, "level": 27, "net_worth": 21533, "aghanims_scepter": 0, "aghanims_shard": 1, "moonshard": 0, "hero_damage": 27494, "tower_damage": 2994, "hero_healing": 1315, "gold": 5853, "gold_spent": 18360, "ability_upgrades_arr": [5450, 5448, 5450, 7320, 5450, 5452, 5450, 7320, 7320, 7320, 5448, 5452, 5448, 5448, 518, 6862, 5452, 6863, 6870, 897], "is_subscriber": false, "radiant_win": true, "start_time": 1753238372, "duration": 3813, "cluster": 241, "lobby_type": 0, "game_mode": 22, "is_contributor": false, "patch": 58, "region": 14, "isRadiant": true, "win": 1, "lose": 0, "total_gold": 24657, "total_xp": 48361, "kills_per_min": 0.07867820613690009, "kda": 5.71, "abandons": 0, "benchmarks": {"gold_per_min": {"raw": 388, "pct": 0.43528384279475985}, "xp_per_min": {"raw": 761, "pct": 0.7643668122270743}, "kills_per_min": {"raw": 0.07867820613690008, "pct": 0.2143231441048035}, "last_hits_per_min": {"raw": 1.3690007867820613, "pct": 0.09310043668122271}, "hero_damage_per_min": {"raw": 432.63571990558614, "pct": 0.2537991266375546}, "hero_healing_per_min": {"raw": 20.69236821400472, "pct": 0.8165938864628821}, "tower_damage": {"raw": 2994, "pct": 0.9130131004366813}}}, {"account_id": 93571607, "player_slot": 3, "team_number": 0, "team_slot": 3, "hero_id": 49, "hero_variant": 1, "item_0": 116, "item_1": 249, "item_2": 1, "item_3": 236, "item_4": 63, "item_5": 166, "backpack_0": 36, "backpack_1": 4206, "backpack_2": 73, "item_neutral": 828, "item_neutral2": 1594, "kills": 14, "deaths": 10, "assists": 14, "leaver_status": 0, "last_hits": 231, "denies": 4, "gold_per_min": 449, "xp_per_min": 634, "level": 26, "net_worth": 23180, "aghanims_scepter": 0, "aghanims_shard": 0, "moonshard": 0, "hero_damage": 17656, "tower_damage": 5622, "hero_healing": 0, "gold": 3875, "gold_spent": 19690, "ability_upgrades_arr": [5226, 5228, 5227, 5226, 5226, 5229, 5226, 5228, 5228, 5938, 5228, 5229, 5227, 5227, 5993, 5227, 5229, 740, 742], "personaname": "CUBITAS", "name": null, "last_login": null, "rank_tier": 12, "computed_mmr": null, "is_subscriber": false, "radiant_win": true, "start_time": 1753238372, "duration": 3813, "cluster": 241, "lobby_type": 0, "game_mode": 22, "is_contributor": false, "patch": 58, "region": 14, "isRadiant": true, "win": 1, "lose": 0, "total_gold": 28533, "total_xp": 40290, "kills_per_min": 0.22029897718332023, "kda": 2.55, "abandons": 0, "benchmarks": {"gold_per_min": {"raw": 449, "pct": 0.3026706231454006}, "xp_per_min": {"raw": 634, "pct": 0.3611699872827469}, "kills_per_min": {"raw": 0.22029897718332023, "pct": 0.6430690970750318}, "last_hits_per_min": {"raw": 3.634933123524784, "pct": 0.11615091140313692}, "hero_damage_per_min": {"raw": 277.8284815106216, "pct": 0.06528189910979229}, "hero_healing_per_min": {"raw": 0, "pct": 0.9520983467571005}, "tower_damage": {"raw": 5622, "pct": 0.5845697329376854}}}, {"player_slot": 4, "team_number": 0, "team_slot": 4, "hero_id": 4, "hero_variant": 1, "item_0": 116, "item_1": 208, "item_2": 939, "item_3": 135, "item_4": 123, "item_5": 154, "backpack_0": 0, "backpack_1": 0, "backpack_2": 0, "item_neutral": 326, "item_neutral2": 1581, "kills": 19, "deaths": 11, "assists": 16, "leaver_status": 0, "last_hits": 414, "denies": 6, "gold_per_min": 622, "xp_per_min": 916, "level": 29, "net_worth": 35329, "aghanims_scepter": 0, "aghanims_shard": 1, "moonshard": 0, "hero_damage": 35604, "tower_damage": 11201, "hero_healing": 0, "gold": 5179, "gold_spent": 31700, "ability_upgrades_arr": [5016, 5017, 5016, 5017, 5016, 5018, 5015, 5016, 5015, 5015, 5017, 5018, 5017, 5015, 6356, 6034, 5018, 6357, 905, 818, 819, 6230], "is_subscriber": false, "radiant_win": true, "start_time": 1753238372, "duration": 3813, "cluster": 241, "lobby_type": 0, "game_mode": 22, "is_contributor": false, "patch": 58, "region": 14, "isRadiant": true, "win": 1, "lose": 0, "total_gold": 39528, "total_xp": 58211, "kills_per_min": 0.29897718332022033, "kda": 2.92, "abandons": 0, "benchmarks": {"gold_per_min": {"raw": 622, "pct": 0.6026200873362445}, "xp_per_min": {"raw": 916, "pct": 0.6260917030567685}, "kills_per_min": {"raw": 0.2989771833202203, "pct": 0.587882096069869}, "last_hits_per_min": {"raw": 6.514555468135327,