{"players": [{"player_slot": 0, "team_number": 0, "team_slot": 0, "hero_id": 101, "hero_variant": 1, "item_0": 206, "item_1": 229, "item_2": 254, "item_3": 37, "item_4": 0, "item_5": 180, "backpack_0": 0, "backpack_1": 0, "backpack_2": 0, "item_neutral": 565, "item_neutral2": 1594, "kills": 10, "deaths": 8, "assists": 25, "leaver_status": 0, "last_hits": 41, "denies": 1, "gold_per_min": 404, "xp_per_min": 605, "level": 20, "net_worth": 12794, "aghanims_scepter": 0, "aghanims_shard": 0, "moonshard": 0, "hero_damage": 17893, "tower_damage": 848, "hero_healing": 0, "gold": 619, "gold_spent": 14325, "ability_upgrades_arr": [5582, 5581, 5583, 5582, 5582, 5584, 5582, 5583, 5583, 5583, 5581, 5584, 5581, 5581, 6181, 7132, 5584], "is_subscriber": false, "radiant_win": true, "start_time": 1761875917, "duration": 2258, "cluster": 346, "lobby_type": 0, "game_mode": 22, "is_contributor": false, "patch": 58, "region": 38, "isRadiant": true, "win": 1, "lose": 0, "total_gold": 15203, "total_xp": 22768, "kills_per_min": 0.2657218777679362, "kda": 3.89, "abandons": 0, "benchmarks": {"gold_per_min": {"raw": 404, "pct": 0.6390319258496395}, "xp_per_min": {"raw": 605, "pct": 0.5308959835221421}, "kills_per_min": {"raw": 0.26572187776793627, "pct": 0.7494850669412977}, "last_hits_per_min": {"raw": 1.0894596988485385, "pct": 0.2870751802265705}, "hero_damage_per_min": {"raw": 475.4561558901683, "pct": 0.24536560247167868}, "hero_healing_per_min": {"raw": 0, "pct": 0.7868177136972193}, "tower_damage": {"raw": 848, "pct": 0.6933573635427395}}}, {"player_slot": 1, "team_number": 0, "team_slot": 1, "hero_id": 2, "hero_variant": 2, "item_0": 50, "item_1": 127, "item_2": 1, "item_3": 116, "item_4": 73, "item_5": 0, "backpack_0": 0, "backpack_1": 0, "backpack_2": 0, "item_neutral": 1605, "item_neutral2": 1586, "kills": 13, "deaths": 15, "assists": 14, "leaver_status": 0, "last_hits": 121, "denies": 18, "gold_per_min": 503, "xp_per_min": 727, "level": 22, "net_worth": 15699, "aghanims_scepter": 0, "aghanims_shard": 1, "moonshard": 0, "hero_damage": 31955, "tower_damage": 3808, "hero_healing": 0, "gold": 3694, "gold_spent": 12260, "ability_upgrades_arr": [5008, 5009, 5007, 5009, 5009, 5010, 5009, 5007, 5007, 5008, 5008, 5010, 5007, 9401, 974, 5008, 5010, 562], "is_subscriber": false, "radiant_win": true, "start_time": 1761875917, "duration": 2258, "cluster": 346, "lobby_type": 0, "game_mode": 22, "is_contributor": false, "patch": 58, "region": 38, "isRadiant": true, "win": 1, "lose": 0, "total_gold": 18929, "total_xp": 27359, "kills_per_min": 0.3454384410983171, "kda": 1.69, "abandons": 0, "benchmarks": {"gold_per_min": {"raw": 503, "pct": 0.5792654579265458}, "xp_per_min": {"raw": 727, "pct": 0.5864714086471409}, "kills_per_min": {"raw": 0.34543844109831706, "pct": 0.7645281264528127}, "last_hits_per_min": {"raw": 3.2152347209920284, "pct": 0.14690841469084148}, "hero_damage_per_min": {"raw": 849.1142604074403, "pct": 0.7301255230125523}, "hero_healing_per_min": {"raw": 0, "pct": 0.9225941422594143}, "tower_damage": {"raw": 3808, "pct": 0.9335192933519293}}}, {"player_slot": 2, "team_number": 0, "team_slot": 2, "hero_id": 17, "hero_variant": 1, "item_0": 108, "item_1": 123, "item_2": 36, "item_3": 98, "item_4": 119, "item_5": 63, "backpack_0": 40, "backpack_1": 0, "backpack_2": 0, "item_neutral": 359, "item_neutral2": 1583, "kills": 15, "deaths": 6, "assists": 18, "leaver_status": 0, "last_hits": 187, "denies": 4, "gold_per_min": 627, "xp_per_min": 929, "level": 25, "net_worth": 21666, "aghanims_scepter": 0, "aghanims_shard": 0, "moonshard": 0, "hero_damage": 20831, "tower_damage": 7727, "hero_healing": 0, "gold": 2286, "gold_spent": 21600, "ability_upgrades_arr": [5098, 5100, 5098, 5100, 5099, 5101, 5098, 5100, 5098, 5100, 7132, 5101, 5099, 5099, 5903, 5099, 5101, 762, 6908], "is_subscriber": false, "radiant_win": true, "start_time": 1761875917, "duration": 2258, "cluster": 346, "lobby_type": 0, "game_mode": 22, "is_contributor": false, "patch": 58, "region": 38, "isRadiant": true, "win": 1, "lose": 0, "total_gold": 23596, "total_xp": 34961, "kills_per_min": 0.39858281665190437, "kda": 4.71, "abandons": 0, "benchmarks": {"gold_per_min": {"raw": 627, "pct": 0.748211091234347}, "xp_per_min": {"raw": 929, "pct": 0.7057245080500895}, "kills_per_min": {"raw": 0.39858281665190437, "pct": 0.8296064400715564}, "last_hits_per_min": {"raw": 4.9689991142604075, "pct": 0.2983005366726297}, "hero_damage_per_min": {"raw": 553.525243578388, "pct": 0.41189624329159213}, "hero_healing_per_min": {"raw": 0, "pct": 0.8913237924865832}, "tower_damage": {"raw": 7727, "pct": 0.9333631484794276}}}, {"account_id": 37467834, "player_slot": 3, "team_number": 0, "team_slot": 3, "hero_id": 54, "hero_variant": 5, "item_0": 112, "item_1": 36, "item_2": 50, "item_3": 137, "item_4": 154, "item_5": 143, "backpack_0": 0, "backpack_1": 0, "backpack_2": 0, "item_neutral": 1605, "item_neutral2": 1584, "kills": 12, "deaths": 3, "assists": 28, "leaver_status": 0, "last_hits": 224, "denies": 22, "gold_per_min": 668, "xp_per_min": 1046, "level": 26, "net_worth": 24291, "aghanims_scepter": 0, "aghanims_shard": 0, "moonshard": 0, "hero_damage": 37462, "tower_damage": 13443, "hero_healing": 1332, "gold": 5441, "gold_spent": 20155, "ability_upgrades_arr": [631, 5251, 631, 5249, 631, 5252, 631, 5249, 5249, 5249, 5251, 5252, 5251, 5251, 6676, 499, 5252, 709, 6173], "personaname": "ExtremoDiaz", "name": null, "last_login": null, "rank_tier": 22, "computed_mmr": 3968.35, "is_subscriber": false, "radiant_win": true, "start_time": 1761875917, "duration": 2258, "cluster": 346, "lobby_type": 0, "game_mode": 22, "is_contributor": false, "patch": 58, "region": 38, "isRadiant": true, "win": 1, "lose": 0, "total_gold": 25139, "total_xp": 39364, "kills_per_min": 0.31886625332152346, "kda": 10, "abandons": 0, "benchmarks": {"gold_per_min": {"raw": 668, "pct": 0.6712476421449745}, "xp_per_min": {"raw": 1046, "pct": 0.7562651576394502}, "kills_per_min": {"raw": 0.31886625332152346, "pct": 0.7294529776340609}, "last_hits_per_min": {"raw": 5.9521700620017715, "pct": 0.18539477229857182}, "hero_damage_per_min": {"raw": 995.4472984942427, "pct": 0.7787658313123147}, "hero_healing_per_min": {"raw": 35.3941541186891, "pct": 0.4620048504446241}, "tower_damage": {"raw": 13443, "pct": 0.7980328752357855}}}, {"account_id": 65137360, "player_slot": 4, "team_number": 0, "team_slot": 4, "hero_id": 39, "hero_variant": 2, "item_0": 0, "item_1": 218, "item_2": 0, "item_3": 231, "item_4": 254, "item_5": 36, "backpack_0": 0, "backpack_1": 0, "backpack_2": 0, "item_neutral": 1640, "item_neutral2": 1583, "kills": 6, "deaths": 7, "assists": 29, "leaver_status": 0, "last_hits": 40, "denies": 7, "gold_per_min": 410, "xp_per_min": 698, "level": 22, "net_worth": 13608, "aghanims_scepter": 0, "aghanims_shard": 1, "moonshard": 0, "hero_damage": 21927, "tower_damage": 1945, "hero_healing": 2059, "gold": 4308, "gold_spent": 10970, "ability_upgrades_arr": [5173, 5175, 5174, 5173, 5173, 5176, 5175, 5173, 5175, 5175, 5174, 5176, 5174, 5174, 629, 5176, 730, 6856, 6115], "personaname": "PatoDeGoma", "name": null, "last_login": "2021-02-10T20:32:57.535Z", "rank_tier": 45, "computed_mmr": null, "is_subscriber": false, "radiant_win": true, "start_time": 1761875917, "duration": 2258, "cluster": 346, "lobby_type": 0, "game_mode": 22, "is_contributor": false, "patch": 58, "region": 38, "isRadiant": true, "win": 1, "lose": 0, "total_gold": 15429, "total_xp": 26268, "kills_per_min": 0.15943312666076173, "kda": 4.38, "abandons": 0, "benchmarks": {"gold_per_min": {"raw": 410, "pct": 0.2219108280254777}, "xp_per_min": {"raw": 698, "pct": 0.4048407643312102}, "kills_per_min": {"raw": 0.15943312666076173, "pct": 0.2664968152866242}, "last_hits_per_min": {"raw": 1.062887511071745, "pct": 0.018089171974522294}, "hero_damage_per_min": {"raw": 582.6483613817538, "pct": 0.2356687898089172}, "hero_healing_per_min": {"raw": 54.71213463241807, "pct": 0.9834394904458599},