{"players": [{"account_id": 65137360, "player_slot": 0, "team_number": 0, "team_slot": 0, "hero_id": 111, "hero_variant": 1, "item_0": 180, "item_1": 244, "item_2": 232, "item_3": 36, "item_4": 102, "item_5": 40, "backpack_0": 4204, "backpack_1": 218, "backpack_2": 0, "item_neutral": 840, "item_neutral2": 1593, "kills": 4, "deaths": 6, "assists": 24, "leaver_status": 0, "last_hits": 18, "denies": 3, "gold_per_min": 368, "xp_per_min": 452, "level": 16, "net_worth": 12200, "aghanims_scepter": 0, "aghanims_shard": 0, "moonshard": 0, "hero_damage": 6605, "tower_damage": 605, "hero_healing": 9443, "gold": 5340, "gold_spent": 7500, "ability_upgrades_arr": [5637, 5639, 5638, 5639, 5639, 5640, 5637, 5638, 5639, 5637, 5638, 5640, 5638, 5637, 791, 1182], "personaname": "PatoDeGoma", "name": null, "last_login": "2021-02-10T20:32:57.535Z", "rank_tier": 45, "computed_mmr": null, "is_subscriber": false, "radiant_win": true, "start_time": 1752701168, "duration": 2063, "cluster": 241, "lobby_type": 0, "game_mode": 22, "is_contributor": false, "patch": 58, "region": 14, "isRadiant": true, "win": 1, "lose": 0, "total_gold": 12653, "total_xp": 15541, "kills_per_min": 0.11633543383422201, "kda": 4, "abandons": 0, "benchmarks": {"gold_per_min": {"raw": 368, "pct": 0.7361331220285261}, "xp_per_min": {"raw": 452, "pct": 0.358161648177496}, "kills_per_min": {"raw": 0.11633543383422201, "pct": 0.5475435816164818}, "last_hits_per_min": {"raw": 0.523509452253999, "pct": 0.12202852614896989}, "hero_damage_per_min": {"raw": 192.09888511875909, "pct": 0.24167987321711568}, "hero_healing_per_min": {"raw": 274.6388754241396, "pct": 0.45562599049128366}, "tower_damage": {"raw": 605, "pct": 0.7480190174326465}}}, {"account_id": 45421382, "player_slot": 1, "team_number": 0, "team_slot": 1, "hero_id": 104, "hero_variant": 1, "item_0": 36, "item_1": 911, "item_2": 127, "item_3": 50, "item_4": 1, "item_5": 168, "backpack_0": 0, "backpack_1": 0, "backpack_2": 0, "item_neutral": 1605, "item_neutral2": 1584, "kills": 6, "deaths": 4, "assists": 21, "leaver_status": 0, "last_hits": 184, "denies": 4, "gold_per_min": 570, "xp_per_min": 772, "level": 22, "net_worth": 18993, "aghanims_scepter": 0, "aghanims_shard": 0, "moonshard": 0, "hero_damage": 22511, "tower_damage": 12331, "hero_healing": 1608, "gold": 5593, "gold_spent": 14415, "ability_upgrades_arr": [5595, 5597, 5595, 5597, 5596, 5598, 5595, 5597, 5597, 5595, 5596, 5598, 5596, 1176, 5596, 6671, 5598, 6526], "personaname": "La Chaucha", "name": null, "last_login": "2026-03-03T14:36:01.200Z", "rank_tier": 42, "computed_mmr": 4031.51, "is_subscriber": false, "radiant_win": true, "start_time": 1752701168, "duration": 2063, "cluster": 241, "lobby_type": 0, "game_mode": 22, "is_contributor": false, "patch": 58, "region": 14, "isRadiant": true, "win": 1, "lose": 0, "total_gold": 19598, "total_xp": 26543, "kills_per_min": 0.17450315075133302, "kda": 5.4, "abandons": 0, "benchmarks": {"gold_per_min": {"raw": 570, "pct": 0.7676831185161899}, "xp_per_min": {"raw": 772, "pct": 0.6158440741905061}, "kills_per_min": {"raw": 0.174503150751333, "pct": 0.3420308079220371}, "last_hits_per_min": {"raw": 5.351429956374212, "pct": 0.7063816409933983}, "hero_damage_per_min": {"raw": 654.7067377605429, "pct": 0.4621188305564288}, "hero_healing_per_min": {"raw": 46.76684440135725, "pct": 0.6076705438541339}, "tower_damage": {"raw": 12331, "pct": 0.9643193964162213}}}, {"player_slot": 2, "team_number": 0, "team_slot": 2, "hero_id": 35, "hero_variant": 1, "item_0": 158, "item_1": 34, "item_2": 152, "item_3": 236, "item_4": 63, "item_5": 23, "backpack_0": 0, "backpack_1": 0, "backpack_2": 0, "item_neutral": 828, "item_neutral2": 1584, "kills": 5, "deaths": 8, "assists": 12, "leaver_status": 0, "last_hits": 153, "denies": 2, "gold_per_min": 461, "xp_per_min": 509, "level": 18, "net_worth": 15102, "aghanims_scepter": 0, "aghanims_shard": 0, "moonshard": 0, "hero_damage": 14399, "tower_damage": 5998, "hero_healing": 0, "gold": 202, "gold_spent": 15295, "ability_upgrades_arr": [5154, 5155, 5154, 5156, 5155, 5157, 5155, 5154, 5155, 5156, 5156, 5157, 5154, 5156, 6305, 7396, 5157], "is_subscriber": false, "radiant_win": true, "start_time": 1752701168, "duration": 2063, "cluster": 241, "lobby_type": 0, "game_mode": 22, "is_contributor": false, "patch": 58, "region": 14, "isRadiant": true, "win": 1, "lose": 0, "total_gold": 15850, "total_xp": 17501, "kills_per_min": 0.1454192922927775, "kda": 1.89, "abandons": 0, "benchmarks": {"gold_per_min": {"raw": 461, "pct": 0.25477609659177747}, "xp_per_min": {"raw": 509, "pct": 0.15833715421060676}, "kills_per_min": {"raw": 0.1454192922927775, "pct": 0.21962402567629527}, "last_hits_per_min": {"raw": 4.449830344158992, "pct": 0.2370472260430995}, "hero_damage_per_min": {"raw": 418.7784779447407, "pct": 0.055784808191960876}, "hero_healing_per_min": {"raw": 0, "pct": 0.9301543634418462}, "tower_damage": {"raw": 5998, "pct": 0.5807733455601406}}}, {"player_slot": 3, "team_number": 0, "team_slot": 3, "hero_id": 17, "hero_variant": 2, "item_0": 250, "item_1": 60, "item_2": 63, "item_3": 123, "item_4": 1806, "item_5": 273, "backpack_0": 41, "backpack_1": 0, "backpack_2": 0, "item_neutral": 1604, "item_neutral2": 1583, "kills": 19, "deaths": 2, "assists": 12, "leaver_status": 0, "last_hits": 287, "denies": 6, "gold_per_min": 811, "xp_per_min": 1146, "level": 26, "net_worth": 27230, "aghanims_scepter": 0, "aghanims_shard": 0, "moonshard": 0, "hero_damage": 35264, "tower_damage": 13597, "hero_healing": 0, "gold": 2255, "gold_spent": 26310, "ability_upgrades_arr": [5098, 5100, 5098, 5099, 5098, 5101, 5098, 5100, 5100, 5100, 7132, 5101, 5099, 730, 6916, 5099, 5099, 5101, 6167, 6908], "is_subscriber": false, "radiant_win": true, "start_time": 1752701168, "duration": 2063, "cluster": 241, "lobby_type": 0, "game_mode": 22, "is_contributor": false, "patch": 58, "region": 14, "isRadiant": true, "win": 1, "lose": 0, "total_gold": 27884, "total_xp": 39403, "kills_per_min": 0.5525933107125546, "kda": 10.33, "abandons": 0, "benchmarks": {"gold_per_min": {"raw": 811, "pct": 0.9730185497470489}, "xp_per_min": {"raw": 1146, "pct": 0.8912310286677909}, "kills_per_min": {"raw": 0.5525933107125546, "pct": 0.9367622259696459}, "last_hits_per_min": {"raw": 8.347067377605429, "pct": 0.8811129848229342}, "hero_damage_per_min": {"raw": 1025.6131846825012, "pct": 0.8709949409780776}, "hero_healing_per_min": {"raw": 0, "pct": 0.8882799325463744}, "tower_damage": {"raw": 13597, "pct": 0.9962057335581788}}}, {"player_slot": 4, "team_number": 0, "team_slot": 4, "hero_id": 30, "hero_variant": 3, "item_0": 180, "item_1": 36, "item_2": 254, "item_3": 0, "item_4": 60, "item_5": 1, "backpack_0": 0, "backpack_1": 0, "backpack_2": 0, "item_neutral": 1604, "item_neutral2": 1594, "kills": 6, "deaths": 5, "assists": 17, "leaver_status": 0, "last_hits": 30, "denies": 1, "gold_per_min": 365, "xp_per_min": 516, "level": 18, "net_worth": 11255, "aghanims_scepter": 0, "aghanims_shard": 1, "moonshard": 0, "hero_damage": 14882, "tower_damage": 265, "hero_healing": 1455, "gold": 405, "gold_spent": 12350, "ability_upgrades_arr": [5140, 5138, 5140, 5138, 5140, 5141, 5140, 5138, 5139, 5959, 5138, 5141, 5139, 5139, 5139, 417, 5141], "is_subscriber": false, "radiant_win": true, "start_time": 1752701168, "duration": 2063, "cluster": 241, "lobby_type": 0, "game_mode": 22, "is_contributor": false, "patch": 58, "region": 14, "isRadiant": true, "win": 1, "lose": 0, "total_gold": 12549, "total_xp": 17741, "kills_per_min": 0.17450315075133302, "kda": 3.83, "abandons": 0, "benchmarks": {"gold_per_min": {"raw": 365, "pct": 0.48116155118544385}, "xp_per_min": {"raw": 516, "pct": 0.41040249954052566}, "kills_per_min": {"raw": 0.174503150751333, "pct": 0.4723396434478956}, "last_hits_per_min": {"raw": 0.8725157537566651, "pct": 0.31611836059547876}, "hero_damage_per_min": {"raw": 432.82598158022296, "pct": 0.2848741040249954}, "hero_healing_per_min": {"raw": 42.31701405719826,