{"players": [{"player_slot": 0, "team_number": 0, "team_slot": 0, "hero_id": 44, "hero_variant": 3, "item_0": 63, "item_1": 208, "item_2": 156, "item_3": 145, "item_4": 168, "item_5": 108, "backpack_0": 0, "backpack_1": 0, "backpack_2": 0, "item_neutral": 1639, "item_neutral2": 1584, "kills": 8, "deaths": 4, "assists": 9, "leaver_status": 0, "last_hits": 354, "denies": 6, "gold_per_min": 749, "xp_per_min": 1057, "level": 26, "net_worth": 28185, "aghanims_scepter": 0, "aghanims_shard": 0, "moonshard": 0, "hero_damage": 25850, "tower_damage": 10438, "hero_healing": 0, "gold": 585, "gold_spent": 28855, "ability_upgrades_arr": [5190, 5191, 5190, 1287, 5190, 5193, 5190, 5191, 5191, 5191, 559, 5193, 1287, 1287, 1287, 491, 5193, 1074, 6192], "is_subscriber": false, "radiant_win": true, "start_time": 1750467253, "duration": 2309, "cluster": 241, "lobby_type": 0, "game_mode": 22, "is_contributor": false, "patch": 58, "region": 14, "isRadiant": true, "win": 1, "lose": 0, "total_gold": 28824, "total_xp": 40676, "kills_per_min": 0.2078822000866176, "kda": 3.4, "abandons": 0, "benchmarks": {"gold_per_min": {"raw": 749, "pct": 0.8833116036505867}, "xp_per_min": {"raw": 1057, "pct": 0.8041069100391134}, "kills_per_min": {"raw": 0.20788220008661756, "pct": 0.4426336375488918}, "last_hits_per_min": {"raw": 9.198787353832827, "pct": 0.8516949152542372}, "hero_damage_per_min": {"raw": 671.7193590298831, "pct": 0.5814863102998696}, "hero_healing_per_min": {"raw": 0, "pct": 0.9628422425032594}, "tower_damage": {"raw": 10438, "pct": 0.8748370273794003}}}, {"player_slot": 1, "team_number": 0, "team_slot": 1, "hero_id": 7, "hero_variant": 3, "item_0": 1, "item_1": 102, "item_2": 210, "item_3": 180, "item_4": 0, "item_5": 36, "backpack_0": 0, "backpack_1": 0, "backpack_2": 0, "item_neutral": 1605, "item_neutral2": 1585, "kills": 8, "deaths": 6, "assists": 16, "leaver_status": 0, "last_hits": 30, "denies": 20, "gold_per_min": 379, "xp_per_min": 612, "level": 20, "net_worth": 12978, "aghanims_scepter": 0, "aghanims_shard": 1, "moonshard": 0, "hero_damage": 22130, "tower_damage": 319, "hero_healing": 0, "gold": 2478, "gold_spent": 12070, "ability_upgrades_arr": [5023, 5024, 5025, 5024, 5024, 5026, 5024, 5023, 5023, 5023, 5025, 5026, 5025, 744, 5025, 858, 5026], "is_subscriber": false, "radiant_win": true, "start_time": 1750467253, "duration": 2309, "cluster": 241, "lobby_type": 0, "game_mode": 22, "is_contributor": false, "patch": 58, "region": 14, "isRadiant": true, "win": 1, "lose": 0, "total_gold": 14585, "total_xp": 23551, "kills_per_min": 0.2078822000866176, "kda": 3.43, "abandons": 0, "benchmarks": {"gold_per_min": {"raw": 379, "pct": 0.24658656471873294}, "xp_per_min": {"raw": 612, "pct": 0.3962315674494812}, "kills_per_min": {"raw": 0.20788220008661756, "pct": 0.6297105406881486}, "last_hits_per_min": {"raw": 0.779558250324816, "pct": 0.012288367012561441}, "hero_damage_per_min": {"raw": 575.0541359896059, "pct": 0.4486619333697433}, "hero_healing_per_min": {"raw": 0, "pct": 0.835608956854178}, "tower_damage": {"raw": 319, "pct": 0.3727471327143637}}}, {"player_slot": 2, "team_number": 0, "team_slot": 2, "hero_id": 27, "hero_variant": 2, "item_0": 36, "item_1": 1, "item_2": 100, "item_3": 180, "item_4": 57, "item_5": 0, "backpack_0": 233, "backpack_1": 0, "backpack_2": 0, "item_neutral": 1604, "item_neutral2": 1585, "kills": 1, "deaths": 8, "assists": 13, "leaver_status": 0, "last_hits": 72, "denies": 3, "gold_per_min": 303, "xp_per_min": 392, "level": 16, "net_worth": 9825, "aghanims_scepter": 0, "aghanims_shard": 0, "moonshard": 0, "hero_damage": 10700, "tower_damage": 3583, "hero_healing": 0, "gold": 1150, "gold_spent": 9065, "ability_upgrades_arr": [5080, 5078, 5079, 5080, 5080, 5081, 5080, 5078, 5078, 468, 5078, 5081, 5079, 5079, 5079, 793], "is_subscriber": false, "radiant_win": true, "start_time": 1750467253, "duration": 2309, "cluster": 241, "lobby_type": 0, "game_mode": 22, "is_contributor": false, "patch": 58, "region": 14, "isRadiant": true, "win": 1, "lose": 0, "total_gold": 11660, "total_xp": 15085, "kills_per_min": 0.0259852750108272, "kda": 1.56, "abandons": 0, "benchmarks": {"gold_per_min": {"raw": 303, "pct": 0.2453484129879606}, "xp_per_min": {"raw": 392, "pct": 0.1820503465888362}, "kills_per_min": {"raw": 0.025985275010827195, "pct": 0.09540313754104342}, "last_hits_per_min": {"raw": 1.8709398007795581, "pct": 0.560926669098869}, "hero_damage_per_min": {"raw": 278.04244261585103, "pct": 0.2367748996716527}, "hero_healing_per_min": {"raw": 0, "pct": 0.6541408245165998}, "tower_damage": {"raw": 3583, "pct": 0.5923020795330172}}}, {"account_id": 37467834, "player_slot": 3, "team_number": 0, "team_slot": 3, "hero_id": 45, "hero_variant": 1, "item_0": 41, "item_1": 36, "item_2": 1, "item_3": 108, "item_4": 232, "item_5": 237, "backpack_0": 0, "backpack_1": 0, "backpack_2": 0, "item_neutral": 1599, "item_neutral2": 1583, "kills": 11, "deaths": 6, "assists": 13, "leaver_status": 0, "last_hits": 107, "denies": 8, "gold_per_min": 482, "xp_per_min": 848, "level": 24, "net_worth": 18394, "aghanims_scepter": 0, "aghanims_shard": 1, "moonshard": 0, "hero_damage": 26513, "tower_damage": 7868, "hero_healing": 9531, "gold": 6879, "gold_spent": 11650, "ability_upgrades_arr": [5186, 5187, 5186, 5187, 5186, 5189, 5186, 5187, 5187, 6448, 5188, 5189, 5188, 5188, 6195, 5188, 5189, 6541], "personaname": "ExtremoDiaz", "name": null, "last_login": null, "rank_tier": 22, "computed_mmr": 3968.35, "is_subscriber": false, "radiant_win": true, "start_time": 1750467253, "duration": 2309, "cluster": 241, "lobby_type": 0, "game_mode": 22, "is_contributor": false, "patch": 58, "region": 14, "isRadiant": true, "win": 1, "lose": 0, "total_gold": 18548, "total_xp": 32633, "kills_per_min": 0.28583802511909917, "kda": 3.43, "abandons": 0, "benchmarks": {"gold_per_min": {"raw": 482, "pct": 0.8726376335250616}, "xp_per_min": {"raw": 848, "pct": 0.9317995069843878}, "kills_per_min": {"raw": 0.28583802511909917, "pct": 0.9087921117502055}, "last_hits_per_min": {"raw": 2.7804244261585103, "pct": 0.6869350862777321}, "hero_damage_per_min": {"raw": 688.9475963620615, "pct": 0.6047658175842235}, "hero_healing_per_min": {"raw": 247.665656128194, "pct": 0.8718159408381265}, "tower_damage": {"raw": 7868, "pct": 0.7978635990139687}}}, {"account_id": 45421382, "player_slot": 4, "team_number": 0, "team_slot": 4, "hero_id": 23, "hero_variant": 2, "item_0": 123, "item_1": 137, "item_2": 127, "item_3": 50, "item_4": 119, "item_5": 149, "backpack_0": 0, "backpack_1": 0, "backpack_2": 0, "item_neutral": 1605, "item_neutral2": 1594, "kills": 8, "deaths": 7, "assists": 23, "leaver_status": 0, "last_hits": 257, "denies": 5, "gold_per_min": 636, "xp_per_min": 807, "level": 23, "net_worth": 21453, "aghanims_scepter": 0, "aghanims_shard": 0, "moonshard": 0, "hero_damage": 42561, "tower_damage": 5260, "hero_healing": 317, "gold": 878, "gold_spent": 23085, "ability_upgrades_arr": [5032, 5033, 5032, 5033, 5033, 5035, 5031, 5032, 5032, 5031, 5033, 5031, 5035, 5031, 1015, 6385, 5035, 1175], "personaname": "La Chaucha", "name": null, "last_login": "2026-03-03T14:36:01.200Z", "rank_tier": 42, "computed_mmr": 4031.51, "is_subscriber": false, "radiant_win": true, "start_time": 1750467253, "duration": 2309, "cluster": 241, "lobby_type": 0, "game_mode": 22, "is_contributor": false, "patch": 58, "region": 14, "isRadiant": true, "win": 1, "lose": 0, "total_gold": 24475, "total_xp": 31056, "kills_per_min": 0.2078822000866176, "kda": 3.88, "abandons": 0, "benchmarks": {"gold_per_min": {"raw": 636, "pct": 0.8011404133998574}, "xp_per_min": {"raw": 807, "pct": 0.6493228795438346}, "kills_per_min": {"raw": 0.20788220008661756, "pct": 0.6657163221667854}, "last_hits_per_min": {"raw": 6.67821567778259, "pct": 0.5751960085531005}, "hero_damage_per_min": {"raw": 1105.9592897358164, "pct": 0.9501069137562367}, "hero_healing_per_min": {"raw": 8.23733217843222, "pct": 0.9657875980042766}, "tower_damage": {"raw": 5260,