{"players": [{"player_slot": 0, "team_number": 0, "team_slot": 0, "hero_id": 101, "hero_variant": 2, "item_0": 1466, "item_1": 610, "item_2": 232, "item_3": 256, "item_4": 0, "item_5": 277, "backpack_0": 40, "backpack_1": 180, "backpack_2": 0, "item_neutral": 1604, "item_neutral2": 1589, "kills": 16, "deaths": 8, "assists": 32, "leaver_status": 0, "last_hits": 272, "denies": 6, "gold_per_min": 563, "xp_per_min": 911, "level": 30, "net_worth": 35819, "aghanims_scepter": 1, "aghanims_shard": 1, "moonshard": 0, "hero_damage": 85479, "tower_damage": 655, "hero_healing": 0, "gold": 6314, "gold_spent": 31145, "ability_upgrades_arr": [5581, 5582, 5583, 5582, 5582, 5584, 5582, 5583, 5581, 411, 5581, 5584, 5581, 5583, 1480, 5583, 5584, 6886, 6921, 7132, 6181, 6885, 6884], "is_subscriber": false, "radiant_win": true, "start_time": 1765163429, "duration": 4263, "cluster": 251, "lobby_type": 0, "game_mode": 22, "is_contributor": false, "patch": 58, "region": 15, "isRadiant": true, "win": 1, "lose": 0, "total_gold": 40001, "total_xp": 64726, "kills_per_min": 0.22519352568613654, "kda": 5.33, "abandons": 0, "benchmarks": {"gold_per_min": {"raw": 563, "pct": 0.9382080329557158}, "xp_per_min": {"raw": 911, "pct": 0.9263645726055613}, "kills_per_min": {"raw": 0.22519352568613651, "pct": 0.6444387229660145}, "last_hits_per_min": {"raw": 3.828289936664321, "pct": 0.8599382080329557}, "hero_damage_per_min": {"raw": 1203.082336382829, "pct": 0.969361483007209}, "hero_healing_per_min": {"raw": 0, "pct": 0.7868177136972193}, "tower_damage": {"raw": 655, "pct": 0.6222966014418125}}}, {"player_slot": 1, "team_number": 0, "team_slot": 1, "hero_id": 26, "hero_variant": 2, "item_0": 214, "item_1": 0, "item_2": 610, "item_3": 232, "item_4": 1, "item_5": 0, "backpack_0": 0, "backpack_1": 0, "backpack_2": 0, "item_neutral": 1602, "item_neutral2": 1594, "kills": 11, "deaths": 11, "assists": 21, "leaver_status": 0, "last_hits": 202, "denies": 7, "gold_per_min": 446, "xp_per_min": 771, "level": 28, "net_worth": 26360, "aghanims_scepter": 1, "aghanims_shard": 1, "moonshard": 0, "hero_damage": 32185, "tower_damage": 1770, "hero_healing": 0, "gold": 6835, "gold_spent": 22005, "ability_upgrades_arr": [5044, 5046, 5046, 5044, 5045, 5047, 5046, 5044, 5045, 5044, 5918, 5047, 5046, 5045, 5045, 401, 5047, 541, 6389, 465, 781], "is_subscriber": false, "radiant_win": true, "start_time": 1765163429, "duration": 4263, "cluster": 251, "lobby_type": 0, "game_mode": 22, "is_contributor": false, "patch": 58, "region": 15, "isRadiant": true, "win": 1, "lose": 0, "total_gold": 31688, "total_xp": 54779, "kills_per_min": 0.15482054890921887, "kda": 2.67, "abandons": 0, "benchmarks": {"gold_per_min": {"raw": 446, "pct": 0.890625}, "xp_per_min": {"raw": 771, "pct": 0.8530143805309734}, "kills_per_min": {"raw": 0.15482054890921887, "pct": 0.5951327433628318}, "last_hits_per_min": {"raw": 2.8430682617874736, "pct": 0.8884126106194691}, "hero_damage_per_min": {"raw": 452.990851513019, "pct": 0.7983960176991151}, "hero_healing_per_min": {"raw": 0, "pct": 0.7679756637168141}, "tower_damage": {"raw": 1770, "pct": 0.849004424778761}}}, {"account_id": 37467834, "player_slot": 2, "team_number": 0, "team_slot": 2, "hero_id": 104, "hero_variant": 1, "item_0": 127, "item_1": 1, "item_2": 50, "item_3": 90, "item_4": 135, "item_5": 36, "backpack_0": 0, "backpack_1": 0, "backpack_2": 0, "item_neutral": 565, "item_neutral2": 1596, "kills": 2, "deaths": 17, "assists": 32, "leaver_status": 0, "last_hits": 259, "denies": 5, "gold_per_min": 436, "xp_per_min": 612, "level": 27, "net_worth": 24479, "aghanims_scepter": 0, "aghanims_shard": 1, "moonshard": 0, "hero_damage": 35939, "tower_damage": 1091, "hero_healing": 3529, "gold": 3604, "gold_spent": 21470, "ability_upgrades_arr": [5595, 5597, 5595, 5596, 5595, 5598, 5595, 5597, 5597, 5597, 1113, 5598, 5596, 5596, 6671, 5596, 5598, 7395, 925, 1176], "personaname": "ExtremoDiaz", "name": null, "last_login": null, "rank_tier": 22, "computed_mmr": 3968.35, "is_subscriber": false, "radiant_win": true, "start_time": 1765163429, "duration": 4263, "cluster": 251, "lobby_type": 0, "game_mode": 22, "is_contributor": false, "patch": 58, "region": 15, "isRadiant": true, "win": 1, "lose": 0, "total_gold": 30977, "total_xp": 43482, "kills_per_min": 0.028149190710767068, "kda": 1.89, "abandons": 0, "benchmarks": {"gold_per_min": {"raw": 436, "pct": 0.3161397670549085}, "xp_per_min": {"raw": 612, "pct": 0.34941763727121466}, "kills_per_min": {"raw": 0.028149190710767064, "pct": 0.024625623960066557}, "last_hits_per_min": {"raw": 3.645320197044335, "pct": 0.194675540765391}, "hero_damage_per_min": {"raw": 505.82688247712883, "pct": 0.23976705490848585}, "hero_healing_per_min": {"raw": 49.669247009148485, "pct": 0.6246256239600666}, "tower_damage": {"raw": 1091, "pct": 0.40998336106489186}}}, {"account_id": 65137360, "player_slot": 3, "team_number": 0, "team_slot": 3, "hero_id": 39, "hero_variant": 2, "item_0": 40, "item_1": 42, "item_2": 0, "item_3": 231, "item_4": 100, "item_5": 226, "backpack_0": 0, "backpack_1": 0, "backpack_2": 0, "item_neutral": 1642, "item_neutral2": 1592, "kills": 5, "deaths": 13, "assists": 23, "leaver_status": 0, "last_hits": 93, "denies": 10, "gold_per_min": 356, "xp_per_min": 718, "level": 28, "net_worth": 19329, "aghanims_scepter": 0, "aghanims_shard": 1, "moonshard": 0, "hero_damage": 32380, "tower_damage": 868, "hero_healing": 4298, "gold": 5899, "gold_spent": 16200, "ability_upgrades_arr": [5173, 5174, 5175, 5175, 5174, 5176, 5175, 5174, 5175, 5173, 5173, 5176, 5174, 6115, 5173, 5176, 629, 590, 965], "personaname": "PatoDeGoma", "name": null, "last_login": "2021-02-10T20:32:57.535Z", "rank_tier": 45, "computed_mmr": null, "is_subscriber": false, "radiant_win": true, "start_time": 1765163429, "duration": 4263, "cluster": 251, "lobby_type": 0, "game_mode": 22, "is_contributor": false, "patch": 58, "region": 15, "isRadiant": true, "win": 1, "lose": 0, "total_gold": 25293, "total_xp": 51013, "kills_per_min": 0.07037297677691767, "kda": 2, "abandons": 0, "benchmarks": {"gold_per_min": {"raw": 356, "pct": 0.12484076433121019}, "xp_per_min": {"raw": 718, "pct": 0.43439490445859874}, "kills_per_min": {"raw": 0.07037297677691766, "pct": 0.056560509554140125}, "last_hits_per_min": {"raw": 1.3089373680506686, "pct": 0.028280254777070062}, "hero_damage_per_min": {"raw": 455.73539760731876, "pct": 0.11057324840764331}, "hero_healing_per_min": {"raw": 60.49261083743843, "pct": 0.9859872611464968}, "tower_damage": {"raw": 868, "pct": 0.37605095541401273}}}, {"account_id": 57067300, "player_slot": 4, "team_number": 0, "team_slot": 4, "hero_id": 63, "hero_variant": 1, "item_0": 168, "item_1": 147, "item_2": 116, "item_3": 141, "item_4": 123, "item_5": 156, "backpack_0": 11, "backpack_1": 0, "backpack_2": 0, "item_neutral": 1598, "item_neutral2": 1588, "kills": 21, "deaths": 6, "assists": 16, "leaver_status": 0, "last_hits": 494, "denies": 21, "gold_per_min": 708, "xp_per_min": 1028, "level": 30, "net_worth": 41560, "aghanims_scepter": 0, "aghanims_shard": 1, "moonshard": 1, "hero_damage": 81423, "tower_damage": 25208, "hero_healing": 0, "gold": 8710, "gold_spent": 38015, "ability_upgrades_arr": [5290, 5291, 5289, 5291, 5290, 5292, 5290, 5291, 5291, 5289, 5289, 5292, 5290, 6200, 5289, 6987, 5292, 6988, 6990, 6115, 6989, 796, 6131], "personaname": "[L]and", "name": null, "last_login": "2021-04-05T18:45:38.489Z", "rank_tier": 32, "computed_mmr": null, "is_subscriber": false, "radiant_win": true, "start_time": 1765163429, "duration": 4263, "cluster": 251, "lobby_type": 0, "game_mode": 22, "is_contributor": false, "patch": 58, "region": 15, "isRadiant": true, "win": 1, "lose": 0, "total_gold": 50303, "total_xp": 73039, "kills_per_min": 0.2955665024630542, "kda": 5.29, "abandons": 0, "benchmarks": {"gold_per_min": {"raw": 708, "pct": 0.8819110576923077}, "xp_per_min": {"raw": 1028, "pct": 0.8353365384615384}, "kills_per_min": {"raw": 0.2955665024630542, "pct": 0.7010216346153846},