{"players": [{"player_slot": 0, "team_number": 0, "team_slot": 0, "hero_id": 2, "hero_variant": 1, "item_0": 127, "item_1": 90, "item_2": 116, "item_3": 214, "item_4": 53, "item_5": 1, "backpack_0": 0, "backpack_1": 0, "backpack_2": 0, "item_neutral": 1168, "item_neutral2": 1585, "kills": 4, "deaths": 10, "assists": 20, "leaver_status": 0, "last_hits": 208, "denies": 3, "gold_per_min": 436, "xp_per_min": 670, "level": 23, "net_worth": 17551, "aghanims_scepter": 0, "aghanims_shard": 0, "moonshard": 0, "hero_damage": 20616, "tower_damage": 1597, "hero_healing": 0, "gold": 1526, "gold_spent": 17365, "ability_upgrades_arr": [5009, 5008, 5007, 5008, 5009, 5010, 5009, 5009, 5007, 5007, 1189, 5007, 5010, 5008, 5008, 974, 5010, 6991], "is_subscriber": false, "radiant_win": true, "start_time": 1766885041, "duration": 2652, "cluster": 251, "lobby_type": 0, "game_mode": 22, "is_contributor": false, "patch": 59, "region": 15, "isRadiant": true, "win": 1, "lose": 0, "total_gold": 19271, "total_xp": 29614, "kills_per_min": 0.09049773755656108, "kda": 2.18, "abandons": 0, "benchmarks": {"gold_per_min": {"raw": 436, "pct": 0.33589028358902834}, "xp_per_min": {"raw": 670, "pct": 0.47164109716410973}, "kills_per_min": {"raw": 0.09049773755656108, "pct": 0.0901906090190609}, "last_hits_per_min": {"raw": 4.705882352941177, "pct": 0.5248721524872152}, "hero_damage_per_min": {"raw": 466.42533936651586, "pct": 0.1615527661552766}, "hero_healing_per_min": {"raw": 0, "pct": 0.9225941422594143}, "tower_damage": {"raw": 1597, "pct": 0.694328219432822}}}, {"account_id": 37467834, "player_slot": 1, "team_number": 0, "team_slot": 1, "hero_id": 1, "hero_variant": 2, "item_0": 208, "item_1": 36, "item_2": 147, "item_3": 63, "item_4": 75, "item_5": 135, "backpack_0": 0, "backpack_1": 0, "backpack_2": 0, "item_neutral": 1605, "item_neutral2": 1586, "kills": 11, "deaths": 6, "assists": 16, "leaver_status": 0, "last_hits": 232, "denies": 12, "gold_per_min": 543, "xp_per_min": 858, "level": 25, "net_worth": 22164, "aghanims_scepter": 0, "aghanims_shard": 0, "moonshard": 0, "hero_damage": 23028, "tower_damage": 6568, "hero_healing": 0, "gold": 4099, "gold_spent": 19435, "ability_upgrades_arr": [5003, 5004, 5003, 7314, 5003, 5006, 5004, 5004, 5004, 966, 5003, 7314, 5006, 7314, 7314, 666, 5006, 665], "personaname": "ExtremoDiaz", "name": null, "last_login": null, "rank_tier": 22, "computed_mmr": 3968.35, "is_subscriber": false, "radiant_win": true, "start_time": 1766885041, "duration": 2652, "cluster": 251, "lobby_type": 0, "game_mode": 22, "is_contributor": false, "patch": 59, "region": 15, "isRadiant": true, "win": 1, "lose": 0, "total_gold": 24000, "total_xp": 37923, "kills_per_min": 0.24886877828054296, "kda": 3.86, "abandons": 0, "benchmarks": {"gold_per_min": {"raw": 543, "pct": 0.3763077961525481}, "xp_per_min": {"raw": 858, "pct": 0.5129935875801552}, "kills_per_min": {"raw": 0.248868778280543, "pct": 0.6571042861964226}, "last_hits_per_min": {"raw": 5.248868778280543, "pct": 0.1461356733040837}, "hero_damage_per_min": {"raw": 520.9954751131221, "pct": 0.5615929800877489}, "hero_healing_per_min": {"raw": 0, "pct": 0.9412757340533243}, "tower_damage": {"raw": 6568, "pct": 0.6017549780627742}}}, {"player_slot": 2, "team_number": 0, "team_slot": 2, "hero_id": 21, "hero_variant": 5, "item_0": 135, "item_1": 26, "item_2": 0, "item_3": 50, "item_4": 116, "item_5": 166, "backpack_0": 0, "backpack_1": 0, "backpack_2": 0, "item_neutral": 2097, "item_neutral2": 1583, "kills": 24, "deaths": 3, "assists": 12, "leaver_status": 0, "last_hits": 224, "denies": 14, "gold_per_min": 635, "xp_per_min": 989, "level": 27, "net_worth": 23369, "aghanims_scepter": 1, "aghanims_shard": 1, "moonshard": 0, "hero_damage": 34059, "tower_damage": 9134, "hero_healing": 0, "gold": 1969, "gold_spent": 28460, "ability_upgrades_arr": [5131, 5132, 5131, 5132, 5130, 5133, 5132, 5131, 5131, 5132, 5920, 5130, 5130, 5130, 5133, 6992, 5133, 7889, 1071], "is_subscriber": false, "radiant_win": true, "start_time": 1766885041, "duration": 2652, "cluster": 251, "lobby_type": 0, "game_mode": 22, "is_contributor": false, "patch": 59, "region": 15, "isRadiant": true, "win": 1, "lose": 0, "total_gold": 28067, "total_xp": 43713, "kills_per_min": 0.5429864253393665, "kda": 9, "abandons": 0, "benchmarks": {"gold_per_min": {"raw": 635, "pct": 0.9176769100648435}, "xp_per_min": {"raw": 989, "pct": 0.9148576261629546}, "kills_per_min": {"raw": 0.5429864253393666, "pct": 0.9802650126867776}, "last_hits_per_min": {"raw": 5.0678733031674215, "pct": 0.6960811953763744}, "hero_damage_per_min": {"raw": 770.5656108597285, "pct": 0.8308429658866648}, "hero_healing_per_min": {"raw": 0, "pct": 0.8449393853961094}, "tower_damage": {"raw": 9134, "pct": 0.9016069918240767}}}, {"account_id": 65137360, "player_slot": 3, "team_number": 0, "team_slot": 3, "hero_id": 123, "hero_variant": 1, "item_0": 180, "item_1": 31, "item_2": 218, "item_3": 206, "item_4": 102, "item_5": 40, "backpack_0": 38, "backpack_1": 36, "backpack_2": 0, "item_neutral": 1721, "item_neutral2": 1592, "kills": 1, "deaths": 6, "assists": 27, "leaver_status": 0, "last_hits": 58, "denies": 5, "gold_per_min": 302, "xp_per_min": 511, "level": 20, "net_worth": 10487, "aghanims_scepter": 0, "aghanims_shard": 0, "moonshard": 0, "hero_damage": 18890, "tower_damage": 1540, "hero_healing": 640, "gold": 2977, "gold_spent": 10890, "ability_upgrades_arr": [8429, 8158, 8158, 8429, 9501, 8106, 8429, 8158, 8158, 9501, 5902, 8429, 8106, 9501, 9501, 9513, 8106, 7383], "personaname": "PatoDeGoma", "name": null, "last_login": "2021-02-10T20:32:57.535Z", "rank_tier": 45, "computed_mmr": null, "is_subscriber": false, "radiant_win": true, "start_time": 1766885041, "duration": 2652, "cluster": 251, "lobby_type": 0, "game_mode": 22, "is_contributor": false, "patch": 59, "region": 15, "isRadiant": true, "win": 1, "lose": 0, "total_gold": 13348, "total_xp": 22586, "kills_per_min": 0.02262443438914027, "kda": 4, "abandons": 0, "benchmarks": {"gold_per_min": {"raw": 302, "pct": 0.20008183306055646}, "xp_per_min": {"raw": 511, "pct": 0.3498363338788871}, "kills_per_min": {"raw": 0.02262443438914027, "pct": 0.028641571194762683}, "last_hits_per_min": {"raw": 1.3122171945701357, "pct": 0.1734860883797054}, "hero_damage_per_min": {"raw": 427.3755656108597, "pct": 0.3801145662847791}, "hero_healing_per_min": {"raw": 14.479638009049774, "pct": 0.8719312602291326}, "tower_damage": {"raw": 1540, "pct": 0.7585924713584288}}}, {"player_slot": 4, "team_number": 0, "team_slot": 4, "hero_id": 63, "hero_variant": 1, "item_0": 263, "item_1": 116, "item_2": 174, "item_3": 166, "item_4": 40, "item_5": 168, "backpack_0": 596, "backpack_1": 0, "backpack_2": 0, "item_neutral": 1601, "item_neutral2": 1594, "kills": 10, "deaths": 7, "assists": 12, "leaver_status": 0, "last_hits": 258, "denies": 3, "gold_per_min": 542, "xp_per_min": 755, "level": 24, "net_worth": 21418, "aghanims_scepter": 0, "aghanims_shard": 1, "moonshard": 0, "hero_damage": 23838, "tower_damage": 8973, "hero_healing": 0, "gold": 1263, "gold_spent": 21570, "ability_upgrades_arr": [5290, 5291, 5290, 5289, 5290, 5292, 5290, 5291, 5289, 5291, 6115, 5291, 5292, 5289, 5289, 6987, 5292, 6131], "is_subscriber": false, "radiant_win": true, "start_time": 1766885041, "duration": 2652, "cluster": 251, "lobby_type": 0, "game_mode": 22, "is_contributor": false, "patch": 59, "region": 15, "isRadiant": true, "win": 1, "lose": 0, "total_gold": 23956, "total_xp": 33371, "kills_per_min": 0.2262443438914027, "kda": 2.75, "abandons": 0, "benchmarks": {"gold_per_min": {"raw": 542, "pct": 0.56640625}, "xp_per_min": {"raw": 755, "pct": 0.5108173076923077}, "kills_per_min": {"raw": 0.22624434389140272, "pct": 0.5336538461538461}, "last_hits_per_min": {"raw": 5.83710407239819, "pct": 0.5090144230769231}, "hero_damage_per_min": {"raw": 539.3212669683257, "pct": 0.38100961538461536}, "hero_healing_per_min": {"raw": 0, "pct": 0.81640625}, "tower_damage": {"raw": 8973,