{"players": [{"player_slot": 0, "team_number": 0, "team_slot": 0, "hero_id": 36, "hero_variant": 1, "item_0": 114, "item_1": 77, "item_2": 214, "item_3": 692, "item_4": 0, "item_5": 137, "backpack_0": 0, "backpack_1": 0, "backpack_2": 0, "item_neutral": 71, "item_neutral2": 1593, "kills": 11, "deaths": 14, "assists": 8, "leaver_status": 0, "last_hits": 139, "denies": 3, "gold_per_min": 473, "xp_per_min": 571, "level": 20, "net_worth": 15926, "aghanims_scepter": 0, "aghanims_shard": 0, "moonshard": 0, "hero_damage": 38385, "tower_damage": 373, "hero_healing": 3683, "gold": 1021, "gold_spent": 14970, "ability_upgrades_arr": [5158, 5159, 5158, 5159, 5158, 5161, 5158, 1270, 5159, 5159, 1049, 1270, 5161, 1270, 1270, 7110, 5161, 350], "is_subscriber": false, "radiant_win": false, "start_time": 1766118907, "duration": 2459, "cluster": 381, "lobby_type": 7, "game_mode": 22, "is_contributor": false, "patch": 59, "isRadiant": true, "win": 0, "lose": 1, "total_gold": 19385, "total_xp": 23401, "kills_per_min": 0.2684017893452623, "kda": 1.27, "abandons": 0, "benchmarks": {"gold_per_min": {"raw": 473, "pct": 0.2537849627918912}, "xp_per_min": {"raw": 571, "pct": 0.19399538106235567}, "kills_per_min": {"raw": 0.26840178934526226, "pct": 0.539902489094175}, "last_hits_per_min": {"raw": 3.3916226108174055, "pct": 0.08160123171670516}, "hero_damage_per_min": {"raw": 936.6002440016266, "pct": 0.5984090325891711}, "hero_healing_per_min": {"raw": 89.86579910532737, "pct": 0.2999743392353092}, "tower_damage": {"raw": 373, "pct": 0.24942263279445728}}}, {"player_slot": 1, "team_number": 0, "team_slot": 1, "hero_id": 44, "hero_variant": 2, "item_0": 50, "item_1": 116, "item_2": 145, "item_3": 168, "item_4": 36, "item_5": 26, "backpack_0": 0, "backpack_1": 0, "backpack_2": 0, "item_neutral": 1605, "item_neutral2": 1586, "kills": 7, "deaths": 10, "assists": 12, "leaver_status": 0, "last_hits": 231, "denies": 12, "gold_per_min": 453, "xp_per_min": 660, "level": 22, "net_worth": 16538, "aghanims_scepter": 0, "aghanims_shard": 0, "moonshard": 0, "hero_damage": 29300, "tower_damage": 76, "hero_healing": 0, "gold": 2128, "gold_spent": 14965, "ability_upgrades_arr": [5190, 5191, 5190, 1287, 5190, 5193, 5190, 5191, 1287, 5191, 559, 5191, 5193, 1287, 1287, 491, 5193, 490], "is_subscriber": false, "radiant_win": false, "start_time": 1766118907, "duration": 2459, "cluster": 381, "lobby_type": 7, "game_mode": 22, "is_contributor": false, "patch": 59, "isRadiant": true, "win": 0, "lose": 1, "total_gold": 18565, "total_xp": 27049, "kills_per_min": 0.17080113867425784, "kda": 1.73, "abandons": 0, "benchmarks": {"gold_per_min": {"raw": 453, "pct": 0.29547881808472765}, "xp_per_min": {"raw": 660, "pct": 0.3460306158775365}, "kills_per_min": {"raw": 0.17080113867425784, "pct": 0.3627625489498042}, "last_hits_per_min": {"raw": 5.636437576250509, "pct": 0.311498754004984}, "hero_damage_per_min": {"raw": 714.9247661651078, "pct": 0.6372374510501958}, "hero_healing_per_min": {"raw": 0, "pct": 0.963688145247419}, "tower_damage": {"raw": 76, "pct": 0.2862228551085796}}}, {"player_slot": 2, "team_number": 0, "team_slot": 2, "hero_id": 23, "hero_variant": 1, "item_0": 73, "item_1": 116, "item_2": 210, "item_3": 149, "item_4": 50, "item_5": 0, "backpack_0": 0, "backpack_1": 0, "backpack_2": 0, "item_neutral": 71, "item_neutral2": 1585, "kills": 5, "deaths": 7, "assists": 7, "leaver_status": 0, "last_hits": 171, "denies": 6, "gold_per_min": 371, "xp_per_min": 503, "level": 19, "net_worth": 14000, "aghanims_scepter": 0, "aghanims_shard": 0, "moonshard": 0, "hero_damage": 18220, "tower_damage": 0, "hero_healing": 0, "gold": 3345, "gold_spent": 11345, "ability_upgrades_arr": [5032, 5031, 5032, 5033, 5031, 5035, 5032, 5032, 5031, 6666, 5033, 5031, 5035, 5033, 6385, 5033, 5035], "is_subscriber": false, "radiant_win": false, "start_time": 1766118907, "duration": 2459, "cluster": 381, "lobby_type": 7, "game_mode": 22, "is_contributor": false, "patch": 59, "isRadiant": true, "win": 0, "lose": 1, "total_gold": 15204, "total_xp": 20614, "kills_per_min": 0.12200081333875559, "kda": 1.5, "abandons": 0, "benchmarks": {"gold_per_min": {"raw": 371, "pct": 0.12408163265306123}, "xp_per_min": {"raw": 503, "pct": 0.16816326530612244}, "kills_per_min": {"raw": 0.12200081333875558, "pct": 0.3436734693877551}, "last_hits_per_min": {"raw": 4.172427816185441, "pct": 0.1763265306122449}, "hero_damage_per_min": {"raw": 444.57096380642537, "pct": 0.1983673469387755}, "hero_healing_per_min": {"raw": 0, "pct": 0.8742857142857143}, "tower_damage": {"raw": 0, "pct": 0.11673469387755102}}}, {"account_id": 37467834, "player_slot": 3, "team_number": 0, "team_slot": 3, "hero_id": 108, "hero_variant": 1, "item_0": 36, "item_1": 178, "item_2": 206, "item_3": 42, "item_4": 31, "item_5": 63, "backpack_0": 94, "backpack_1": 188, "backpack_2": 89, "item_neutral": 71, "item_neutral2": 1585, "kills": 1, "deaths": 9, "assists": 13, "leaver_status": 1, "last_hits": 90, "denies": 0, "gold_per_min": 270, "xp_per_min": 409, "level": 17, "net_worth": 9725, "aghanims_scepter": 0, "aghanims_shard": 0, "moonshard": 0, "hero_damage": 22812, "tower_damage": 0, "hero_healing": 0, "gold": 2485, "gold_spent": 7980, "ability_upgrades_arr": [5613, 5615, 5614, 5613, 5613, 865, 5613, 5614, 5614, 5614, 663, 5615, 865, 5615, 5615, 556], "personaname": "ExtremoDiaz", "name": null, "last_login": null, "rank_tier": 22, "computed_mmr": 3968.35, "is_subscriber": false, "radiant_win": false, "start_time": 1766118907, "duration": 2459, "cluster": 381, "lobby_type": 7, "game_mode": 22, "is_contributor": false, "patch": 59, "isRadiant": true, "win": 0, "lose": 1, "total_gold": 11065, "total_xp": 16762, "kills_per_min": 0.024400162667751118, "kda": 1.4, "abandons": 0, "benchmarks": {"gold_per_min": {"raw": 270, "pct": 0.027624309392265192}, "xp_per_min": {"raw": 409, "pct": 0.10704419889502763}, "kills_per_min": {"raw": 0.024400162667751118, "pct": 0.04903314917127072}, "last_hits_per_min": {"raw": 2.1960146400976006, "pct": 0.06284530386740332}, "hero_damage_per_min": {"raw": 556.6165107767384, "pct": 0.48756906077348067}, "hero_healing_per_min": {"raw": 0, "pct": 0.46892265193370164}, "tower_damage": {"raw": 0, "pct": 0.1484806629834254}}}, {"player_slot": 4, "team_number": 0, "team_slot": 4, "hero_id": 31, "hero_variant": 2, "item_0": 214, "item_1": 61, "item_2": 37, "item_3": 34, "item_4": 254, "item_5": 0, "backpack_0": 0, "backpack_1": 0, "backpack_2": 0, "item_neutral": 840, "item_neutral2": 1595, "kills": 5, "deaths": 10, "assists": 16, "leaver_status": 0, "last_hits": 92, "denies": 8, "gold_per_min": 309, "xp_per_min": 516, "level": 19, "net_worth": 9785, "aghanims_scepter": 0, "aghanims_shard": 1, "moonshard": 0, "hero_damage": 25343, "tower_damage": 360, "hero_healing": 195, "gold": 1305, "gold_spent": 9610, "ability_upgrades_arr": [5134, 5136, 5134, 7325, 5134, 5137, 5134, 5136, 7325, 5136, 530, 5136, 5137, 7325, 7325, 6292, 5137], "is_subscriber": false, "radiant_win": false, "start_time": 1766118907, "duration": 2459, "cluster": 381, "lobby_type": 7, "game_mode": 22, "is_contributor": false, "patch": 59, "isRadiant": true, "win": 0, "lose": 1, "total_gold": 12663, "total_xp": 21147, "kills_per_min": 0.12200081333875559, "kda": 1.91, "abandons": 0, "benchmarks": {"gold_per_min": {"raw": 309, "pct": 0.2624144780401677}, "xp_per_min": {"raw": 516, "pct": 0.37055837563451777}, "kills_per_min": {"raw": 0.12200081333875558, "pct": 0.4780401677333922}, "last_hits_per_min": {"raw": 2.2448149654331027, "pct": 0.7907746634297065}, "hero_damage_per_min": {"raw": 618.3733224888166, "pct": 0.7691458839108365}, "hero_healing_per_min": {"raw": 4.758031720211468, "pct": 0.830280291326418}, "tower_damage": {"raw": 360, "pct": 0.5733833590818804}}}, {"player_slot": 128, "team_number": 1, "team_slot": 0, "hero_id": 105, "hero_variant": 1, "item_0": 13, "item_1": 218, "item_2": 98, "item_3": 263, "item_4": 231, "item_5": 73, "backpack_0": 0, "backpack_1": 0, "backpack_2": 0,