{"players": [{"account_id": 176428986, "player_slot": 0, "team_number": 0, "team_slot": 0, "hero_id": 42, "hero_variant": 2, "item_0": 36, "item_1": 168, "item_2": 4205, "item_3": 50, "item_4": 112, "item_5": 137, "backpack_0": 0, "backpack_1": 0, "backpack_2": 0, "item_neutral": 1603, "item_neutral2": 1584, "kills": 6, "deaths": 1, "assists": 5, "leaver_status": 0, "last_hits": 253, "denies": 5, "gold_per_min": 626, "xp_per_min": 742, "level": 20, "net_worth": 18510, "aghanims_scepter": 0, "aghanims_shard": 0, "moonshard": 0, "hero_damage": 6544, "tower_damage": 5382, "hero_healing": 0, "gold": 3235, "gold_spent": 16070, "ability_upgrades_arr": [1282, 5088, 5086, 5088, 5088, 5089, 5088, 1282, 1282, 1545, 1282, 5089, 5086, 5086, 5976, 5086, 5089], "personaname": "lyrico", "name": null, "last_login": "2025-02-23T00:48:53.079Z", "rank_tier": 42, "computed_mmr": 4042.97, "is_subscriber": false, "radiant_win": true, "start_time": 1754262805, "duration": 1763, "cluster": 241, "lobby_type": 0, "game_mode": 22, "is_contributor": false, "patch": 58, "region": 14, "isRadiant": true, "win": 1, "lose": 0, "total_gold": 18393, "total_xp": 21802, "kills_per_min": 0.20419739081111743, "kda": 5.5, "abandons": 0, "benchmarks": {"gold_per_min": {"raw": 626, "pct": 0.5817744026671606}, "xp_per_min": {"raw": 742, "pct": 0.37618077421744767}, "kills_per_min": {"raw": 0.20419739081111743, "pct": 0.42359696240044453}, "last_hits_per_min": {"raw": 8.610323312535451, "pct": 0.779033154287831}, "hero_damage_per_min": {"raw": 222.71128757799207, "pct": 0.02278199666604927}, "hero_healing_per_min": {"raw": 0, "pct": 0.9507316169661049}, "tower_damage": {"raw": 5382, "pct": 0.43471013150583443}}}, {"player_slot": 1, "team_number": 0, "team_slot": 1, "hero_id": 27, "hero_variant": 3, "item_0": 232, "item_1": 1, "item_2": 180, "item_3": 0, "item_4": 0, "item_5": 34, "backpack_0": 38, "backpack_1": 0, "backpack_2": 0, "item_neutral": 359, "item_neutral2": 1595, "kills": 3, "deaths": 4, "assists": 9, "leaver_status": 0, "last_hits": 60, "denies": 4, "gold_per_min": 344, "xp_per_min": 473, "level": 15, "net_worth": 9333, "aghanims_scepter": 0, "aghanims_shard": 0, "moonshard": 0, "hero_damage": 6887, "tower_damage": 5170, "hero_healing": 0, "gold": 3158, "gold_spent": 7060, "ability_upgrades_arr": [5080, 5078, 5079, 5080, 5080, 5081, 5080, 5078, 5078, 468, 5078, 5079, 5081, 5079, 760], "is_subscriber": false, "radiant_win": true, "start_time": 1754262805, "duration": 1763, "cluster": 241, "lobby_type": 0, "game_mode": 22, "is_contributor": false, "patch": 58, "region": 14, "isRadiant": true, "win": 1, "lose": 0, "total_gold": 10107, "total_xp": 13898, "kills_per_min": 0.10209869540555871, "kda": 2.4, "abandons": 0, "benchmarks": {"gold_per_min": {"raw": 344, "pct": 0.43797883983947467}, "xp_per_min": {"raw": 473, "pct": 0.3420284567676031}, "kills_per_min": {"raw": 0.10209869540555871, "pct": 0.5499817584823057}, "last_hits_per_min": {"raw": 2.0419739081111743, "pct": 0.6342575702298431}, "hero_damage_per_min": {"raw": 234.38457175269426, "pct": 0.13006202116016052}, "hero_healing_per_min": {"raw": 0, "pct": 0.6541408245165998}, "tower_damage": {"raw": 5170, "pct": 0.7236410069317767}}}, {"player_slot": 2, "team_number": 0, "team_slot": 2, "hero_id": 18, "hero_variant": 1, "item_0": 1, "item_1": 116, "item_2": 41, "item_3": 252, "item_4": 63, "item_5": 172, "backpack_0": 11, "backpack_1": 34, "backpack_2": 0, "item_neutral": 1602, "item_neutral2": 1586, "kills": 1, "deaths": 0, "assists": 6, "leaver_status": 0, "last_hits": 223, "denies": 1, "gold_per_min": 509, "xp_per_min": 693, "level": 19, "net_worth": 15088, "aghanims_scepter": 0, "aghanims_shard": 0, "moonshard": 0, "hero_damage": 3543, "tower_damage": 7553, "hero_healing": 0, "gold": 1713, "gold_spent": 14435, "ability_upgrades_arr": [5094, 5096, 5095, 5095, 5095, 5097, 5095, 5096, 5096, 5096, 6045, 5097, 5094, 5094, 6911, 5094, 5097], "is_subscriber": false, "radiant_win": true, "start_time": 1754262805, "duration": 1763, "cluster": 241, "lobby_type": 0, "game_mode": 22, "is_contributor": false, "patch": 58, "region": 14, "isRadiant": true, "win": 1, "lose": 0, "total_gold": 14956, "total_xp": 20362, "kills_per_min": 0.03403289846851957, "kda": 7, "abandons": 0, "benchmarks": {"gold_per_min": {"raw": 509, "pct": 0.3299856527977044}, "xp_per_min": {"raw": 693, "pct": 0.33787661406025826}, "kills_per_min": {"raw": 0.03403289846851957, "pct": 0.06025824964131994}, "last_hits_per_min": {"raw": 7.589336358479864, "pct": 0.40459110473457677}, "hero_damage_per_min": {"raw": 120.57855927396483, "pct": 0.021520803443328552}, "hero_healing_per_min": {"raw": 0, "pct": 0.9548063127690101}, "tower_damage": {"raw": 7553, "pct": 0.6786226685796269}}}, {"player_slot": 3, "team_number": 0, "team_slot": 3, "hero_id": 26, "hero_variant": 2, "item_0": 63, "item_1": 1, "item_2": 36, "item_3": 37, "item_4": 75, "item_5": 1123, "backpack_0": 0, "backpack_1": 0, "backpack_2": 0, "item_neutral": 71, "item_neutral2": 1576, "kills": 8, "deaths": 3, "assists": 8, "leaver_status": 0, "last_hits": 39, "denies": 5, "gold_per_min": 345, "xp_per_min": 453, "level": 15, "net_worth": 9400, "aghanims_scepter": 0, "aghanims_shard": 0, "moonshard": 0, "hero_damage": 12543, "tower_damage": 2831, "hero_healing": 0, "gold": 945, "gold_spent": 9810, "ability_upgrades_arr": [5044, 5045, 5044, 5045, 5044, 5047, 5044, 5045, 5045, 5046, 5046, 5047, 5046, 5046, 5918], "is_subscriber": false, "radiant_win": true, "start_time": 1754262805, "duration": 1763, "cluster": 241, "lobby_type": 0, "game_mode": 22, "is_contributor": false, "patch": 58, "region": 14, "isRadiant": true, "win": 1, "lose": 0, "total_gold": 10137, "total_xp": 13310, "kills_per_min": 0.27226318774815655, "kda": 4, "abandons": 0, "benchmarks": {"gold_per_min": {"raw": 345, "pct": 0.5557023919651116}, "xp_per_min": {"raw": 453, "pct": 0.2743491476146425}, "kills_per_min": {"raw": 0.27226318774815655, "pct": 0.8669221620192943}, "last_hits_per_min": {"raw": 1.327283040272263, "pct": 0.5805471124620061}, "hero_damage_per_min": {"raw": 426.87464549064094, "pct": 0.7508920311880534}, "hero_healing_per_min": {"raw": 0, "pct": 0.7417734901546187}, "tower_damage": {"raw": 2831, "pct": 0.9154222280956786}}}, {"player_slot": 4, "team_number": 0, "team_slot": 4, "hero_id": 114, "hero_variant": 3, "item_0": 174, "item_1": 116, "item_2": 143, "item_3": 252, "item_4": 569, "item_5": 63, "backpack_0": 0, "backpack_1": 0, "backpack_2": 0, "item_neutral": 1158, "item_neutral2": 1584, "kills": 13, "deaths": 1, "assists": 6, "leaver_status": 0, "last_hits": 228, "denies": 41, "gold_per_min": 648, "xp_per_min": 746, "level": 20, "net_worth": 18560, "aghanims_scepter": 0, "aghanims_shard": 1, "moonshard": 0, "hero_damage": 17512, "tower_damage": 4366, "hero_healing": 0, "gold": 2485, "gold_spent": 17410, "ability_upgrades_arr": [5716, 5723, 5723, 5716, 5723, 5725, 5721, 5723, 5716, 748, 5716, 5725, 5721, 5721, 6421, 5721, 5725, 802], "is_subscriber": false, "radiant_win": true, "start_time": 1754262805, "duration": 1763, "cluster": 241, "lobby_type": 0, "game_mode": 22, "is_contributor": false, "patch": 58, "region": 14, "isRadiant": true, "win": 1, "lose": 0, "total_gold": 19040, "total_xp": 21919, "kills_per_min": 0.4424276800907544, "kda": 9.5, "abandons": 0, "benchmarks": {"gold_per_min": {"raw": 648, "pct": 0.797713717693837}, "xp_per_min": {"raw": 746, "pct": 0.5541749502982107}, "kills_per_min": {"raw": 0.4424276800907544, "pct": 0.8846918489065606}, "last_hits_per_min": {"raw": 7.759500850822462, "pct": 0.8389662027833003}, "hero_damage_per_min": {"raw": 595.9841179807147, "pct": 0.4532803180914513}, "hero_healing_per_min": {"raw": 0, "pct": 0.9383697813121272}, "tower_damage": {"raw": 4366, "pct": 0.6351888667992047}}}, {"account_id": 65137360, "player_slot": 128, "team_number": 1, "team_slot": 0, "hero_id": 68, "hero_variant": 2, "item_0": 244, "item_1": 23, "item_2": 0, "item_3": 180, "item_4": 38, "item_5": 36,