{"players": [{"account_id": 308525157, "player_slot": 0, "team_number": 0, "team_slot": 0, "hero_id": 8, "hero_variant": 0, "item_0": 63, "item_1": 147, "item_2": 145, "item_3": 1, "item_4": 143, "item_5": 139, "backpack_0": 43, "backpack_1": 0, "backpack_2": 0, "item_neutral": 2097, "item_neutral2": 1584, "kills": 11, "deaths": 9, "assists": 12, "leaver_status": 0, "last_hits": 412, "denies": 3, "gold_per_min": 648, "xp_per_min": 1180, "level": 29, "net_worth": 30925, "aghanims_scepter": 1, "aghanims_shard": 0, "moonshard": 0, "hero_damage": 44917, "tower_damage": 13144, "hero_healing": 6542, "gold": 4450, "gold_spent": 27070, "ability_upgrades_arr": [5028, 5027, 5028, 5029, 5027, 5030, 5028, 5027, 5027, 5028, 7021, 5029, 5030, 5029, 5029, 1787, 5030, 7394, 915, 628, 1192], "personaname": "Black Sea", "name": null, "last_login": null, "rank_tier": 43, "computed_mmr": 4207.95, "is_subscriber": false, "radiant_win": true, "start_time": 1776213770, "duration": 3055, "cluster": 381, "lobby_type": 7, "game_mode": 22, "is_contributor": false, "patch": 60, "isRadiant": true, "win": 1, "lose": 0, "total_gold": 32994, "total_xp": 60081, "kills_per_min": 0.21603927986906712, "kda": 2.3, "abandons": 0, "benchmarks": {"gold_per_min": {"raw": 648, "pct": 0.5767575322812052}, "xp_per_min": {"raw": 1180, "pct": 0.8790052606408417}, "kills_per_min": {"raw": 0.21603927986906712, "pct": 0.48254423720707795}, "last_hits_per_min": {"raw": 8.091653027823241, "pct": 0.4615016738402678}, "hero_damage_per_min": {"raw": 882.1669394435352, "pct": 0.7594452415112386}, "hero_healing_per_min": {"raw": 128.48445171849426, "pct": 0.5284552845528455}, "tower_damage": {"raw": 13144, "pct": 0.741272118603539}}}, {"account_id": 45421382, "player_slot": 1, "team_number": 0, "team_slot": 1, "hero_id": 104, "hero_variant": 0, "item_0": 158, "item_1": 116, "item_2": 127, "item_3": 50, "item_4": 1, "item_5": 168, "backpack_0": 0, "backpack_1": 0, "backpack_2": 0, "item_neutral": 1605, "item_neutral2": 1586, "kills": 19, "deaths": 11, "assists": 18, "leaver_status": 0, "last_hits": 218, "denies": 3, "gold_per_min": 580, "xp_per_min": 983, "level": 28, "net_worth": 24448, "aghanims_scepter": 0, "aghanims_shard": 1, "moonshard": 0, "hero_damage": 35207, "tower_damage": 10139, "hero_healing": 1866, "gold": 3798, "gold_spent": 25385, "ability_upgrades_arr": [5595, 5597, 5595, 5596, 5595, 5598, 5597, 5597, 5597, 1113, 730, 5595, 5598, 5596, 5596, 5596, 6671, 5598, 6526, 1839, 1837, 463], "personaname": "La Chaucha", "name": null, "last_login": "2026-03-03T14:36:01.200Z", "rank_tier": 44, "computed_mmr": 4147.59, "is_subscriber": false, "radiant_win": true, "start_time": 1776213770, "duration": 3055, "cluster": 381, "lobby_type": 7, "game_mode": 22, "is_contributor": false, "patch": 60, "isRadiant": true, "win": 1, "lose": 0, "total_gold": 29531, "total_xp": 50051, "kills_per_min": 0.37315875613747956, "kda": 3.08, "abandons": 0, "benchmarks": {"gold_per_min": {"raw": 580, "pct": 0.8210609659540776}, "xp_per_min": {"raw": 983, "pct": 0.8879651623119557}, "kills_per_min": {"raw": 0.3731587561374795, "pct": 0.8452098178939034}, "last_hits_per_min": {"raw": 4.281505728314239, "pct": 0.43705463182897863}, "hero_damage_per_min": {"raw": 691.4631751227496, "pct": 0.5589865399841647}, "hero_healing_per_min": {"raw": 36.6481178396072, "pct": 0.6025336500395883}, "tower_damage": {"raw": 10139, "pct": 0.931908155186065}}}, {"account_id": 403354752, "player_slot": 2, "team_number": 0, "team_slot": 2, "hero_id": 7, "hero_variant": 0, "item_0": 36, "item_1": 152, "item_2": 43, "item_3": 610, "item_4": 180, "item_5": 1, "backpack_0": 0, "backpack_1": 0, "backpack_2": 0, "item_neutral": 1717, "item_neutral2": 1585, "kills": 4, "deaths": 11, "assists": 26, "leaver_status": 0, "last_hits": 117, "denies": 0, "gold_per_min": 406, "xp_per_min": 899, "level": 27, "net_worth": 17495, "aghanims_scepter": 0, "aghanims_shard": 1, "moonshard": 0, "hero_damage": 15622, "tower_damage": 1725, "hero_healing": 0, "gold": 1785, "gold_spent": 18045, "ability_upgrades_arr": [5023, 5024, 5023, 5025, 5023, 5026, 5023, 5024, 5024, 5024, 5025, 744, 5026, 5025, 5025, 6511, 5026, 6425, 1208, 450], "personaname": "甜言蜜語", "name": null, "last_login": null, "rank_tier": 44, "computed_mmr": 4226.67, "is_subscriber": false, "radiant_win": true, "start_time": 1776213770, "duration": 3055, "cluster": 381, "lobby_type": 7, "game_mode": 22, "is_contributor": false, "patch": 60, "isRadiant": true, "win": 1, "lose": 0, "total_gold": 20672, "total_xp": 45774, "kills_per_min": 0.07855973813420622, "kda": 2.5, "abandons": 0, "benchmarks": {"gold_per_min": {"raw": 406, "pct": 0.30605487228003786}, "xp_per_min": {"raw": 899, "pct": 0.804635761589404}, "kills_per_min": {"raw": 0.07855973813420622, "pct": 0.17360454115421003}, "last_hits_per_min": {"raw": 2.297872340425532, "pct": 0.1348155156102176}, "hero_damage_per_min": {"raw": 306.8150572831424, "pct": 0.05723746452223273}, "hero_healing_per_min": {"raw": 0, "pct": 0.8519394512771996}, "tower_damage": {"raw": 1725, "pct": 0.6419110690633869}}}, {"player_slot": 3, "team_number": 0, "team_slot": 3, "hero_id": 45, "hero_variant": 0, "item_0": 1, "item_1": 100, "item_2": 254, "item_3": 180, "item_4": 37, "item_5": 108, "backpack_0": 4206, "backpack_1": 0, "backpack_2": 4205, "item_neutral": 675, "item_neutral2": 1595, "kills": 7, "deaths": 12, "assists": 33, "leaver_status": 0, "last_hits": 162, "denies": 4, "gold_per_min": 470, "xp_per_min": 882, "level": 27, "net_worth": 18979, "aghanims_scepter": 0, "aghanims_shard": 1, "moonshard": 0, "hero_damage": 37482, "tower_damage": 1439, "hero_healing": 1175, "gold": 3279, "gold_spent": 19060, "ability_upgrades_arr": [5186, 5187, 5186, 5188, 5186, 5189, 5186, 5187, 5188, 5188, 5188, 6859, 5189, 5187, 5187, 5903, 5189, 6220, 6403, 6448], "is_subscriber": false, "radiant_win": true, "start_time": 1776213770, "duration": 3055, "cluster": 381, "lobby_type": 7, "game_mode": 22, "is_contributor": false, "patch": 60, "isRadiant": true, "win": 1, "lose": 0, "total_gold": 23930, "total_xp": 44908, "kills_per_min": 0.13747954173486088, "kda": 3.08, "abandons": 0, "benchmarks": {"gold_per_min": {"raw": 470, "pct": 0.8488888888888889}, "xp_per_min": {"raw": 882, "pct": 0.9585185185185185}, "kills_per_min": {"raw": 0.13747954173486088, "pct": 0.5185185185185185}, "last_hits_per_min": {"raw": 3.181669394435352, "pct": 0.7525925925925926}, "hero_damage_per_min": {"raw": 736.1440261865794, "pct": 0.6651851851851852}, "hero_healing_per_min": {"raw": 23.076923076923077, "pct": 0.22962962962962963}, "tower_damage": {"raw": 1439, "pct": 0.2725925925925926}}}, {"player_slot": 4, "team_number": 0, "team_slot": 4, "hero_id": 25, "hero_variant": 0, "item_0": 249, "item_1": 166, "item_2": 135, "item_3": 277, "item_4": 48, "item_5": 24, "backpack_0": 0, "backpack_1": 0, "backpack_2": 1575, "item_neutral": 1864, "item_neutral2": 1592, "kills": 13, "deaths": 13, "assists": 13, "leaver_status": 0, "last_hits": 332, "denies": 2, "gold_per_min": 610, "xp_per_min": 900, "level": 27, "net_worth": 27646, "aghanims_scepter": 0, "aghanims_shard": 1, "moonshard": 0, "hero_damage": 29907, "tower_damage": 4050, "hero_healing": 0, "gold": 2696, "gold_spent": 26605, "ability_upgrades_arr": [5041, 5040, 5040, 5041, 5040, 5043, 5041, 5040, 5042, 6212, 730, 5041, 5043, 5042, 5042, 6388, 5042, 5043, 844, 1442, 6009], "is_subscriber": false, "radiant_win": true, "start_time": 1776213770, "duration": 3055, "cluster": 381, "lobby_type": 7, "game_mode": 22, "is_contributor": false, "patch": 60, "isRadiant": true, "win": 1, "lose": 0, "total_gold": 31059, "total_xp": 45825, "kills_per_min": 0.25531914893617025, "kda": 1.86, "abandons": 0, "benchmarks": {"gold_per_min": {"raw": 610, "pct": 0.6962087641555884}, "xp_per_min": {"raw": 900, "pct": 0.6814377154111275}, "kills_per_min": {"raw": 0.2553191489361702, "pct": 0.5612998522895125}, "last_hits_per_min": {"raw": 6.5204582651391165,