{"players": [{"player_slot": 0, "team_number": 0, "team_slot": 0, "hero_id": 33, "hero_variant": 2, "item_0": 180, "item_1": 116, "item_2": 108, "item_3": 188, "item_4": 1, "item_5": 65, "backpack_0": 16, "backpack_1": 4205, "backpack_2": 40, "item_neutral": 1605, "item_neutral2": 1584, "kills": 6, "deaths": 14, "assists": 20, "leaver_status": 0, "last_hits": 144, "denies": 12, "gold_per_min": 483, "xp_per_min": 573, "level": 21, "net_worth": 15812, "aghanims_scepter": 0, "aghanims_shard": 0, "moonshard": 0, "hero_damage": 50997, "tower_damage": 2225, "hero_healing": 0, "gold": 1092, "gold_spent": 15350, "ability_upgrades_arr": [5146, 5147, 5147, 5148, 5147, 5149, 5147, 5148, 5148, 5148, 461, 5149, 5146, 5146, 5146, 7658, 5149, 6649], "is_subscriber": false, "radiant_win": false, "start_time": 1750463793, "duration": 2501, "cluster": 241, "lobby_type": 0, "game_mode": 22, "is_contributor": false, "patch": 58, "region": 14, "isRadiant": true, "win": 0, "lose": 1, "total_gold": 20133, "total_xp": 23884, "kills_per_min": 0.1439424230307877, "kda": 1.73, "abandons": 0, "benchmarks": {"gold_per_min": {"raw": 483, "pct": 0.8233590733590733}, "xp_per_min": {"raw": 573, "pct": 0.5685328185328186}, "kills_per_min": {"raw": 0.1439424230307877, "pct": 0.7084942084942085}, "last_hits_per_min": {"raw": 3.4546181527389046, "pct": 0.668918918918919}, "hero_damage_per_min": {"raw": 1223.4386245501798, "pct": 0.9855212355212355}, "hero_healing_per_min": {"raw": 0, "pct": 0.7818532818532818}, "tower_damage": {"raw": 2225, "pct": 0.6621621621621622}}}, {"player_slot": 1, "team_number": 0, "team_slot": 1, "hero_id": 35, "hero_variant": 1, "item_0": 141, "item_1": 116, "item_2": 36, "item_3": 75, "item_4": 0, "item_5": 166, "backpack_0": 0, "backpack_1": 0, "backpack_2": 0, "item_neutral": 828, "item_neutral2": 1576, "kills": 6, "deaths": 13, "assists": 15, "leaver_status": 0, "last_hits": 175, "denies": 1, "gold_per_min": 439, "xp_per_min": 451, "level": 18, "net_worth": 14134, "aghanims_scepter": 0, "aghanims_shard": 0, "moonshard": 0, "hero_damage": 35445, "tower_damage": 941, "hero_healing": 0, "gold": 1079, "gold_spent": 13800, "ability_upgrades_arr": [5154, 5156, 5155, 5154, 5156, 5157, 5155, 5155, 5154, 5156, 928, 5157, 5154, 5156, 5155, 6305, 5157], "is_subscriber": false, "radiant_win": false, "start_time": 1750463793, "duration": 2501, "cluster": 241, "lobby_type": 0, "game_mode": 22, "is_contributor": false, "patch": 58, "region": 14, "isRadiant": true, "win": 0, "lose": 1, "total_gold": 18298, "total_xp": 18799, "kills_per_min": 0.1439424230307877, "kda": 1.5, "abandons": 0, "benchmarks": {"gold_per_min": {"raw": 439, "pct": 0.20953690967446126}, "xp_per_min": {"raw": 451, "pct": 0.10392786183707779}, "kills_per_min": {"raw": 0.1439424230307877, "pct": 0.21626165367568392}, "last_hits_per_min": {"raw": 4.198320671731308, "pct": 0.2077028885832187}, "hero_damage_per_min": {"raw": 850.3398640543783, "pct": 0.506953996637628}, "hero_healing_per_min": {"raw": 0, "pct": 0.9301543634418462}, "tower_damage": {"raw": 941, "pct": 0.2816750725966682}}}, {"player_slot": 2, "team_number": 0, "team_slot": 2, "hero_id": 26, "hero_variant": 2, "item_0": 100, "item_1": 1, "item_2": 218, "item_3": 232, "item_4": 36, "item_5": 214, "backpack_0": 0, "backpack_1": 0, "backpack_2": 0, "item_neutral": 1158, "item_neutral2": 1593, "kills": 15, "deaths": 10, "assists": 11, "leaver_status": 0, "last_hits": 87, "denies": 1, "gold_per_min": 490, "xp_per_min": 682, "level": 22, "net_worth": 17084, "aghanims_scepter": 1, "aghanims_shard": 1, "moonshard": 0, "hero_damage": 24642, "tower_damage": 438, "hero_healing": 200, "gold": 1209, "gold_spent": 17025, "ability_upgrades_arr": [5044, 5046, 5044, 5045, 5046, 5047, 5044, 5044, 5046, 5918, 5045, 5047, 5045, 5045, 781, 5046, 5047, 541], "is_subscriber": false, "radiant_win": false, "start_time": 1750463793, "duration": 2501, "cluster": 241, "lobby_type": 0, "game_mode": 22, "is_contributor": false, "patch": 58, "region": 14, "isRadiant": true, "win": 0, "lose": 1, "total_gold": 20424, "total_xp": 28428, "kills_per_min": 0.35985605757696926, "kda": 2.36, "abandons": 0, "benchmarks": {"gold_per_min": {"raw": 490, "pct": 0.9236156997489098}, "xp_per_min": {"raw": 682, "pct": 0.7249900885423549}, "kills_per_min": {"raw": 0.3598560575769692, "pct": 0.938945420906568}, "last_hits_per_min": {"raw": 2.0871651339464217, "pct": 0.8019029998678472}, "hero_damage_per_min": {"raw": 591.1715313874449, "pct": 0.8990352847892163}, "hero_healing_per_min": {"raw": 4.798080767692923, "pct": 0.8995638958636183}, "tower_damage": {"raw": 438, "pct": 0.5814721818422096}}}, {"player_slot": 3, "team_number": 0, "team_slot": 3, "hero_id": 20, "hero_variant": 1, "item_0": 214, "item_1": 229, "item_2": 172, "item_3": 36, "item_4": 27, "item_5": 108, "backpack_0": 0, "backpack_1": 0, "backpack_2": 0, "item_neutral": 0, "item_neutral2": 0, "kills": 1, "deaths": 12, "assists": 14, "leaver_status": 0, "last_hits": 55, "denies": 0, "gold_per_min": 282, "xp_per_min": 490, "level": 19, "net_worth": 10858, "aghanims_scepter": 0, "aghanims_shard": 0, "moonshard": 0, "hero_damage": 14804, "tower_damage": 233, "hero_healing": 0, "gold": 658, "gold_spent": 10445, "ability_upgrades_arr": [5124, 5122, 5123, 5122, 5124, 5125, 5124, 5122, 5122, 5124, 1068, 5123, 5123, 5125, 5123, 6310, 5125], "is_subscriber": false, "radiant_win": false, "start_time": 1750463793, "duration": 2501, "cluster": 241, "lobby_type": 0, "game_mode": 22, "is_contributor": false, "patch": 58, "region": 14, "isRadiant": true, "win": 0, "lose": 1, "total_gold": 11754, "total_xp": 20424, "kills_per_min": 0.023990403838464618, "kda": 1.15, "abandons": 0, "benchmarks": {"gold_per_min": {"raw": 282, "pct": 0.20483005366726298}, "xp_per_min": {"raw": 490, "pct": 0.2880143112701252}, "kills_per_min": {"raw": 0.023990403838464614, "pct": 0.0778175313059034}, "last_hits_per_min": {"raw": 1.3194722111155537, "pct": 0.37656529516994636}, "hero_damage_per_min": {"raw": 355.15393842463016, "pct": 0.40384615384615385}, "hero_healing_per_min": {"raw": 0, "pct": 0.6547406082289803}, "tower_damage": {"raw": 233, "pct": 0.32737030411449014}}}, {"account_id": 1106343983, "player_slot": 4, "team_number": 0, "team_slot": 4, "hero_id": 57, "hero_variant": 2, "item_0": 50, "item_1": 9, "item_2": 178, "item_3": 137, "item_4": 127, "item_5": 69, "backpack_0": 11, "backpack_1": 221, "backpack_2": 0, "item_neutral": 1605, "item_neutral2": 1586, "kills": 1, "deaths": 10, "assists": 16, "leaver_status": 0, "last_hits": 139, "denies": 1, "gold_per_min": 380, "xp_per_min": 668, "level": 22, "net_worth": 14210, "aghanims_scepter": 0, "aghanims_shard": 0, "moonshard": 0, "hero_damage": 19222, "tower_damage": 357, "hero_healing": 3851, "gold": 1755, "gold_spent": 13305, "ability_upgrades_arr": [656, 5263, 5263, 895, 5263, 5266, 5263, 656, 656, 895, 895, 5266, 895, 656, 1488, 6300, 5266, 1463], "personaname": "GatoBohemio", "name": null, "last_login": null, "rank_tier": 41, "computed_mmr": 3886.28, "is_subscriber": false, "radiant_win": false, "start_time": 1750463793, "duration": 2501, "cluster": 241, "lobby_type": 0, "game_mode": 22, "is_contributor": false, "patch": 58, "region": 14, "isRadiant": true, "win": 0, "lose": 1, "total_gold": 15839, "total_xp": 27844, "kills_per_min": 0.023990403838464618, "kda": 1.55, "abandons": 0, "benchmarks": {"gold_per_min": {"raw": 380, "pct": 0.49525452976704054}, "xp_per_min": {"raw": 668, "pct": 0.6988783433994823}, "kills_per_min": {"raw": 0.023990403838464614, "pct": 0.11130284728213978}, "last_hits_per_min": {"raw": 3.3346661335465813, "pct": 0.4918032786885246}, "hero_damage_per_min": {"raw": 461.1435425829668, "pct": 0.6488352027610008}, "hero_healing_per_min": {"raw": 92.38704518192722, "pct": 0.5927523727351165}, "tower_damage": {"raw": 357, "pct": 0.4245038826574633}}}, {"account_id": 65137360, "player_slot": 128, "team_number": 1, "team_slot": 0, "hero_id": 30, "hero_variant": 3,