{"players": [{"player_slot": 0, "team_number": 0, "team_slot": 0, "hero_id": 22, "hero_variant": 0, "item_0": 110, "item_1": 235, "item_2": 232, "item_3": 48, "item_4": 96, "item_5": 123, "backpack_0": 0, "backpack_1": 0, "backpack_2": 0, "item_neutral": 71, "item_neutral2": 1583, "kills": 14, "deaths": 4, "assists": 34, "leaver_status": 0, "last_hits": 460, "denies": 23, "gold_per_min": 736, "xp_per_min": 1158, "level": 30, "net_worth": 35589, "aghanims_scepter": 1, "aghanims_shard": 1, "moonshard": 0, "hero_damage": 78554, "tower_damage": 0, "hero_healing": 0, "gold": 3714, "gold_spent": 34360, "ability_upgrades_arr": [5110, 641, 5110, 5111, 5110, 5113, 5110, 5111, 5111, 5111, 5959, 641, 5113, 641, 641, 611, 5113, 6518, 1791, 6157, 1615, 6501, 8038], "is_subscriber": false, "radiant_win": false, "start_time": 1775335128, "duration": 3571, "cluster": 346, "lobby_type": 7, "game_mode": 22, "is_contributor": false, "patch": 60, "region": 38, "isRadiant": true, "win": 0, "lose": 1, "total_gold": 43804, "total_xp": 68920, "kills_per_min": 0.23522822738728646, "kda": 9.6, "abandons": 0, "benchmarks": {"gold_per_min": {"raw": 736, "pct": 0.9698863636363636}, "xp_per_min": {"raw": 1158, "pct": 0.977840909090909}, "kills_per_min": {"raw": 0.2352282273872865, "pct": 0.625}, "last_hits_per_min": {"raw": 7.728927471296555, "pct": 0.9278409090909091}, "hero_damage_per_min": {"raw": 1319.8655838700645, "pct": 0.8914772727272727}, "hero_healing_per_min": {"raw": 0, "pct": 0.8261363636363637}, "tower_damage": {"raw": 0, "pct": 0.21988636363636363}}}, {"player_slot": 1, "team_number": 0, "team_slot": 1, "hero_id": 7, "hero_variant": 0, "item_0": 116, "item_1": 1, "item_2": 226, "item_3": 43, "item_4": 37, "item_5": 180, "backpack_0": 110, "backpack_1": 40, "backpack_2": 0, "item_neutral": 1864, "item_neutral2": 1592, "kills": 8, "deaths": 16, "assists": 32, "leaver_status": 0, "last_hits": 272, "denies": 1, "gold_per_min": 522, "xp_per_min": 922, "level": 28, "net_worth": 21408, "aghanims_scepter": 0, "aghanims_shard": 1, "moonshard": 0, "hero_damage": 42714, "tower_damage": 0, "hero_healing": 195, "gold": 1598, "gold_spent": 24905, "ability_upgrades_arr": [5023, 5025, 5023, 5024, 5023, 5026, 5023, 5025, 5025, 744, 5025, 5024, 5026, 5024, 5024, 858, 5026, 6425, 1208, 450, 6511], "is_subscriber": false, "radiant_win": false, "start_time": 1775335128, "duration": 3571, "cluster": 346, "lobby_type": 7, "game_mode": 22, "is_contributor": false, "patch": 60, "region": 38, "isRadiant": true, "win": 0, "lose": 1, "total_gold": 31067, "total_xp": 54874, "kills_per_min": 0.13441612993559227, "kda": 2.35, "abandons": 0, "benchmarks": {"gold_per_min": {"raw": 522, "pct": 0.7324032974001268}, "xp_per_min": {"raw": 922, "pct": 0.8566899175649968}, "kills_per_min": {"raw": 0.1344161299355923, "pct": 0.4020291693088142}, "last_hits_per_min": {"raw": 4.570148417810137, "pct": 0.6125554850982878}, "hero_damage_per_min": {"raw": 717.681321758611, "pct": 0.6962587190868738}, "hero_healing_per_min": {"raw": 3.2763931671800615, "pct": 0.9036144578313253}, "tower_damage": {"raw": 0, "pct": 0.21940393151553583}}}, {"player_slot": 2, "team_number": 0, "team_slot": 2, "hero_id": 20, "hero_variant": 0, "item_0": 36, "item_1": 250, "item_2": 1128, "item_3": 108, "item_4": 244, "item_5": 214, "backpack_0": 216, "backpack_1": 0, "backpack_2": 0, "item_neutral": 675, "item_neutral2": 1577, "kills": 12, "deaths": 21, "assists": 19, "leaver_status": 2, "last_hits": 117, "denies": 9, "gold_per_min": 343, "xp_per_min": 872, "level": 28, "net_worth": 13700, "aghanims_scepter": 0, "aghanims_shard": 0, "moonshard": 0, "hero_damage": 24232, "tower_damage": 0, "hero_healing": 0, "gold": 0, "gold_spent": 15695, "ability_upgrades_arr": [5122, 5124, 5122, 5124, 5122, 5125, 5122, 5124, 5124, 1068, 5123, 5123, 5125, 5123, 5123, 6977, 5125, 1197, 1197, 6237], "is_subscriber": false, "radiant_win": false, "start_time": 1775335128, "duration": 3571, "cluster": 346, "lobby_type": 7, "game_mode": 22, "is_contributor": false, "patch": 60, "region": 38, "isRadiant": true, "win": 0, "lose": 1, "total_gold": 20414, "total_xp": 51898, "kills_per_min": 0.2016241949033884, "kda": 1.41, "abandons": 1, "benchmarks": {"gold_per_min": {"raw": 343, "pct": 0.48191365227537925}, "xp_per_min": {"raw": 872, "pct": 0.8506417736289381}, "kills_per_min": {"raw": 0.2016241949033884, "pct": 0.823803967327888}, "last_hits_per_min": {"raw": 1.965835900308037, "pct": 0.5892648774795799}, "hero_damage_per_min": {"raw": 407.146457574909, "pct": 0.5810968494749125}, "hero_healing_per_min": {"raw": 0, "pct": 0.6814469078179697}, "tower_damage": {"raw": 0, "pct": 0.1983663943990665}}}, {"account_id": 1426996829, "player_slot": 3, "team_number": 0, "team_slot": 3, "hero_id": 54, "hero_variant": 0, "item_0": 116, "item_1": 1, "item_2": 208, "item_3": 30, "item_4": 141, "item_5": 50, "backpack_0": 0, "backpack_1": 0, "backpack_2": 0, "item_neutral": 1721, "item_neutral2": 1586, "kills": 14, "deaths": 12, "assists": 17, "leaver_status": 0, "last_hits": 444, "denies": 19, "gold_per_min": 620, "xp_per_min": 1044, "level": 29, "net_worth": 23663, "aghanims_scepter": 0, "aghanims_shard": 0, "moonshard": 0, "hero_damage": 52806, "tower_damage": 2377, "hero_healing": 4776, "gold": 3363, "gold_spent": 31025, "ability_upgrades_arr": [5250, 5251, 5249, 5250, 5250, 5252, 5250, 5249, 5249, 5249, 5918, 5251, 5252, 5251, 5251, 1033, 5252, 709, 7012, 5920, 464, 1034], "personaname": "Var", "name": null, "last_login": null, "rank_tier": 42, "computed_mmr": 4015.28, "is_subscriber": false, "radiant_win": false, "start_time": 1775335128, "duration": 3571, "cluster": 346, "lobby_type": 7, "game_mode": 22, "is_contributor": false, "patch": 60, "region": 38, "isRadiant": true, "win": 0, "lose": 1, "total_gold": 36900, "total_xp": 62135, "kills_per_min": 0.23522822738728646, "kda": 2.38, "abandons": 0, "benchmarks": {"gold_per_min": {"raw": 620, "pct": 0.5964682799215173}, "xp_per_min": {"raw": 1044, "pct": 0.7697841726618705}, "kills_per_min": {"raw": 0.2352282273872865, "pct": 0.5748855461085677}, "last_hits_per_min": {"raw": 7.4600952114253705, "pct": 0.5480706344015697}, "hero_damage_per_min": {"raw": 887.2472696723607, "pct": 0.7122302158273381}, "hero_healing_per_min": {"raw": 80.24642957154857, "pct": 0.8901242642249837}, "tower_damage": {"raw": 2377, "pct": 0.395029431000654}}}, {"player_slot": 4, "team_number": 0, "team_slot": 4, "hero_id": 2, "hero_variant": 0, "item_0": 127, "item_1": 600, "item_2": 116, "item_3": 242, "item_4": 119, "item_5": 214, "backpack_0": 185, "backpack_1": 0, "backpack_2": 0, "item_neutral": 565, "item_neutral2": 1585, "kills": 15, "deaths": 16, "assists": 26, "leaver_status": 0, "last_hits": 441, "denies": 6, "gold_per_min": 653, "xp_per_min": 1053, "level": 29, "net_worth": 31280, "aghanims_scepter": 1, "aghanims_shard": 1, "moonshard": 0, "hero_damage": 64133, "tower_damage": 249, "hero_healing": 0, "gold": 80, "gold_spent": 33060, "ability_upgrades_arr": [5009, 5007, 5009, 5008, 5007, 5010, 5009, 5009, 5008, 5007, 9401, 5007, 5010, 5008, 5008, 6102, 5010, 6991, 6608, 1189, 974, 6145], "is_subscriber": false, "radiant_win": false, "start_time": 1775335128, "duration": 3571, "cluster": 346, "lobby_type": 7, "game_mode": 22, "is_contributor": false, "patch": 60, "region": 38, "isRadiant": true, "win": 0, "lose": 1, "total_gold": 38864, "total_xp": 62671, "kills_per_min": 0.25203024362923554, "kda": 2.41, "abandons": 0, "benchmarks": {"gold_per_min": {"raw": 653, "pct": 0.9435370975268316}, "xp_per_min": {"raw": 1053, "pct": 0.9248716752216519}, "kills_per_min": {"raw": 0.2520302436292355, "pct": 0.5230984601026598}, "last_hits_per_min": {"raw": 7.409689162699524, "pct": 0.9552029864675688}, "hero_damage_per_min": {"raw": 1077.5637076449175, "pct": 0.9066728884741018}, "hero_healing_per_min": {"raw": 0, "pct": 0.9286047596826879}, "tower_damage": {"raw": 249, "pct": 0.2967802146523565}}}, {"account_id": 45421382,