{"players": [{"player_slot": 0, "team_number": 0, "team_slot": 0, "hero_id": 105, "hero_variant": 3, "item_0": 235, "item_1": 36, "item_2": 178, "item_3": 77, "item_4": 214, "item_5": 24, "backpack_0": 69, "backpack_1": 0, "backpack_2": 0, "item_neutral": 1599, "item_neutral2": 1593, "kills": 4, "deaths": 10, "assists": 11, "leaver_status": 0, "last_hits": 217, "denies": 1, "gold_per_min": 486, "xp_per_min": 454, "level": 19, "net_worth": 17817, "aghanims_scepter": 1, "aghanims_shard": 0, "moonshard": 0, "hero_damage": 45396, "tower_damage": 277, "hero_healing": 0, "gold": 247, "gold_spent": 18420, "ability_upgrades_arr": [5601, 879, 5601, 879, 5601, 5599, 5601, 879, 879, 886, 6997, 886, 5599, 886, 886, 6282, 5599], "is_subscriber": false, "radiant_win": false, "start_time": 1768699373, "duration": 2610, "cluster": 381, "lobby_type": 0, "game_mode": 22, "is_contributor": false, "patch": 59, "isRadiant": true, "win": 0, "lose": 1, "total_gold": 21141, "total_xp": 19749, "kills_per_min": 0.09195402298850575, "kda": 1.36, "abandons": 0, "benchmarks": {"gold_per_min": {"raw": 486, "pct": 0.7237376668601276}, "xp_per_min": {"raw": 454, "pct": 0.2460824143934997}, "kills_per_min": {"raw": 0.09195402298850575, "pct": 0.1436448055716773}, "last_hits_per_min": {"raw": 4.988505747126436, "pct": 0.8821822402785838}, "hero_damage_per_min": {"raw": 1043.5862068965519, "pct": 0.7182240278583866}, "hero_healing_per_min": {"raw": 0, "pct": 0.7576900754497968}, "tower_damage": {"raw": 277, "pct": 0.3267556587347649}}}, {"account_id": 332177874, "player_slot": 1, "team_number": 0, "team_slot": 1, "hero_id": 100, "hero_variant": 1, "item_0": 1, "item_1": 168, "item_2": 180, "item_3": 36, "item_4": 0, "item_5": 0, "backpack_0": 0, "backpack_1": 0, "backpack_2": 0, "item_neutral": 565, "item_neutral2": 1586, "kills": 0, "deaths": 14, "assists": 5, "leaver_status": 0, "last_hits": 108, "denies": 1, "gold_per_min": 233, "xp_per_min": 377, "level": 17, "net_worth": 9545, "aghanims_scepter": 0, "aghanims_shard": 1, "moonshard": 0, "hero_damage": 16826, "tower_damage": 384, "hero_healing": 0, "gold": 535, "gold_spent": 9150, "ability_upgrades_arr": [5565, 5566, 5565, 7322, 5565, 5568, 5565, 5566, 5566, 414, 730, 7322, 5568, 7322, 7322, 6411, 730, 5566], "personaname": "ELON TUSK", "name": null, "last_login": null, "rank_tier": 32, "computed_mmr": 3930.47, "is_subscriber": false, "radiant_win": false, "start_time": 1768699373, "duration": 2610, "cluster": 381, "lobby_type": 0, "game_mode": 22, "is_contributor": false, "patch": 59, "isRadiant": true, "win": 0, "lose": 1, "total_gold": 10135, "total_xp": 16399, "kda": 0.33, "abandons": 0, "benchmarks": {"gold_per_min": {"raw": 233, "pct": 0.06704260651629072}, "xp_per_min": {"raw": 377, "pct": 0.17105263157894737}, "kills_per_min": {"raw": 0, "pct": 0.02568922305764411}, "last_hits_per_min": {"raw": 2.4827586206896552, "pct": 0.7825814536340853}, "hero_damage_per_min": {"raw": 386.8045977011494, "pct": 0.4931077694235589}, "hero_healing_per_min": {"raw": 0, "pct": 0.7073934837092731}, "tower_damage": {"raw": 384, "pct": 0.568922305764411}}}, {"player_slot": 2, "team_number": 0, "team_slot": 2, "hero_id": 5, "hero_variant": 3, "item_0": 1, "item_1": 116, "item_2": 108, "item_3": 59, "item_4": 61, "item_5": 180, "backpack_0": 0, "backpack_1": 0, "backpack_2": 0, "item_neutral": 1604, "item_neutral2": 1577, "kills": 4, "deaths": 14, "assists": 12, "leaver_status": 0, "last_hits": 156, "denies": 5, "gold_per_min": 369, "xp_per_min": 685, "level": 23, "net_worth": 14144, "aghanims_scepter": 0, "aghanims_shard": 0, "moonshard": 0, "hero_damage": 30496, "tower_damage": 210, "hero_healing": 0, "gold": 444, "gold_spent": 14490, "ability_upgrades_arr": [5126, 5128, 5128, 5126, 5126, 5129, 5127, 5127, 5127, 5127, 5959, 5128, 5129, 5126, 5128, 7654, 5129, 6520], "is_subscriber": false, "radiant_win": false, "start_time": 1768699373, "duration": 2610, "cluster": 381, "lobby_type": 0, "game_mode": 22, "is_contributor": false, "patch": 59, "isRadiant": true, "win": 0, "lose": 1, "total_gold": 16051, "total_xp": 29797, "kills_per_min": 0.09195402298850575, "kda": 1.07, "abandons": 0, "benchmarks": {"gold_per_min": {"raw": 369, "pct": 0.5833836858006042}, "xp_per_min": {"raw": 685, "pct": 0.7371601208459214}, "kills_per_min": {"raw": 0.09195402298850575, "pct": 0.39274924471299094}, "last_hits_per_min": {"raw": 3.586206896551724, "pct": 0.9060422960725075}, "hero_damage_per_min": {"raw": 701.0574712643678, "pct": 0.908761329305136}, "hero_healing_per_min": {"raw": 0, "pct": 0.7250755287009063}, "tower_damage": {"raw": 210, "pct": 0.4268882175226586}}}, {"player_slot": 3, "team_number": 0, "team_slot": 3, "hero_id": 41, "hero_variant": 2, "item_0": 168, "item_1": 139, "item_2": 172, "item_3": 147, "item_4": 116, "item_5": 63, "backpack_0": 0, "backpack_1": 0, "backpack_2": 0, "item_neutral": 1719, "item_neutral2": 1597, "kills": 9, "deaths": 6, "assists": 6, "leaver_status": 0, "last_hits": 344, "denies": 11, "gold_per_min": 572, "xp_per_min": 856, "level": 25, "net_worth": 20984, "aghanims_scepter": 0, "aghanims_shard": 0, "moonshard": 0, "hero_damage": 29637, "tower_damage": 2424, "hero_healing": 0, "gold": 34, "gold_spent": 27620, "ability_upgrades_arr": [5182, 5184, 5182, 5184, 5691, 5185, 5184, 5182, 5182, 5184, 856, 5691, 5185, 5691, 5691, 6807, 5185, 7388, 7001], "is_subscriber": false, "radiant_win": false, "start_time": 1768699373, "duration": 2610, "cluster": 381, "lobby_type": 0, "game_mode": 22, "is_contributor": false, "patch": 59, "isRadiant": true, "win": 0, "lose": 1, "total_gold": 24882, "total_xp": 37236, "kills_per_min": 0.20689655172413793, "kda": 2.14, "abandons": 0, "benchmarks": {"gold_per_min": {"raw": 572, "pct": 0.543859649122807}, "xp_per_min": {"raw": 856, "pct": 0.6041189931350115}, "kills_per_min": {"raw": 0.20689655172413793, "pct": 0.549580472921434}, "last_hits_per_min": {"raw": 7.908045977011494, "pct": 0.6765827612509535}, "hero_damage_per_min": {"raw": 681.3103448275863, "pct": 0.6945080091533181}, "hero_healing_per_min": {"raw": 0, "pct": 0.9462242562929062}, "tower_damage": {"raw": 2424, "pct": 0.5015255530129672}}}, {"account_id": 37467834, "player_slot": 4, "team_number": 0, "team_slot": 4, "hero_id": 37, "hero_variant": 2, "item_0": 42, "item_1": 254, "item_2": 102, "item_3": 231, "item_4": 36, "item_5": 1440, "backpack_0": 0, "backpack_1": 0, "backpack_2": 0, "item_neutral": 1158, "item_neutral2": 1583, "kills": 6, "deaths": 8, "assists": 14, "leaver_status": 0, "last_hits": 128, "denies": 5, "gold_per_min": 341, "xp_per_min": 448, "level": 19, "net_worth": 12798, "aghanims_scepter": 0, "aghanims_shard": 1, "moonshard": 0, "hero_damage": 37353, "tower_damage": 966, "hero_healing": 7766, "gold": 2288, "gold_spent": 11800, "ability_upgrades_arr": [5163, 5162, 5163, 5162, 5163, 5165, 5163, 5164, 5162, 5162, 6982, 5164, 5165, 5164, 5164, 845, 5165], "personaname": "ExtremoDiaz", "name": null, "last_login": null, "rank_tier": 22, "computed_mmr": 3968.35, "is_subscriber": false, "radiant_win": false, "start_time": 1768699373, "duration": 2610, "cluster": 381, "lobby_type": 0, "game_mode": 22, "is_contributor": false, "patch": 59, "isRadiant": true, "win": 0, "lose": 1, "total_gold": 14833, "total_xp": 19488, "kills_per_min": 0.13793103448275862, "kda": 2.22, "abandons": 0, "benchmarks": {"gold_per_min": {"raw": 341, "pct": 0.3}, "xp_per_min": {"raw": 448, "pct": 0.3391304347826087}, "kills_per_min": {"raw": 0.13793103448275862, "pct": 0.6785714285714286}, "last_hits_per_min": {"raw": 2.942528735632184, "pct": 0.6531055900621118}, "hero_damage_per_min": {"raw": 858.6896551724138, "pct": 0.9}, "hero_healing_per_min": {"raw": 178.52873563218392, "pct": 0.5962732919254659}, "tower_damage": {"raw": 966, "pct": 0.36490683229813664}}}, {"player_slot": 128, "team_number": 1, "team_slot": 0, "hero_id": 19, "hero_variant": 1, "item_0": 252, "item_1": 116, "item_2": 141, "item_3": 50, "item_4": 249, "item_5": 1,