{"players": [{"player_slot": 0, "team_number": 0, "team_slot": 0, "hero_id": 57, "hero_variant": 2, "item_0": 50, "item_1": 178, "item_2": 36, "item_3": 42, "item_4": 81, "item_5": 137, "backpack_0": 0, "backpack_1": 0, "backpack_2": 0, "item_neutral": 1603, "item_neutral2": 1594, "kills": 2, "deaths": 2, "assists": 12, "leaver_status": 0, "last_hits": 95, "denies": 9, "gold_per_min": 329, "xp_per_min": 525, "level": 18, "net_worth": 11751, "aghanims_scepter": 0, "aghanims_shard": 1, "moonshard": 0, "hero_damage": 5703, "tower_damage": 1082, "hero_healing": 4009, "gold": 596, "gold_spent": 11605, "ability_upgrades_arr": [656, 5263, 656, 5263, 656, 5266, 656, 5263, 5263, 1488, 895, 5266, 895, 895, 895, 6300, 5266], "is_subscriber": false, "radiant_win": true, "start_time": 1751245428, "duration": 2161, "cluster": 346, "lobby_type": 0, "game_mode": 22, "is_contributor": false, "patch": 58, "region": 38, "isRadiant": true, "win": 1, "lose": 0, "total_gold": 11849, "total_xp": 18908, "kills_per_min": 0.055529847292919945, "kda": 4.67, "abandons": 0, "benchmarks": {"gold_per_min": {"raw": 329, "pct": 0.32355478861087145}, "xp_per_min": {"raw": 525, "pct": 0.4141501294219154}, "kills_per_min": {"raw": 0.055529847292919945, "pct": 0.26056945642795515}, "last_hits_per_min": {"raw": 2.637667746413697, "pct": 0.4115616911130285}, "hero_damage_per_min": {"raw": 158.34335955576123, "pct": 0.12165660051768766}, "hero_healing_per_min": {"raw": 111.30957889865803, "pct": 0.6488352027610008}, "tower_damage": {"raw": 1082, "pct": 0.6272648835202761}}}, {"player_slot": 1, "team_number": 0, "team_slot": 1, "hero_id": 63, "hero_variant": 1, "item_0": 135, "item_1": 141, "item_2": 123, "item_3": 63, "item_4": 168, "item_5": 75, "backpack_0": 36, "backpack_1": 0, "backpack_2": 0, "item_neutral": 1605, "item_neutral2": 1584, "kills": 9, "deaths": 4, "assists": 12, "leaver_status": 0, "last_hits": 323, "denies": 4, "gold_per_min": 653, "xp_per_min": 907, "level": 24, "net_worth": 23671, "aghanims_scepter": 0, "aghanims_shard": 0, "moonshard": 0, "hero_damage": 24476, "tower_damage": 13477, "hero_healing": 0, "gold": 3216, "gold_spent": 20685, "ability_upgrades_arr": [5290, 5291, 5290, 5291, 5290, 5292, 5290, 5291, 5291, 6115, 5289, 5292, 5289, 5289, 6989, 5289, 5292, 6131], "is_subscriber": false, "radiant_win": true, "start_time": 1751245428, "duration": 2161, "cluster": 346, "lobby_type": 0, "game_mode": 22, "is_contributor": false, "patch": 58, "region": 38, "isRadiant": true, "win": 1, "lose": 0, "total_gold": 23518, "total_xp": 32667, "kills_per_min": 0.24988431281813975, "kda": 4.2, "abandons": 0, "benchmarks": {"gold_per_min": {"raw": 653, "pct": 0.7996059667886293}, "xp_per_min": {"raw": 907, "pct": 0.7165775401069518}, "kills_per_min": {"raw": 0.24988431281813972, "pct": 0.5902054601745004}, "last_hits_per_min": {"raw": 8.968070337806571, "pct": 0.9127497889107796}, "hero_damage_per_min": {"raw": 679.5742711707543, "pct": 0.5933014354066986}, "hero_healing_per_min": {"raw": 0, "pct": 0.8041092034900085}, "tower_damage": {"raw": 13477, "pct": 0.8677174218969884}}}, {"player_slot": 2, "team_number": 0, "team_slot": 2, "hero_id": 44, "hero_variant": 2, "item_0": 63, "item_1": 143, "item_2": 168, "item_3": 147, "item_4": 569, "item_5": 116, "backpack_0": 0, "backpack_1": 0, "backpack_2": 0, "item_neutral": 1605, "item_neutral2": 1586, "kills": 21, "deaths": 4, "assists": 11, "leaver_status": 0, "last_hits": 233, "denies": 33, "gold_per_min": 652, "xp_per_min": 799, "level": 23, "net_worth": 22469, "aghanims_scepter": 0, "aghanims_shard": 0, "moonshard": 0, "hero_damage": 38788, "tower_damage": 4889, "hero_healing": 0, "gold": 4844, "gold_spent": 18555, "ability_upgrades_arr": [5190, 5191, 5190, 5191, 5190, 5193, 5191, 5191, 5190, 483, 1287, 5193, 1287, 1287, 6848, 1287, 5193, 1074], "is_subscriber": false, "radiant_win": true, "start_time": 1751245428, "duration": 2161, "cluster": 346, "lobby_type": 0, "game_mode": 22, "is_contributor": false, "patch": 58, "region": 38, "isRadiant": true, "win": 1, "lose": 0, "total_gold": 23482, "total_xp": 28777, "kills_per_min": 0.5830633965756594, "kda": 6.4, "abandons": 0, "benchmarks": {"gold_per_min": {"raw": 652, "pct": 0.704367666232073}, "xp_per_min": {"raw": 799, "pct": 0.4970664928292047}, "kills_per_min": {"raw": 0.5830633965756594, "pct": 0.9546936114732725}, "last_hits_per_min": {"raw": 6.469227209625174, "pct": 0.4106910039113429}, "hero_damage_per_min": {"raw": 1076.9458583988894, "pct": 0.8849413298565841}, "hero_healing_per_min": {"raw": 0, "pct": 0.9628422425032594}, "tower_damage": {"raw": 4889, "pct": 0.6590612777053455}}}, {"player_slot": 3, "team_number": 0, "team_slot": 3, "hero_id": 84, "hero_variant": 2, "item_0": 65, "item_1": 50, "item_2": 208, "item_3": 1, "item_4": 154, "item_5": 0, "backpack_0": 0, "backpack_1": 0, "backpack_2": 0, "item_neutral": 1604, "item_neutral2": 1584, "kills": 7, "deaths": 3, "assists": 11, "leaver_status": 0, "last_hits": 227, "denies": 22, "gold_per_min": 598, "xp_per_min": 735, "level": 22, "net_worth": 19682, "aghanims_scepter": 0, "aghanims_shard": 1, "moonshard": 0, "hero_damage": 18618, "tower_damage": 4251, "hero_healing": 0, "gold": 1652, "gold_spent": 20415, "ability_upgrades_arr": [5439, 5438, 5439, 5440, 5439, 5441, 5440, 5438, 5438, 5439, 403, 5441, 5438, 5440, 5440, 442, 5441, 6183], "is_subscriber": false, "radiant_win": true, "start_time": 1751245428, "duration": 2161, "cluster": 346, "lobby_type": 0, "game_mode": 22, "is_contributor": false, "patch": 58, "region": 38, "isRadiant": true, "win": 1, "lose": 0, "total_gold": 21537, "total_xp": 26472, "kills_per_min": 0.19435446552521982, "kda": 4.5, "abandons": 0, "benchmarks": {"gold_per_min": {"raw": 598, "pct": 0.8704961910644431}, "xp_per_min": {"raw": 735, "pct": 0.734815729874408}, "kills_per_min": {"raw": 0.19435446552521982, "pct": 0.7836112826847849}, "last_hits_per_min": {"raw": 6.3026376677464135, "pct": 0.9759110562075355}, "hero_damage_per_min": {"raw": 516.9273484497918, "pct": 0.4902203005970764}, "hero_healing_per_min": {"raw": 0, "pct": 0.6600782375952234}, "tower_damage": {"raw": 4251, "pct": 0.881408276714021}}}, {"player_slot": 4, "team_number": 0, "team_slot": 4, "hero_id": 14, "hero_variant": 3, "item_0": 0, "item_1": 232, "item_2": 36, "item_3": 59, "item_4": 214, "item_5": 9, "backpack_0": 43, "backpack_1": 0, "backpack_2": 0, "item_neutral": 1640, "item_neutral2": 1594, "kills": 3, "deaths": 5, "assists": 18, "leaver_status": 0, "last_hits": 30, "denies": 0, "gold_per_min": 311, "xp_per_min": 488, "level": 18, "net_worth": 9436, "aghanims_scepter": 0, "aghanims_shard": 1, "moonshard": 0, "hero_damage": 13708, "tower_damage": 1231, "hero_healing": 0, "gold": 2011, "gold_spent": 10880, "ability_upgrades_arr": [5075, 5076, 5075, 5076, 5075, 5077, 5075, 5076, 5076, 5074, 7142, 5077, 5074, 5074, 507, 5074, 5077], "is_subscriber": false, "radiant_win": true, "start_time": 1751245428, "duration": 2161, "cluster": 346, "lobby_type": 0, "game_mode": 22, "is_contributor": false, "patch": 58, "region": 38, "isRadiant": true, "win": 1, "lose": 0, "total_gold": 11201, "total_xp": 17576, "kills_per_min": 0.08329477093937993, "kda": 3.5, "abandons": 0, "benchmarks": {"gold_per_min": {"raw": 311, "pct": 0.22093298602888942}, "xp_per_min": {"raw": 488, "pct": 0.2919725313757992}, "kills_per_min": {"raw": 0.08329477093937991, "pct": 0.18328202699502724}, "last_hits_per_min": {"raw": 0.8329477093937991, "pct": 0.0780251006393559}, "hero_damage_per_min": {"raw": 380.6015733456733, "pct": 0.2783566185176415}, "hero_healing_per_min": {"raw": 0, "pct": 0.7493488041676534}, "tower_damage": {"raw": 1231, "pct": 0.7578735496092825}}}, {"account_id": 37467834, "player_slot": 128, "team_number": 1, "team_slot": 0, "hero_id": 54, "hero_variant": 5, "item_0": 36, "item_1": 0, "item_2": 50, "item_3": 73, "item_4": 154, "item_5": 137, "backpack_0": 38, "backpack_1": 0, "backpack_2": 0, "item_neutral": 1605,