{"players": [{"player_slot": 0, "team_number": 0, "team_slot": 0, "hero_id": 22, "hero_variant": 1, "item_0": 100, "item_1": 231, "item_2": 77, "item_3": 36, "item_4": 232, "item_5": 108, "backpack_0": 42, "backpack_1": 0, "backpack_2": 0, "item_neutral": 1599, "item_neutral2": 1593, "kills": 10, "deaths": 7, "assists": 16, "leaver_status": 0, "last_hits": 142, "denies": 1, "gold_per_min": 403, "xp_per_min": 488, "level": 21, "net_worth": 18174, "aghanims_scepter": 0, "aghanims_shard": 1, "moonshard": 0, "hero_damage": 36963, "tower_damage": 103, "hero_healing": 1417, "gold": 1394, "gold_spent": 18215, "ability_upgrades_arr": [5111, 641, 5111, 5110, 5111, 5113, 5111, 5110, 5110, 5110, 6157, 5113, 641, 641, 1615, 641, 5113, 6518], "is_subscriber": false, "radiant_win": false, "start_time": 1748829578, "duration": 2993, "cluster": 241, "lobby_type": 0, "game_mode": 22, "is_contributor": false, "patch": 58, "region": 14, "isRadiant": true, "win": 0, "lose": 1, "total_gold": 20102, "total_xp": 24343, "kills_per_min": 0.20046775810223855, "kda": 3.25, "abandons": 0, "benchmarks": {"gold_per_min": {"raw": 403, "pct": 0.3325421314977451}, "xp_per_min": {"raw": 488, "pct": 0.19700925706147637}, "kills_per_min": {"raw": 0.20046775810223855, "pct": 0.49014953714692616}, "last_hits_per_min": {"raw": 2.8466421650517875, "pct": 0.37479230951815806}, "hero_damage_per_min": {"raw": 740.9889742733044, "pct": 0.2800854497982435}, "hero_healing_per_min": {"raw": 28.406281323087203, "pct": 0.9741276999762639}, "tower_damage": {"raw": 103, "pct": 0.30809399477806787}}}, {"account_id": 45421382, "player_slot": 1, "team_number": 0, "team_slot": 1, "hero_id": 35, "hero_variant": 1, "item_0": 158, "item_1": 63, "item_2": 139, "item_3": 263, "item_4": 152, "item_5": 0, "backpack_0": 0, "backpack_1": 0, "backpack_2": 0, "item_neutral": 1643, "item_neutral2": 1584, "kills": 9, "deaths": 9, "assists": 17, "leaver_status": 0, "last_hits": 297, "denies": 14, "gold_per_min": 511, "xp_per_min": 720, "level": 25, "net_worth": 20759, "aghanims_scepter": 0, "aghanims_shard": 0, "moonshard": 0, "hero_damage": 40230, "tower_damage": 2380, "hero_healing": 0, "gold": 509, "gold_spent": 24095, "ability_upgrades_arr": [5156, 5154, 5156, 5155, 5156, 5157, 5156, 5155, 5155, 5155, 928, 5157, 5154, 5154, 7892, 5154, 5157, 6897, 6896], "personaname": "La Chaucha", "name": null, "last_login": "2026-03-03T14:36:01.200Z", "rank_tier": 42, "computed_mmr": 4031.51, "is_subscriber": false, "radiant_win": false, "start_time": 1748829578, "duration": 2993, "cluster": 241, "lobby_type": 0, "game_mode": 22, "is_contributor": false, "patch": 58, "region": 14, "isRadiant": true, "win": 0, "lose": 1, "total_gold": 25490, "total_xp": 35916, "kills_per_min": 0.1804209822920147, "kda": 2.6, "abandons": 0, "benchmarks": {"gold_per_min": {"raw": 511, "pct": 0.3788781904325233}, "xp_per_min": {"raw": 720, "pct": 0.4924346629986245}, "kills_per_min": {"raw": 0.1804209822920147, "pct": 0.31927250496714044}, "last_hits_per_min": {"raw": 5.953892415636485, "pct": 0.44138774262570685}, "hero_damage_per_min": {"raw": 806.4817908453057, "pct": 0.45254470426409904}, "hero_healing_per_min": {"raw": 0, "pct": 0.9301543634418462}, "tower_damage": {"raw": 2380, "pct": 0.405777166437414}}}, {"account_id": 37467834, "player_slot": 2, "team_number": 0, "team_slot": 2, "hero_id": 8, "hero_variant": 1, "item_0": 147, "item_1": 158, "item_2": 50, "item_3": 160, "item_4": 4204, "item_5": 139, "backpack_0": 0, "backpack_1": 0, "backpack_2": 36, "item_neutral": 828, "item_neutral2": 1577, "kills": 8, "deaths": 5, "assists": 8, "leaver_status": 0, "last_hits": 313, "denies": 6, "gold_per_min": 520, "xp_per_min": 685, "level": 24, "net_worth": 23926, "aghanims_scepter": 0, "aghanims_shard": 0, "moonshard": 0, "hero_damage": 27675, "tower_damage": 273, "hero_healing": 4643, "gold": 476, "gold_spent": 26000, "ability_upgrades_arr": [5028, 5027, 5028, 5027, 5029, 5030, 5028, 5028, 5027, 5027, 7021, 5030, 5029, 5029, 1192, 5029, 5030, 6105], "personaname": "ExtremoDiaz", "name": null, "last_login": null, "rank_tier": 22, "computed_mmr": 3968.35, "is_subscriber": false, "radiant_win": false, "start_time": 1748829578, "duration": 2993, "cluster": 241, "lobby_type": 0, "game_mode": 22, "is_contributor": false, "patch": 58, "region": 14, "isRadiant": true, "win": 0, "lose": 1, "total_gold": 25939, "total_xp": 34170, "kills_per_min": 0.16037420648179085, "kda": 2.67, "abandons": 0, "benchmarks": {"gold_per_min": {"raw": 520, "pct": 0.3584637268847795}, "xp_per_min": {"raw": 685, "pct": 0.34366998577524893}, "kills_per_min": {"raw": 0.16037420648179085, "pct": 0.38150782361308677}, "last_hits_per_min": {"raw": 6.2746408286000666, "pct": 0.2460881934566145}, "hero_damage_per_min": {"raw": 554.7945205479452, "pct": 0.45064011379800856}, "hero_healing_per_min": {"raw": 93.07718008686936, "pct": 0.41906116642958746}, "tower_damage": {"raw": 273, "pct": 0.21251778093883358}}}, {"account_id": 65137360, "player_slot": 3, "team_number": 0, "team_slot": 3, "hero_id": 45, "hero_variant": 2, "item_0": 218, "item_1": 1575, "item_2": 232, "item_3": 40, "item_4": 269, "item_5": 180, "backpack_0": 4204, "backpack_1": 0, "backpack_2": 38, "item_neutral": 1607, "item_neutral2": 1583, "kills": 3, "deaths": 11, "assists": 11, "leaver_status": 0, "last_hits": 58, "denies": 6, "gold_per_min": 294, "xp_per_min": 523, "level": 22, "net_worth": 11755, "aghanims_scepter": 0, "aghanims_shard": 0, "moonshard": 0, "hero_damage": 19039, "tower_damage": 4167, "hero_healing": 7904, "gold": 5200, "gold_spent": 8105, "ability_upgrades_arr": [5186, 5187, 5186, 5188, 5186, 5189, 5187, 5186, 5188, 5187, 6859, 5189, 5188, 5188, 5187, 6195, 5189, 6220], "personaname": "PatoDeGoma", "name": null, "last_login": "2021-02-10T20:32:57.535Z", "rank_tier": 45, "computed_mmr": null, "is_subscriber": false, "radiant_win": false, "start_time": 1748829578, "duration": 2993, "cluster": 241, "lobby_type": 0, "game_mode": 22, "is_contributor": false, "patch": 58, "region": 14, "isRadiant": true, "win": 0, "lose": 1, "total_gold": 14665, "total_xp": 26088, "kills_per_min": 0.06014032743067157, "kda": 1.17, "abandons": 0, "benchmarks": {"gold_per_min": {"raw": 294, "pct": 0.19474116680361545}, "xp_per_min": {"raw": 523, "pct": 0.43796220213640097}, "kills_per_min": {"raw": 0.06014032743067156, "pct": 0.19063270336894}, "last_hits_per_min": {"raw": 1.1627129969929835, "pct": 0.1314708299096138}, "hero_damage_per_min": {"raw": 381.670564650852, "pct": 0.15201314708299096}, "hero_healing_per_min": {"raw": 158.44971600400933, "pct": 0.7214461791290058}, "tower_damage": {"raw": 4167, "pct": 0.5916187345932621}}}, {"player_slot": 4, "team_number": 0, "team_slot": 4, "hero_id": 104, "hero_variant": 1, "item_0": 127, "item_1": 116, "item_2": 108, "item_3": 1, "item_4": 50, "item_5": 168, "backpack_0": 0, "backpack_1": 0, "backpack_2": 0, "item_neutral": 1601, "item_neutral2": 1594, "kills": 6, "deaths": 11, "assists": 18, "leaver_status": 0, "last_hits": 285, "denies": 1, "gold_per_min": 469, "xp_per_min": 605, "level": 23, "net_worth": 20577, "aghanims_scepter": 0, "aghanims_shard": 1, "moonshard": 0, "hero_damage": 30241, "tower_damage": 308, "hero_healing": 293, "gold": 1277, "gold_spent": 20070, "ability_upgrades_arr": [5595, 5597, 5595, 5597, 5595, 5598, 5597, 5595, 5597, 1113, 5596, 5598, 5596, 5596, 6671, 5596, 5598, 7395], "is_subscriber": false, "radiant_win": false, "start_time": 1748829578, "duration": 2993, "cluster": 241, "lobby_type": 0, "game_mode": 22, "is_contributor": false, "patch": 58, "region": 14, "isRadiant": true, "win": 0, "lose": 1, "total_gold": 23395, "total_xp": 30179, "kills_per_min": 0.12028065486134314, "kda": 2, "abandons": 0, "benchmarks": {"gold_per_min": {"raw": 469, "pct": 0.4242376611128576}, "xp_per_min": {"raw": 605, "pct": 0.31813895001571835}, "kills_per_min": {"raw": 0.12028065486134312, "pct": 0.18704809808236403}, "last_hits_per_min": {"raw": 5.713331105913799,