{"players": [{"player_slot": 0, "team_number": 0, "team_slot": 0, "hero_id": 7, "hero_variant": 1, "item_0": 108, "item_1": 180, "item_2": 0, "item_3": 34, "item_4": 1, "item_5": 116, "backpack_0": 0, "backpack_1": 0, "backpack_2": 0, "item_neutral": 1602, "item_neutral2": 1583, "kills": 11, "deaths": 5, "assists": 19, "leaver_status": 0, "last_hits": 86, "denies": 2, "gold_per_min": 439, "xp_per_min": 657, "level": 20, "net_worth": 14378, "aghanims_scepter": 0, "aghanims_shard": 0, "moonshard": 0, "hero_damage": 18849, "tower_damage": 1621, "hero_healing": 0, "gold": 2178, "gold_spent": 13150, "ability_upgrades_arr": [5023, 5024, 5025, 5024, 5025, 5026, 5025, 5025, 5024, 5024, 5023, 5026, 5023, 5023, 744, 858, 5026, 6425], "is_subscriber": false, "radiant_win": true, "start_time": 1748651849, "duration": 2125, "cluster": 241, "lobby_type": 7, "game_mode": 22, "is_contributor": false, "patch": 58, "region": 14, "isRadiant": true, "win": 1, "lose": 0, "total_gold": 15547, "total_xp": 23268, "kills_per_min": 0.31058823529411766, "kda": 5, "abandons": 0, "benchmarks": {"gold_per_min": {"raw": 439, "pct": 0.46250642013353876}, "xp_per_min": {"raw": 657, "pct": 0.48638931689779147}, "kills_per_min": {"raw": 0.31058823529411766, "pct": 0.852336928608115}, "last_hits_per_min": {"raw": 2.428235294117647, "pct": 0.18823831535695942}, "hero_damage_per_min": {"raw": 532.2070588235293, "pct": 0.38777606574216744}, "hero_healing_per_min": {"raw": 0, "pct": 0.8248587570621468}, "tower_damage": {"raw": 1621, "pct": 0.6759116589625064}}}, {"player_slot": 1, "team_number": 0, "team_slot": 1, "hero_id": 41, "hero_variant": 2, "item_0": 172, "item_1": 147, "item_2": 158, "item_3": 174, "item_4": 63, "item_5": 149, "backpack_0": 0, "backpack_1": 0, "backpack_2": 0, "item_neutral": 828, "item_neutral2": 1584, "kills": 13, "deaths": 5, "assists": 6, "leaver_status": 0, "last_hits": 255, "denies": 11, "gold_per_min": 621, "xp_per_min": 844, "level": 23, "net_worth": 20073, "aghanims_scepter": 0, "aghanims_shard": 0, "moonshard": 0, "hero_damage": 20018, "tower_damage": 3666, "hero_healing": 0, "gold": 2123, "gold_spent": 19450, "ability_upgrades_arr": [5184, 5182, 5184, 5182, 5182, 5185, 5182, 5184, 5184, 5691, 5691, 5185, 5691, 5691, 6807, 856, 5185, 6128], "is_subscriber": false, "radiant_win": true, "start_time": 1748651849, "duration": 2125, "cluster": 241, "lobby_type": 7, "game_mode": 22, "is_contributor": false, "patch": 58, "region": 14, "isRadiant": true, "win": 1, "lose": 0, "total_gold": 21993, "total_xp": 29891, "kills_per_min": 0.36705882352941177, "kda": 3.17, "abandons": 0, "benchmarks": {"gold_per_min": {"raw": 621, "pct": 0.6497078033688553}, "xp_per_min": {"raw": 844, "pct": 0.569955311103472}, "kills_per_min": {"raw": 0.36705882352941177, "pct": 0.8638707459608113}, "last_hits_per_min": {"raw": 7.199999999999999, "pct": 0.5575799243726366}, "hero_damage_per_min": {"raw": 565.2141176470589, "pct": 0.5434857339291853}, "hero_healing_per_min": {"raw": 0, "pct": 0.9491234101065659}, "tower_damage": {"raw": 3666, "pct": 0.5317978686833964}}}, {"account_id": 365582327, "player_slot": 2, "team_number": 0, "team_slot": 2, "hero_id": 145, "hero_variant": 2, "item_0": 145, "item_1": 208, "item_2": 156, "item_3": 63, "item_4": 139, "item_5": 36, "backpack_0": 0, "backpack_1": 0, "backpack_2": 0, "item_neutral": 565, "item_neutral2": 1584, "kills": 19, "deaths": 3, "assists": 12, "leaver_status": 0, "last_hits": 227, "denies": 20, "gold_per_min": 725, "xp_per_min": 1092, "level": 26, "net_worth": 25154, "aghanims_scepter": 0, "aghanims_shard": 0, "moonshard": 0, "hero_damage": 38157, "tower_damage": 16653, "hero_healing": 0, "gold": 2554, "gold_spent": 22790, "ability_upgrades_arr": [1500, 1498, 1500, 1499, 1500, 1501, 1500, 1498, 1498, 1498, 6299, 1501, 1499, 1499, 1655, 1499, 1501, 1510, 1513], "personaname": "Mr. Sophistication", "name": null, "last_login": null, "rank_tier": 22, "computed_mmr": 3929.56, "is_subscriber": false, "radiant_win": true, "start_time": 1748651849, "duration": 2125, "cluster": 241, "lobby_type": 7, "game_mode": 22, "is_contributor": false, "patch": 58, "region": 14, "isRadiant": true, "win": 1, "lose": 0, "total_gold": 25677, "total_xp": 38675, "kills_per_min": 0.5364705882352941, "kda": 7.75, "abandons": 0, "benchmarks": {"gold_per_min": {"raw": 725, "pct": 0.8895071542130366}, "xp_per_min": {"raw": 1092, "pct": 0.8744038155802861}, "kills_per_min": {"raw": 0.5364705882352941, "pct": 0.9260731319554849}, "last_hits_per_min": {"raw": 6.409411764705882, "pct": 0.4713831478537361}, "hero_damage_per_min": {"raw": 1077.374117647059, "pct": 0.8243243243243243}, "hero_healing_per_min": {"raw": 0, "pct": 0.9340222575516693}, "tower_damage": {"raw": 16653, "pct": 0.9777424483306836}}}, {"player_slot": 3, "team_number": 0, "team_slot": 3, "hero_id": 64, "hero_variant": 4, "item_0": 36, "item_1": 218, "item_2": 102, "item_3": 77, "item_4": 232, "item_5": 29, "backpack_0": 0, "backpack_1": 0, "backpack_2": 0, "item_neutral": 1637, "item_neutral2": 1583, "kills": 1, "deaths": 11, "assists": 18, "leaver_status": 0, "last_hits": 50, "denies": 0, "gold_per_min": 305, "xp_per_min": 442, "level": 16, "net_worth": 9588, "aghanims_scepter": 0, "aghanims_shard": 0, "moonshard": 0, "hero_damage": 13179, "tower_damage": 2294, "hero_healing": 0, "gold": 508, "gold_spent": 10005, "ability_upgrades_arr": [5298, 5297, 5299, 5298, 5298, 5300, 5298, 5297, 5299, 5297, 5297, 5300, 5299, 1317, 5963, 526], "is_subscriber": false, "radiant_win": true, "start_time": 1748651849, "duration": 2125, "cluster": 241, "lobby_type": 7, "game_mode": 22, "is_contributor": false, "patch": 58, "region": 14, "isRadiant": true, "win": 1, "lose": 0, "total_gold": 10802, "total_xp": 15654, "kills_per_min": 0.02823529411764706, "kda": 1.58, "abandons": 0, "benchmarks": {"gold_per_min": {"raw": 305, "pct": 0.26871619698263594}, "xp_per_min": {"raw": 442, "pct": 0.29120409906063194}, "kills_per_min": {"raw": 0.02823529411764706, "pct": 0.09365214916026189}, "last_hits_per_min": {"raw": 1.4117647058823528, "pct": 0.2681468830059778}, "hero_damage_per_min": {"raw": 372.1129411764706, "pct": 0.363222317107885}, "hero_healing_per_min": {"raw": 0, "pct": 0.5681753487048107}, "tower_damage": {"raw": 2294, "pct": 0.6051807571875889}}}, {"account_id": 129566940, "player_slot": 4, "team_number": 0, "team_slot": 4, "hero_id": 85, "hero_variant": 2, "item_0": 92, "item_1": 231, "item_2": 127, "item_3": 90, "item_4": 119, "item_5": 0, "backpack_0": 0, "backpack_1": 0, "backpack_2": 0, "item_neutral": 1640, "item_neutral2": 1594, "kills": 14, "deaths": 7, "assists": 16, "leaver_status": 0, "last_hits": 139, "denies": 6, "gold_per_min": 543, "xp_per_min": 658, "level": 20, "net_worth": 17410, "aghanims_scepter": 0, "aghanims_shard": 0, "moonshard": 0, "hero_damage": 23158, "tower_damage": 2586, "hero_healing": 4495, "gold": 235, "gold_spent": 18035, "ability_upgrades_arr": [5442, 5444, 5442, 5442, 5444, 5447, 5442, 5443, 5444, 5444, 813, 5447, 5443, 5443, 5443, 616, 5447, 6546], "personaname": "RambleR", "name": null, "last_login": "2016-12-02T16:07:22.876Z", "rank_tier": 43, "computed_mmr": 4010.54, "is_subscriber": false, "radiant_win": true, "start_time": 1748651849, "duration": 2125, "cluster": 241, "lobby_type": 7, "game_mode": 22, "is_contributor": false, "patch": 58, "region": 14, "isRadiant": true, "win": 1, "lose": 0, "total_gold": 19231, "total_xp": 23304, "kills_per_min": 0.39529411764705885, "kda": 3.75, "abandons": 0, "benchmarks": {"gold_per_min": {"raw": 543, "pct": 0.9097598760650658}, "xp_per_min": {"raw": 658, "pct": 0.6057319907048799}, "kills_per_min": {"raw": 0.39529411764705885, "pct": 0.9403563129357088}, "last_hits_per_min": {"raw": 3.924705882352941, "pct": 0.7412858249419055}, "hero_damage_per_min": {"raw": 653.8729411764706, "pct": 0.8532145623547638}, "hero_healing_per_min": {"raw": 126.91764705882352, "pct": 0.6003098373353989}, "tower_damage": {"raw": 2586,