{"players": [{"player_slot": 0, "team_number": 0, "team_slot": 0, "hero_id": 56, "hero_variant": 3, "item_0": 116, "item_1": 168, "item_2": 156, "item_3": 141, "item_4": 63, "item_5": 160, "backpack_0": 0, "backpack_1": 0, "backpack_2": 4206, "item_neutral": 1601, "item_neutral2": 1594, "kills": 22, "deaths": 14, "assists": 13, "leaver_status": 0, "last_hits": 403, "denies": 16, "gold_per_min": 672, "xp_per_min": 1018, "level": 28, "net_worth": 27825, "aghanims_scepter": 0, "aghanims_shard": 1, "moonshard": 0, "hero_damage": 76581, "tower_damage": 10878, "hero_healing": 0, "gold": 1325, "gold_spent": 28545, "ability_upgrades_arr": [5260, 5262, 5260, 1120, 5260, 5261, 5260, 1120, 1120, 1120, 523, 5262, 5261, 5262, 554, 5262, 5261, 494, 6620, 6104, 1614], "is_subscriber": false, "radiant_win": true, "start_time": 1768132059, "duration": 3291, "cluster": 191, "lobby_type": 7, "game_mode": 22, "is_contributor": false, "patch": 59, "region": 9, "isRadiant": true, "win": 1, "lose": 0, "total_gold": 36859, "total_xp": 55837, "kills_per_min": 0.40109389243391064, "kda": 2.33, "abandons": 0, "benchmarks": {"gold_per_min": {"raw": 672, "pct": 0.780767850735558}, "xp_per_min": {"raw": 1018, "pct": 0.8632938643702907}, "kills_per_min": {"raw": 0.4010938924339107, "pct": 0.7628274129888769}, "last_hits_per_min": {"raw": 7.347310847766637, "pct": 0.7850735557947613}, "hero_damage_per_min": {"raw": 1396.1896080218778, "pct": 0.9390025116612846}, "hero_healing_per_min": {"raw": 0, "pct": 0.9540724793684966}, "tower_damage": {"raw": 10878, "pct": 0.6103336921420882}}}, {"account_id": 103157658, "player_slot": 1, "team_number": 0, "team_slot": 1, "hero_id": 29, "hero_variant": 2, "item_0": 119, "item_1": 81, "item_2": 1, "item_3": 231, "item_4": 141, "item_5": 73, "backpack_0": 0, "backpack_1": 0, "backpack_2": 0, "item_neutral": 1168, "item_neutral2": 1584, "kills": 5, "deaths": 10, "assists": 16, "leaver_status": 0, "last_hits": 394, "denies": 4, "gold_per_min": 525, "xp_per_min": 1025, "level": 28, "net_worth": 25418, "aghanims_scepter": 0, "aghanims_shard": 0, "moonshard": 0, "hero_damage": 33830, "tower_damage": 4154, "hero_healing": 6088, "gold": 5788, "gold_spent": 19770, "ability_upgrades_arr": [5120, 5119, 5119, 5118, 5120, 5121, 5120, 5120, 5119, 5119, 6946, 730, 5121, 5118, 730, 1700, 730, 730, 730, 5121, 730, 1701, 730, 5118, 5118], "personaname": "★CHOOMBA★", "name": null, "last_login": null, "rank_tier": 42, "computed_mmr": 3954.95, "is_subscriber": false, "radiant_win": true, "start_time": 1768132059, "duration": 3291, "cluster": 191, "lobby_type": 7, "game_mode": 22, "is_contributor": false, "patch": 59, "region": 9, "isRadiant": true, "win": 1, "lose": 0, "total_gold": 28796, "total_xp": 56221, "kills_per_min": 0.09115770282588878, "kda": 1.91, "abandons": 0, "benchmarks": {"gold_per_min": {"raw": 525, "pct": 0.7899585444495624}, "xp_per_min": {"raw": 1025, "pct": 0.9663749424228466}, "kills_per_min": {"raw": 0.0911577028258888, "pct": 0.4214647627821281}, "last_hits_per_min": {"raw": 7.183226982680036, "pct": 0.9267618608935975}, "hero_damage_per_min": {"raw": 616.7730173199635, "pct": 0.7461999078765545}, "hero_healing_per_min": {"raw": 110.99361896080218, "pct": 0.8935974205435283}, "tower_damage": {"raw": 4154, "pct": 0.8880700138185168}}}, {"player_slot": 2, "team_number": 0, "team_slot": 2, "hero_id": 21, "hero_variant": 5, "item_0": 114, "item_1": 63, "item_2": 174, "item_3": 218, "item_4": 135, "item_5": 0, "backpack_0": 0, "backpack_1": 0, "backpack_2": 0, "item_neutral": 1605, "item_neutral2": 1584, "kills": 8, "deaths": 13, "assists": 16, "leaver_status": 0, "last_hits": 159, "denies": 14, "gold_per_min": 369, "xp_per_min": 634, "level": 25, "net_worth": 16235, "aghanims_scepter": 0, "aghanims_shard": 0, "moonshard": 0, "hero_damage": 29325, "tower_damage": 3125, "hero_healing": 0, "gold": 2385, "gold_spent": 16260, "ability_upgrades_arr": [5132, 5131, 5131, 5130, 5131, 5133, 5131, 5132, 5132, 5920, 5132, 5130, 5133, 5130, 5130, 6992, 5133, 7889, 6413], "is_subscriber": false, "radiant_win": true, "start_time": 1768132059, "duration": 3291, "cluster": 191, "lobby_type": 7, "game_mode": 22, "is_contributor": false, "patch": 59, "region": 9, "isRadiant": true, "win": 1, "lose": 0, "total_gold": 20239, "total_xp": 34774, "kills_per_min": 0.14585232452142205, "kda": 1.71, "abandons": 0, "benchmarks": {"gold_per_min": {"raw": 369, "pct": 0.23774784885895997}, "xp_per_min": {"raw": 634, "pct": 0.4176954732510288}, "kills_per_min": {"raw": 0.14585232452142205, "pct": 0.25196408529741865}, "last_hits_per_min": {"raw": 2.8988149498632634, "pct": 0.3219229330340441}, "hero_damage_per_min": {"raw": 534.6399270738377, "pct": 0.45211372989150767}, "hero_healing_per_min": {"raw": 0, "pct": 0.8439955106621774}, "tower_damage": {"raw": 3125, "pct": 0.5375982042648709}}}, {"account_id": 89026444, "player_slot": 3, "team_number": 0, "team_slot": 3, "hero_id": 25, "hero_variant": 2, "item_0": 249, "item_1": 96, "item_2": 48, "item_3": 160, "item_4": 277, "item_5": 158, "backpack_0": 0, "backpack_1": 0, "backpack_2": 0, "item_neutral": 1643, "item_neutral2": 1584, "kills": 13, "deaths": 6, "assists": 15, "leaver_status": 0, "last_hits": 516, "denies": 9, "gold_per_min": 683, "xp_per_min": 1074, "level": 29, "net_worth": 34436, "aghanims_scepter": 0, "aghanims_shard": 1, "moonshard": 0, "hero_damage": 61434, "tower_damage": 8060, "hero_healing": 0, "gold": 4036, "gold_spent": 33685, "ability_upgrades_arr": [5040, 5042, 5040, 5042, 5040, 5043, 5040, 5042, 5042, 5041, 6009, 5041, 5043, 5041, 5041, 6388, 5043, 6313, 1442, 6212, 6509, 844], "personaname": "Durotan", "name": null, "last_login": null, "rank_tier": 41, "computed_mmr": 3927.53, "is_subscriber": false, "radiant_win": true, "start_time": 1768132059, "duration": 3291, "cluster": 191, "lobby_type": 7, "game_mode": 22, "is_contributor": false, "patch": 59, "region": 9, "isRadiant": true, "win": 1, "lose": 0, "total_gold": 37462, "total_xp": 58908, "kills_per_min": 0.23701002734731083, "kda": 4, "abandons": 0, "benchmarks": {"gold_per_min": {"raw": 683, "pct": 0.8002270147559591}, "xp_per_min": {"raw": 1074, "pct": 0.8532917139614075}, "kills_per_min": {"raw": 0.23701002734731083, "pct": 0.5014188422247446}, "last_hits_per_min": {"raw": 9.407474931631723, "pct": 0.91316685584563}, "hero_damage_per_min": {"raw": 1120.0364630811303, "pct": 0.8663450624290578}, "hero_healing_per_min": {"raw": 0, "pct": 0.854994324631101}, "tower_damage": {"raw": 8060, "pct": 0.7326901248581158}}}, {"account_id": 172748978, "player_slot": 4, "team_number": 0, "team_slot": 4, "hero_id": 68, "hero_variant": 2, "item_0": 100, "item_1": 37, "item_2": 0, "item_3": 1466, "item_4": 48, "item_5": 254, "backpack_0": 0, "backpack_1": 36, "backpack_2": 0, "item_neutral": 1604, "item_neutral2": 1583, "kills": 5, "deaths": 12, "assists": 30, "leaver_status": 0, "last_hits": 185, "denies": 10, "gold_per_min": 457, "xp_per_min": 689, "level": 25, "net_worth": 21046, "aghanims_scepter": 0, "aghanims_shard": 1, "moonshard": 0, "hero_damage": 26752, "tower_damage": 901, "hero_healing": 515, "gold": 5886, "gold_spent": 18540, "ability_upgrades_arr": [5347, 5345, 5346, 5346, 5346, 5348, 5346, 5347, 5345, 5347, 7652, 5345, 5348, 5345, 5347, 6214, 5348, 1141, 6810], "personaname": "Seen", "name": null, "last_login": "2018-07-23T14:11:46.970Z", "rank_tier": 41, "computed_mmr": 3859.34, "is_subscriber": false, "radiant_win": true, "start_time": 1768132059, "duration": 3291, "cluster": 191, "lobby_type": 7, "game_mode": 22, "is_contributor": false, "patch": 59, "region": 9, "isRadiant": true, "win": 1, "lose": 0, "total_gold": 25066, "total_xp": 37791, "kills_per_min": 0.09115770282588878, "kda": 2.69, "abandons": 0, "benchmarks": {"gold_per_min": {"raw": 457, "pct": 0.8948057616761239}, "xp_per_min": {"raw": 689, "pct": 0.7642950676560454}, "kills_per_min": {"raw": 0.0911577028258888, "pct": 0.2937581841990397},