{"players": [{"player_slot": 0, "team_number": 0, "team_slot": 0, "hero_id": 11, "hero_variant": 2, "item_0": 139, "item_1": 75, "item_2": 152, "item_3": 48, "item_4": 108, "item_5": 116, "backpack_0": 0, "backpack_1": 0, "backpack_2": 0, "item_neutral": 1608, "item_neutral2": 1577, "kills": 11, "deaths": 5, "assists": 8, "leaver_status": 0, "last_hits": 341, "denies": 21, "gold_per_min": 660, "xp_per_min": 884, "level": 25, "net_worth": 26489, "aghanims_scepter": 0, "aghanims_shard": 0, "moonshard": 0, "hero_damage": 22348, "tower_damage": 15777, "hero_healing": 0, "gold": 6334, "gold_spent": 21385, "ability_upgrades_arr": [5059, 5063, 5059, 1216, 5059, 5064, 5059, 1216, 5063, 1216, 5063, 5064, 1216, 999, 6070, 5063, 5064, 6670, 1072], "is_subscriber": false, "radiant_win": true, "start_time": 1758731640, "duration": 2499, "cluster": 241, "lobby_type": 7, "game_mode": 22, "is_contributor": false, "patch": 58, "region": 14, "isRadiant": true, "win": 1, "lose": 0, "total_gold": 27489, "total_xp": 36818, "kills_per_min": 0.26410564225690275, "kda": 3.17, "abandons": 0, "benchmarks": {"gold_per_min": {"raw": 660, "pct": 0.6811417418882655}, "xp_per_min": {"raw": 884, "pct": 0.6486948036106367}, "kills_per_min": {"raw": 0.2641056422569028, "pct": 0.5676994388875335}, "last_hits_per_min": {"raw": 8.187274909963985, "pct": 0.5813613076360088}, "hero_damage_per_min": {"raw": 536.5666266506603, "pct": 0.23493535008538668}, "hero_healing_per_min": {"raw": 0, "pct": 0.9190046352768968}, "tower_damage": {"raw": 15777, "pct": 0.8921688216638205}}}, {"player_slot": 1, "team_number": 0, "team_slot": 1, "hero_id": 28, "hero_variant": 1, "item_0": 939, "item_1": 112, "item_2": 63, "item_3": 116, "item_4": 81, "item_5": 108, "backpack_0": 4204, "backpack_1": 0, "backpack_2": 0, "item_neutral": 1643, "item_neutral2": 1584, "kills": 15, "deaths": 4, "assists": 17, "leaver_status": 0, "last_hits": 248, "denies": 11, "gold_per_min": 611, "xp_per_min": 972, "level": 26, "net_worth": 24472, "aghanims_scepter": 0, "aghanims_shard": 0, "moonshard": 0, "hero_damage": 27384, "tower_damage": 6395, "hero_healing": 2799, "gold": 2597, "gold_spent": 23400, "ability_upgrades_arr": [5115, 5116, 5115, 5116, 5115, 5117, 5115, 5114, 5114, 5114, 5114, 5117, 5116, 5116, 6889, 852, 5117, 504, 7871], "is_subscriber": false, "radiant_win": true, "start_time": 1758731640, "duration": 2499, "cluster": 241, "lobby_type": 7, "game_mode": 22, "is_contributor": false, "patch": 58, "region": 14, "isRadiant": true, "win": 1, "lose": 0, "total_gold": 25448, "total_xp": 40483, "kills_per_min": 0.36014405762304924, "kda": 6.4, "abandons": 0, "benchmarks": {"gold_per_min": {"raw": 611, "pct": 0.9041336851363236}, "xp_per_min": {"raw": 972, "pct": 0.8786279683377308}, "kills_per_min": {"raw": 0.36014405762304924, "pct": 0.8887423043095867}, "last_hits_per_min": {"raw": 5.954381752701081, "pct": 0.8284960422163589}, "hero_damage_per_min": {"raw": 657.4789915966387, "pct": 0.7827616534740546}, "hero_healing_per_min": {"raw": 67.20288115246099, "pct": 1}, "tower_damage": {"raw": 6395, "pct": 0.9415127528583993}}}, {"player_slot": 2, "team_number": 0, "team_slot": 2, "hero_id": 111, "hero_variant": 1, "item_0": 79, "item_1": 77, "item_2": 1808, "item_3": 180, "item_4": 1, "item_5": 232, "backpack_0": 0, "backpack_1": 218, "backpack_2": 0, "item_neutral": 1642, "item_neutral2": 1583, "kills": 11, "deaths": 7, "assists": 19, "leaver_status": 0, "last_hits": 79, "denies": 2, "gold_per_min": 417, "xp_per_min": 671, "level": 22, "net_worth": 17738, "aghanims_scepter": 0, "aghanims_shard": 1, "moonshard": 0, "hero_damage": 23510, "tower_damage": 740, "hero_healing": 6129, "gold": 2433, "gold_spent": 14970, "ability_upgrades_arr": [5637, 5639, 5638, 5637, 5639, 5640, 5639, 5639, 5637, 5637, 5638, 5640, 6540, 5638, 681, 5638, 5640, 405], "is_subscriber": false, "radiant_win": true, "start_time": 1758731640, "duration": 2499, "cluster": 241, "lobby_type": 7, "game_mode": 22, "is_contributor": false, "patch": 58, "region": 14, "isRadiant": true, "win": 1, "lose": 0, "total_gold": 17368, "total_xp": 27947, "kills_per_min": 0.26410564225690275, "kda": 3.75, "abandons": 0, "benchmarks": {"gold_per_min": {"raw": 417, "pct": 0.8952299829642248}, "xp_per_min": {"raw": 671, "pct": 0.8568994889267462}, "kills_per_min": {"raw": 0.2641056422569028, "pct": 0.9054514480408858}, "last_hits_per_min": {"raw": 1.8967587034813924, "pct": 0.8560477001703578}, "hero_damage_per_min": {"raw": 564.4657863145258, "pct": 0.9420783645655877}, "hero_healing_per_min": {"raw": 147.1548619447779, "pct": 0.20272572402044292}, "tower_damage": {"raw": 740, "pct": 0.8091993185689949}}}, {"player_slot": 3, "team_number": 0, "team_slot": 3, "hero_id": 35, "hero_variant": 1, "item_0": 63, "item_1": 30, "item_2": 16, "item_3": 1, "item_4": 249, "item_5": 147, "backpack_0": 0, "backpack_1": 16, "backpack_2": 0, "item_neutral": 71, "item_neutral2": 1586, "kills": 5, "deaths": 3, "assists": 18, "leaver_status": 0, "last_hits": 156, "denies": 3, "gold_per_min": 408, "xp_per_min": 547, "level": 20, "net_worth": 16726, "aghanims_scepter": 0, "aghanims_shard": 0, "moonshard": 0, "hero_damage": 15051, "tower_damage": 3396, "hero_healing": 0, "gold": 2526, "gold_spent": 15200, "ability_upgrades_arr": [5156, 5155, 5155, 5156, 5156, 5157, 5154, 5156, 5155, 5155, 5154, 5157, 5154, 928, 5154, 6305, 5157], "is_subscriber": false, "radiant_win": true, "start_time": 1758731640, "duration": 2499, "cluster": 241, "lobby_type": 7, "game_mode": 22, "is_contributor": false, "patch": 58, "region": 14, "isRadiant": true, "win": 1, "lose": 0, "total_gold": 16993, "total_xp": 22782, "kills_per_min": 0.12004801920768307, "kda": 5.75, "abandons": 0, "benchmarks": {"gold_per_min": {"raw": 408, "pct": 0.1626977518734388}, "xp_per_min": {"raw": 547, "pct": 0.23114071606994172}, "kills_per_min": {"raw": 0.12004801920768307, "pct": 0.16769358867610323}, "last_hits_per_min": {"raw": 3.745498199279712, "pct": 0.16086594504579518}, "hero_damage_per_min": {"raw": 361.3685474189676, "pct": 0.03447127393838468}, "hero_healing_per_min": {"raw": 0, "pct": 0.9365528726061615}, "tower_damage": {"raw": 3396, "pct": 0.47793505412156534}}}, {"account_id": 139692582, "player_slot": 4, "team_number": 0, "team_slot": 4, "hero_id": 41, "hero_variant": 2, "item_0": 116, "item_1": 141, "item_2": 145, "item_3": 172, "item_4": 174, "item_5": 63, "backpack_0": 36, "backpack_1": 4206, "backpack_2": 0, "item_neutral": 1641, "item_neutral2": 1584, "kills": 7, "deaths": 4, "assists": 11, "leaver_status": 0, "last_hits": 257, "denies": 8, "gold_per_min": 538, "xp_per_min": 836, "level": 25, "net_worth": 21720, "aghanims_scepter": 0, "aghanims_shard": 0, "moonshard": 0, "hero_damage": 15561, "tower_damage": 3066, "hero_healing": 0, "gold": 2320, "gold_spent": 20140, "ability_upgrades_arr": [5182, 5184, 5182, 5691, 5184, 5185, 5184, 5182, 5182, 5691, 5184, 5185, 856, 5691, 6807, 5691, 5185, 6128], "personaname": "§ÆRGµ£RA§", "name": null, "last_login": "2019-05-05T07:30:28.301Z", "rank_tier": 31, "computed_mmr": 3920.8, "is_subscriber": false, "radiant_win": true, "start_time": 1758731640, "duration": 2499, "cluster": 241, "lobby_type": 7, "game_mode": 22, "is_contributor": false, "patch": 58, "region": 14, "isRadiant": true, "win": 1, "lose": 0, "total_gold": 22407, "total_xp": 34819, "kills_per_min": 0.16806722689075632, "kda": 3.6, "abandons": 0, "benchmarks": {"gold_per_min": {"raw": 538, "pct": 0.475209763539283}, "xp_per_min": {"raw": 836, "pct": 0.5831426392067124}, "kills_per_min": {"raw": 0.16806722689075632, "pct": 0.43630816170861936}, "last_hits_per_min": {"raw": 6.17046818727491, "pct": 0.37604881769641496}, "hero_damage_per_min": {"raw": 373.61344537815125, "pct": 0.30434782608695654}, "hero_healing_per_min": {"raw": 0, "pct": 0.9462242562929062}, "tower_damage": {"raw": 3066, "pct": 0.5293668954996186}}}, {"account_id": 200392751, "player_slot": 128, "team_number": 1, "team_slot": 0,