{"players": [{"player_slot": 0, "team_number": 0, "team_slot": 0, "hero_id": 87, "hero_variant": 1, "item_0": 232, "item_1": 36, "item_2": 0, "item_3": 0, "item_4": 180, "item_5": 43, "backpack_0": 0, "backpack_1": 0, "backpack_2": 0, "item_neutral": 0, "item_neutral2": 0, "kills": 5, "deaths": 4, "assists": 18, "leaver_status": 0, "last_hits": 21, "denies": 2, "gold_per_min": 310, "xp_per_min": 415, "level": 14, "net_worth": 7197, "aghanims_scepter": 0, "aghanims_shard": 0, "moonshard": 0, "hero_damage": 9557, "tower_damage": 418, "hero_healing": 192, "gold": 3022, "gold_spent": 5800, "ability_upgrades_arr": [5458, 5460, 5458, 5459, 5458, 5461, 5458, 5459, 5459, 5918, 5459, 5461, 5460, 5460], "is_subscriber": false, "radiant_win": true, "start_time": 1745716367, "duration": 1617, "cluster": 241, "lobby_type": 0, "game_mode": 22, "is_contributor": false, "patch": 57, "region": 14, "isRadiant": true, "win": 1, "lose": 0, "total_gold": 8354, "total_xp": 11184, "kills_per_min": 0.1855287569573284, "kda": 4.6, "abandons": 0, "benchmarks": {"gold_per_min": {"raw": 310, "pct": 0.42403932082216267}, "xp_per_min": {"raw": 415, "pct": 0.25067024128686327}, "kills_per_min": {"raw": 0.1855287569573284, "pct": 0.8967828418230563}, "last_hits_per_min": {"raw": 0.7792207792207793, "pct": 0.2971403038427167}, "hero_damage_per_min": {"raw": 354.6196660482375, "pct": 0.43655049151027703}, "hero_healing_per_min": {"raw": 7.12430426716141, "pct": 0.8284182305630027}, "tower_damage": {"raw": 418, "pct": 0.6827524575513851}}}, {"player_slot": 1, "team_number": 0, "team_slot": 1, "hero_id": 2, "hero_variant": 1, "item_0": 1, "item_1": 36, "item_2": 127, "item_3": 273, "item_4": 50, "item_5": 125, "backpack_0": 0, "backpack_1": 0, "backpack_2": 0, "item_neutral": 828, "item_neutral2": 1586, "kills": 14, "deaths": 0, "assists": 6, "leaver_status": 0, "last_hits": 128, "denies": 20, "gold_per_min": 541, "xp_per_min": 661, "level": 18, "net_worth": 14603, "aghanims_scepter": 0, "aghanims_shard": 0, "moonshard": 0, "hero_damage": 17175, "tower_damage": 1699, "hero_healing": 0, "gold": 478, "gold_spent": 14855, "ability_upgrades_arr": [5008, 5009, 5007, 5009, 5009, 5010, 5009, 5007, 5007, 9401, 5007, 5010, 5008, 5008, 670, 5008, 5010], "is_subscriber": false, "radiant_win": true, "start_time": 1745716367, "duration": 1617, "cluster": 241, "lobby_type": 0, "game_mode": 22, "is_contributor": false, "patch": 57, "region": 14, "isRadiant": true, "win": 1, "lose": 0, "total_gold": 14579, "total_xp": 17813, "kills_per_min": 0.5194805194805195, "kda": 20, "abandons": 0, "benchmarks": {"gold_per_min": {"raw": 541, "pct": 0.705595026642984}, "xp_per_min": {"raw": 661, "pct": 0.4302841918294849}, "kills_per_min": {"raw": 0.5194805194805194, "pct": 0.9329484902309059}, "last_hits_per_min": {"raw": 4.749536178107607, "pct": 0.5335257548845471}, "hero_damage_per_min": {"raw": 637.291280148423, "pct": 0.3836589698046181}, "hero_healing_per_min": {"raw": 0, "pct": 0.9231793960923623}, "tower_damage": {"raw": 1699, "pct": 0.6876110124333925}}}, {"account_id": 37467834, "player_slot": 2, "team_number": 0, "team_slot": 2, "hero_id": 44, "hero_variant": 3, "item_0": 63, "item_1": 569, "item_2": 36, "item_3": 143, "item_4": 168, "item_5": 11, "backpack_0": 0, "backpack_1": 0, "backpack_2": 0, "item_neutral": 947, "item_neutral2": 1586, "kills": 8, "deaths": 5, "assists": 7, "leaver_status": 0, "last_hits": 114, "denies": 7, "gold_per_min": 454, "xp_per_min": 453, "level": 14, "net_worth": 12244, "aghanims_scepter": 0, "aghanims_shard": 1, "moonshard": 0, "hero_damage": 15186, "tower_damage": 4127, "hero_healing": 0, "gold": 1519, "gold_spent": 10980, "ability_upgrades_arr": [5190, 5191, 5190, 5191, 5190, 5193, 5191, 5191, 5190, 483, 5192, 5193, 5192, 5192], "personaname": "ExtremoDiaz", "name": null, "last_login": null, "rank_tier": 22, "computed_mmr": 3968.35, "is_subscriber": false, "radiant_win": true, "start_time": 1745716367, "duration": 1617, "cluster": 241, "lobby_type": 0, "game_mode": 22, "is_contributor": false, "patch": 57, "region": 14, "isRadiant": true, "win": 1, "lose": 0, "total_gold": 12235, "total_xp": 12208, "kills_per_min": 0.29684601113172543, "kda": 2.5, "abandons": 0, "benchmarks": {"gold_per_min": {"raw": 454, "pct": 0.2734680573663624}, "xp_per_min": {"raw": 453, "pct": 0.12092568448500651}, "kills_per_min": {"raw": 0.29684601113172543, "pct": 0.6558018252933507}, "last_hits_per_min": {"raw": 4.230055658627087, "pct": 0.1561277705345502}, "hero_damage_per_min": {"raw": 563.4879406307978, "pct": 0.46251629726205995}, "hero_healing_per_min": {"raw": 0, "pct": 0.9628422425032594}, "tower_damage": {"raw": 4127, "pct": 0.6186440677966102}}}, {"account_id": 65137360, "player_slot": 3, "team_number": 0, "team_slot": 3, "hero_id": 30, "hero_variant": 1, "item_0": 43, "item_1": 1575, "item_2": 38, "item_3": 180, "item_4": 254, "item_5": 36, "backpack_0": 39, "backpack_1": 0, "backpack_2": 0, "item_neutral": 356, "item_neutral2": 1577, "kills": 2, "deaths": 3, "assists": 16, "leaver_status": 0, "last_hits": 13, "denies": 6, "gold_per_min": 285, "xp_per_min": 339, "level": 12, "net_worth": 6983, "aghanims_scepter": 0, "aghanims_shard": 1, "moonshard": 0, "hero_damage": 14206, "tower_damage": 637, "hero_healing": 6789, "gold": 1133, "gold_spent": 7040, "ability_upgrades_arr": [5138, 5140, 5139, 5140, 5140, 5141, 5138, 5139, 5140, 5138, 5138, 5141], "personaname": "PatoDeGoma", "name": null, "last_login": "2021-02-10T20:32:57.535Z", "rank_tier": 45, "computed_mmr": null, "is_subscriber": false, "radiant_win": true, "start_time": 1745716367, "duration": 1617, "cluster": 241, "lobby_type": 0, "game_mode": 22, "is_contributor": false, "patch": 57, "region": 14, "isRadiant": true, "win": 1, "lose": 0, "total_gold": 7680, "total_xp": 9136, "kills_per_min": 0.07421150278293136, "kda": 4.5, "abandons": 0, "benchmarks": {"gold_per_min": {"raw": 285, "pct": 0.14023157507811065}, "xp_per_min": {"raw": 339, "pct": 0.09961404153648226}, "kills_per_min": {"raw": 0.07421150278293136, "pct": 0.08564602095203087}, "last_hits_per_min": {"raw": 0.4823747680890538, "pct": 0.0650615695644183}, "hero_damage_per_min": {"raw": 527.1243042671614, "pct": 0.4881455614776695}, "hero_healing_per_min": {"raw": 251.9109461966605, "pct": 0.7719169270354714}, "tower_damage": {"raw": 637, "pct": 0.6660540341848925}}}, {"account_id": 45421382, "player_slot": 4, "team_number": 0, "team_slot": 4, "hero_id": 94, "hero_variant": 1, "item_0": 0, "item_1": 34, "item_2": 263, "item_3": 180, "item_4": 147, "item_5": 77, "backpack_0": 0, "backpack_1": 0, "backpack_2": 0, "item_neutral": 378, "item_neutral2": 1583, "kills": 2, "deaths": 2, "assists": 15, "leaver_status": 0, "last_hits": 134, "denies": 3, "gold_per_min": 469, "xp_per_min": 528, "level": 16, "net_worth": 12671, "aghanims_scepter": 0, "aghanims_shard": 0, "moonshard": 0, "hero_damage": 12202, "tower_damage": 4270, "hero_healing": 0, "gold": 1466, "gold_spent": 11765, "ability_upgrades_arr": [5505, 1475, 5505, 1475, 5505, 1475, 5505, 5507, 1475, 1561, 5504, 5504, 5507, 5504, 5504, 6392], "personaname": "La Chaucha", "name": null, "last_login": "2026-03-03T14:36:01.200Z", "rank_tier": 42, "computed_mmr": 4031.51, "is_subscriber": false, "radiant_win": true, "start_time": 1745716367, "duration": 1617, "cluster": 241, "lobby_type": 0, "game_mode": 22, "is_contributor": false, "patch": 57, "region": 14, "isRadiant": true, "win": 1, "lose": 0, "total_gold": 12639, "total_xp": 14229, "kills_per_min": 0.07421150278293136, "kda": 5.67, "abandons": 0, "benchmarks": {"gold_per_min": {"raw": 469, "pct": 0.23065902578796563}, "xp_per_min": {"raw": 528, "pct": 0.15329512893982808}, "kills_per_min": {"raw": 0.07421150278293136, "pct": 0.27292263610315187}, "last_hits_per_min": {"raw": 4.972170686456401, "pct": 0.12535816618911175}, "hero_damage_per_min": {"raw": 452.7643784786642, "pct": 0.31017191977077363}, "hero_healing_per_min": {"raw": 0, "pct": 0.9577363896848138},