{"players": [{"player_slot": 0, "team_number": 0, "team_slot": 0, "hero_id": 129, "hero_variant": 2, "item_0": 50, "item_1": 116, "item_2": 1, "item_3": 73, "item_4": 168, "item_5": 911, "backpack_0": 0, "backpack_1": 31, "backpack_2": 41, "item_neutral": 1603, "item_neutral2": 1586, "kills": 12, "deaths": 1, "assists": 16, "leaver_status": 0, "last_hits": 176, "denies": 13, "gold_per_min": 548, "xp_per_min": 854, "level": 24, "net_worth": 21069, "aghanims_scepter": 0, "aghanims_shard": 1, "moonshard": 0, "hero_damage": 23370, "tower_damage": 7471, "hero_healing": 0, "gold": 2989, "gold_spent": 18970, "ability_upgrades_arr": [6583, 6495, 6583, 6582, 6495, 1416, 6495, 6495, 6583, 1020, 6583, 1416, 6582, 730, 6759, 6582, 730, 1416, 6582, 1542], "is_subscriber": false, "radiant_win": true, "start_time": 1752200652, "duration": 2347, "cluster": 346, "lobby_type": 7, "game_mode": 22, "is_contributor": false, "patch": 58, "region": 38, "isRadiant": true, "win": 1, "lose": 0, "total_gold": 21435, "total_xp": 33405, "kills_per_min": 0.3067746058798466, "kda": 14, "abandons": 0, "benchmarks": {"gold_per_min": {"raw": 548, "pct": 0.8298286604361371}, "xp_per_min": {"raw": 854, "pct": 0.8415109034267912}, "kills_per_min": {"raw": 0.3067746058798466, "pct": 0.9322429906542056}, "last_hits_per_min": {"raw": 4.49936088623775, "pct": 0.47235202492211836}, "hero_damage_per_min": {"raw": 597.4435449510013, "pct": 0.7274143302180686}, "hero_healing_per_min": {"raw": 0, "pct": 0.7624610591900312}, "tower_damage": {"raw": 7471, "pct": 0.985981308411215}}}, {"player_slot": 1, "team_number": 0, "team_slot": 1, "hero_id": 7, "hero_variant": 3, "item_0": 1, "item_1": 100, "item_2": 231, "item_3": 254, "item_4": 0, "item_5": 36, "backpack_0": 0, "backpack_1": 0, "backpack_2": 0, "item_neutral": 1602, "item_neutral2": 1583, "kills": 7, "deaths": 8, "assists": 20, "leaver_status": 0, "last_hits": 75, "denies": 2, "gold_per_min": 384, "xp_per_min": 549, "level": 20, "net_worth": 12913, "aghanims_scepter": 0, "aghanims_shard": 0, "moonshard": 0, "hero_damage": 11616, "tower_damage": 2971, "hero_healing": 0, "gold": 313, "gold_spent": 14415, "ability_upgrades_arr": [5023, 5024, 5024, 5025, 5025, 5026, 5025, 5024, 5023, 5025, 5023, 5026, 5024, 5023, 744, 858, 5026, 6425], "is_subscriber": false, "radiant_win": true, "start_time": 1752200652, "duration": 2347, "cluster": 346, "lobby_type": 7, "game_mode": 22, "is_contributor": false, "patch": 58, "region": 38, "isRadiant": true, "win": 1, "lose": 0, "total_gold": 15020, "total_xp": 21475, "kills_per_min": 0.17895185342991052, "kda": 3, "abandons": 0, "benchmarks": {"gold_per_min": {"raw": 384, "pct": 0.2840267077555213}, "xp_per_min": {"raw": 549, "pct": 0.29866461222393426}, "kills_per_min": {"raw": 0.17895185342991055, "pct": 0.5683102208525938}, "last_hits_per_min": {"raw": 1.9173412867490416, "pct": 0.11119671289162815}, "hero_damage_per_min": {"raw": 296.9578184916915, "pct": 0.06779661016949153}, "hero_healing_per_min": {"raw": 0, "pct": 0.8248587570621468}, "tower_damage": {"raw": 2971, "pct": 0.8284540318438623}}}, {"player_slot": 2, "team_number": 0, "team_slot": 2, "hero_id": 40, "hero_variant": 1, "item_0": 267, "item_1": 127, "item_2": 242, "item_3": 102, "item_4": 231, "item_5": 0, "backpack_0": 0, "backpack_1": 0, "backpack_2": 0, "item_neutral": 1602, "item_neutral2": 1585, "kills": 3, "deaths": 10, "assists": 31, "leaver_status": 0, "last_hits": 157, "denies": 1, "gold_per_min": 465, "xp_per_min": 516, "level": 19, "net_worth": 17315, "aghanims_scepter": 0, "aghanims_shard": 0, "moonshard": 0, "hero_damage": 30484, "tower_damage": 3217, "hero_healing": 4257, "gold": 1215, "gold_spent": 16290, "ability_upgrades_arr": [5179, 5180, 5179, 5180, 5178, 1105, 5180, 5180, 5179, 6979, 5179, 1105, 5178, 5178, 6532, 5178, 1105], "is_subscriber": false, "radiant_win": true, "start_time": 1752200652, "duration": 2347, "cluster": 346, "lobby_type": 7, "game_mode": 22, "is_contributor": false, "patch": 58, "region": 38, "isRadiant": true, "win": 1, "lose": 0, "total_gold": 18189, "total_xp": 20184, "kills_per_min": 0.07669365146996165, "kda": 3.09, "abandons": 0, "benchmarks": {"gold_per_min": {"raw": 465, "pct": 0.8344750454354816}, "xp_per_min": {"raw": 516, "pct": 0.4317069760939466}, "kills_per_min": {"raw": 0.07669365146996165, "pct": 0.25304068223123166}, "last_hits_per_min": {"raw": 4.013634426927993, "pct": 0.826646162449322}, "hero_damage_per_min": {"raw": 779.3097571367704, "pct": 0.7663917237522718}, "hero_healing_per_min": {"raw": 108.82829143587558, "pct": 0.8790717181602125}, "tower_damage": {"raw": 3217, "pct": 0.8839647700265623}}}, {"player_slot": 3, "team_number": 0, "team_slot": 3, "hero_id": 9, "hero_variant": 3, "item_0": 108, "item_1": 0, "item_2": 1808, "item_3": 75, "item_4": 180, "item_5": 534, "backpack_0": 0, "backpack_1": 0, "backpack_2": 0, "item_neutral": 828, "item_neutral2": 1586, "kills": 14, "deaths": 7, "assists": 21, "leaver_status": 0, "last_hits": 98, "denies": 1, "gold_per_min": 479, "xp_per_min": 633, "level": 21, "net_worth": 17594, "aghanims_scepter": 0, "aghanims_shard": 0, "moonshard": 0, "hero_damage": 25218, "tower_damage": 5764, "hero_healing": 0, "gold": 3114, "gold_spent": 15395, "ability_upgrades_arr": [5048, 5051, 5051, 5050, 5051, 5048, 5051, 5048, 1213, 6397, 5050, 5048, 5050, 5050, 6013, 1213, 1213, 1488], "is_subscriber": false, "radiant_win": true, "start_time": 1752200652, "duration": 2347, "cluster": 346, "lobby_type": 7, "game_mode": 22, "is_contributor": false, "patch": 58, "region": 38, "isRadiant": true, "win": 1, "lose": 0, "total_gold": 18736, "total_xp": 24760, "kills_per_min": 0.35790370685982104, "kda": 4.38, "abandons": 0, "benchmarks": {"gold_per_min": {"raw": 479, "pct": 0.7418285172903837}, "xp_per_min": {"raw": 633, "pct": 0.5461866414021791}, "kills_per_min": {"raw": 0.3579037068598211, "pct": 0.9478919943154903}, "last_hits_per_min": {"raw": 2.5053259480187475, "pct": 0.379441023211748}, "hero_damage_per_min": {"raw": 644.6868342564976, "pct": 0.7854097584083373}, "hero_healing_per_min": {"raw": 0, "pct": 0.5997157745144481}, "tower_damage": {"raw": 5764, "pct": 0.9085741354808148}}}, {"player_slot": 4, "team_number": 0, "team_slot": 4, "hero_id": 8, "hero_variant": 1, "item_0": 63, "item_1": 145, "item_2": 135, "item_3": 108, "item_4": 152, "item_5": 40, "backpack_0": 0, "backpack_1": 0, "backpack_2": 0, "item_neutral": 1603, "item_neutral2": 1577, "kills": 6, "deaths": 4, "assists": 14, "leaver_status": 0, "last_hits": 261, "denies": 3, "gold_per_min": 571, "xp_per_min": 796, "level": 23, "net_worth": 21864, "aghanims_scepter": 0, "aghanims_shard": 0, "moonshard": 0, "hero_damage": 16604, "tower_damage": 7539, "hero_healing": 5862, "gold": 4034, "gold_spent": 18325, "ability_upgrades_arr": [5028, 5027, 5028, 5027, 5028, 5030, 5028, 5029, 5029, 5027, 5030, 5029, 7021, 5027, 5029, 1192, 5030, 6662], "is_subscriber": false, "radiant_win": true, "start_time": 1752200652, "duration": 2347, "cluster": 346, "lobby_type": 7, "game_mode": 22, "is_contributor": false, "patch": 58, "region": 38, "isRadiant": true, "win": 1, "lose": 0, "total_gold": 22335, "total_xp": 31136, "kills_per_min": 0.1533873029399233, "kda": 4, "abandons": 0, "benchmarks": {"gold_per_min": {"raw": 571, "pct": 0.4488517745302714}, "xp_per_min": {"raw": 796, "pct": 0.48173277661795405}, "kills_per_min": {"raw": 0.1533873029399233, "pct": 0.348643006263048}, "last_hits_per_min": {"raw": 6.6723476778866635, "pct": 0.2578288100208768}, "hero_damage_per_min": {"raw": 424.47379633574775, "pct": 0.24973903966597077}, "hero_healing_per_min": {"raw": 149.85939497230507, "pct": 0.5649791231732777}, "tower_damage": {"raw": 7539, "pct": 0.5978601252609603}}}, {"player_slot": 128, "team_number": 1, "team_slot": 0, "hero_id": 46, "hero_variant": 1, "item_0": 29, "item_1": 263, "item_2": 1, "item_3": 168, "item_4": 40, "item_5": 54, "backpack_0": 0, "backpack_1": 0, "backpack_2": 0, "item_neutral": 1602,