{"players": [{"player_slot": 0, "team_number": 0, "team_slot": 0, "hero_id": 105, "hero_variant": 2, "item_0": 43, "item_1": 206, "item_2": 259, "item_3": 77, "item_4": 100, "item_5": 214, "backpack_0": 188, "backpack_1": 36, "backpack_2": 0, "item_neutral": 1607, "item_neutral2": 1585, "kills": 3, "deaths": 17, "assists": 14, "leaver_status": 0, "last_hits": 75, "denies": 0, "gold_per_min": 281, "xp_per_min": 487, "level": 20, "net_worth": 9868, "aghanims_scepter": 0, "aghanims_shard": 0, "moonshard": 0, "hero_damage": 29785, "tower_damage": 0, "hero_healing": 0, "gold": 963, "gold_spent": 10370, "ability_upgrades_arr": [5601, 886, 5601, 886, 879, 5599, 5601, 5601, 886, 6000, 886, 5599, 879, 879, 6282, 879, 5599, 412], "is_subscriber": false, "radiant_win": false, "start_time": 1749950692, "duration": 2807, "cluster": 346, "lobby_type": 0, "game_mode": 22, "is_contributor": false, "patch": 58, "region": 38, "isRadiant": true, "win": 0, "lose": 1, "total_gold": 13146, "total_xp": 22783, "kills_per_min": 0.06412540078375491, "kda": 0.94, "abandons": 0, "benchmarks": {"gold_per_min": {"raw": 281, "pct": 0.05748628168278024}, "xp_per_min": {"raw": 487, "pct": 0.2848183956101385}, "kills_per_min": {"raw": 0.0641254007837549, "pct": 0.065847922654821}, "last_hits_per_min": {"raw": 1.6031350195938725, "pct": 0.14423830676770316}, "hero_damage_per_min": {"raw": 636.6583541147132, "pct": 0.2207995819179514}, "hero_healing_per_min": {"raw": 0, "pct": 0.7454925529135092}, "tower_damage": {"raw": 0, "pct": 0.1528612490201202}}}, {"player_slot": 1, "team_number": 0, "team_slot": 1, "hero_id": 108, "hero_variant": 1, "item_0": 206, "item_1": 210, "item_2": 100, "item_3": 63, "item_4": 108, "item_5": 90, "backpack_0": 178, "backpack_1": 0, "backpack_2": 0, "item_neutral": 1641, "item_neutral2": 1583, "kills": 6, "deaths": 5, "assists": 9, "leaver_status": 0, "last_hits": 356, "denies": 8, "gold_per_min": 548, "xp_per_min": 845, "level": 26, "net_worth": 22173, "aghanims_scepter": 0, "aghanims_shard": 1, "moonshard": 0, "hero_damage": 21741, "tower_damage": 0, "hero_healing": 0, "gold": 2993, "gold_spent": 20120, "ability_upgrades_arr": [5613, 5615, 5613, 5614, 5613, 865, 5613, 5614, 5614, 5614, 5615, 865, 5615, 5615, 710, 557, 865, 6968, 805], "is_subscriber": false, "radiant_win": false, "start_time": 1749950692, "duration": 2807, "cluster": 346, "lobby_type": 0, "game_mode": 22, "is_contributor": false, "patch": 58, "region": 38, "isRadiant": true, "win": 0, "lose": 1, "total_gold": 25637, "total_xp": 39531, "kills_per_min": 0.12825080156750981, "kda": 2.5, "abandons": 0, "benchmarks": {"gold_per_min": {"raw": 548, "pct": 0.8108776266996292}, "xp_per_min": {"raw": 845, "pct": 0.8479604449938195}, "kills_per_min": {"raw": 0.1282508015675098, "pct": 0.515451174289246}, "last_hits_per_min": {"raw": 7.609547559672248, "pct": 0.9530284301606922}, "hero_damage_per_min": {"raw": 464.7167794798718, "pct": 0.2861557478368356}, "hero_healing_per_min": {"raw": 0, "pct": 0.45550061804697156}, "tower_damage": {"raw": 0, "pct": 0.1433868974042027}}}, {"account_id": 37467834, "player_slot": 2, "team_number": 0, "team_slot": 2, "hero_id": 6, "hero_variant": 1, "item_0": 147, "item_1": 152, "item_2": 263, "item_3": 75, "item_4": 63, "item_5": 7, "backpack_0": 4204, "backpack_1": 11, "backpack_2": 36, "item_neutral": 1601, "item_neutral2": 1584, "kills": 8, "deaths": 12, "assists": 11, "leaver_status": 0, "last_hits": 195, "denies": 6, "gold_per_min": 422, "xp_per_min": 466, "level": 20, "net_worth": 16995, "aghanims_scepter": 0, "aghanims_shard": 0, "moonshard": 0, "hero_damage": 34448, "tower_damage": 0, "hero_healing": 0, "gold": 1190, "gold_spent": 17185, "ability_upgrades_arr": [5019, 343, 5019, 343, 5632, 5022, 343, 343, 5019, 6209, 5632, 5022, 5632, 5632, 486, 5019, 5022, 6202], "personaname": "ExtremoDiaz", "name": null, "last_login": null, "rank_tier": 22, "computed_mmr": 3968.35, "is_subscriber": false, "radiant_win": false, "start_time": 1749950692, "duration": 2807, "cluster": 346, "lobby_type": 0, "game_mode": 22, "is_contributor": false, "patch": 58, "region": 38, "isRadiant": true, "win": 0, "lose": 1, "total_gold": 19742, "total_xp": 21801, "kills_per_min": 0.17100106875667972, "kda": 1.46, "abandons": 0, "benchmarks": {"gold_per_min": {"raw": 422, "pct": 0.18806193806193805}, "xp_per_min": {"raw": 466, "pct": 0.11913086913086914}, "kills_per_min": {"raw": 0.17100106875667972, "pct": 0.3881118881118881}, "last_hits_per_min": {"raw": 4.1681510509440685, "pct": 0.11563436563436563}, "hero_damage_per_min": {"raw": 736.3306020662629, "pct": 0.6188811188811189}, "hero_healing_per_min": {"raw": 0, "pct": 0.9647852147852148}, "tower_damage": {"raw": 0, "pct": 0.14635364635364637}}}, {"account_id": 115132074, "player_slot": 3, "team_number": 0, "team_slot": 3, "hero_id": 94, "hero_variant": 1, "item_0": 180, "item_1": 160, "item_2": 158, "item_3": 36, "item_4": 123, "item_5": 22, "backpack_0": 18, "backpack_1": 0, "backpack_2": 0, "item_neutral": 1158, "item_neutral2": 1577, "kills": 7, "deaths": 7, "assists": 16, "leaver_status": 0, "last_hits": 296, "denies": 14, "gold_per_min": 575, "xp_per_min": 925, "level": 26, "net_worth": 22495, "aghanims_scepter": 0, "aghanims_shard": 1, "moonshard": 0, "hero_damage": 40841, "tower_damage": 949, "hero_healing": 0, "gold": 1495, "gold_spent": 23735, "ability_upgrades_arr": [5505, 1475, 5505, 1475, 5505, 5507, 5505, 1475, 5504, 1475, 5504, 5507, 5504, 5504, 7389, 1345, 5507, 6182, 1534], "personaname": "Durotan", "name": null, "last_login": null, "rank_tier": 41, "computed_mmr": 3905.19, "is_subscriber": false, "radiant_win": false, "start_time": 1749950692, "duration": 2807, "cluster": 346, "lobby_type": 0, "game_mode": 22, "is_contributor": false, "patch": 58, "region": 38, "isRadiant": true, "win": 0, "lose": 1, "total_gold": 26900, "total_xp": 43274, "kills_per_min": 0.14962593516209477, "kda": 2.88, "abandons": 0, "benchmarks": {"gold_per_min": {"raw": 575, "pct": 0.38550135501355015}, "xp_per_min": {"raw": 925, "pct": 0.5948509485094851}, "kills_per_min": {"raw": 0.14962593516209477, "pct": 0.5257452574525745}, "last_hits_per_min": {"raw": 6.3270395439971505, "pct": 0.16666666666666666}, "hero_damage_per_min": {"raw": 872.9818311364446, "pct": 0.6944444444444444}, "hero_healing_per_min": {"raw": 0, "pct": 0.9681571815718157}, "tower_damage": {"raw": 949, "pct": 0.3333333333333333}}}, {"account_id": 65137360, "player_slot": 4, "team_number": 0, "team_slot": 4, "hero_id": 83, "hero_variant": 1, "item_0": 40, "item_1": 180, "item_2": 42, "item_3": 223, "item_4": 102, "item_5": 269, "backpack_0": 1575, "backpack_1": 38, "backpack_2": 0, "item_neutral": 1607, "item_neutral2": 1586, "kills": 4, "deaths": 15, "assists": 15, "leaver_status": 0, "last_hits": 18, "denies": 3, "gold_per_min": 244, "xp_per_min": 386, "level": 18, "net_worth": 9404, "aghanims_scepter": 0, "aghanims_shard": 0, "moonshard": 0, "hero_damage": 14432, "tower_damage": 0, "hero_healing": 5471, "gold": 194, "gold_spent": 10250, "ability_upgrades_arr": [338, 5435, 5436, 5435, 5436, 5437, 5436, 5436, 5435, 339, 338, 5437, 5435, 338, 338, 6955, 5437], "personaname": "PatoDeGoma", "name": null, "last_login": "2021-02-10T20:32:57.535Z", "rank_tier": 45, "computed_mmr": null, "is_subscriber": false, "radiant_win": false, "start_time": 1749950692, "duration": 2807, "cluster": 346, "lobby_type": 0, "game_mode": 22, "is_contributor": false, "patch": 58, "region": 38, "isRadiant": true, "win": 0, "lose": 1, "total_gold": 11415, "total_xp": 18058, "kills_per_min": 0.08550053437833986, "kda": 1.19, "abandons": 0, "benchmarks": {"gold_per_min": {"raw": 244, "pct": 0.12705366922234393}, "xp_per_min": {"raw": 386, "pct": 0.22015334063526834}, "kills_per_min": {"raw": 0.08550053437833986, "pct": 0.5104052573932092}, "last_hits_per_min": {"raw": 0.38475240470252936, "pct": 0.02628696604600219}, "hero_damage_per_min": {"raw": 308.4859280370502, "pct": 0.4359255202628697},