{"players": [{"account_id": 89026444, "player_slot": 0, "team_number": 0, "team_slot": 0, "hero_id": 25, "hero_variant": 2, "item_0": 610, "item_1": 96, "item_2": 4206, "item_3": 277, "item_4": 48, "item_5": 160, "backpack_0": 0, "backpack_1": 0, "backpack_2": 0, "item_neutral": 1645, "item_neutral2": 0, "kills": 12, "deaths": 10, "assists": 24, "leaver_status": 0, "last_hits": 591, "denies": 5, "gold_per_min": 667, "xp_per_min": 1229, "level": 30, "net_worth": 28579, "aghanims_scepter": 0, "aghanims_shard": 1, "moonshard": 0, "hero_damage": 66573, "tower_damage": 4817, "hero_healing": 0, "gold": 2579, "gold_spent": 35075, "ability_upgrades_arr": [5040, 5042, 5040, 5042, 5040, 5043, 5040, 5042, 5042, 5041, 6009, 5041, 5043, 5041, 5041, 6388, 5043, 6313, 1442, 6212, 6509, 844, 961], "personaname": "Durotan", "name": null, "last_login": null, "rank_tier": 41, "computed_mmr": 3927.53, "is_subscriber": false, "radiant_win": true, "start_time": 1768186598, "duration": 4163, "cluster": 184, "lobby_type": 7, "game_mode": 22, "is_contributor": false, "patch": 59, "region": 8, "isRadiant": true, "win": 1, "lose": 0, "total_gold": 46278, "total_xp": 85272, "kills_per_min": 0.17295219793418207, "kda": 3.27, "abandons": 0, "benchmarks": {"gold_per_min": {"raw": 667, "pct": 0.7641884222474461}, "xp_per_min": {"raw": 1229, "pct": 0.9517593643586834}, "kills_per_min": {"raw": 0.1729521979341821, "pct": 0.31498297389330304}, "last_hits_per_min": {"raw": 8.517895748258466, "pct": 0.8274687854710556}, "hero_damage_per_min": {"raw": 959.4955560893586, "pct": 0.7593643586833144}, "hero_healing_per_min": {"raw": 0, "pct": 0.854994324631101}, "tower_damage": {"raw": 4817, "pct": 0.5786038592508513}}}, {"player_slot": 1, "team_number": 0, "team_slot": 1, "hero_id": 93, "hero_variant": 3, "item_0": 598, "item_1": 208, "item_2": 174, "item_3": 249, "item_4": 116, "item_5": 160, "backpack_0": 40, "backpack_1": 0, "backpack_2": 0, "item_neutral": 292, "item_neutral2": 1588, "kills": 22, "deaths": 18, "assists": 16, "leaver_status": 0, "last_hits": 300, "denies": 6, "gold_per_min": 618, "xp_per_min": 1164, "level": 30, "net_worth": 35388, "aghanims_scepter": 1, "aghanims_shard": 1, "moonshard": 0, "hero_damage": 70262, "tower_damage": 13541, "hero_healing": 0, "gold": 908, "gold_spent": 36845, "ability_upgrades_arr": [5495, 1693, 5494, 5494, 5494, 5497, 5494, 5495, 5495, 5495, 6147, 5497, 1693, 1693, 1693, 6892, 5497, 814, 6894, 821, 921, 892, 6893], "is_subscriber": false, "radiant_win": true, "start_time": 1768186598, "duration": 4163, "cluster": 184, "lobby_type": 7, "game_mode": 22, "is_contributor": false, "patch": 59, "region": 8, "isRadiant": true, "win": 1, "lose": 0, "total_gold": 42878, "total_xp": 80762, "kills_per_min": 0.3170790295460004, "kda": 2, "abandons": 0, "benchmarks": {"gold_per_min": {"raw": 618, "pct": 0.7702127659574468}, "xp_per_min": {"raw": 1164, "pct": 0.9337386018237082}, "kills_per_min": {"raw": 0.3170790295460005, "pct": 0.7306990881458967}, "last_hits_per_min": {"raw": 4.323804948354552, "pct": 0.23910840932117527}, "hero_damage_per_min": {"raw": 1012.6639442709585, "pct": 0.9242147922998987}, "hero_healing_per_min": {"raw": 0, "pct": 0.9643363728470111}, "tower_damage": {"raw": 13541, "pct": 0.9167173252279636}}}, {"player_slot": 2, "team_number": 0, "team_slot": 2, "hero_id": 105, "hero_variant": 2, "item_0": 73, "item_1": 178, "item_2": 180, "item_3": 273, "item_4": 235, "item_5": 114, "backpack_0": 0, "backpack_1": 0, "backpack_2": 0, "item_neutral": 371, "item_neutral2": 1588, "kills": 10, "deaths": 14, "assists": 24, "leaver_status": 0, "last_hits": 159, "denies": 3, "gold_per_min": 420, "xp_per_min": 855, "level": 29, "net_worth": 24600, "aghanims_scepter": 0, "aghanims_shard": 1, "moonshard": 0, "hero_damage": 75738, "tower_damage": 2712, "hero_healing": 0, "gold": 6190, "gold_spent": 21120, "ability_upgrades_arr": [879, 5601, 5601, 886, 5601, 5599, 5601, 879, 879, 879, 6997, 886, 5599, 886, 886, 6282, 5599, 412, 6998, 6000, 6160, 6552], "is_subscriber": false, "radiant_win": true, "start_time": 1768186598, "duration": 4163, "cluster": 184, "lobby_type": 7, "game_mode": 22, "is_contributor": false, "patch": 59, "region": 8, "isRadiant": true, "win": 1, "lose": 0, "total_gold": 29141, "total_xp": 59322, "kills_per_min": 0.14412683161181838, "kda": 2.27, "abandons": 0, "benchmarks": {"gold_per_min": {"raw": 420, "pct": 0.5479032751760025}, "xp_per_min": {"raw": 855, "pct": 0.9124579124579124}, "kills_per_min": {"raw": 0.1441268316118184, "pct": 0.39669421487603307}, "last_hits_per_min": {"raw": 2.2916166226279127, "pct": 0.37037037037037035}, "hero_damage_per_min": {"raw": 1091.5877972615901, "pct": 0.8543005815733088}, "hero_healing_per_min": {"raw": 0, "pct": 0.8010407101316193}, "tower_damage": {"raw": 2712, "pct": 0.8295071931435568}}}, {"player_slot": 3, "team_number": 0, "team_slot": 3, "hero_id": 21, "hero_variant": 5, "item_0": 108, "item_1": 180, "item_2": 158, "item_3": 263, "item_4": 123, "item_5": 141, "backpack_0": 4206, "backpack_1": 4206, "backpack_2": 218, "item_neutral": 292, "item_neutral2": 1590, "kills": 15, "deaths": 10, "assists": 19, "leaver_status": 0, "last_hits": 321, "denies": 14, "gold_per_min": 543, "xp_per_min": 940, "level": 30, "net_worth": 32012, "aghanims_scepter": 0, "aghanims_shard": 0, "moonshard": 0, "hero_damage": 51949, "tower_damage": 3762, "hero_healing": 0, "gold": 6412, "gold_spent": 27575, "ability_upgrades_arr": [5131, 5132, 5131, 5130, 5131, 5133, 5131, 5132, 5132, 5920, 5130, 5130, 5133, 5132, 5130, 6992, 5133, 7062, 6413, 1195, 6562, 7889], "is_subscriber": false, "radiant_win": true, "start_time": 1768186598, "duration": 4163, "cluster": 184, "lobby_type": 7, "game_mode": 22, "is_contributor": false, "patch": 59, "region": 8, "isRadiant": true, "win": 1, "lose": 0, "total_gold": 37675, "total_xp": 65220, "kills_per_min": 0.21619024741772758, "kda": 3.09, "abandons": 0, "benchmarks": {"gold_per_min": {"raw": 543, "pct": 0.7014590347923682}, "xp_per_min": {"raw": 940, "pct": 0.833146277590722}, "kills_per_min": {"raw": 0.2161902474177276, "pct": 0.4728769173213618}, "last_hits_per_min": {"raw": 4.626471294739371, "pct": 0.5826786382341937}, "hero_damage_per_min": {"raw": 748.7244775402354, "pct": 0.7456041900486345}, "hero_healing_per_min": {"raw": 0, "pct": 0.8439955106621774}, "tower_damage": {"raw": 3762, "pct": 0.5809951365506921}}}, {"player_slot": 4, "team_number": 0, "team_slot": 4, "hero_id": 98, "hero_variant": 1, "item_0": 231, "item_1": 273, "item_2": 119, "item_3": 96, "item_4": 116, "item_5": 600, "backpack_0": 0, "backpack_1": 0, "backpack_2": 0, "item_neutral": 1158, "item_neutral2": 1592, "kills": 15, "deaths": 12, "assists": 29, "leaver_status": 0, "last_hits": 611, "denies": 11, "gold_per_min": 699, "xp_per_min": 1091, "level": 30, "net_worth": 40910, "aghanims_scepter": 1, "aghanims_shard": 0, "moonshard": 0, "hero_damage": 81425, "tower_damage": 1910, "hero_healing": 1471, "gold": 5385, "gold_spent": 39235, "ability_upgrades_arr": [5526, 5525, 5524, 5525, 5526, 5527, 5525, 5526, 5525, 5524, 7132, 5524, 5527, 5524, 5526, 8482, 5527, 1563, 6223, 1185, 6948, 6951, 6949], "is_subscriber": false, "radiant_win": true, "start_time": 1768186598, "duration": 4163, "cluster": 184, "lobby_type": 7, "game_mode": 22, "is_contributor": false, "patch": 59, "region": 8, "isRadiant": true, "win": 1, "lose": 0, "total_gold": 48498, "total_xp": 75697, "kills_per_min": 0.21619024741772758, "kda": 3.38, "abandons": 0, "benchmarks": {"gold_per_min": {"raw": 699, "pct": 0.9649831649831649}, "xp_per_min": {"raw": 1091, "pct": 0.9447811447811448}, "kills_per_min": {"raw": 0.2161902474177276, "pct": 0.5865319865319866}, "last_hits_per_min": {"raw": 8.806149411482105, "pct": 0.9804713804713805}, "hero_damage_per_min": {"raw": 1173.5527263992315, "pct": 0.9629629629629629}, "hero_healing_per_min": {"raw": 21.201056930098485, "pct": 0.936026936026936}, "tower_damage": {"raw": 1910,