{"players": [{"account_id": 45421382, "player_slot": 0, "team_number": 0, "team_slot": 0, "hero_id": 86, "hero_variant": 1, "item_0": 108, "item_1": 123, "item_2": 43, "item_3": 180, "item_4": 1, "item_5": 40, "backpack_0": 57, "backpack_1": 0, "backpack_2": 0, "item_neutral": 675, "item_neutral2": 1583, "kills": 4, "deaths": 11, "assists": 8, "leaver_status": 0, "last_hits": 185, "denies": 2, "gold_per_min": 427, "xp_per_min": 535, "level": 19, "net_worth": 14350, "aghanims_scepter": 0, "aghanims_shard": 0, "moonshard": 0, "hero_damage": 23083, "tower_damage": 752, "hero_healing": 60, "gold": 870, "gold_spent": 15140, "ability_upgrades_arr": [5450, 7320, 5450, 7320, 5450, 5452, 5448, 7320, 5450, 5448, 6862, 7320, 5452, 5448, 5448, 518, 5452], "personaname": "La Chaucha", "name": null, "last_login": "2026-03-03T14:36:01.200Z", "rank_tier": 42, "computed_mmr": 4031.51, "is_subscriber": false, "radiant_win": false, "start_time": 1773362107, "duration": 2377, "cluster": 381, "lobby_type": 0, "game_mode": 22, "is_contributor": false, "patch": 59, "isRadiant": true, "win": 0, "lose": 1, "total_gold": 16916, "total_xp": 21194, "kills_per_min": 0.10096760622633572, "kda": 1, "abandons": 0, "benchmarks": {"gold_per_min": {"raw": 427, "pct": 0.6160564326503191}, "xp_per_min": {"raw": 535, "pct": 0.3396036278132348}, "kills_per_min": {"raw": 0.10096760622633572, "pct": 0.33389318105475313}, "last_hits_per_min": {"raw": 4.6697517879680275, "pct": 0.8431306684581794}, "hero_damage_per_min": {"raw": 582.6588136306268, "pct": 0.5567685589519651}, "hero_healing_per_min": {"raw": 1.5145140933950358, "pct": 0.5031911320120928}, "tower_damage": {"raw": 752, "pct": 0.5814578434665771}}}, {"account_id": 115132074, "player_slot": 1, "team_number": 0, "team_slot": 1, "hero_id": 5, "hero_variant": 3, "item_0": 214, "item_1": 218, "item_2": 259, "item_3": 69, "item_4": 0, "item_5": 0, "backpack_0": 0, "backpack_1": 0, "backpack_2": 0, "item_neutral": 1604, "item_neutral2": 1594, "kills": 0, "deaths": 9, "assists": 10, "leaver_status": 0, "last_hits": 37, "denies": 0, "gold_per_min": 248, "xp_per_min": 354, "level": 16, "net_worth": 8485, "aghanims_scepter": 0, "aghanims_shard": 1, "moonshard": 0, "hero_damage": 15441, "tower_damage": 0, "hero_healing": 0, "gold": 2635, "gold_spent": 6695, "ability_upgrades_arr": [5126, 5128, 5128, 5127, 5128, 5129, 5127, 5126, 5126, 5127, 5959, 5127, 5129, 5128, 5126, 956], "personaname": "Durotan", "name": null, "last_login": null, "rank_tier": 41, "computed_mmr": 3905.19, "is_subscriber": false, "radiant_win": false, "start_time": 1773362107, "duration": 2377, "cluster": 381, "lobby_type": 0, "game_mode": 22, "is_contributor": false, "patch": 59, "isRadiant": true, "win": 0, "lose": 1, "total_gold": 9824, "total_xp": 14024, "kda": 1, "abandons": 0, "benchmarks": {"gold_per_min": {"raw": 248, "pct": 0.10347659457979742}, "xp_per_min": {"raw": 354, "pct": 0.1149739939775527}, "kills_per_min": {"raw": 0, "pct": 0.036134683821516564}, "last_hits_per_min": {"raw": 0.9339503575936055, "pct": 0.15028743498494387}, "hero_damage_per_min": {"raw": 389.7602019352125, "pct": 0.4045989597591021}, "hero_healing_per_min": {"raw": 0, "pct": 0.7161237339173282}, "tower_damage": {"raw": 0, "pct": 0.21762934574322473}}}, {"player_slot": 2, "team_number": 0, "team_slot": 2, "hero_id": 123, "hero_variant": 1, "item_0": 123, "item_1": 34, "item_2": 98, "item_3": 596, "item_4": 149, "item_5": 180, "backpack_0": 0, "backpack_1": 27, "backpack_2": 0, "item_neutral": 71, "item_neutral2": 1593, "kills": 5, "deaths": 6, "assists": 9, "leaver_status": 0, "last_hits": 137, "denies": 3, "gold_per_min": 401, "xp_per_min": 427, "level": 17, "net_worth": 14590, "aghanims_scepter": 0, "aghanims_shard": 0, "moonshard": 0, "hero_damage": 21673, "tower_damage": 135, "hero_healing": 0, "gold": 1515, "gold_spent": 14075, "ability_upgrades_arr": [8158, 8429, 9501, 8158, 8158, 8106, 8429, 8429, 8158, 8429, 9511, 9501, 8106, 9501, 9501, 9513], "is_subscriber": false, "radiant_win": false, "start_time": 1773362107, "duration": 2377, "cluster": 381, "lobby_type": 0, "game_mode": 22, "is_contributor": false, "patch": 59, "isRadiant": true, "win": 0, "lose": 1, "total_gold": 15886, "total_xp": 16916, "kills_per_min": 0.12620950778291964, "kda": 2, "abandons": 0, "benchmarks": {"gold_per_min": {"raw": 401, "pct": 0.5871988493347716}, "xp_per_min": {"raw": 427, "pct": 0.18338727076591155}, "kills_per_min": {"raw": 0.12620950778291964, "pct": 0.4300611290902553}, "last_hits_per_min": {"raw": 3.4581405132519984, "pct": 0.7605177993527508}, "hero_damage_per_min": {"raw": 547.0677324358435, "pct": 0.6540812657317512}, "hero_healing_per_min": {"raw": 0, "pct": 0.619920891765552}, "tower_damage": {"raw": 135, "pct": 0.28047464940668826}}}, {"account_id": 369541779, "player_slot": 3, "team_number": 0, "team_slot": 3, "hero_id": 40, "hero_variant": 2, "item_0": 569, "item_1": 73, "item_2": 63, "item_3": 534, "item_4": 267, "item_5": 236, "backpack_0": 0, "backpack_1": 0, "backpack_2": 0, "item_neutral": 1158, "item_neutral2": 1584, "kills": 3, "deaths": 12, "assists": 8, "leaver_status": 0, "last_hits": 170, "denies": 3, "gold_per_min": 370, "xp_per_min": 421, "level": 17, "net_worth": 11338, "aghanims_scepter": 0, "aghanims_shard": 0, "moonshard": 0, "hero_damage": 28811, "tower_damage": 448, "hero_healing": 0, "gold": 883, "gold_spent": 12020, "ability_upgrades_arr": [5178, 5179, 5180, 5180, 5180, 1105, 5180, 5179, 5179, 6979, 5179, 5178, 1105, 5178, 5178, 811], "personaname": "GOKUSH", "name": null, "last_login": null, "rank_tier": null, "computed_mmr": 3962.03, "is_subscriber": false, "radiant_win": false, "start_time": 1773362107, "duration": 2377, "cluster": 381, "lobby_type": 0, "game_mode": 22, "is_contributor": false, "patch": 59, "isRadiant": true, "win": 0, "lose": 1, "total_gold": 14658, "total_xp": 16678, "kills_per_min": 0.07572570466975179, "kda": 0.85, "abandons": 0, "benchmarks": {"gold_per_min": {"raw": 370, "pct": 0.3982944219208724}, "xp_per_min": {"raw": 421, "pct": 0.22256395917796729}, "kills_per_min": {"raw": 0.07572570466975179, "pct": 0.24814763036488185}, "last_hits_per_min": {"raw": 4.291123264619268, "pct": 0.8650915699706417}, "hero_damage_per_min": {"raw": 727.2444257467396, "pct": 0.6883824968544666}, "hero_healing_per_min": {"raw": 0, "pct": 0.29987417866629384}, "tower_damage": {"raw": 448, "pct": 0.3784426114916818}}}, {"player_slot": 4, "team_number": 0, "team_slot": 4, "hero_id": 48, "hero_variant": 2, "item_0": 263, "item_1": 116, "item_2": 149, "item_3": 147, "item_4": 63, "item_5": 26, "backpack_0": 0, "backpack_1": 0, "backpack_2": 0, "item_neutral": 1601, "item_neutral2": 1584, "kills": 5, "deaths": 9, "assists": 3, "leaver_status": 0, "last_hits": 329, "denies": 6, "gold_per_min": 493, "xp_per_min": 646, "level": 21, "net_worth": 17762, "aghanims_scepter": 0, "aghanims_shard": 0, "moonshard": 0, "hero_damage": 28659, "tower_damage": 1233, "hero_healing": 0, "gold": 312, "gold_spent": 18695, "ability_upgrades_arr": [5222, 5223, 5222, 5223, 5222, 5225, 5223, 5223, 1462, 1462, 847, 5222, 1462, 5225, 1462, 323, 5225, 6127], "is_subscriber": false, "radiant_win": false, "start_time": 1773362107, "duration": 2377, "cluster": 381, "lobby_type": 0, "game_mode": 22, "is_contributor": false, "patch": 59, "isRadiant": true, "win": 0, "lose": 1, "total_gold": 19531, "total_xp": 25592, "kills_per_min": 0.12620950778291964, "kda": 0.8, "abandons": 0, "benchmarks": {"gold_per_min": {"raw": 493, "pct": 0.20776071139854488}, "xp_per_min": {"raw": 646, "pct": 0.2291835084882781}, "kills_per_min": {"raw": 0.12620950778291964, "pct": 0.2736459175424414}, "last_hits_per_min": {"raw": 8.304585612116112, "pct": 0.3330638641875505}, "hero_damage_per_min": {"raw": 723.4076567101389, "pct": 0.553354890864996}, "hero_healing_per_min": {"raw": 0, "pct": 0.9624090541632982}, "tower_damage": {"raw": 1233, "pct": 0.28617623282134197}}}, {"player_slot": 128, "team_number": 1,