{"players": [{"player_slot": 0, "team_number": 0, "team_slot": 0, "hero_id": 27, "hero_variant": 2, "item_0": 254, "item_1": 102, "item_2": 108, "item_3": 34, "item_4": 180, "item_5": 232, "backpack_0": 42, "backpack_1": 0, "backpack_2": 0, "item_neutral": 675, "item_neutral2": 1595, "kills": 3, "deaths": 13, "assists": 16, "leaver_status": 0, "last_hits": 191, "denies": 5, "gold_per_min": 429, "xp_per_min": 686, "level": 22, "net_worth": 13335, "aghanims_scepter": 0, "aghanims_shard": 0, "moonshard": 0, "hero_damage": 18483, "tower_damage": 1290, "hero_healing": 0, "gold": 910, "gold_spent": 14430, "ability_upgrades_arr": [5078, 5080, 5079, 5080, 5080, 5081, 5078, 5078, 5078, 5080, 6926, 5079, 5081, 5079, 5079, 760, 5081, 6295], "is_subscriber": false, "radiant_win": false, "start_time": 1768582590, "duration": 2331, "cluster": 381, "lobby_type": 7, "game_mode": 22, "is_contributor": false, "patch": 59, "isRadiant": true, "win": 0, "lose": 1, "total_gold": 16666, "total_xp": 26651, "kills_per_min": 0.07722007722007722, "kda": 1.36, "abandons": 0, "benchmarks": {"gold_per_min": {"raw": 429, "pct": 0.8433591423466349}, "xp_per_min": {"raw": 686, "pct": 0.8322414135398054}, "kills_per_min": {"raw": 0.07722007722007722, "pct": 0.387929323009728}, "last_hits_per_min": {"raw": 4.916344916344916, "pct": 0.9868969624776652}, "hero_damage_per_min": {"raw": 475.7528957528957, "pct": 0.7629541393686718}, "hero_healing_per_min": {"raw": 0, "pct": 0.669446098868374}, "tower_damage": {"raw": 1290, "pct": 0.35993647012110386}}}, {"player_slot": 1, "team_number": 0, "team_slot": 1, "hero_id": 44, "hero_variant": 3, "item_0": 36, "item_1": 116, "item_2": 569, "item_3": 75, "item_4": 225, "item_5": 63, "backpack_0": 0, "backpack_1": 0, "backpack_2": 11, "item_neutral": 1643, "item_neutral2": 1584, "kills": 10, "deaths": 10, "assists": 9, "leaver_status": 0, "last_hits": 150, "denies": 3, "gold_per_min": 435, "xp_per_min": 791, "level": 23, "net_worth": 13606, "aghanims_scepter": 0, "aghanims_shard": 0, "moonshard": 0, "hero_damage": 22726, "tower_damage": 0, "hero_healing": 0, "gold": 1666, "gold_spent": 14545, "ability_upgrades_arr": [5190, 5191, 5190, 5191, 5190, 5193, 5190, 5191, 5191, 559, 1287, 1287, 5193, 1287, 1287, 6848, 5193, 1074], "is_subscriber": false, "radiant_win": false, "start_time": 1768582590, "duration": 2331, "cluster": 381, "lobby_type": 7, "game_mode": 22, "is_contributor": false, "patch": 59, "isRadiant": true, "win": 0, "lose": 1, "total_gold": 16899, "total_xp": 30730, "kills_per_min": 0.2574002574002574, "kda": 1.73, "abandons": 0, "benchmarks": {"gold_per_min": {"raw": 435, "pct": 0.25881096475614096}, "xp_per_min": {"raw": 791, "pct": 0.5094339622641509}, "kills_per_min": {"raw": 0.2574002574002574, "pct": 0.5870416518333926}, "last_hits_per_min": {"raw": 3.8610038610038613, "pct": 0.13955144179423282}, "hero_damage_per_min": {"raw": 584.967824967825, "pct": 0.49768600925596296}, "hero_healing_per_min": {"raw": 0, "pct": 0.963688145247419}, "tower_damage": {"raw": 0, "pct": 0.2577429690281239}}}, {"player_slot": 2, "team_number": 0, "team_slot": 2, "hero_id": 56, "hero_variant": 3, "item_0": 135, "item_1": 40, "item_2": 596, "item_3": 168, "item_4": 63, "item_5": 225, "backpack_0": 21, "backpack_1": 43, "backpack_2": 0, "item_neutral": 1604, "item_neutral2": 1586, "kills": 16, "deaths": 13, "assists": 7, "leaver_status": 0, "last_hits": 128, "denies": 7, "gold_per_min": 485, "xp_per_min": 701, "level": 22, "net_worth": 16909, "aghanims_scepter": 0, "aghanims_shard": 0, "moonshard": 0, "hero_damage": 32881, "tower_damage": 1117, "hero_healing": 0, "gold": 529, "gold_spent": 18090, "ability_upgrades_arr": [5262, 1120, 5260, 5260, 5260, 5261, 1120, 1120, 1120, 5260, 6104, 5262, 5262, 5261, 5262, 1614, 5261, 494], "is_subscriber": false, "radiant_win": false, "start_time": 1768582590, "duration": 2331, "cluster": 381, "lobby_type": 7, "game_mode": 22, "is_contributor": false, "patch": 59, "isRadiant": true, "win": 0, "lose": 1, "total_gold": 18842, "total_xp": 27233, "kills_per_min": 0.4118404118404118, "kda": 1.64, "abandons": 0, "benchmarks": {"gold_per_min": {"raw": 485, "pct": 0.3483028720626632}, "xp_per_min": {"raw": 701, "pct": 0.427154046997389}, "kills_per_min": {"raw": 0.41184041184041187, "pct": 0.8318537859007833}, "last_hits_per_min": {"raw": 3.294723294723295, "pct": 0.17075718015665797}, "hero_damage_per_min": {"raw": 846.3577863577864, "pct": 0.5775456919060052}, "hero_healing_per_min": {"raw": 0, "pct": 0.9608355091383812}, "tower_damage": {"raw": 1117, "pct": 0.25013054830287207}}}, {"player_slot": 3, "team_number": 0, "team_slot": 3, "hero_id": 99, "hero_variant": 3, "item_0": 114, "item_1": 88, "item_2": 31, "item_3": 94, "item_4": 127, "item_5": 125, "backpack_0": 0, "backpack_1": 0, "backpack_2": 0, "item_neutral": 565, "item_neutral2": 1594, "kills": 1, "deaths": 15, "assists": 9, "leaver_status": 0, "last_hits": 148, "denies": 4, "gold_per_min": 314, "xp_per_min": 469, "level": 18, "net_worth": 11014, "aghanims_scepter": 0, "aghanims_shard": 0, "moonshard": 0, "hero_damage": 22105, "tower_damage": 42, "hero_healing": 0, "gold": 164, "gold_spent": 10900, "ability_upgrades_arr": [5549, 5550, 5548, 5549, 5548, 5551, 5549, 5550, 5548, 5550, 6016, 5549, 5551, 5548, 5550, 1078, 5551], "is_subscriber": false, "radiant_win": false, "start_time": 1768582590, "duration": 2331, "cluster": 381, "lobby_type": 7, "game_mode": 22, "is_contributor": false, "patch": 59, "isRadiant": true, "win": 0, "lose": 1, "total_gold": 12198, "total_xp": 18220, "kills_per_min": 0.02574002574002574, "kda": 0.63, "abandons": 0, "benchmarks": {"gold_per_min": {"raw": 314, "pct": 0.07819103972950127}, "xp_per_min": {"raw": 469, "pct": 0.17159763313609466}, "kills_per_min": {"raw": 0.025740025740025742, "pct": 0.04353338968723584}, "last_hits_per_min": {"raw": 3.8095238095238093, "pct": 0.1889264581572274}, "hero_damage_per_min": {"raw": 568.983268983269, "pct": 0.23415046491969568}, "hero_healing_per_min": {"raw": 0, "pct": 0.8825021132713441}, "tower_damage": {"raw": 42, "pct": 0.15553677092138632}}}, {"player_slot": 4, "team_number": 0, "team_slot": 4, "hero_id": 47, "hero_variant": 1, "item_0": 236, "item_1": 88, "item_2": 135, "item_3": 29, "item_4": 0, "item_5": 1, "backpack_0": 0, "backpack_1": 4, "backpack_2": 0, "item_neutral": 565, "item_neutral2": 1583, "kills": 4, "deaths": 10, "assists": 11, "leaver_status": 0, "last_hits": 66, "denies": 2, "gold_per_min": 307, "xp_per_min": 517, "level": 19, "net_worth": 10851, "aghanims_scepter": 0, "aghanims_shard": 0, "moonshard": 0, "hero_damage": 20688, "tower_damage": 30, "hero_healing": 0, "gold": 526, "gold_spent": 10745, "ability_upgrades_arr": [5218, 5219, 5219, 5220, 5219, 5221, 5219, 5220, 5218, 984, 5220, 5220, 5221, 5218, 5218, 6156, 5221], "is_subscriber": false, "radiant_win": false, "start_time": 1768582590, "duration": 2331, "cluster": 381, "lobby_type": 7, "game_mode": 22, "is_contributor": false, "patch": 59, "isRadiant": true, "win": 0, "lose": 1, "total_gold": 11926, "total_xp": 20085, "kills_per_min": 0.10296010296010295, "kda": 1.36, "abandons": 0, "benchmarks": {"gold_per_min": {"raw": 307, "pct": 0.06525157232704402}, "xp_per_min": {"raw": 517, "pct": 0.22130503144654087}, "kills_per_min": {"raw": 0.10296010296010297, "pct": 0.13561320754716982}, "last_hits_per_min": {"raw": 1.698841698841699, "pct": 0.05188679245283019}, "hero_damage_per_min": {"raw": 532.5096525096525, "pct": 0.22169811320754718}, "hero_healing_per_min": {"raw": 0, "pct": 0.8848270440251572}, "tower_damage": {"raw": 30, "pct": 0.09316037735849056}}}, {"player_slot": 128, "team_number": 1, "team_slot": 0, "hero_id": 35, "hero_variant": 2, "item_0": 263, "item_1": 135, "item_2": 48, "item_3": 249, "item_4": 172, "item_5": 1123, "backpack_0": 44, "backpack_1": 237, "backpack_2": 0, "item_neutral": 1720, "item_neutral2": 1584, "kills": 10, "deaths": 3, "assists": 20, "leaver_status": 0, "last_hits": 272,