{"players": [{"account_id": 121507291, "player_slot": 0, "team_number": 0, "team_slot": 0, "hero_id": 86, "hero_variant": 1, "item_0": 254, "item_1": 36, "item_2": 73, "item_3": 232, "item_4": 218, "item_5": 180, "backpack_0": 40, "backpack_1": 21, "backpack_2": 188, "item_neutral": 1158, "item_neutral2": 1595, "kills": 5, "deaths": 12, "assists": 16, "leaver_status": 0, "last_hits": 48, "denies": 5, "gold_per_min": 312, "xp_per_min": 448, "level": 19, "net_worth": 10168, "aghanims_scepter": 0, "aghanims_shard": 0, "moonshard": 0, "hero_damage": 18315, "tower_damage": 112, "hero_healing": 390, "gold": 1098, "gold_spent": 12195, "ability_upgrades_arr": [5448, 5450, 5450, 7320, 5450, 5452, 5450, 7320, 7320, 7320, 6862, 5448, 5452, 5448, 5448, 518, 5452], "personaname": "Tek", "name": null, "last_login": null, "rank_tier": 33, "computed_mmr": 3937.42, "is_subscriber": false, "radiant_win": false, "start_time": 1766870301, "duration": 2633, "cluster": 251, "lobby_type": 0, "game_mode": 22, "is_contributor": false, "patch": 59, "region": 15, "isRadiant": true, "win": 0, "lose": 1, "total_gold": 13691, "total_xp": 19659, "kills_per_min": 0.1139384732244588, "kda": 1.62, "abandons": 0, "benchmarks": {"gold_per_min": {"raw": 312, "pct": 0.1613022567517573}, "xp_per_min": {"raw": 448, "pct": 0.19404365519792824}, "kills_per_min": {"raw": 0.11393847322445878, "pct": 0.3958564557898631}, "last_hits_per_min": {"raw": 1.0938093429548044, "pct": 0.04698483166851646}, "hero_damage_per_min": {"raw": 417.35662742119257, "pct": 0.23122456529781724}, "hero_healing_per_min": {"raw": 8.887200911507787, "pct": 0.7040325564187939}, "tower_damage": {"raw": 112, "pct": 0.2737698853126156}}}, {"account_id": 98254091, "player_slot": 1, "team_number": 0, "team_slot": 1, "hero_id": 29, "hero_variant": 1, "item_0": 63, "item_1": 939, "item_2": 168, "item_3": 36, "item_4": 141, "item_5": 26, "backpack_0": 0, "backpack_1": 0, "backpack_2": 0, "item_neutral": 1643, "item_neutral2": 1594, "kills": 7, "deaths": 12, "assists": 16, "leaver_status": 0, "last_hits": 261, "denies": 1, "gold_per_min": 472, "xp_per_min": 535, "level": 20, "net_worth": 17008, "aghanims_scepter": 0, "aghanims_shard": 0, "moonshard": 0, "hero_damage": 34905, "tower_damage": 249, "hero_healing": 0, "gold": 948, "gold_spent": 16305, "ability_upgrades_arr": [5120, 5119, 5120, 5118, 5120, 5121, 5120, 5119, 5119, 5119, 6946, 5118, 5121, 5118, 5118, 1700, 5121, 1701], "personaname": "Aidan.", "name": null, "last_login": null, "rank_tier": 45, "computed_mmr": 3904.57, "is_subscriber": false, "radiant_win": false, "start_time": 1766870301, "duration": 2633, "cluster": 251, "lobby_type": 0, "game_mode": 22, "is_contributor": false, "patch": 59, "region": 15, "isRadiant": true, "win": 0, "lose": 1, "total_gold": 20712, "total_xp": 23477, "kills_per_min": 0.15951386251424232, "kda": 1.77, "abandons": 0, "benchmarks": {"gold_per_min": {"raw": 472, "pct": 0.5021124471888203}, "xp_per_min": {"raw": 535, "pct": 0.24244393890152746}, "kills_per_min": {"raw": 0.15951386251424232, "pct": 0.6213844653883653}, "last_hits_per_min": {"raw": 5.947588302316749, "pct": 0.6867078323041924}, "hero_damage_per_min": {"raw": 795.4044815799468, "pct": 0.831979200519987}, "hero_healing_per_min": {"raw": 0, "pct": 0.4406889827754306}, "tower_damage": {"raw": 249, "pct": 0.2804679883002925}}}, {"account_id": 177977454, "player_slot": 2, "team_number": 0, "team_slot": 2, "hero_id": 75, "hero_variant": 4, "item_0": 102, "item_1": 63, "item_2": 77, "item_3": 108, "item_4": 485, "item_5": 36, "backpack_0": 16, "backpack_1": 28, "backpack_2": 0, "item_neutral": 1605, "item_neutral2": 1583, "kills": 4, "deaths": 11, "assists": 9, "leaver_status": 0, "last_hits": 75, "denies": 6, "gold_per_min": 256, "xp_per_min": 369, "level": 17, "net_worth": 10623, "aghanims_scepter": 0, "aghanims_shard": 0, "moonshard": 0, "hero_damage": 10572, "tower_damage": 0, "hero_healing": 0, "gold": 528, "gold_spent": 10330, "ability_upgrades_arr": [5377, 5379, 5377, 5379, 5377, 5380, 5377, 5379, 5379, 6184, 5378, 5378, 5380, 5378, 5378, 721], "personaname": "FreCkLesS", "name": null, "last_login": null, "rank_tier": 32, "computed_mmr": 4059.09, "is_subscriber": false, "radiant_win": false, "start_time": 1766870301, "duration": 2633, "cluster": 251, "lobby_type": 0, "game_mode": 22, "is_contributor": false, "patch": 59, "region": 15, "isRadiant": true, "win": 0, "lose": 1, "total_gold": 11234, "total_xp": 16192, "kills_per_min": 0.09115077857956703, "kda": 1.08, "abandons": 0, "benchmarks": {"gold_per_min": {"raw": 256, "pct": 0.10140754958413307}, "xp_per_min": {"raw": 369, "pct": 0.15131158029430583}, "kills_per_min": {"raw": 0.09115077857956703, "pct": 0.30422264875239924}, "last_hits_per_min": {"raw": 1.709077098366882, "pct": 0.4417786308381318}, "hero_damage_per_min": {"raw": 240.91150778579566, "pct": 0.05982085732565579}, "hero_healing_per_min": {"raw": 0, "pct": 0.7293666026871402}, "tower_damage": {"raw": 0, "pct": 0.20409468969929623}}}, {"player_slot": 3, "team_number": 0, "team_slot": 3, "hero_id": 10, "hero_variant": 2, "item_0": 63, "item_1": 202, "item_2": 1107, "item_3": 178, "item_4": 176, "item_5": 0, "backpack_0": 0, "backpack_1": 0, "backpack_2": 0, "item_neutral": 675, "item_neutral2": 1595, "kills": 7, "deaths": 8, "assists": 12, "leaver_status": 0, "last_hits": 148, "denies": 14, "gold_per_min": 383, "xp_per_min": 668, "level": 23, "net_worth": 15337, "aghanims_scepter": 0, "aghanims_shard": 0, "moonshard": 0, "hero_damage": 30864, "tower_damage": 458, "hero_healing": 0, "gold": 132, "gold_spent": 15815, "ability_upgrades_arr": [5055, 5052, 5052, 5053, 5052, 5057, 5052, 5053, 5055, 5053, 7060, 5053, 5055, 5055, 5057, 6062, 5057, 7056], "is_subscriber": false, "radiant_win": false, "start_time": 1766870301, "duration": 2633, "cluster": 251, "lobby_type": 0, "game_mode": 22, "is_contributor": false, "patch": 59, "region": 15, "isRadiant": true, "win": 0, "lose": 1, "total_gold": 16807, "total_xp": 29314, "kills_per_min": 0.15951386251424232, "kda": 2.11, "abandons": 0, "benchmarks": {"gold_per_min": {"raw": 383, "pct": 0.18989769820971866}, "xp_per_min": {"raw": 668, "pct": 0.4149616368286445}, "kills_per_min": {"raw": 0.15951386251424232, "pct": 0.5115089514066496}, "last_hits_per_min": {"raw": 3.37257880744398, "pct": 0.09526854219948849}, "hero_damage_per_min": {"raw": 703.3194075199392, "pct": 0.7487212276214834}, "hero_healing_per_min": {"raw": 0, "pct": 0.3836317135549872}, "tower_damage": {"raw": 458, "pct": 0.31138107416879796}}}, {"player_slot": 4, "team_number": 0, "team_slot": 4, "hero_id": 74, "hero_variant": 3, "item_0": 50, "item_1": 65, "item_2": 36, "item_3": 108, "item_4": 123, "item_5": 0, "backpack_0": 0, "backpack_1": 0, "backpack_2": 0, "item_neutral": 1605, "item_neutral2": 1585, "kills": 3, "deaths": 8, "assists": 10, "leaver_status": 0, "last_hits": 194, "denies": 7, "gold_per_min": 428, "xp_per_min": 540, "level": 21, "net_worth": 15780, "aghanims_scepter": 0, "aghanims_shard": 1, "moonshard": 0, "hero_damage": 17659, "tower_damage": 1670, "hero_healing": 0, "gold": 1020, "gold_spent": 15150, "ability_upgrades_arr": [5372, 5370, 5372, 5370, 5372, 5371, 5372, 5371, 5371, 5372, 6099, 5371, 5372, 5372, 5371, 1654, 5371, 5371, 5370, 5370, 5370], "is_subscriber": false, "radiant_win": false, "start_time": 1766870301, "duration": 2633, "cluster": 251, "lobby_type": 0, "game_mode": 22, "is_contributor": false, "patch": 59, "region": 15, "isRadiant": true, "win": 0, "lose": 1, "total_gold": 18782, "total_xp": 23697, "kills_per_min": 0.06836308393467527, "kda": 1.44, "abandons": 0, "benchmarks": {"gold_per_min": {"raw": 428, "pct": 0.40700018325087045}, "xp_per_min": {"raw": 540, "pct": 0.3073117097306212}, "kills_per_min": {"raw": 0.06836308393467527, "pct": 0.11819681143485432}, "last_hits_per_min": {"raw": 4.420812761109001, "pct": 0.5810885101704233}, "hero_damage_per_min": {"raw": 402.40789973414354, "pct": 0.18911489829576691},