{"players": [{"account_id": 128800010, "player_slot": 0, "team_number": 0, "team_slot": 0, "hero_id": 35, "hero_variant": 1, "item_0": 36, "item_1": 263, "item_2": 158, "item_3": 63, "item_4": 75, "item_5": 75, "backpack_0": 0, "backpack_1": 0, "backpack_2": 0, "item_neutral": 1605, "item_neutral2": 1586, "kills": 6, "deaths": 8, "assists": 11, "leaver_status": 2, "last_hits": 199, "denies": 12, "gold_per_min": 382, "xp_per_min": 495, "level": 21, "net_worth": 14136, "aghanims_scepter": 0, "aghanims_shard": 0, "moonshard": 0, "hero_damage": 33926, "tower_damage": 857, "hero_healing": 0, "gold": 1326, "gold_spent": 13040, "ability_upgrades_arr": [5154, 5155, 5154, 5156, 5154, 5157, 5154, 5156, 5156, 928, 5156, 5157, 5155, 6305, 5155, 5157, 1455], "personaname": "®", "name": null, "last_login": null, "rank_tier": 32, "computed_mmr": 4059.41, "is_subscriber": false, "radiant_win": false, "start_time": 1744140558, "duration": 2875, "cluster": 241, "lobby_type": 7, "game_mode": 22, "is_contributor": false, "patch": 57, "region": 14, "isRadiant": true, "win": 0, "lose": 1, "total_gold": 18304, "total_xp": 23718, "kills_per_min": 0.12521739130434784, "kda": 1.89, "abandons": 1, "benchmarks": {"gold_per_min": {"raw": 382, "pct": 0.1184826960858395}, "xp_per_min": {"raw": 495, "pct": 0.15732204926703944}, "kills_per_min": {"raw": 0.1252173913043478, "pct": 0.18346682786761373}, "last_hits_per_min": {"raw": 4.153043478260869, "pct": 0.21066948768324015}, "hero_damage_per_min": {"raw": 708.0208695652174, "pct": 0.33232582741423605}, "hero_healing_per_min": {"raw": 0, "pct": 0.9321444763487986}, "tower_damage": {"raw": 857, "pct": 0.2892549493728276}}}, {"player_slot": 1, "team_number": 0, "team_slot": 1, "hero_id": 56, "hero_variant": 1, "item_0": 250, "item_1": 96, "item_2": 36, "item_3": 168, "item_4": 29, "item_5": 40, "backpack_0": 0, "backpack_1": 0, "backpack_2": 0, "item_neutral": 309, "item_neutral2": 1584, "kills": 6, "deaths": 8, "assists": 12, "leaver_status": 0, "last_hits": 225, "denies": 2, "gold_per_min": 429, "xp_per_min": 825, "level": 26, "net_worth": 16886, "aghanims_scepter": 0, "aghanims_shard": 0, "moonshard": 0, "hero_damage": 27098, "tower_damage": 88, "hero_healing": 0, "gold": 531, "gold_spent": 17305, "ability_upgrades_arr": [5262, 1120, 5262, 1119, 1120, 5261, 1120, 1120, 1119, 1119, 1119, 5261, 5262, 5262, 6027, 6104, 5261, 494, 6620], "is_subscriber": false, "radiant_win": false, "start_time": 1744140558, "duration": 2875, "cluster": 241, "lobby_type": 7, "game_mode": 22, "is_contributor": false, "patch": 57, "region": 14, "isRadiant": true, "win": 0, "lose": 1, "total_gold": 20556, "total_xp": 39531, "kills_per_min": 0.12521739130434784, "kda": 2, "abandons": 0, "benchmarks": {"gold_per_min": {"raw": 429, "pct": 0.22733363108530594}, "xp_per_min": {"raw": 825, "pct": 0.6230460026797677}, "kills_per_min": {"raw": 0.1252173913043478, "pct": 0.16257257704332292}, "last_hits_per_min": {"raw": 4.695652173913044, "pct": 0.38365341670388564}, "hero_damage_per_min": {"raw": 565.5234782608695, "pct": 0.26440375167485486}, "hero_healing_per_min": {"raw": 0, "pct": 0.9562304600267977}, "tower_damage": {"raw": 88, "pct": 0.11299687360428763}}}, {"player_slot": 2, "team_number": 0, "team_slot": 2, "hero_id": 44, "hero_variant": 2, "item_0": 168, "item_1": 143, "item_2": 145, "item_3": 162, "item_4": 116, "item_5": 225, "backpack_0": 38, "backpack_1": 218, "backpack_2": 63, "item_neutral": 309, "item_neutral2": 1594, "kills": 8, "deaths": 7, "assists": 8, "leaver_status": 0, "last_hits": 360, "denies": 4, "gold_per_min": 554, "xp_per_min": 964, "level": 27, "net_worth": 24218, "aghanims_scepter": 0, "aghanims_shard": 1, "moonshard": 0, "hero_damage": 41738, "tower_damage": 0, "hero_healing": 0, "gold": 518, "gold_spent": 25190, "ability_upgrades_arr": [5190, 5191, 5190, 5191, 5190, 5193, 5192, 5191, 5191, 5190, 5192, 5193, 5192, 5192, 6848, 559, 5193, 490, 6847, 483], "is_subscriber": false, "radiant_win": false, "start_time": 1744140558, "duration": 2875, "cluster": 241, "lobby_type": 7, "game_mode": 22, "is_contributor": false, "patch": 57, "region": 14, "isRadiant": true, "win": 0, "lose": 1, "total_gold": 26545, "total_xp": 46191, "kills_per_min": 0.16695652173913045, "kda": 2, "abandons": 0, "benchmarks": {"gold_per_min": {"raw": 554, "pct": 0.4820256330103157}, "xp_per_min": {"raw": 964, "pct": 0.7017818068146295}, "kills_per_min": {"raw": 0.16695652173913045, "pct": 0.3354173179118475}, "last_hits_per_min": {"raw": 7.513043478260871, "pct": 0.5789309159112223}, "hero_damage_per_min": {"raw": 871.0539130434782, "pct": 0.7630509534229447}, "hero_healing_per_min": {"raw": 0, "pct": 0.9584245076586433}, "tower_damage": {"raw": 0, "pct": 0.24538918412003752}}}, {"player_slot": 3, "team_number": 0, "team_slot": 3, "hero_id": 96, "hero_variant": 1, "item_0": 226, "item_1": 36, "item_2": 127, "item_3": 1, "item_4": 125, "item_5": 63, "backpack_0": 188, "backpack_1": 0, "backpack_2": 0, "item_neutral": 949, "item_neutral2": 1585, "kills": 4, "deaths": 12, "assists": 16, "leaver_status": 0, "last_hits": 102, "denies": 0, "gold_per_min": 311, "xp_per_min": 534, "level": 21, "net_worth": 12831, "aghanims_scepter": 0, "aghanims_shard": 0, "moonshard": 0, "hero_damage": 18804, "tower_damage": 151, "hero_healing": 0, "gold": 831, "gold_spent": 13175, "ability_upgrades_arr": [5514, 5515, 5516, 5514, 5516, 5517, 5515, 5516, 5516, 5909, 5515, 5517, 5514, 5515, 6617, 5514, 5517, 453], "is_subscriber": false, "radiant_win": false, "start_time": 1744140558, "duration": 2875, "cluster": 241, "lobby_type": 7, "game_mode": 22, "is_contributor": false, "patch": 57, "region": 14, "isRadiant": true, "win": 0, "lose": 1, "total_gold": 14902, "total_xp": 25587, "kills_per_min": 0.08347826086956522, "kda": 1.54, "abandons": 0, "benchmarks": {"gold_per_min": {"raw": 311, "pct": 0.10108303249097472}, "xp_per_min": {"raw": 534, "pct": 0.33574007220216606}, "kills_per_min": {"raw": 0.08347826086956522, "pct": 0.3104693140794224}, "last_hits_per_min": {"raw": 2.128695652173913, "pct": 0.07220216606498195}, "hero_damage_per_min": {"raw": 392.4313043478261, "pct": 0.2539109506618532}, "hero_healing_per_min": {"raw": 0, "pct": 0.9181708784596871}, "tower_damage": {"raw": 151, "pct": 0.2322503008423586}}}, {"player_slot": 4, "team_number": 0, "team_slot": 4, "hero_id": 36, "hero_variant": 2, "item_0": 692, "item_1": 100, "item_2": 204, "item_3": 190, "item_4": 36, "item_5": 50, "backpack_0": 0, "backpack_1": 0, "backpack_2": 0, "item_neutral": 378, "item_neutral2": 1583, "kills": 11, "deaths": 9, "assists": 11, "leaver_status": 0, "last_hits": 191, "denies": 3, "gold_per_min": 464, "xp_per_min": 700, "level": 24, "net_worth": 19112, "aghanims_scepter": 0, "aghanims_shard": 1, "moonshard": 0, "hero_damage": 63498, "tower_damage": 1409, "hero_healing": 4691, "gold": 287, "gold_spent": 20290, "ability_upgrades_arr": [5158, 5159, 5158, 5159, 5158, 5161, 5158, 1270, 1270, 1049, 1270, 5161, 1270, 5159, 5159, 7110, 5161, 350], "is_subscriber": false, "radiant_win": false, "start_time": 1744140558, "duration": 2875, "cluster": 241, "lobby_type": 7, "game_mode": 22, "is_contributor": false, "patch": 57, "region": 14, "isRadiant": true, "win": 0, "lose": 1, "total_gold": 22233, "total_xp": 33541, "kills_per_min": 0.22956521739130437, "kda": 2.2, "abandons": 0, "benchmarks": {"gold_per_min": {"raw": 464, "pct": 0.2308255984367367}, "xp_per_min": {"raw": 700, "pct": 0.35930630190522717}, "kills_per_min": {"raw": 0.22956521739130437, "pct": 0.3976551050317538}, "last_hits_per_min": {"raw": 3.986086956521739, "pct": 0.13092330239374694}, "hero_damage_per_min": {"raw": 1325.1756521739132, "pct": 0.8702979970688813}, "hero_healing_per_min": {"raw": 97.8991304347826, "pct": 0.3265754763067904}, "tower_damage": {"raw": 1409, "pct": 0.4782608695652174}}}, {"account_id": 138815134, "player_slot": 128, "team_number": 1, "team_slot": 0, "hero_id": 80, "hero_variant": 1, "item_0": 29,