{"players": [{"player_slot": 0, "team_number": 0, "team_slot": 0, "hero_id": 41, "hero_variant": 2, "item_0": 52, "item_1": 172, "item_2": 116, "item_3": 63, "item_4": 123, "item_5": 141, "backpack_0": 0, "backpack_1": 0, "backpack_2": 0, "item_neutral": 828, "item_neutral2": 1586, "kills": 7, "deaths": 2, "assists": 12, "leaver_status": 0, "last_hits": 303, "denies": 5, "gold_per_min": 628, "xp_per_min": 898, "level": 24, "net_worth": 22894, "aghanims_scepter": 0, "aghanims_shard": 0, "moonshard": 0, "hero_damage": 15798, "tower_damage": 8175, "hero_healing": 0, "gold": 1394, "gold_spent": 24695, "ability_upgrades_arr": [5182, 5184, 5691, 5184, 5184, 5185, 5184, 5182, 5182, 5182, 856, 5185, 5691, 5691, 868, 5691, 5185, 6128], "is_subscriber": false, "radiant_win": true, "start_time": 1763084835, "duration": 2232, "cluster": 381, "lobby_type": 0, "game_mode": 22, "is_contributor": false, "patch": 58, "isRadiant": true, "win": 1, "lose": 0, "total_gold": 23361, "total_xp": 33405, "kills_per_min": 0.1881720430107527, "kda": 6.33, "abandons": 0, "benchmarks": {"gold_per_min": {"raw": 628, "pct": 0.6788710907704043}, "xp_per_min": {"raw": 898, "pct": 0.6567505720823799}, "kills_per_min": {"raw": 0.1881720430107527, "pct": 0.4977116704805492}, "last_hits_per_min": {"raw": 8.14516129032258, "pct": 0.7128146453089245}, "hero_damage_per_min": {"raw": 424.6774193548387, "pct": 0.37452326468344777}, "hero_healing_per_min": {"raw": 0, "pct": 0.9462242562929062}, "tower_damage": {"raw": 8175, "pct": 0.7238749046529367}}}, {"account_id": 1161108682, "player_slot": 1, "team_number": 0, "team_slot": 1, "hero_id": 128, "hero_variant": 2, "item_0": 249, "item_1": 20, "item_2": 250, "item_3": 168, "item_4": 141, "item_5": 180, "backpack_0": 0, "backpack_1": 0, "backpack_2": 0, "item_neutral": 565, "item_neutral2": 1576, "kills": 9, "deaths": 1, "assists": 8, "leaver_status": 0, "last_hits": 354, "denies": 22, "gold_per_min": 698, "xp_per_min": 942, "level": 25, "net_worth": 25437, "aghanims_scepter": 0, "aghanims_shard": 1, "moonshard": 0, "hero_damage": 22609, "tower_damage": 10280, "hero_healing": 200, "gold": 1457, "gold_spent": 25125, "ability_upgrades_arr": [6480, 6488, 6480, 6488, 6480, 6488, 6480, 6488, 6482, 384, 6483, 6482, 6483, 6483, 6487, 6483, 6482, 500, 382], "personaname": "SOLO IGNORO PAISANOS", "name": null, "last_login": null, "rank_tier": 45, "computed_mmr": 3983.86, "is_subscriber": false, "radiant_win": true, "start_time": 1763084835, "duration": 2232, "cluster": 381, "lobby_type": 0, "game_mode": 22, "is_contributor": false, "patch": 58, "isRadiant": true, "win": 1, "lose": 0, "total_gold": 25965, "total_xp": 35042, "kills_per_min": 0.24193548387096772, "kda": 8.5, "abandons": 0, "benchmarks": {"gold_per_min": {"raw": 698, "pct": 0.9825503355704698}, "xp_per_min": {"raw": 942, "pct": 0.959731543624161}, "kills_per_min": {"raw": 0.24193548387096775, "pct": 0.8147651006711409}, "last_hits_per_min": {"raw": 9.516129032258064, "pct": 0.9946308724832215}, "hero_damage_per_min": {"raw": 607.7688172043011, "pct": 0.7187919463087248}, "hero_healing_per_min": {"raw": 5.376344086021505, "pct": 0.3919463087248322}, "tower_damage": {"raw": 10280, "pct": 0.9892617449664429}}}, {"player_slot": 2, "team_number": 0, "team_slot": 2, "hero_id": 64, "hero_variant": 3, "item_0": 231, "item_1": 36, "item_2": 108, "item_3": 0, "item_4": 77, "item_5": 218, "backpack_0": 0, "backpack_1": 0, "backpack_2": 0, "item_neutral": 675, "item_neutral2": 1583, "kills": 4, "deaths": 7, "assists": 19, "leaver_status": 0, "last_hits": 91, "denies": 0, "gold_per_min": 384, "xp_per_min": 589, "level": 20, "net_worth": 13669, "aghanims_scepter": 0, "aghanims_shard": 0, "moonshard": 0, "hero_damage": 12831, "tower_damage": 2890, "hero_healing": 2546, "gold": 3214, "gold_spent": 11255, "ability_upgrades_arr": [5297, 1317, 5297, 5299, 5297, 5300, 5298, 5299, 5299, 5963, 5297, 5300, 5298, 5298, 6661, 5298, 5300, 542], "is_subscriber": false, "radiant_win": true, "start_time": 1763084835, "duration": 2232, "cluster": 381, "lobby_type": 0, "game_mode": 22, "is_contributor": false, "patch": 58, "isRadiant": true, "win": 1, "lose": 0, "total_gold": 14284, "total_xp": 21910, "kills_per_min": 0.1075268817204301, "kda": 2.88, "abandons": 0, "benchmarks": {"gold_per_min": {"raw": 384, "pct": 0.6729813664596274}, "xp_per_min": {"raw": 589, "pct": 0.6220496894409938}, "kills_per_min": {"raw": 0.10752688172043011, "pct": 0.531055900621118}, "last_hits_per_min": {"raw": 2.446236559139785, "pct": 0.6760869565217391}, "hero_damage_per_min": {"raw": 344.9193548387097, "pct": 0.2850931677018634}, "hero_healing_per_min": {"raw": 68.44086021505376, "pct": 0.896583850931677}, "tower_damage": {"raw": 2890, "pct": 0.6829192546583851}}}, {"player_slot": 3, "team_number": 0, "team_slot": 3, "hero_id": 135, "hero_variant": 1, "item_0": 108, "item_1": 127, "item_2": 939, "item_3": 141, "item_4": 143, "item_5": 50, "backpack_0": 0, "backpack_1": 0, "backpack_2": 0, "item_neutral": 1603, "item_neutral2": 1583, "kills": 10, "deaths": 7, "assists": 15, "leaver_status": 0, "last_hits": 281, "denies": 5, "gold_per_min": 629, "xp_per_min": 809, "level": 23, "net_worth": 22386, "aghanims_scepter": 0, "aghanims_shard": 1, "moonshard": 0, "hero_damage": 27103, "tower_damage": 5722, "hero_healing": 4544, "gold": 111, "gold_spent": 23650, "ability_upgrades_arr": [7914, 7902, 7914, 7918, 7902, 7906, 7902, 7914, 7918, 6159, 7902, 7906, 7914, 7918, 7938, 7918, 7906, 7930], "is_subscriber": false, "radiant_win": true, "start_time": 1763084835, "duration": 2232, "cluster": 381, "lobby_type": 0, "game_mode": 22, "is_contributor": false, "patch": 58, "isRadiant": true, "win": 1, "lose": 0, "total_gold": 23398, "total_xp": 30094, "kills_per_min": 0.26881720430107525, "kda": 3.13, "abandons": 0, "benchmarks": {"gold_per_min": {"raw": 629, "pct": 0.8854314002828855}, "xp_per_min": {"raw": 809, "pct": 0.7185289957567186}, "kills_per_min": {"raw": 0.26881720430107525, "pct": 0.7411598302687411}, "last_hits_per_min": {"raw": 7.553763440860216, "pct": 0.8606789250353607}, "hero_damage_per_min": {"raw": 728.5752688172043, "pct": 0.698019801980198}, "hero_healing_per_min": {"raw": 122.15053763440861, "pct": 0.5240452616690241}, "tower_damage": {"raw": 5722, "pct": 0.9031117397454032}}}, {"player_slot": 4, "team_number": 0, "team_slot": 4, "hero_id": 74, "hero_variant": 3, "item_0": 29, "item_1": 77, "item_2": 36, "item_3": 100, "item_4": 92, "item_5": 108, "backpack_0": 0, "backpack_1": 0, "backpack_2": 0, "item_neutral": 1640, "item_neutral2": 1577, "kills": 9, "deaths": 1, "assists": 15, "leaver_status": 0, "last_hits": 48, "denies": 0, "gold_per_min": 378, "xp_per_min": 651, "level": 21, "net_worth": 14346, "aghanims_scepter": 0, "aghanims_shard": 0, "moonshard": 0, "hero_damage": 17076, "tower_damage": 4653, "hero_healing": 1256, "gold": 5066, "gold_spent": 9570, "ability_upgrades_arr": [5372, 5370, 5372, 5371, 5372, 5370, 5370, 5372, 5372, 5370, 6099, 5372, 5372, 5370, 1654, 5370, 5371, 5371, 5371, 5762, 5371], "is_subscriber": false, "radiant_win": true, "start_time": 1763084835, "duration": 2232, "cluster": 381, "lobby_type": 0, "game_mode": 22, "is_contributor": false, "patch": 58, "isRadiant": true, "win": 1, "lose": 0, "total_gold": 14061, "total_xp": 24217, "kills_per_min": 0.24193548387096772, "kda": 12, "abandons": 0, "benchmarks": {"gold_per_min": {"raw": 378, "pct": 0.2664467656221367}, "xp_per_min": {"raw": 651, "pct": 0.49880886934212937}, "kills_per_min": {"raw": 0.24193548387096775, "pct": 0.6884735202492211}, "last_hits_per_min": {"raw": 1.2903225806451615, "pct": 0.0905259299981675}, "hero_damage_per_min": {"raw": 459.0322580645161, "pct": 0.27194429173538576}, "hero_healing_per_min": {"raw": 33.763440860215056, "pct": 0.9871724390690856}, "tower_damage": {"raw": 4653, "pct": 0.7342862378596299}}}, {"player_slot": 128, "team_number": 1, "team_slot": 0, "hero_id": 104, "hero_variant": 1, "item_0": 108, "item_1": 0,