{"players": [{"account_id": 37467834, "player_slot": 0, "team_number": 0, "team_slot": 0, "hero_id": 54, "hero_variant": 5, "item_0": 36, "item_1": 143, "item_2": 50, "item_3": 108, "item_4": 154, "item_5": 137, "backpack_0": 73, "backpack_1": 40, "backpack_2": 4206, "item_neutral": 1605, "item_neutral2": 1594, "kills": 7, "deaths": 3, "assists": 18, "leaver_status": 0, "last_hits": 253, "denies": 16, "gold_per_min": 557, "xp_per_min": 647, "level": 22, "net_worth": 23900, "aghanims_scepter": 0, "aghanims_shard": 0, "moonshard": 0, "hero_damage": 19751, "tower_damage": 11925, "hero_healing": 962, "gold": 5210, "gold_spent": 19130, "ability_upgrades_arr": [631, 5251, 631, 5249, 631, 5252, 631, 5249, 5249, 5249, 5251, 5252, 5251, 5251, 6676, 499, 5252, 709], "personaname": "ExtremoDiaz", "name": null, "last_login": null, "rank_tier": 22, "computed_mmr": 3968.35, "is_subscriber": false, "radiant_win": true, "start_time": 1762652221, "duration": 2606, "cluster": 346, "lobby_type": 0, "game_mode": 22, "is_contributor": false, "patch": 58, "region": 38, "isRadiant": true, "win": 1, "lose": 0, "total_gold": 24192, "total_xp": 28101, "kills_per_min": 0.16116653875671527, "kda": 6.25, "abandons": 0, "benchmarks": {"gold_per_min": {"raw": 557, "pct": 0.3513877661007815}, "xp_per_min": {"raw": 647, "pct": 0.21274589059552682}, "kills_per_min": {"raw": 0.16116653875671527, "pct": 0.3244408515225007}, "last_hits_per_min": {"raw": 5.8250191864927094, "pct": 0.16963082727027756}, "hero_damage_per_min": {"raw": 454.74290099769763, "pct": 0.22002155753166264}, "hero_healing_per_min": {"raw": 22.14888718342287, "pct": 0.2648881703045001}, "tower_damage": {"raw": 11925, "pct": 0.7298571813527351}}}, {"account_id": 65137360, "player_slot": 1, "team_number": 0, "team_slot": 1, "hero_id": 123, "hero_variant": 1, "item_0": 36, "item_1": 180, "item_2": 43, "item_3": 40, "item_4": 100, "item_5": 1466, "backpack_0": 38, "backpack_1": 0, "backpack_2": 0, "item_neutral": 1607, "item_neutral2": 1592, "kills": 7, "deaths": 1, "assists": 16, "leaver_status": 0, "last_hits": 92, "denies": 3, "gold_per_min": 391, "xp_per_min": 641, "level": 22, "net_worth": 16029, "aghanims_scepter": 0, "aghanims_shard": 0, "moonshard": 0, "hero_damage": 17084, "tower_damage": 1664, "hero_healing": 125, "gold": 6469, "gold_spent": 11070, "ability_upgrades_arr": [8429, 8158, 8158, 9501, 8429, 8106, 8158, 8429, 9501, 8429, 8158, 8106, 9501, 9501, 7132, 9513, 8106, 7383], "personaname": "PatoDeGoma", "name": null, "last_login": "2021-02-10T20:32:57.535Z", "rank_tier": 45, "computed_mmr": null, "is_subscriber": false, "radiant_win": true, "start_time": 1762652221, "duration": 2606, "cluster": 346, "lobby_type": 0, "game_mode": 22, "is_contributor": false, "patch": 58, "region": 38, "isRadiant": true, "win": 1, "lose": 0, "total_gold": 16982, "total_xp": 27840, "kills_per_min": 0.16116653875671527, "kda": 11.5, "abandons": 0, "benchmarks": {"gold_per_min": {"raw": 391, "pct": 0.5728314238952537}, "xp_per_min": {"raw": 641, "pct": 0.6104746317512275}, "kills_per_min": {"raw": 0.16116653875671527, "pct": 0.5965630114566285}, "last_hits_per_min": {"raw": 2.118188795088258, "pct": 0.44967266775777415}, "hero_damage_per_min": {"raw": 393.3384497313891, "pct": 0.29132569558101473}, "hero_healing_per_min": {"raw": 2.877973906369916, "pct": 0.6890343698854338}, "tower_damage": {"raw": 1664, "pct": 0.780278232405892}}}, {"player_slot": 2, "team_number": 0, "team_slot": 2, "hero_id": 21, "hero_variant": 5, "item_0": 141, "item_1": 166, "item_2": 108, "item_3": 50, "item_4": 174, "item_5": 116, "backpack_0": 0, "backpack_1": 0, "backpack_2": 0, "item_neutral": 1599, "item_neutral2": 1597, "kills": 18, "deaths": 2, "assists": 10, "leaver_status": 0, "last_hits": 238, "denies": 12, "gold_per_min": 621, "xp_per_min": 841, "level": 25, "net_worth": 25698, "aghanims_scepter": 0, "aghanims_shard": 1, "moonshard": 0, "hero_damage": 24975, "tower_damage": 11335, "hero_healing": 216, "gold": 3798, "gold_spent": 24030, "ability_upgrades_arr": [5130, 5131, 5131, 5132, 5131, 5133, 5132, 5132, 5132, 5130, 5920, 5133, 5130, 5131, 5130, 6562, 5133, 7062, 1071], "is_subscriber": false, "radiant_win": true, "start_time": 1762652221, "duration": 2606, "cluster": 346, "lobby_type": 0, "game_mode": 22, "is_contributor": false, "patch": 58, "region": 38, "isRadiant": true, "win": 1, "lose": 0, "total_gold": 26972, "total_xp": 36527, "kills_per_min": 0.4144282425172679, "kda": 9.33, "abandons": 0, "benchmarks": {"gold_per_min": {"raw": 621, "pct": 0.9038624189455878}, "xp_per_min": {"raw": 841, "pct": 0.7984212010149422}, "kills_per_min": {"raw": 0.41442824251726784, "pct": 0.937129968987877}, "last_hits_per_min": {"raw": 5.4796623177283195, "pct": 0.7541584437552862}, "hero_damage_per_min": {"raw": 575.0191864927091, "pct": 0.5889484071045954}, "hero_healing_per_min": {"raw": 4.973138910207214, "pct": 0.913729912602199}, "tower_damage": {"raw": 11335, "pct": 0.9464336058641105}}}, {"account_id": 394170109, "player_slot": 3, "team_number": 0, "team_slot": 3, "hero_id": 87, "hero_variant": 3, "item_0": 1, "item_1": 100, "item_2": 0, "item_3": 0, "item_4": 180, "item_5": 77, "backpack_0": 0, "backpack_1": 0, "backpack_2": 0, "item_neutral": 1642, "item_neutral2": 1592, "kills": 1, "deaths": 6, "assists": 24, "leaver_status": 0, "last_hits": 79, "denies": 4, "gold_per_min": 342, "xp_per_min": 590, "level": 21, "net_worth": 12852, "aghanims_scepter": 0, "aghanims_shard": 1, "moonshard": 0, "hero_damage": 14919, "tower_damage": 981, "hero_healing": 0, "gold": 1497, "gold_spent": 13395, "ability_upgrades_arr": [5459, 5460, 5459, 5458, 5459, 5461, 5459, 5458, 5458, 5458, 1142, 5461, 5460, 5460, 6215, 5460, 5461, 6812], "personaname": "SeWaNsX", "name": null, "last_login": null, "rank_tier": 34, "computed_mmr": 3984, "is_subscriber": false, "radiant_win": true, "start_time": 1762652221, "duration": 2606, "cluster": 346, "lobby_type": 0, "game_mode": 22, "is_contributor": false, "patch": 58, "region": 38, "isRadiant": true, "win": 1, "lose": 0, "total_gold": 14854, "total_xp": 25625, "kills_per_min": 0.023023791250959328, "kda": 3.57, "abandons": 0, "benchmarks": {"gold_per_min": {"raw": 342, "pct": 0.6183206106870229}, "xp_per_min": {"raw": 590, "pct": 0.6521946564885496}, "kills_per_min": {"raw": 0.023023791250959325, "pct": 0.07061068702290077}, "last_hits_per_min": {"raw": 1.8188795088257865, "pct": 0.8816793893129771}, "hero_damage_per_min": {"raw": 343.4919416730621, "pct": 0.3845419847328244}, "hero_healing_per_min": {"raw": 0, "pct": 0.6507633587786259}, "tower_damage": {"raw": 981, "pct": 0.8907442748091603}}}, {"player_slot": 4, "team_number": 0, "team_slot": 4, "hero_id": 96, "hero_variant": 2, "item_0": 125, "item_1": 119, "item_2": 127, "item_3": 137, "item_4": 692, "item_5": 1, "backpack_0": 53, "backpack_1": 0, "backpack_2": 0, "item_neutral": 1608, "item_neutral2": 1583, "kills": 4, "deaths": 4, "assists": 8, "leaver_status": 0, "last_hits": 329, "denies": 13, "gold_per_min": 572, "xp_per_min": 653, "level": 22, "net_worth": 23510, "aghanims_scepter": 0, "aghanims_shard": 0, "moonshard": 0, "hero_damage": 15099, "tower_damage": 2635, "hero_healing": 0, "gold": 885, "gold_spent": 24365, "ability_upgrades_arr": [5514, 5515, 5516, 5516, 5516, 5517, 5516, 5514, 5514, 5909, 5514, 5517, 5515, 5515, 5928, 5515, 5517, 453], "is_subscriber": false, "radiant_win": true, "start_time": 1762652221, "duration": 2606, "cluster": 346, "lobby_type": 0, "game_mode": 22, "is_contributor": false, "patch": 58, "region": 38, "isRadiant": true, "win": 1, "lose": 0, "total_gold": 24843, "total_xp": 28361, "kills_per_min": 0.09209516500383731, "kda": 2.4, "abandons": 0, "benchmarks": {"gold_per_min": {"raw": 572, "pct": 0.8827122785583384}, "xp_per_min": {"raw": 653, "pct": 0.533292608430055}, "kills_per_min": {"raw": 0.0920951650038373, "pct": 0.37263286499694565}, "last_hits_per_min": {"raw": 7.574827321565617, "pct": 0.9169211973121564},