{"players": [{"account_id": 137071946, "player_slot": 0, "team_number": 0, "team_slot": 0, "hero_id": 70, "hero_variant": 0, "item_0": 116, "item_1": 40, "item_2": 1, "item_3": 143, "item_4": 50, "item_5": 145, "backpack_0": 0, "backpack_1": 0, "backpack_2": 0, "item_neutral": 1605, "item_neutral2": 1584, "kills": 5, "deaths": 8, "assists": 9, "leaver_status": 0, "last_hits": 243, "denies": 5, "gold_per_min": 447, "xp_per_min": 601, "level": 21, "net_worth": 15042, "aghanims_scepter": 0, "aghanims_shard": 0, "moonshard": 0, "hero_damage": 14272, "tower_damage": 533, "hero_healing": 0, "gold": 257, "gold_spent": 15860, "ability_upgrades_arr": [5359, 5357, 5359, 5358, 5359, 5360, 5359, 5358, 5358, 6975, 5358, 5357, 5360, 5357, 5357, 758, 5360, 6132], "personaname": "Yasha Grey", "name": null, "last_login": null, "rank_tier": 35, "computed_mmr": 4049.65, "is_subscriber": false, "radiant_win": false, "start_time": 1775698792, "duration": 2417, "cluster": 241, "lobby_type": 0, "game_mode": 22, "is_contributor": false, "patch": 60, "region": 14, "isRadiant": true, "win": 0, "lose": 1, "total_gold": 18006, "total_xp": 24210, "kills_per_min": 0.12412081092263137, "kda": 1.56, "abandons": 0, "benchmarks": {"gold_per_min": {"raw": 447, "pct": 0.19217391304347825}, "xp_per_min": {"raw": 601, "pct": 0.2165217391304348}, "kills_per_min": {"raw": 0.12412081092263136, "pct": 0.12260869565217392}, "last_hits_per_min": {"raw": 6.0322714108398845, "pct": 0.3443478260869565}, "hero_damage_per_min": {"raw": 354.29044269755894, "pct": 0.13304347826086957}, "hero_healing_per_min": {"raw": 0, "pct": 0.9608695652173913}, "tower_damage": {"raw": 533, "pct": 0.29391304347826086}}}, {"player_slot": 1, "team_number": 0, "team_slot": 1, "hero_id": 53, "hero_variant": 0, "item_0": 40, "item_1": 250, "item_2": 36, "item_3": 108, "item_4": 63, "item_5": 43, "backpack_0": 0, "backpack_1": 0, "backpack_2": 0, "item_neutral": 1638, "item_neutral2": 1584, "kills": 6, "deaths": 11, "assists": 14, "leaver_status": 0, "last_hits": 185, "denies": 3, "gold_per_min": 449, "xp_per_min": 488, "level": 19, "net_worth": 15461, "aghanims_scepter": 0, "aghanims_shard": 1, "moonshard": 0, "hero_damage": 31105, "tower_damage": 371, "hero_healing": 125, "gold": 1271, "gold_spent": 15845, "ability_upgrades_arr": [5245, 5246, 5245, 5246, 5245, 5248, 5245, 5246, 5246, 470, 5247, 5247, 5248, 5247, 5247, 6500, 5248], "is_subscriber": false, "radiant_win": false, "start_time": 1775698792, "duration": 2417, "cluster": 241, "lobby_type": 0, "game_mode": 22, "is_contributor": false, "patch": 60, "region": 14, "isRadiant": true, "win": 0, "lose": 1, "total_gold": 18087, "total_xp": 19658, "kills_per_min": 0.14894497310715765, "kda": 1.67, "abandons": 0, "benchmarks": {"gold_per_min": {"raw": 449, "pct": 0.22677322677322678}, "xp_per_min": {"raw": 488, "pct": 0.2017982017982018}, "kills_per_min": {"raw": 0.14894497310715765, "pct": 0.3916083916083916}, "last_hits_per_min": {"raw": 4.59247000413736, "pct": 0.21578421578421578}, "hero_damage_per_min": {"raw": 772.1555647496897, "pct": 0.6303696303696303}, "hero_healing_per_min": {"raw": 3.103020273065784, "pct": 0.7592407592407593}, "tower_damage": {"raw": 371, "pct": 0.13886113886113885}}}, {"account_id": 117503683, "player_slot": 2, "team_number": 0, "team_slot": 2, "hero_id": 20, "hero_variant": 0, "item_0": 214, "item_1": 90, "item_2": 232, "item_3": 43, "item_4": 34, "item_5": 0, "backpack_0": 188, "backpack_1": 0, "backpack_2": 0, "item_neutral": 187, "item_neutral2": 1577, "kills": 4, "deaths": 12, "assists": 10, "leaver_status": 0, "last_hits": 41, "denies": 3, "gold_per_min": 264, "xp_per_min": 507, "level": 19, "net_worth": 7678, "aghanims_scepter": 0, "aghanims_shard": 0, "moonshard": 0, "hero_damage": 13529, "tower_damage": 0, "hero_healing": 194, "gold": 428, "gold_spent": 8915, "ability_upgrades_arr": [5122, 5124, 5122, 5123, 5122, 5125, 5124, 5122, 5123, 5123, 1067, 5123, 5125, 5124, 5124, 6310, 5125], "personaname": "Bryder                   π", "name": null, "last_login": null, "rank_tier": 31, "computed_mmr": null, "is_subscriber": false, "radiant_win": false, "start_time": 1775698792, "duration": 2417, "cluster": 241, "lobby_type": 0, "game_mode": 22, "is_contributor": false, "patch": 60, "region": 14, "isRadiant": true, "win": 0, "lose": 1, "total_gold": 10634, "total_xp": 20423, "kills_per_min": 0.09929664873810509, "kda": 1.08, "abandons": 0, "benchmarks": {"gold_per_min": {"raw": 264, "pct": 0.13885647607934656}, "xp_per_min": {"raw": 507, "pct": 0.33022170361726955}, "kills_per_min": {"raw": 0.09929664873810508, "pct": 0.4749124854142357}, "last_hits_per_min": {"raw": 1.0177906495655773, "pct": 0.2613768961493582}, "hero_damage_per_min": {"raw": 335.84609019445594, "pct": 0.38506417736289383}, "hero_healing_per_min": {"raw": 4.815887463798097, "pct": 0.7899649941656943}, "tower_damage": {"raw": 0, "pct": 0.1983663943990665}}}, {"account_id": 137035574, "player_slot": 3, "team_number": 0, "team_slot": 3, "hero_id": 29, "hero_variant": 0, "item_0": 50, "item_1": 119, "item_2": 1, "item_3": 0, "item_4": 0, "item_5": 81, "backpack_0": 0, "backpack_1": 0, "backpack_2": 0, "item_neutral": 1864, "item_neutral2": 1585, "kills": 2, "deaths": 12, "assists": 10, "leaver_status": 0, "last_hits": 172, "denies": 12, "gold_per_min": 361, "xp_per_min": 432, "level": 17, "net_worth": 11956, "aghanims_scepter": 0, "aghanims_shard": 1, "moonshard": 0, "hero_damage": 23472, "tower_damage": 0, "hero_healing": 1570, "gold": 156, "gold_spent": 13960, "ability_upgrades_arr": [5118, 5120, 5120, 5119, 5120, 5121, 5120, 5119, 5119, 6946, 5119, 5118, 5121, 5118, 5118, 1700], "personaname": "BLipax", "name": null, "last_login": null, "rank_tier": 41, "computed_mmr": 3873.89, "is_subscriber": false, "radiant_win": false, "start_time": 1775698792, "duration": 2417, "cluster": 241, "lobby_type": 0, "game_mode": 22, "is_contributor": false, "patch": 60, "region": 14, "isRadiant": true, "win": 0, "lose": 1, "total_gold": 14542, "total_xp": 17402, "kills_per_min": 0.049648324369052546, "kda": 0.92, "abandons": 0, "benchmarks": {"gold_per_min": {"raw": 361, "pct": 0.1502316346790205}, "xp_per_min": {"raw": 432, "pct": 0.10390469887491727}, "kills_per_min": {"raw": 0.04964832436905254, "pct": 0.12442091330244871}, "last_hits_per_min": {"raw": 4.269755895738518, "pct": 0.32362673726009267}, "hero_damage_per_min": {"raw": 582.6727347952007, "pct": 0.5618795499669094}, "hero_healing_per_min": {"raw": 38.97393462970625, "pct": 0.5545996029119789}, "tower_damage": {"raw": 0, "pct": 0.13898080741230973}}}, {"player_slot": 4, "team_number": 0, "team_slot": 4, "hero_id": 74, "hero_variant": 0, "item_0": 1, "item_1": 50, "item_2": 206, "item_3": 36, "item_4": 40, "item_5": 77, "backpack_0": 0, "backpack_1": 0, "backpack_2": 0, "item_neutral": 1598, "item_neutral2": 1586, "kills": 5, "deaths": 7, "assists": 8, "leaver_status": 0, "last_hits": 143, "denies": 23, "gold_per_min": 357, "xp_per_min": 516, "level": 19, "net_worth": 11509, "aghanims_scepter": 0, "aghanims_shard": 0, "moonshard": 0, "hero_damage": 21072, "tower_damage": 473, "hero_healing": 0, "gold": 4314, "gold_spent": 8600, "ability_upgrades_arr": [5372, 5370, 5372, 5370, 5371, 5372, 5370, 5372, 5370, 5372, 5371, 6099, 5372, 5370, 5371, 5372, 5371, 5372, 7148, 5370, 5370, 5371, 5371, 5371], "is_subscriber": false, "radiant_win": false, "start_time": 1775698792, "duration": 2417, "cluster": 241, "lobby_type": 0, "game_mode": 22, "is_contributor": false, "patch": 60, "region": 14, "isRadiant": true, "win": 0, "lose": 1, "total_gold": 14381, "total_xp": 20786, "kills_per_min": 0.12412081092263137, "kda": 1.63, "abandons": 0, "benchmarks": {"gold_per_min": {"raw": 357, "pct": 0.18526591107236268}, "xp_per_min": {"raw": 516, "pct": 0.23278116826503922}, "kills_per_min": {"raw": 0.12412081092263136, "pct": 0.24498692240627726}, "last_hits_per_min": {"raw": 3.549855192387257, "pct": 0.4049694856146469},