{"players": [{"player_slot": 0, "team_number": 0, "team_slot": 0, "hero_id": 102, "hero_variant": 3, "item_0": 939, "item_1": 172, "item_2": 143, "item_3": 50, "item_4": 0, "item_5": 247, "backpack_0": 0, "backpack_1": 0, "backpack_2": 0, "item_neutral": 1604, "item_neutral2": 1584, "kills": 9, "deaths": 6, "assists": 8, "leaver_status": 0, "last_hits": 250, "denies": 2, "gold_per_min": 479, "xp_per_min": 682, "level": 22, "net_worth": 18124, "aghanims_scepter": 0, "aghanims_shard": 0, "moonshard": 0, "hero_damage": 21461, "tower_damage": 1296, "hero_healing": 0, "gold": 3049, "gold_spent": 15655, "ability_upgrades_arr": [5587, 5586, 5587, 5586, 5587, 5588, 5587, 5586, 5585, 1165, 5585, 5585, 5588, 5585, 5586, 7340, 5588, 6100], "is_subscriber": false, "radiant_win": false, "start_time": 1766170129, "duration": 2367, "cluster": 251, "lobby_type": 7, "game_mode": 22, "is_contributor": false, "patch": 59, "region": 15, "isRadiant": true, "win": 0, "lose": 1, "total_gold": 18896, "total_xp": 26904, "kills_per_min": 0.22813688212927755, "kda": 2.43, "abandons": 0, "benchmarks": {"gold_per_min": {"raw": 479, "pct": 0.7554347826086957}, "xp_per_min": {"raw": 682, "pct": 0.654891304347826}, "kills_per_min": {"raw": 0.22813688212927757, "pct": 0.8297101449275363}, "last_hits_per_min": {"raw": 6.337135614702155, "pct": 0.8632246376811594}, "hero_damage_per_min": {"raw": 544.0050697084918, "pct": 0.6920289855072463}, "hero_healing_per_min": {"raw": 0, "pct": 0.18115942028985507}, "tower_damage": {"raw": 1296, "pct": 0.6096014492753623}}}, {"player_slot": 1, "team_number": 0, "team_slot": 1, "hero_id": 71, "hero_variant": 3, "item_0": 247, "item_1": 63, "item_2": 252, "item_3": 67, "item_4": 0, "item_5": 0, "backpack_0": 0, "backpack_1": 0, "backpack_2": 0, "item_neutral": 1603, "item_neutral2": 1586, "kills": 6, "deaths": 8, "assists": 8, "leaver_status": 0, "last_hits": 88, "denies": 1, "gold_per_min": 280, "xp_per_min": 416, "level": 17, "net_worth": 10154, "aghanims_scepter": 0, "aghanims_shard": 0, "moonshard": 0, "hero_damage": 14278, "tower_damage": 30, "hero_healing": 0, "gold": 229, "gold_spent": 10475, "ability_upgrades_arr": [5355, 5353, 5353, 5355, 7301, 5356, 5355, 5353, 5353, 5355, 5931, 7301, 5356, 7301, 7301, 6253], "is_subscriber": false, "radiant_win": false, "start_time": 1766170129, "duration": 2367, "cluster": 251, "lobby_type": 7, "game_mode": 22, "is_contributor": false, "patch": 59, "region": 15, "isRadiant": true, "win": 0, "lose": 1, "total_gold": 11046, "total_xp": 16411, "kills_per_min": 0.1520912547528517, "kda": 1.56, "abandons": 0, "benchmarks": {"gold_per_min": {"raw": 280, "pct": 0.09925167388735723}, "xp_per_min": {"raw": 416, "pct": 0.1380464749901536}, "kills_per_min": {"raw": 0.1520912547528517, "pct": 0.44958645135880265}, "last_hits_per_min": {"raw": 2.2306717363751583, "pct": 0.4269397400551398}, "hero_damage_per_min": {"raw": 361.9264892268695, "pct": 0.20047262701851123}, "hero_healing_per_min": {"raw": 0, "pct": 0.6947617172115006}, "tower_damage": {"raw": 30, "pct": 0.2674281213076014}}}, {"player_slot": 2, "team_number": 0, "team_slot": 2, "hero_id": 75, "hero_variant": 3, "item_0": 931, "item_1": 102, "item_2": 218, "item_3": 0, "item_4": 0, "item_5": 0, "backpack_0": 0, "backpack_1": 0, "backpack_2": 0, "item_neutral": 1158, "item_neutral2": 1577, "kills": 5, "deaths": 7, "assists": 15, "leaver_status": 0, "last_hits": 52, "denies": 2, "gold_per_min": 242, "xp_per_min": 424, "level": 17, "net_worth": 7612, "aghanims_scepter": 0, "aghanims_shard": 0, "moonshard": 0, "hero_damage": 12415, "tower_damage": 235, "hero_healing": 0, "gold": 1087, "gold_spent": 7425, "ability_upgrades_arr": [5378, 5377, 5378, 5379, 5378, 5380, 5378, 5377, 5378, 5377, 6184, 5377, 5380, 5379, 5379, 5379, 721], "is_subscriber": false, "radiant_win": false, "start_time": 1766170129, "duration": 2367, "cluster": 251, "lobby_type": 7, "game_mode": 22, "is_contributor": false, "patch": 59, "region": 15, "isRadiant": true, "win": 0, "lose": 1, "total_gold": 9546, "total_xp": 16726, "kills_per_min": 0.12674271229404308, "kda": 2.5, "abandons": 0, "benchmarks": {"gold_per_min": {"raw": 242, "pct": 0.07581573896353166}, "xp_per_min": {"raw": 424, "pct": 0.2418426103646833}, "kills_per_min": {"raw": 0.12674271229404308, "pct": 0.48304542546385154}, "last_hits_per_min": {"raw": 1.3181242078580482, "pct": 0.2927063339731286}, "hero_damage_per_min": {"raw": 314.702154626109, "pct": 0.16794625719769674}, "hero_healing_per_min": {"raw": 0, "pct": 0.7293666026871402}, "tower_damage": {"raw": 235, "pct": 0.3598848368522073}}}, {"player_slot": 3, "team_number": 0, "team_slot": 3, "hero_id": 14, "hero_variant": 3, "item_0": 214, "item_1": 94, "item_2": 1, "item_3": 108, "item_4": 127, "item_5": 34, "backpack_0": 38, "backpack_1": 0, "backpack_2": 0, "item_neutral": 1638, "item_neutral2": 1585, "kills": 3, "deaths": 10, "assists": 11, "leaver_status": 0, "last_hits": 138, "denies": 9, "gold_per_min": 333, "xp_per_min": 435, "level": 17, "net_worth": 11148, "aghanims_scepter": 0, "aghanims_shard": 0, "moonshard": 0, "hero_damage": 15904, "tower_damage": 110, "hero_healing": 0, "gold": 713, "gold_spent": 11590, "ability_upgrades_arr": [5075, 5074, 5076, 5076, 5076, 5077, 5076, 5075, 5075, 7142, 5074, 5074, 5077, 5074, 5075, 507], "is_subscriber": false, "radiant_win": false, "start_time": 1766170129, "duration": 2367, "cluster": 251, "lobby_type": 7, "game_mode": 22, "is_contributor": false, "patch": 59, "region": 15, "isRadiant": true, "win": 0, "lose": 1, "total_gold": 13136, "total_xp": 17160, "kills_per_min": 0.07604562737642585, "kda": 1.27, "abandons": 0, "benchmarks": {"gold_per_min": {"raw": 333, "pct": 0.3107924341698603}, "xp_per_min": {"raw": 435, "pct": 0.20274446779577204}, "kills_per_min": {"raw": 0.07604562737642585, "pct": 0.1593522067004574}, "last_hits_per_min": {"raw": 3.4980988593155895, "pct": 0.7403881814810236}, "hero_damage_per_min": {"raw": 403.1432192648923, "pct": 0.32649276795648413}, "hero_healing_per_min": {"raw": 0, "pct": 0.7490419087649894}, "tower_damage": {"raw": 110, "pct": 0.38509086413648164}}}, {"account_id": 209657705, "player_slot": 4, "team_number": 0, "team_slot": 4, "hero_id": 104, "hero_variant": 1, "item_0": 127, "item_1": 50, "item_2": 190, "item_3": 181, "item_4": 4205, "item_5": 249, "backpack_0": 36, "backpack_1": 0, "backpack_2": 0, "item_neutral": 1605, "item_neutral2": 1586, "kills": 7, "deaths": 10, "assists": 5, "leaver_status": 0, "last_hits": 152, "denies": 0, "gold_per_min": 342, "xp_per_min": 435, "level": 17, "net_worth": 12737, "aghanims_scepter": 0, "aghanims_shard": 0, "moonshard": 0, "hero_damage": 17159, "tower_damage": 36, "hero_healing": 624, "gold": 702, "gold_spent": 12135, "ability_upgrades_arr": [5595, 5597, 5595, 5597, 5595, 5598, 5596, 5595, 1176, 5596, 5597, 5596, 5598, 5596, 5597, 6671], "personaname": "hypnos", "name": null, "last_login": null, "rank_tier": 14, "computed_mmr": 3924.78, "is_subscriber": false, "radiant_win": false, "start_time": 1766170129, "duration": 2367, "cluster": 251, "lobby_type": 7, "game_mode": 22, "is_contributor": false, "patch": 59, "region": 15, "isRadiant": true, "win": 0, "lose": 1, "total_gold": 13491, "total_xp": 17160, "kills_per_min": 0.1774397972116603, "kda": 1.09, "abandons": 0, "benchmarks": {"gold_per_min": {"raw": 342, "pct": 0.09417637271214642}, "xp_per_min": {"raw": 435, "pct": 0.10815307820299501}, "kills_per_min": {"raw": 0.1774397972116603, "pct": 0.3762063227953411}, "last_hits_per_min": {"raw": 3.85297845373891, "pct": 0.23926788685524125}, "hero_damage_per_min": {"raw": 434.95564005069707, "pct": 0.15657237936772048}, "hero_healing_per_min": {"raw": 15.817490494296578, "pct": 0.2951747088186356}, "tower_damage": {"raw": 36, "pct": 0.17637271214642264}}}, {"player_slot": 128, "team_number": 1, "team_slot": 0, "hero_id": 22, "hero_variant": 1, "item_0": 180, "item_1": 108, "item_2": 0, "item_3": 206, "item_4": 42, "item_5": 77,