{"players": [{"player_slot": 0, "team_number": 0, "team_slot": 0, "hero_id": 39, "hero_variant": 3, "item_0": 127, "item_1": 0, "item_2": 63, "item_3": 129, "item_4": 36, "item_5": 0, "backpack_0": 0, "backpack_1": 0, "backpack_2": 0, "item_neutral": 1602, "item_neutral2": 1594, "kills": 2, "deaths": 11, "assists": 11, "leaver_status": 0, "last_hits": 68, "denies": 1, "gold_per_min": 249, "xp_per_min": 250, "level": 13, "net_worth": 8682, "aghanims_scepter": 0, "aghanims_shard": 0, "moonshard": 0, "hero_damage": 21589, "tower_damage": 138, "hero_healing": 0, "gold": 1532, "gold_spent": 9055, "ability_upgrades_arr": [5173, 5174, 5175, 5175, 5175, 5176, 5175, 5174, 5174, 6115, 5173, 5176, 5173], "is_subscriber": false, "radiant_win": false, "start_time": 1744161526, "duration": 2461, "cluster": 241, "lobby_type": 0, "game_mode": 22, "is_contributor": false, "patch": 57, "region": 14, "isRadiant": true, "win": 0, "lose": 1, "total_gold": 10213, "total_xp": 10254, "kills_per_min": 0.048760666395774074, "kda": 1.08, "abandons": 0, "benchmarks": {"gold_per_min": {"raw": 249, "pct": 0.0196078431372549}, "xp_per_min": {"raw": 250, "pct": 0.013333333333333334}, "kills_per_min": {"raw": 0.048760666395774074, "pct": 0.02823529411764706}, "last_hits_per_min": {"raw": 1.6578626574563184, "pct": 0.042352941176470586}, "hero_damage_per_min": {"raw": 526.3470134091833, "pct": 0.17202614379084968}, "hero_healing_per_min": {"raw": 0, "pct": 0.7934640522875817}, "tower_damage": {"raw": 138, "pct": 0.14666666666666667}}}, {"player_slot": 1, "team_number": 0, "team_slot": 1, "hero_id": 50, "hero_variant": 2, "item_0": 180, "item_1": 0, "item_2": 254, "item_3": 77, "item_4": 108, "item_5": 94, "backpack_0": 0, "backpack_1": 0, "backpack_2": 0, "item_neutral": 1159, "item_neutral2": 1577, "kills": 2, "deaths": 6, "assists": 13, "leaver_status": 0, "last_hits": 88, "denies": 2, "gold_per_min": 283, "xp_per_min": 475, "level": 19, "net_worth": 9999, "aghanims_scepter": 0, "aghanims_shard": 0, "moonshard": 0, "hero_damage": 13385, "tower_damage": 492, "hero_healing": 7711, "gold": 1319, "gold_spent": 10085, "ability_upgrades_arr": [5233, 5235, 5233, 5234, 5233, 1550, 5235, 5233, 5234, 1018, 5235, 1550, 5235, 5234, 1613, 5234, 1550], "is_subscriber": false, "radiant_win": false, "start_time": 1744161526, "duration": 2461, "cluster": 241, "lobby_type": 0, "game_mode": 22, "is_contributor": false, "patch": 57, "region": 14, "isRadiant": true, "win": 0, "lose": 1, "total_gold": 11607, "total_xp": 19482, "kills_per_min": 0.048760666395774074, "kda": 2.14, "abandons": 0, "benchmarks": {"gold_per_min": {"raw": 283, "pct": 0.2785630153121319}, "xp_per_min": {"raw": 475, "pct": 0.3651354534746761}, "kills_per_min": {"raw": 0.048760666395774074, "pct": 0.32744405182567726}, "last_hits_per_min": {"raw": 2.145469321414059, "pct": 0.7803297997644287}, "hero_damage_per_min": {"raw": 326.330759853718, "pct": 0.682567726737338}, "hero_healing_per_min": {"raw": 187.99674928890695, "pct": 0.2773851590106007}, "tower_damage": {"raw": 492, "pct": 0.5559481743227326}}}, {"player_slot": 2, "team_number": 0, "team_slot": 2, "hero_id": 94, "hero_variant": 1, "item_0": 180, "item_1": 223, "item_2": 236, "item_3": 170, "item_4": 139, "item_5": 77, "backpack_0": 0, "backpack_1": 4205, "backpack_2": 16, "item_neutral": 1605, "item_neutral2": 1577, "kills": 7, "deaths": 6, "assists": 7, "leaver_status": 0, "last_hits": 233, "denies": 6, "gold_per_min": 468, "xp_per_min": 594, "level": 21, "net_worth": 15353, "aghanims_scepter": 0, "aghanims_shard": 0, "moonshard": 0, "hero_damage": 21572, "tower_damage": 2133, "hero_healing": 0, "gold": 998, "gold_spent": 16110, "ability_upgrades_arr": [5505, 1475, 5505, 1475, 5505, 1475, 5505, 1475, 5507, 1561, 5504, 5507, 5504, 5504, 7389, 5504, 5507, 6687], "is_subscriber": false, "radiant_win": false, "start_time": 1744161526, "duration": 2461, "cluster": 241, "lobby_type": 0, "game_mode": 22, "is_contributor": false, "patch": 57, "region": 14, "isRadiant": true, "win": 0, "lose": 1, "total_gold": 19195, "total_xp": 24363, "kills_per_min": 0.17066233238520928, "kda": 2, "abandons": 0, "benchmarks": {"gold_per_min": {"raw": 468, "pct": 0.22994269340974213}, "xp_per_min": {"raw": 594, "pct": 0.2170487106017192}, "kills_per_min": {"raw": 0.17066233238520925, "pct": 0.6217765042979942}, "last_hits_per_min": {"raw": 5.680617635107679, "pct": 0.16117478510028654}, "hero_damage_per_min": {"raw": 525.9325477448191, "pct": 0.3875358166189112}, "hero_healing_per_min": {"raw": 0, "pct": 0.9577363896848138}, "tower_damage": {"raw": 2133, "pct": 0.41189111747851004}}}, {"account_id": 191118575, "player_slot": 3, "team_number": 0, "team_slot": 3, "hero_id": 8, "hero_variant": 1, "item_0": 75, "item_1": 147, "item_2": 50, "item_3": 52, "item_4": 174, "item_5": 158, "backpack_0": 16, "backpack_1": 0, "backpack_2": 16, "item_neutral": 309, "item_neutral2": 1594, "kills": 8, "deaths": 5, "assists": 6, "leaver_status": 0, "last_hits": 305, "denies": 9, "gold_per_min": 534, "xp_per_min": 596, "level": 21, "net_worth": 18357, "aghanims_scepter": 0, "aghanims_shard": 0, "moonshard": 0, "hero_damage": 31968, "tower_damage": 2543, "hero_healing": 2856, "gold": 802, "gold_spent": 18685, "ability_upgrades_arr": [5028, 5027, 5028, 5027, 5028, 5030, 5027, 5027, 5029, 7021, 5028, 5030, 5029, 5029, 1192, 5029, 5030, 1150], "personaname": "Sashadevbs", "name": null, "last_login": null, "rank_tier": 80, "computed_mmr": null, "is_subscriber": false, "radiant_win": false, "start_time": 1744161526, "duration": 2461, "cluster": 241, "lobby_type": 0, "game_mode": 22, "is_contributor": false, "patch": 57, "region": 14, "isRadiant": true, "win": 0, "lose": 1, "total_gold": 21902, "total_xp": 24445, "kills_per_min": 0.1950426655830963, "kda": 2.33, "abandons": 0, "benchmarks": {"gold_per_min": {"raw": 534, "pct": 0.3883357041251778}, "xp_per_min": {"raw": 596, "pct": 0.2267425320056899}, "kills_per_min": {"raw": 0.1950426655830963, "pct": 0.503271692745377}, "last_hits_per_min": {"raw": 7.436001625355546, "pct": 0.40995732574679944}, "hero_damage_per_min": {"raw": 779.3904916700528, "pct": 0.7263157894736842}, "hero_healing_per_min": {"raw": 69.63023161316539, "pct": 0.3220483641536273}, "tower_damage": {"raw": 2543, "pct": 0.43982930298719775}}}, {"player_slot": 4, "team_number": 0, "team_slot": 4, "hero_id": 14, "hero_variant": 3, "item_0": 127, "item_1": 36, "item_2": 90, "item_3": 29, "item_4": 125, "item_5": 1, "backpack_0": 0, "backpack_1": 0, "backpack_2": 0, "item_neutral": 1604, "item_neutral2": 1583, "kills": 4, "deaths": 9, "assists": 9, "leaver_status": 0, "last_hits": 106, "denies": 13, "gold_per_min": 319, "xp_per_min": 399, "level": 17, "net_worth": 11962, "aghanims_scepter": 0, "aghanims_shard": 0, "moonshard": 0, "hero_damage": 17869, "tower_damage": 0, "hero_healing": 0, "gold": 1037, "gold_spent": 12170, "ability_upgrades_arr": [5075, 5076, 5076, 5074, 5076, 5077, 5076, 5075, 5074, 5074, 5074, 5077, 5932, 5075, 6565, 5075], "is_subscriber": false, "radiant_win": false, "start_time": 1744161526, "duration": 2461, "cluster": 241, "lobby_type": 0, "game_mode": 22, "is_contributor": false, "patch": 57, "region": 14, "isRadiant": true, "win": 0, "lose": 1, "total_gold": 13084, "total_xp": 16365, "kills_per_min": 0.09752133279154815, "kda": 1.3, "abandons": 0, "benchmarks": {"gold_per_min": {"raw": 319, "pct": 0.24792801326071512}, "xp_per_min": {"raw": 399, "pct": 0.1436182808430026}, "kills_per_min": {"raw": 0.09752133279154815, "pct": 0.23644328676296472}, "last_hits_per_min": {"raw": 2.584315318976026, "pct": 0.5698555529244613}, "hero_damage_per_min": {"raw": 435.6521739130435, "pct": 0.3926118872839214}, "hero_healing_per_min": {"raw": 0, "pct": 0.7493488041676534}, "tower_damage": {"raw": 0, "pct": 0.274804641250296}}}, {"account_id": 45421382, "player_slot": 128, "team_number": 1, "team_slot": 0, "hero_id": 99, "hero_variant": 2, "item_0": 63, "item_1": 119, "item_2": 90,