{"players": [{"account_id": 45421382, "player_slot": 0, "team_number": 0, "team_slot": 0, "hero_id": 35, "hero_variant": 1, "item_0": 135, "item_1": 0, "item_2": 172, "item_3": 63, "item_4": 263, "item_5": 75, "backpack_0": 0, "backpack_1": 0, "backpack_2": 0, "item_neutral": 1599, "item_neutral2": 1594, "kills": 1, "deaths": 13, "assists": 7, "leaver_status": 0, "last_hits": 204, "denies": 12, "gold_per_min": 390, "xp_per_min": 459, "level": 19, "net_worth": 13877, "aghanims_scepter": 0, "aghanims_shard": 0, "moonshard": 0, "hero_damage": 23319, "tower_damage": 1179, "hero_healing": 400, "gold": 922, "gold_spent": 14405, "ability_upgrades_arr": [5154, 5156, 5156, 5155, 5156, 5157, 5154, 5155, 5156, 5155, 5155, 5157, 5154, 928, 6305, 5154, 5157], "personaname": "La Chaucha", "name": null, "last_login": "2026-03-03T14:36:01.200Z", "rank_tier": 42, "computed_mmr": 4031.51, "is_subscriber": false, "radiant_win": false, "start_time": 1757208650, "duration": 2539, "cluster": 241, "lobby_type": 0, "game_mode": 22, "is_contributor": false, "patch": 58, "region": 14, "isRadiant": true, "win": 0, "lose": 1, "total_gold": 16503, "total_xp": 19423, "kills_per_min": 0.02363135092556124, "kda": 0.57, "abandons": 0, "benchmarks": {"gold_per_min": {"raw": 390, "pct": 0.13272273105745214}, "xp_per_min": {"raw": 459, "pct": 0.12056619483763531}, "kills_per_min": {"raw": 0.023631350925561245, "pct": 0.015320566194837635}, "last_hits_per_min": {"raw": 4.8207955888144935, "pct": 0.2737718567860117}, "hero_damage_per_min": {"raw": 551.0594722331628, "pct": 0.15220649458784347}, "hero_healing_per_min": {"raw": 9.452540370224497, "pct": 0.9915070774354704}, "tower_damage": {"raw": 1179, "pct": 0.33272273105745215}}}, {"account_id": 65137360, "player_slot": 1, "team_number": 0, "team_slot": 1, "hero_id": 123, "hero_variant": 1, "item_0": 44, "item_1": 42, "item_2": 244, "item_3": 180, "item_4": 1466, "item_5": 141, "backpack_0": 0, "backpack_1": 0, "backpack_2": 36, "item_neutral": 359, "item_neutral2": 1595, "kills": 5, "deaths": 11, "assists": 16, "leaver_status": 0, "last_hits": 102, "denies": 1, "gold_per_min": 379, "xp_per_min": 565, "level": 21, "net_worth": 12830, "aghanims_scepter": 0, "aghanims_shard": 0, "moonshard": 0, "hero_damage": 19117, "tower_damage": 56, "hero_healing": 317, "gold": 915, "gold_spent": 13385, "ability_upgrades_arr": [8429, 8158, 9501, 8158, 8429, 8106, 8429, 8158, 8429, 8158, 9501, 8106, 9501, 9501, 1568, 9513, 8106, 7383], "personaname": "PatoDeGoma", "name": null, "last_login": "2021-02-10T20:32:57.535Z", "rank_tier": 45, "computed_mmr": null, "is_subscriber": false, "radiant_win": false, "start_time": 1757208650, "duration": 2539, "cluster": 241, "lobby_type": 0, "game_mode": 22, "is_contributor": false, "patch": 58, "region": 14, "isRadiant": true, "win": 0, "lose": 1, "total_gold": 16038, "total_xp": 23908, "kills_per_min": 0.11815675462780621, "kda": 1.75, "abandons": 0, "benchmarks": {"gold_per_min": {"raw": 379, "pct": 0.5212765957446809}, "xp_per_min": {"raw": 565, "pct": 0.45662847790507366}, "kills_per_min": {"raw": 0.11815675462780623, "pct": 0.4034369885433715}, "last_hits_per_min": {"raw": 2.4103977944072468, "pct": 0.5478723404255319}, "hero_damage_per_min": {"raw": 451.7605356439543, "pct": 0.443126022913257}, "hero_healing_per_min": {"raw": 7.491138243402914, "pct": 0.8220130932896891}, "tower_damage": {"raw": 56, "pct": 0.25}}}, {"account_id": 37467834, "player_slot": 2, "team_number": 0, "team_slot": 2, "hero_id": 48, "hero_variant": 3, "item_0": 172, "item_1": 63, "item_2": 147, "item_3": 36, "item_4": 0, "item_5": 236, "backpack_0": 0, "backpack_1": 0, "backpack_2": 0, "item_neutral": 828, "item_neutral2": 1576, "kills": 3, "deaths": 16, "assists": 13, "leaver_status": 0, "last_hits": 168, "denies": 3, "gold_per_min": 370, "xp_per_min": 492, "level": 19, "net_worth": 11053, "aghanims_scepter": 0, "aghanims_shard": 0, "moonshard": 0, "hero_damage": 17735, "tower_damage": 2610, "hero_healing": 0, "gold": 653, "gold_spent": 10840, "ability_upgrades_arr": [5222, 5223, 5222, 5223, 5222, 5225, 5222, 5223, 5223, 847, 1462, 5225, 1462, 1462, 770, 1462, 5225], "personaname": "ExtremoDiaz", "name": null, "last_login": null, "rank_tier": 22, "computed_mmr": 3968.35, "is_subscriber": false, "radiant_win": false, "start_time": 1757208650, "duration": 2539, "cluster": 241, "lobby_type": 0, "game_mode": 22, "is_contributor": false, "patch": 58, "region": 14, "isRadiant": true, "win": 0, "lose": 1, "total_gold": 15657, "total_xp": 20819, "kills_per_min": 0.07089405277668373, "kda": 0.94, "abandons": 0, "benchmarks": {"gold_per_min": {"raw": 370, "pct": 0.07600184246890834}, "xp_per_min": {"raw": 492, "pct": 0.09719023491478582}, "kills_per_min": {"raw": 0.07089405277668373, "pct": 0.1110087517273146}, "last_hits_per_min": {"raw": 3.9700669554942887, "pct": 0.08060801473975127}, "hero_damage_per_min": {"raw": 419.10200866482865, "pct": 0.17457392906494704}, "hero_healing_per_min": {"raw": 0, "pct": 0.9686780285582681}, "tower_damage": {"raw": 2610, "pct": 0.3777061262091202}}}, {"player_slot": 3, "team_number": 0, "team_slot": 3, "hero_id": 81, "hero_variant": 2, "item_0": 151, "item_1": 147, "item_2": 114, "item_3": 63, "item_4": 252, "item_5": 135, "backpack_0": 0, "backpack_1": 0, "backpack_2": 0, "item_neutral": 828, "item_neutral2": 1585, "kills": 22, "deaths": 11, "assists": 2, "leaver_status": 0, "last_hits": 264, "denies": 8, "gold_per_min": 748, "xp_per_min": 1200, "level": 28, "net_worth": 25806, "aghanims_scepter": 0, "aghanims_shard": 0, "moonshard": 0, "hero_damage": 44529, "tower_damage": 3327, "hero_healing": 0, "gold": 4556, "gold_spent": 23945, "ability_upgrades_arr": [5428, 5426, 5428, 5427, 5428, 5429, 5428, 5427, 5427, 871, 5426, 5429, 5426, 5427, 6137, 5426, 5429, 6619, 510, 6618, 872], "is_subscriber": false, "radiant_win": false, "start_time": 1757208650, "duration": 2539, "cluster": 241, "lobby_type": 0, "game_mode": 22, "is_contributor": false, "patch": 58, "region": 14, "isRadiant": true, "win": 0, "lose": 1, "total_gold": 31652, "total_xp": 50780, "kills_per_min": 0.5198897203623474, "kda": 2, "abandons": 0, "benchmarks": {"gold_per_min": {"raw": 748, "pct": 0.9821556031406139}, "xp_per_min": {"raw": 1200, "pct": 0.979300499643112}, "kills_per_min": {"raw": 0.5198897203623474, "pct": 0.9578872234118487}, "last_hits_per_min": {"raw": 6.2386766443481685, "pct": 0.8251249107780158}, "hero_damage_per_min": {"raw": 1052.2804253643167, "pct": 0.9436117059243397}, "hero_healing_per_min": {"raw": 0, "pct": 0.9528907922912205}, "tower_damage": {"raw": 3327, "pct": 0.5852962169878658}}}, {"account_id": 460935974, "player_slot": 4, "team_number": 0, "team_slot": 4, "hero_id": 64, "hero_variant": 3, "item_0": 223, "item_1": 108, "item_2": 100, "item_3": 57, "item_4": 180, "item_5": 43, "backpack_0": 0, "backpack_1": 0, "backpack_2": 0, "item_neutral": 359, "item_neutral2": 1584, "kills": 2, "deaths": 16, "assists": 11, "leaver_status": 0, "last_hits": 123, "denies": 1, "gold_per_min": 369, "xp_per_min": 562, "level": 21, "net_worth": 12341, "aghanims_scepter": 0, "aghanims_shard": 0, "moonshard": 0, "hero_damage": 23755, "tower_damage": 7898, "hero_healing": 0, "gold": 441, "gold_spent": 12355, "ability_upgrades_arr": [5299, 5297, 5299, 5297, 5299, 5300, 1317, 5297, 5297, 5963, 5298, 5300, 5298, 6661, 5298, 5298, 5300, 542], "personaname": "The_King_Chiken", "name": null, "last_login": null, "rank_tier": 15, "computed_mmr": 3716.08, "is_subscriber": false, "radiant_win": false, "start_time": 1757208650, "duration": 2539, "cluster": 241, "lobby_type": 0, "game_mode": 22, "is_contributor": false, "patch": 58, "region": 14, "isRadiant": true, "win": 0, "lose": 1, "total_gold": 15614, "total_xp": 23781, "kills_per_min": 0.04726270185112248, "kda": 0.76, "abandons": 0, "benchmarks": {"gold_per_min": {"raw": 369, "pct": 0.5903726708074534}, "xp_per_min": {"raw": 562, "pct": 0.5673913043478261},