{"players": [{"account_id": 372053432, "player_slot": 0, "team_number": 0, "team_slot": 0, "hero_id": 86, "hero_variant": 2, "item_0": 36, "item_1": 180, "item_2": 232, "item_3": 100, "item_4": 108, "item_5": 11, "backpack_0": 38, "backpack_1": 0, "backpack_2": 4204, "item_neutral": 1637, "item_neutral2": 1593, "kills": 6, "deaths": 3, "assists": 15, "leaver_status": 0, "last_hits": 92, "denies": 8, "gold_per_min": 463, "xp_per_min": 621, "level": 19, "net_worth": 13957, "aghanims_scepter": 0, "aghanims_shard": 0, "moonshard": 0, "hero_damage": 17310, "tower_damage": 281, "hero_healing": 299, "gold": 2732, "gold_spent": 12515, "ability_upgrades_arr": [5448, 5450, 5450, 7320, 5450, 5452, 5450, 7320, 7320, 7320, 897, 5452, 5448, 5448, 518, 5448, 5452], "personaname": "Greed", "name": null, "last_login": null, "rank_tier": 55, "computed_mmr": 4054.69, "is_subscriber": false, "radiant_win": true, "start_time": 1752875521, "duration": 1910, "cluster": 346, "lobby_type": 7, "game_mode": 22, "is_contributor": false, "patch": 58, "region": 38, "isRadiant": true, "win": 1, "lose": 0, "total_gold": 14738, "total_xp": 19768, "kills_per_min": 0.18848167539267016, "kda": 5.25, "abandons": 0, "benchmarks": {"gold_per_min": {"raw": 463, "pct": 0.7268122270742358}, "xp_per_min": {"raw": 621, "pct": 0.5063755458515283}, "kills_per_min": {"raw": 0.18848167539267016, "pct": 0.6646288209606986}, "last_hits_per_min": {"raw": 2.8900523560209423, "pct": 0.5533624454148471}, "hero_damage_per_min": {"raw": 543.7696335078534, "pct": 0.4733624454148472}, "hero_healing_per_min": {"raw": 9.392670157068062, "pct": 0.7138864628820961}, "tower_damage": {"raw": 281, "pct": 0.3708296943231441}}}, {"account_id": 122638848, "player_slot": 1, "team_number": 0, "team_slot": 1, "hero_id": 30, "hero_variant": 4, "item_0": 180, "item_1": 254, "item_2": 102, "item_3": 269, "item_4": 0, "item_5": 0, "backpack_0": 0, "backpack_1": 0, "backpack_2": 0, "item_neutral": 1604, "item_neutral2": 1595, "kills": 9, "deaths": 5, "assists": 11, "leaver_status": 0, "last_hits": 23, "denies": 5, "gold_per_min": 406, "xp_per_min": 481, "level": 16, "net_worth": 11307, "aghanims_scepter": 0, "aghanims_shard": 1, "moonshard": 0, "hero_damage": 14527, "tower_damage": 1747, "hero_healing": 20299, "gold": 1807, "gold_spent": 11245, "ability_upgrades_arr": [5140, 5138, 5140, 5138, 5140, 5141, 5140, 5139, 5139, 5138, 5138, 5141, 5139, 5139, 417, 6995], "personaname": "Dio!", "name": null, "last_login": null, "rank_tier": 53, "computed_mmr": 4030.44, "is_subscriber": false, "radiant_win": true, "start_time": 1752875521, "duration": 1910, "cluster": 346, "lobby_type": 7, "game_mode": 22, "is_contributor": false, "patch": 58, "region": 38, "isRadiant": true, "win": 1, "lose": 0, "total_gold": 12924, "total_xp": 15311, "kills_per_min": 0.28272251308900526, "kda": 3.33, "abandons": 0, "benchmarks": {"gold_per_min": {"raw": 406, "pct": 0.7052012497702628}, "xp_per_min": {"raw": 481, "pct": 0.3372541812166881}, "kills_per_min": {"raw": 0.28272251308900526, "pct": 0.8318323837529866}, "last_hits_per_min": {"raw": 0.7225130890052356, "pct": 0.2054769343870612}, "hero_damage_per_min": {"raw": 456.34554973821986, "pct": 0.33118911964712366}, "hero_healing_per_min": {"raw": 637.6649214659686, "pct": 0.9886050358390002}, "tower_damage": {"raw": 1747, "pct": 0.9406359125160816}}}, {"account_id": 45421382, "player_slot": 2, "team_number": 0, "team_slot": 2, "hero_id": 21, "hero_variant": 5, "item_0": 166, "item_1": 135, "item_2": 11, "item_3": 50, "item_4": 123, "item_5": 0, "backpack_0": 0, "backpack_1": 0, "backpack_2": 0, "item_neutral": 1599, "item_neutral2": 1585, "kills": 12, "deaths": 2, "assists": 10, "leaver_status": 0, "last_hits": 123, "denies": 5, "gold_per_min": 564, "xp_per_min": 667, "level": 19, "net_worth": 17404, "aghanims_scepter": 0, "aghanims_shard": 0, "moonshard": 0, "hero_damage": 23633, "tower_damage": 8230, "hero_healing": 0, "gold": 3254, "gold_spent": 15530, "ability_upgrades_arr": [5131, 5132, 5131, 5132, 5130, 5133, 5132, 5131, 5130, 5131, 5130, 5132, 5133, 5920, 5130, 6992, 5133], "personaname": "La Chaucha", "name": null, "last_login": "2026-03-03T14:36:01.200Z", "rank_tier": 42, "computed_mmr": 4031.51, "is_subscriber": false, "radiant_win": true, "start_time": 1752875521, "duration": 1910, "cluster": 346, "lobby_type": 7, "game_mode": 22, "is_contributor": false, "patch": 58, "region": 38, "isRadiant": true, "win": 1, "lose": 0, "total_gold": 17954, "total_xp": 21232, "kills_per_min": 0.3769633507853403, "kda": 7.33, "abandons": 0, "benchmarks": {"gold_per_min": {"raw": 564, "pct": 0.8139831589691248}, "xp_per_min": {"raw": 667, "pct": 0.5299821383005869}, "kills_per_min": {"raw": 0.3769633507853403, "pct": 0.904057157438122}, "last_hits_per_min": {"raw": 3.8638743455497386, "pct": 0.4955345751467211}, "hero_damage_per_min": {"raw": 742.3979057591623, "pct": 0.8004593008420515}, "hero_healing_per_min": {"raw": 0, "pct": 0.8346516968614442}, "tower_damage": {"raw": 8230, "pct": 0.8680785914774177}}}, {"account_id": 454722243, "player_slot": 3, "team_number": 0, "team_slot": 3, "hero_id": 47, "hero_variant": 1, "item_0": 34, "item_1": 127, "item_2": 63, "item_3": 226, "item_4": 75, "item_5": 236, "backpack_0": 11, "backpack_1": 60, "backpack_2": 0, "item_neutral": 1639, "item_neutral2": 1586, "kills": 6, "deaths": 6, "assists": 8, "leaver_status": 0, "last_hits": 141, "denies": 14, "gold_per_min": 485, "xp_per_min": 516, "level": 17, "net_worth": 16667, "aghanims_scepter": 0, "aghanims_shard": 1, "moonshard": 0, "hero_damage": 19362, "tower_damage": 5625, "hero_healing": 0, "gold": 712, "gold_spent": 14735, "ability_upgrades_arr": [5218, 5220, 5218, 5220, 5219, 5221, 5218, 5218, 5220, 5219, 5219, 5221, 5219, 6820, 984, 5220], "personaname": "SAN MARQUINO PROMEDIO", "name": null, "last_login": null, "rank_tier": 52, "computed_mmr": 3912.84, "is_subscriber": false, "radiant_win": true, "start_time": 1752875521, "duration": 1910, "cluster": 346, "lobby_type": 7, "game_mode": 22, "is_contributor": false, "patch": 58, "region": 38, "isRadiant": true, "win": 1, "lose": 0, "total_gold": 15439, "total_xp": 16426, "kills_per_min": 0.18848167539267016, "kda": 2, "abandons": 0, "benchmarks": {"gold_per_min": {"raw": 485, "pct": 0.4939209726443769}, "xp_per_min": {"raw": 516, "pct": 0.20288753799392098}, "kills_per_min": {"raw": 0.18848167539267016, "pct": 0.3620820668693009}, "last_hits_per_min": {"raw": 4.429319371727749, "pct": 0.4715045592705167}, "hero_damage_per_min": {"raw": 608.2303664921467, "pct": 0.3438449848024316}, "hero_healing_per_min": {"raw": 0, "pct": 0.8674012158054711}, "tower_damage": {"raw": 5625, "pct": 0.7575987841945289}}}, {"player_slot": 4, "team_number": 0, "team_slot": 4, "hero_id": 48, "hero_variant": 3, "item_0": 172, "item_1": 63, "item_2": 263, "item_3": 147, "item_4": 141, "item_5": 36, "backpack_0": 0, "backpack_1": 0, "backpack_2": 0, "item_neutral": 828, "item_neutral2": 1586, "kills": 9, "deaths": 3, "assists": 15, "leaver_status": 0, "last_hits": 252, "denies": 24, "gold_per_min": 680, "xp_per_min": 611, "level": 19, "net_worth": 20799, "aghanims_scepter": 0, "aghanims_shard": 0, "moonshard": 0, "hero_damage": 20392, "tower_damage": 15335, "hero_healing": 125, "gold": 2749, "gold_spent": 21480, "ability_upgrades_arr": [5222, 5223, 5222, 5223, 5222, 5225, 5222, 5223, 5223, 847, 1462, 5225, 1462, 1462, 730, 730, 1462, 5225, 323], "is_subscriber": false, "radiant_win": true, "start_time": 1752875521, "duration": 1910, "cluster": 346, "lobby_type": 7, "game_mode": 22, "is_contributor": false, "patch": 58, "region": 38, "isRadiant": true, "win": 1, "lose": 0, "total_gold": 21646, "total_xp": 19450, "kills_per_min": 0.28272251308900526, "kda": 6, "abandons": 0, "benchmarks": {"gold_per_min": {"raw": 680, "pct": 0.5845272206303725}, "xp_per_min": {"raw": 611, "pct": 0.1739664347114204}, "kills_per_min": {"raw": 0.28272251308900526, "pct": 0.7331150225133033},