{"players": [{"player_slot": 0, "team_number": 0, "team_slot": 0, "hero_id": 35, "hero_variant": 2, "item_0": 2, "item_1": 42, "item_2": 63, "item_3": 240, "item_4": 108, "item_5": 166, "backpack_0": 0, "backpack_1": 0, "backpack_2": 0, "item_neutral": 675, "item_neutral2": 1595, "kills": 6, "deaths": 5, "assists": 10, "leaver_status": 0, "last_hits": 90, "denies": 8, "gold_per_min": 319, "xp_per_min": 399, "level": 16, "net_worth": 11088, "aghanims_scepter": 0, "aghanims_shard": 0, "moonshard": 0, "hero_damage": 19788, "tower_damage": 438, "hero_healing": 0, "gold": 1788, "gold_spent": 9610, "ability_upgrades_arr": [5154, 5155, 5154, 5155, 5154, 5157, 5154, 5156, 5155, 928, 5155, 5157, 5156, 5156, 6305, 5156], "is_subscriber": false, "radiant_win": false, "start_time": 1756183676, "duration": 2162, "cluster": 241, "lobby_type": 0, "game_mode": 22, "is_contributor": false, "patch": 58, "region": 14, "isRadiant": true, "win": 0, "lose": 1, "total_gold": 11494, "total_xp": 14377, "kills_per_min": 0.16651248843663274, "kda": 2.67, "abandons": 0, "benchmarks": {"gold_per_min": {"raw": 319, "pct": 0.047302402901617045}, "xp_per_min": {"raw": 399, "pct": 0.06936678252984736}, "kills_per_min": {"raw": 0.16651248843663274, "pct": 0.29635786610246334}, "last_hits_per_min": {"raw": 2.497687326549491, "pct": 0.06422850234245127}, "hero_damage_per_min": {"raw": 549.1581868640147, "pct": 0.14810337010729938}, "hero_healing_per_min": {"raw": 0, "pct": 0.9321444763487986}, "tower_damage": {"raw": 438, "pct": 0.20930935469245882}}}, {"player_slot": 1, "team_number": 0, "team_slot": 1, "hero_id": 104, "hero_variant": 1, "item_0": 50, "item_1": 166, "item_2": 1, "item_3": 73, "item_4": 73, "item_5": 168, "backpack_0": 0, "backpack_1": 0, "backpack_2": 0, "item_neutral": 1605, "item_neutral2": 1585, "kills": 3, "deaths": 8, "assists": 10, "leaver_status": 0, "last_hits": 223, "denies": 20, "gold_per_min": 442, "xp_per_min": 685, "level": 21, "net_worth": 13117, "aghanims_scepter": 0, "aghanims_shard": 1, "moonshard": 0, "hero_damage": 18917, "tower_damage": 726, "hero_healing": 0, "gold": 407, "gold_spent": 13700, "ability_upgrades_arr": [5595, 5597, 5595, 5596, 5595, 5598, 5595, 5597, 5596, 1176, 5597, 5598, 5597, 5596, 6671, 5596, 5598, 7395], "is_subscriber": false, "radiant_win": false, "start_time": 1756183676, "duration": 2162, "cluster": 241, "lobby_type": 0, "game_mode": 22, "is_contributor": false, "patch": 58, "region": 14, "isRadiant": true, "win": 0, "lose": 1, "total_gold": 15926, "total_xp": 24682, "kills_per_min": 0.08325624421831637, "kda": 1.44, "abandons": 0, "benchmarks": {"gold_per_min": {"raw": 442, "pct": 0.3271317829457364}, "xp_per_min": {"raw": 685, "pct": 0.4677519379844961}, "kills_per_min": {"raw": 0.08325624421831637, "pct": 0.10186046511627907}, "last_hits_per_min": {"raw": 6.188714153561517, "pct": 0.8607751937984496}, "hero_damage_per_min": {"raw": 524.986123959297, "pct": 0.2544186046511628}, "hero_healing_per_min": {"raw": 0, "pct": 0.08015503875968992}, "tower_damage": {"raw": 726, "pct": 0.36372093023255814}}}, {"account_id": 182837358, "player_slot": 2, "team_number": 0, "team_slot": 2, "hero_id": 31, "hero_variant": 2, "item_0": 42, "item_1": 206, "item_2": 229, "item_3": 34, "item_4": 88, "item_5": 214, "backpack_0": 0, "backpack_1": 0, "backpack_2": 0, "item_neutral": 1158, "item_neutral2": 1593, "kills": 6, "deaths": 9, "assists": 11, "leaver_status": 0, "last_hits": 42, "denies": 0, "gold_per_min": 309, "xp_per_min": 375, "level": 15, "net_worth": 8577, "aghanims_scepter": 0, "aghanims_shard": 1, "moonshard": 0, "hero_damage": 17643, "tower_damage": 110, "hero_healing": 125, "gold": 627, "gold_spent": 9455, "ability_upgrades_arr": [5134, 7325, 5134, 5136, 5134, 5137, 5136, 5136, 5136, 7325, 775, 5137, 7325, 7325, 6292], "personaname": "Nando", "name": null, "last_login": null, "rank_tier": 21, "computed_mmr": 4079.78, "is_subscriber": false, "radiant_win": false, "start_time": 1756183676, "duration": 2162, "cluster": 241, "lobby_type": 0, "game_mode": 22, "is_contributor": false, "patch": 58, "region": 14, "isRadiant": true, "win": 0, "lose": 1, "total_gold": 11134, "total_xp": 13512, "kills_per_min": 0.16651248843663274, "kda": 1.7, "abandons": 0, "benchmarks": {"gold_per_min": {"raw": 309, "pct": 0.26527986274930304}, "xp_per_min": {"raw": 375, "pct": 0.12331117306455072}, "kills_per_min": {"raw": 0.16651248843663274, "pct": 0.6761741368217885}, "last_hits_per_min": {"raw": 1.1655874190564293, "pct": 0.2635642290371006}, "hero_damage_per_min": {"raw": 489.62997224791854, "pct": 0.512974479948531}, "hero_healing_per_min": {"raw": 3.469010175763182, "pct": 0.7673171777825434}, "tower_damage": {"raw": 110, "pct": 0.3645721638430195}}}, {"player_slot": 3, "team_number": 0, "team_slot": 3, "hero_id": 98, "hero_variant": 1, "item_0": 108, "item_1": 36, "item_2": 1, "item_3": 180, "item_4": 273, "item_5": 73, "backpack_0": 0, "backpack_1": 0, "backpack_2": 0, "item_neutral": 565, "item_neutral2": 1586, "kills": 7, "deaths": 7, "assists": 9, "leaver_status": 0, "last_hits": 157, "denies": 10, "gold_per_min": 407, "xp_per_min": 593, "level": 19, "net_worth": 13577, "aghanims_scepter": 0, "aghanims_shard": 0, "moonshard": 0, "hero_damage": 22068, "tower_damage": 297, "hero_healing": 125, "gold": 472, "gold_spent": 13485, "ability_upgrades_arr": [5524, 5525, 5524, 5525, 5525, 5527, 5525, 5524, 5524, 7132, 5526, 5527, 5526, 5526, 5526, 8482, 5527], "is_subscriber": false, "radiant_win": false, "start_time": 1756183676, "duration": 2162, "cluster": 241, "lobby_type": 0, "game_mode": 22, "is_contributor": false, "patch": 58, "region": 14, "isRadiant": true, "win": 0, "lose": 1, "total_gold": 14665, "total_xp": 21367, "kills_per_min": 0.1942645698427382, "kda": 2, "abandons": 0, "benchmarks": {"gold_per_min": {"raw": 407, "pct": 0.32656826568265684}, "xp_per_min": {"raw": 593, "pct": 0.37546125461254615}, "kills_per_min": {"raw": 0.19426456984273818, "pct": 0.5387453874538746}, "last_hits_per_min": {"raw": 4.357076780758557, "pct": 0.40682656826568264}, "hero_damage_per_min": {"raw": 612.4329324699352, "pct": 0.5562730627306273}, "hero_healing_per_min": {"raw": 3.469010175763182, "pct": 0.8929889298892989}, "tower_damage": {"raw": 297, "pct": 0.41974169741697415}}}, {"player_slot": 4, "team_number": 0, "team_slot": 4, "hero_id": 8, "hero_variant": 2, "item_0": 75, "item_1": 147, "item_2": 0, "item_3": 145, "item_4": 36, "item_5": 63, "backpack_0": 0, "backpack_1": 0, "backpack_2": 0, "item_neutral": 1603, "item_neutral2": 1584, "kills": 8, "deaths": 10, "assists": 6, "leaver_status": 0, "last_hits": 180, "denies": 7, "gold_per_min": 410, "xp_per_min": 442, "level": 17, "net_worth": 11389, "aghanims_scepter": 0, "aghanims_shard": 0, "moonshard": 0, "hero_damage": 17711, "tower_damage": 1120, "hero_healing": 471, "gold": 284, "gold_spent": 11955, "ability_upgrades_arr": [5028, 5027, 5028, 5029, 5028, 5030, 5028, 5027, 5027, 5027, 7021, 5030, 5029, 5029, 1192, 5029], "is_subscriber": false, "radiant_win": false, "start_time": 1756183676, "duration": 2162, "cluster": 241, "lobby_type": 0, "game_mode": 22, "is_contributor": false, "patch": 58, "region": 14, "isRadiant": true, "win": 0, "lose": 1, "total_gold": 14773, "total_xp": 15926, "kills_per_min": 0.22201665124884368, "kda": 1.27, "abandons": 0, "benchmarks": {"gold_per_min": {"raw": 410, "pct": 0.13204592901878914}, "xp_per_min": {"raw": 442, "pct": 0.07750521920668059}, "kills_per_min": {"raw": 0.22201665124884368, "pct": 0.5686325678496869}, "last_hits_per_min": {"raw": 4.995374653098982, "pct": 0.12004175365344467}, "hero_damage_per_min": {"raw": 491.5171137835338, "pct": 0.34812108559498955}, "hero_healing_per_min": {"raw": 13.07123034227567, "pct": 0.09733820459290188}, "tower_damage": {"raw": 1120, "pct": 0.3363778705636743}}}, {"player_slot": 128, "team_number": 1, "team_slot": 0, "hero_id": 54, "hero_variant": 4, "item_0": 50, "item_1": 98, "item_2": 143, "item_3": 36,