{"players": [{"player_slot": 0, "team_number": 0, "team_slot": 0, "hero_id": 110, "hero_variant": 1, "item_0": 29, "item_1": 267, "item_2": 119, "item_3": 108, "item_4": 218, "item_5": 73, "backpack_0": 0, "backpack_1": 0, "backpack_2": 0, "item_neutral": 1643, "item_neutral2": 1577, "kills": 1, "deaths": 16, "assists": 22, "leaver_status": 0, "last_hits": 108, "denies": 2, "gold_per_min": 341, "xp_per_min": 624, "level": 24, "net_worth": 14408, "aghanims_scepter": 0, "aghanims_shard": 0, "moonshard": 0, "hero_damage": 22064, "tower_damage": 43, "hero_healing": 4601, "gold": 1253, "gold_spent": 14545, "ability_upgrades_arr": [5625, 5623, 5625, 5623, 5625, 5630, 5625, 5623, 5626, 5623, 406, 5630, 5626, 5626, 6401, 5626, 5630, 6915], "is_subscriber": false, "radiant_win": false, "start_time": 1761705064, "duration": 3089, "cluster": 381, "lobby_type": 0, "game_mode": 22, "is_contributor": false, "patch": 58, "isRadiant": true, "win": 0, "lose": 1, "total_gold": 17555, "total_xp": 32125, "kills_per_min": 0.019423761735189383, "kda": 1.35, "abandons": 0, "benchmarks": {"gold_per_min": {"raw": 341, "pct": 0.19759036144578312}, "xp_per_min": {"raw": 624, "pct": 0.48132530120481926}, "kills_per_min": {"raw": 0.019423761735189383, "pct": 0.01746987951807229}, "last_hits_per_min": {"raw": 2.0977662674004534, "pct": 0.2680722891566265}, "hero_damage_per_min": {"raw": 428.5658789252185, "pct": 0.1180722891566265}, "hero_healing_per_min": {"raw": 89.36872774360634, "pct": 0.6771084337349398}, "tower_damage": {"raw": 43, "pct": 0.17771084337349397}}}, {"player_slot": 1, "team_number": 0, "team_slot": 1, "hero_id": 112, "hero_variant": 4, "item_0": 34, "item_1": 176, "item_2": 180, "item_3": 77, "item_4": 22, "item_5": 23, "backpack_0": 0, "backpack_1": 0, "backpack_2": 0, "item_neutral": 1605, "item_neutral2": 1584, "kills": 5, "deaths": 13, "assists": 16, "leaver_status": 0, "last_hits": 46, "denies": 1, "gold_per_min": 276, "xp_per_min": 469, "level": 21, "net_worth": 12345, "aghanims_scepter": 0, "aghanims_shard": 1, "moonshard": 0, "hero_damage": 23378, "tower_damage": 0, "hero_healing": 21374, "gold": 1465, "gold_spent": 11930, "ability_upgrades_arr": [5652, 5653, 5651, 5653, 5653, 5654, 5651, 5652, 5652, 5651, 5651, 5654, 5653, 5652, 6164, 6297, 5654, 6106], "is_subscriber": false, "radiant_win": false, "start_time": 1761705064, "duration": 3089, "cluster": 381, "lobby_type": 0, "game_mode": 22, "is_contributor": false, "patch": 58, "isRadiant": true, "win": 0, "lose": 1, "total_gold": 14209, "total_xp": 24145, "kills_per_min": 0.09711880867594691, "kda": 1.5, "abandons": 0, "benchmarks": {"gold_per_min": {"raw": 276, "pct": 0.18858131487889274}, "xp_per_min": {"raw": 469, "pct": 0.31228373702422146}, "kills_per_min": {"raw": 0.09711880867594691, "pct": 0.4411764705882353}, "last_hits_per_min": {"raw": 0.8934930398187115, "pct": 0.14273356401384082}, "hero_damage_per_min": {"raw": 454.08870184525733, "pct": 0.47750865051903113}, "hero_healing_per_min": {"raw": 415.1634833279378, "pct": 0.9679930795847751}, "tower_damage": {"raw": 0, "pct": 0.21972318339100347}}}, {"account_id": 120523335, "player_slot": 2, "team_number": 0, "team_slot": 2, "hero_id": 12, "hero_variant": 2, "item_0": 160, "item_1": 98, "item_2": 63, "item_3": 147, "item_4": 174, "item_5": 143, "backpack_0": 0, "backpack_1": 0, "backpack_2": 0, "item_neutral": 1643, "item_neutral2": 1584, "kills": 10, "deaths": 6, "assists": 6, "leaver_status": 0, "last_hits": 350, "denies": 2, "gold_per_min": 583, "xp_per_min": 787, "level": 26, "net_worth": 25798, "aghanims_scepter": 0, "aghanims_shard": 0, "moonshard": 0, "hero_damage": 25240, "tower_damage": 4203, "hero_healing": 0, "gold": 4998, "gold_spent": 22240, "ability_upgrades_arr": [5065, 1221, 5065, 5066, 5065, 5067, 5065, 5066, 5066, 1536, 1221, 5067, 1221, 1221, 6400, 5066, 5067, 564, 6850], "personaname": "kitO-kun\"", "name": null, "last_login": null, "rank_tier": 41, "computed_mmr": 4415.98, "is_subscriber": false, "radiant_win": false, "start_time": 1761705064, "duration": 3089, "cluster": 381, "lobby_type": 0, "game_mode": 22, "is_contributor": false, "patch": 58, "isRadiant": true, "win": 0, "lose": 1, "total_gold": 30014, "total_xp": 40517, "kills_per_min": 0.19423761735189382, "kda": 2.29, "abandons": 0, "benchmarks": {"gold_per_min": {"raw": 583, "pct": 0.519434628975265}, "xp_per_min": {"raw": 787, "pct": 0.49570923775870773}, "kills_per_min": {"raw": 0.19423761735189382, "pct": 0.48611812216052497}, "last_hits_per_min": {"raw": 6.798316607316283, "pct": 0.39475012619888944}, "hero_damage_per_min": {"raw": 490.2557461961799, "pct": 0.35386168601716306}, "hero_healing_per_min": {"raw": 0, "pct": 0.9681978798586572}, "tower_damage": {"raw": 4203, "pct": 0.5234729934376577}}}, {"player_slot": 3, "team_number": 0, "team_slot": 3, "hero_id": 97, "hero_variant": 4, "item_0": 1, "item_1": 252, "item_2": 127, "item_3": 116, "item_4": 178, "item_5": 63, "backpack_0": 36, "backpack_1": 0, "backpack_2": 0, "item_neutral": 1158, "item_neutral2": 1594, "kills": 3, "deaths": 14, "assists": 18, "leaver_status": 0, "last_hits": 148, "denies": 11, "gold_per_min": 386, "xp_per_min": 587, "level": 23, "net_worth": 15936, "aghanims_scepter": 0, "aghanims_shard": 0, "moonshard": 0, "hero_damage": 24262, "tower_damage": 0, "hero_healing": 0, "gold": 1981, "gold_spent": 14775, "ability_upgrades_arr": [5520, 5518, 5520, 5518, 5520, 5521, 5520, 5519, 5518, 525, 5521, 5518, 5518, 5519, 712, 5519, 5519, 5521, 1562], "is_subscriber": false, "radiant_win": false, "start_time": 1761705064, "duration": 3089, "cluster": 381, "lobby_type": 0, "game_mode": 22, "is_contributor": false, "patch": 58, "isRadiant": true, "win": 0, "lose": 1, "total_gold": 19872, "total_xp": 30220, "kills_per_min": 0.058271285205568145, "kda": 1.4, "abandons": 0, "benchmarks": {"gold_per_min": {"raw": 386, "pct": 0.4087256027554535}, "xp_per_min": {"raw": 587, "pct": 0.41714504401071567}, "kills_per_min": {"raw": 0.058271285205568145, "pct": 0.16647531572904709}, "last_hits_per_min": {"raw": 2.8747167368080286, "pct": 0.38078836586299275}, "hero_damage_per_min": {"raw": 471.2593072191648, "pct": 0.5916570991197857}, "hero_healing_per_min": {"raw": 0, "pct": 0.7967853042479908}, "tower_damage": {"raw": 0, "pct": 0.2529659395331037}}}, {"player_slot": 4, "team_number": 0, "team_slot": 4, "hero_id": 23, "hero_variant": 1, "item_0": 50, "item_1": 116, "item_2": 127, "item_3": 108, "item_4": 250, "item_5": 149, "backpack_0": 4204, "backpack_1": 0, "backpack_2": 0, "item_neutral": 1643, "item_neutral2": 1585, "kills": 12, "deaths": 8, "assists": 6, "leaver_status": 0, "last_hits": 428, "denies": 5, "gold_per_min": 599, "xp_per_min": 900, "level": 27, "net_worth": 25592, "aghanims_scepter": 0, "aghanims_shard": 0, "moonshard": 0, "hero_damage": 54759, "tower_damage": 2533, "hero_healing": 0, "gold": 4817, "gold_spent": 23215, "ability_upgrades_arr": [5032, 5033, 5032, 5033, 5032, 5035, 5031, 5032, 5033, 1015, 5033, 5035, 5031, 5031, 6385, 5031, 5035, 1241, 6667, 6666], "is_subscriber": false, "radiant_win": false, "start_time": 1761705064, "duration": 3089, "cluster": 381, "lobby_type": 0, "game_mode": 22, "is_contributor": false, "patch": 58, "isRadiant": true, "win": 0, "lose": 1, "total_gold": 30838, "total_xp": 46335, "kills_per_min": 0.23308514082227258, "kda": 2, "abandons": 0, "benchmarks": {"gold_per_min": {"raw": 599, "pct": 0.7240816326530612}, "xp_per_min": {"raw": 900, "pct": 0.7942857142857143}, "kills_per_min": {"raw": 0.23308514082227258, "pct": 0.723265306122449}, "last_hits_per_min": {"raw": 8.313370022661054, "pct": 0.8440816326530612}, "hero_damage_per_min": {"raw": 1063.6257688572352, "pct": 0.9183673469387755}, "hero_healing_per_min": {"raw": 0, "pct": 0.8742857142857143}, "tower_damage": {"raw": 2533, "pct": 0.6726530612244898}}}, {"account_id": 836970029, "player_slot": 128, "team_number": 1, "team_slot": 0, "hero_id": 7, "hero_variant": 3, "item_0": 235, "item_1": 116,