{"players": [{"account_id": 91798158, "player_slot": 0, "team_number": 0, "team_slot": 0, "hero_id": 2, "hero_variant": 2, "item_0": 939, "item_1": 1, "item_2": 127, "item_3": 108, "item_4": 8, "item_5": 50, "backpack_0": 0, "backpack_1": 0, "backpack_2": 0, "item_neutral": 1638, "item_neutral2": 1586, "kills": 13, "deaths": 5, "assists": 4, "leaver_status": 0, "last_hits": 275, "denies": 5, "gold_per_min": 570, "xp_per_min": 796, "level": 23, "net_worth": 17189, "aghanims_scepter": 0, "aghanims_shard": 0, "moonshard": 0, "hero_damage": 30125, "tower_damage": 420, "hero_healing": 0, "gold": 539, "gold_spent": 17985, "ability_upgrades_arr": [5008, 5009, 5009, 5007, 5009, 5010, 5009, 5008, 5008, 5008, 9401, 5010, 5007, 5007, 5007, 670, 5010, 6991], "personaname": "Rip", "name": null, "last_login": null, "rank_tier": 52, "computed_mmr": 3935.13, "is_subscriber": false, "radiant_win": false, "start_time": 1752891006, "duration": 2201, "cluster": 241, "lobby_type": 7, "game_mode": 22, "is_contributor": false, "patch": 58, "region": 14, "isRadiant": true, "win": 0, "lose": 1, "total_gold": 20909, "total_xp": 29199, "kills_per_min": 0.3543843707405725, "kda": 2.83, "abandons": 0, "benchmarks": {"gold_per_min": {"raw": 570, "pct": 0.7937388987566607}, "xp_per_min": {"raw": 796, "pct": 0.6707371225577264}, "kills_per_min": {"raw": 0.35438437074057244, "pct": 0.7622113676731794}, "last_hits_per_min": {"raw": 7.496592457973648, "pct": 0.9635879218472468}, "hero_damage_per_min": {"raw": 821.2176283507497, "pct": 0.6813943161634103}, "hero_healing_per_min": {"raw": 0, "pct": 0.9231793960923623}, "tower_damage": {"raw": 420, "pct": 0.40652753108348133}}}, {"player_slot": 1, "team_number": 0, "team_slot": 1, "hero_id": 71, "hero_variant": 1, "item_0": 0, "item_1": 277, "item_2": 36, "item_3": 50, "item_4": 0, "item_5": 73, "backpack_0": 0, "backpack_1": 0, "backpack_2": 0, "item_neutral": 1602, "item_neutral2": 1577, "kills": 2, "deaths": 7, "assists": 12, "leaver_status": 0, "last_hits": 46, "denies": 0, "gold_per_min": 249, "xp_per_min": 404, "level": 16, "net_worth": 8911, "aghanims_scepter": 0, "aghanims_shard": 1, "moonshard": 0, "hero_damage": 11045, "tower_damage": 0, "hero_healing": 0, "gold": 856, "gold_spent": 8600, "ability_upgrades_arr": [5355, 5353, 5353, 5355, 7301, 5356, 5353, 5355, 5353, 5355, 7301, 5356, 7301, 7301, 6296, 5931], "is_subscriber": false, "radiant_win": false, "start_time": 1752891006, "duration": 2201, "cluster": 241, "lobby_type": 7, "game_mode": 22, "is_contributor": false, "patch": 58, "region": 14, "isRadiant": true, "win": 0, "lose": 1, "total_gold": 9134, "total_xp": 14820, "kills_per_min": 0.05452067242162654, "kda": 1.75, "abandons": 0, "benchmarks": {"gold_per_min": {"raw": 249, "pct": 0.04964102564102564}, "xp_per_min": {"raw": 404, "pct": 0.11507692307692308}, "kills_per_min": {"raw": 0.05452067242162653, "pct": 0.07528205128205129}, "last_hits_per_min": {"raw": 1.2539754656974103, "pct": 0.14092307692307693}, "hero_damage_per_min": {"raw": 301.09041344843257, "pct": 0.08779487179487179}, "hero_healing_per_min": {"raw": 0, "pct": 0.7185641025641025}, "tower_damage": {"raw": 0, "pct": 0.2363076923076923}}}, {"player_slot": 2, "team_number": 0, "team_slot": 2, "hero_id": 97, "hero_variant": 4, "item_0": 1, "item_1": 180, "item_2": 37, "item_3": 67, "item_4": 232, "item_5": 34, "backpack_0": 16, "backpack_1": 244, "backpack_2": 0, "item_neutral": 1158, "item_neutral2": 1594, "kills": 1, "deaths": 14, "assists": 13, "leaver_status": 0, "last_hits": 107, "denies": 7, "gold_per_min": 304, "xp_per_min": 454, "level": 17, "net_worth": 10104, "aghanims_scepter": 0, "aghanims_shard": 0, "moonshard": 0, "hero_damage": 14056, "tower_damage": 149, "hero_healing": 0, "gold": 479, "gold_spent": 10250, "ability_upgrades_arr": [5518, 5520, 5518, 5520, 5518, 5521, 5518, 5520, 5518, 5520, 525, 5521, 5519, 5519, 1037, 5519, 5519], "is_subscriber": false, "radiant_win": false, "start_time": 1752891006, "duration": 2201, "cluster": 241, "lobby_type": 7, "game_mode": 22, "is_contributor": false, "patch": 58, "region": 14, "isRadiant": true, "win": 0, "lose": 1, "total_gold": 11151, "total_xp": 16654, "kills_per_min": 0.02726033621081327, "kda": 0.93, "abandons": 0, "benchmarks": {"gold_per_min": {"raw": 304, "pct": 0.11719532554257095}, "xp_per_min": {"raw": 454, "pct": 0.15859766277128548}, "kills_per_min": {"raw": 0.027260336210813266, "pct": 0.05041736227045075}, "last_hits_per_min": {"raw": 2.9168559745570195, "pct": 0.36293823038397327}, "hero_damage_per_min": {"raw": 383.1712857791913, "pct": 0.35058430717863104}, "hero_healing_per_min": {"raw": 0, "pct": 0.8043405676126878}, "tower_damage": {"raw": 149, "pct": 0.3485809682804674}}}, {"player_slot": 3, "team_number": 0, "team_slot": 3, "hero_id": 64, "hero_variant": 3, "item_0": 206, "item_1": 180, "item_2": 232, "item_3": 42, "item_4": 0, "item_5": 0, "backpack_0": 1565, "backpack_1": 0, "backpack_2": 0, "item_neutral": 1605, "item_neutral2": 1595, "kills": 1, "deaths": 10, "assists": 13, "leaver_status": 0, "last_hits": 115, "denies": 6, "gold_per_min": 282, "xp_per_min": 411, "level": 16, "net_worth": 8982, "aghanims_scepter": 0, "aghanims_shard": 1, "moonshard": 0, "hero_damage": 19780, "tower_damage": 199, "hero_healing": 0, "gold": 557, "gold_spent": 9365, "ability_upgrades_arr": [5297, 5299, 5297, 5298, 5297, 5300, 5297, 5298, 5299, 5299, 5963, 5300, 5299, 5298, 526, 5298], "is_subscriber": false, "radiant_win": false, "start_time": 1752891006, "duration": 2201, "cluster": 241, "lobby_type": 7, "game_mode": 22, "is_contributor": false, "patch": 58, "region": 14, "isRadiant": true, "win": 0, "lose": 1, "total_gold": 10344, "total_xp": 15076, "kills_per_min": 0.02726033621081327, "kda": 1.27, "abandons": 0, "benchmarks": {"gold_per_min": {"raw": 282, "pct": 0.19010416666666666}, "xp_per_min": {"raw": 411, "pct": 0.2222222222222222}, "kills_per_min": {"raw": 0.027260336210813266, "pct": 0.09751157407407407}, "last_hits_per_min": {"raw": 3.1349386642435255, "pct": 0.8260995370370371}, "hero_damage_per_min": {"raw": 539.2094502498865, "pct": 0.7517361111111112}, "hero_healing_per_min": {"raw": 0, "pct": 0.5746527777777778}, "tower_damage": {"raw": 199, "pct": 0.1857638888888889}}}, {"player_slot": 4, "team_number": 0, "team_slot": 4, "hero_id": 35, "hero_variant": 1, "item_0": 204, "item_1": 29, "item_2": 0, "item_3": 75, "item_4": 1107, "item_5": 0, "backpack_0": 0, "backpack_1": 0, "backpack_2": 0, "item_neutral": 675, "item_neutral2": 1585, "kills": 7, "deaths": 3, "assists": 6, "leaver_status": 0, "last_hits": 154, "denies": 6, "gold_per_min": 396, "xp_per_min": 429, "level": 17, "net_worth": 12809, "aghanims_scepter": 0, "aghanims_shard": 0, "moonshard": 0, "hero_damage": 24940, "tower_damage": 677, "hero_healing": 0, "gold": 1754, "gold_spent": 11510, "ability_upgrades_arr": [5154, 5155, 5154, 5155, 5154, 5157, 5154, 5155, 5156, 5155, 7396, 5157, 5156, 5156, 5156, 6305], "is_subscriber": false, "radiant_win": false, "start_time": 1752891006, "duration": 2201, "cluster": 241, "lobby_type": 7, "game_mode": 22, "is_contributor": false, "patch": 58, "region": 14, "isRadiant": true, "win": 0, "lose": 1, "total_gold": 14526, "total_xp": 15737, "kills_per_min": 0.19082235347569287, "kda": 3.25, "abandons": 0, "benchmarks": {"gold_per_min": {"raw": 396, "pct": 0.1315910132966529}, "xp_per_min": {"raw": 429, "pct": 0.08665749656121045}, "kills_per_min": {"raw": 0.19082235347569287, "pct": 0.34831117224514746}, "last_hits_per_min": {"raw": 4.198091776465243, "pct": 0.2077028885832187}, "hero_damage_per_min": {"raw": 679.8727850976829, "pct": 0.29527739569005046}, "hero_healing_per_min": {"raw": 0, "pct": 0.9301543634418462}, "tower_damage": {"raw": 677, "pct": 0.2384227418615314}}}, {"player_slot": 128, "team_number": 1, "team_slot": 0, "hero_id": 119, "hero_variant": 1, "item_0": 0, "item_1": 214, "item_2": 218, "item_3": 36, "item_4": 108, "item_5": 100, "backpack_0": 0, "backpack_1": 0,