{"players": [{"player_slot": 0, "team_number": 0, "team_slot": 0, "hero_id": 29, "hero_variant": 2, "item_0": 127, "item_1": 1, "item_2": 90, "item_3": 119, "item_4": 0, "item_5": 50, "backpack_0": 0, "backpack_1": 0, "backpack_2": 0, "item_neutral": 1638, "item_neutral2": 1586, "kills": 3, "deaths": 7, "assists": 14, "leaver_status": 0, "last_hits": 268, "denies": 6, "gold_per_min": 413, "xp_per_min": 782, "level": 26, "net_worth": 20046, "aghanims_scepter": 0, "aghanims_shard": 1, "moonshard": 0, "hero_damage": 19138, "tower_damage": 210, "hero_healing": 0, "gold": 196, "gold_spent": 21475, "ability_upgrades_arr": [5118, 5120, 5119, 5120, 5120, 5121, 5120, 5119, 5119, 6946, 5119, 5118, 5121, 5118, 5118, 1700, 5121, 6151, 7978], "is_subscriber": false, "radiant_win": false, "start_time": 1771784884, "duration": 3148, "cluster": 271, "lobby_type": 7, "game_mode": 22, "is_contributor": false, "patch": 59, "region": 3, "isRadiant": true, "win": 0, "lose": 1, "total_gold": 21668, "total_xp": 41028, "kills_per_min": 0.05717916137229987, "kda": 2.13, "abandons": 0, "benchmarks": {"gold_per_min": {"raw": 413, "pct": 0.3998157531091663}, "xp_per_min": {"raw": 782, "pct": 0.7379087977890373}, "kills_per_min": {"raw": 0.05717916137229988, "pct": 0.22616305849838783}, "last_hits_per_min": {"raw": 5.108005082592122, "pct": 0.6130815292491939}, "hero_damage_per_min": {"raw": 364.7649301143583, "pct": 0.24643021649009672}, "hero_healing_per_min": {"raw": 0, "pct": 0.4375863657300783}, "tower_damage": {"raw": 210, "pct": 0.3007830492860433}}}, {"player_slot": 1, "team_number": 0, "team_slot": 1, "hero_id": 22, "hero_variant": 1, "item_0": 277, "item_1": 108, "item_2": 1808, "item_3": 256, "item_4": 180, "item_5": 110, "backpack_0": 0, "backpack_1": 0, "backpack_2": 0, "item_neutral": 1720, "item_neutral2": 1592, "kills": 13, "deaths": 8, "assists": 23, "leaver_status": 0, "last_hits": 346, "denies": 10, "gold_per_min": 584, "xp_per_min": 882, "level": 27, "net_worth": 25918, "aghanims_scepter": 0, "aghanims_shard": 0, "moonshard": 0, "hero_damage": 67344, "tower_damage": 341, "hero_healing": 110, "gold": 2418, "gold_spent": 25690, "ability_upgrades_arr": [5110, 641, 5111, 5110, 5110, 5113, 5110, 5111, 5111, 6157, 5111, 641, 5113, 641, 641, 611, 5113, 6501, 1539, 5959], "is_subscriber": false, "radiant_win": false, "start_time": 1771784884, "duration": 3148, "cluster": 271, "lobby_type": 7, "game_mode": 22, "is_contributor": false, "patch": 59, "region": 3, "isRadiant": true, "win": 0, "lose": 1, "total_gold": 30640, "total_xp": 46275, "kills_per_min": 0.24777636594663277, "kda": 4, "abandons": 0, "benchmarks": {"gold_per_min": {"raw": 584, "pct": 0.8406554262645453}, "xp_per_min": {"raw": 882, "pct": 0.8392305865590121}, "kills_per_min": {"raw": 0.24777636594663277, "pct": 0.7086202802184755}, "last_hits_per_min": {"raw": 6.594663278271919, "pct": 0.8632153882688197}, "hero_damage_per_min": {"raw": 1283.5578144853876, "pct": 0.8909997625267158}, "hero_healing_per_min": {"raw": 2.0965692503176623, "pct": 0.832343861315602}, "tower_damage": {"raw": 341, "pct": 0.48017098076466397}}}, {"player_slot": 2, "team_number": 0, "team_slot": 2, "hero_id": 128, "hero_variant": 2, "item_0": 231, "item_1": 263, "item_2": 43, "item_3": 210, "item_4": 149, "item_5": 1804, "backpack_0": 0, "backpack_1": 0, "backpack_2": 0, "item_neutral": 1603, "item_neutral2": 1584, "kills": 7, "deaths": 8, "assists": 16, "leaver_status": 0, "last_hits": 79, "denies": 1, "gold_per_min": 348, "xp_per_min": 443, "level": 20, "net_worth": 15760, "aghanims_scepter": 0, "aghanims_shard": 1, "moonshard": 0, "hero_damage": 18597, "tower_damage": 190, "hero_healing": 2627, "gold": 960, "gold_spent": 16405, "ability_upgrades_arr": [6488, 6480, 6480, 6483, 6480, 6482, 6480, 6488, 6488, 6483, 6479, 6483, 6482, 6483, 6488, 6487, 6482, 500], "is_subscriber": false, "radiant_win": false, "start_time": 1771784884, "duration": 3148, "cluster": 271, "lobby_type": 7, "game_mode": 22, "is_contributor": false, "patch": 59, "region": 3, "isRadiant": true, "win": 0, "lose": 1, "total_gold": 18258, "total_xp": 23242, "kills_per_min": 0.13341804320203304, "kda": 2.56, "abandons": 0, "benchmarks": {"gold_per_min": {"raw": 348, "pct": 0.3710725893824485}, "xp_per_min": {"raw": 443, "pct": 0.2589382448537378}, "kills_per_min": {"raw": 0.13341804320203304, "pct": 0.4387865655471289}, "last_hits_per_min": {"raw": 1.50571791613723, "pct": 0.19068255687973998}, "hero_damage_per_min": {"raw": 354.45362134688696, "pct": 0.13976164680390032}, "hero_healing_per_min": {"raw": 50.06988564167726, "pct": 0.695557963163597}, "tower_damage": {"raw": 190, "pct": 0.2605633802816901}}}, {"player_slot": 3, "team_number": 0, "team_slot": 3, "hero_id": 94, "hero_variant": 3, "item_0": 147, "item_1": 1, "item_2": 139, "item_3": 141, "item_4": 160, "item_5": 116, "backpack_0": 0, "backpack_1": 0, "backpack_2": 0, "item_neutral": 1720, "item_neutral2": 1584, "kills": 13, "deaths": 6, "assists": 13, "leaver_status": 0, "last_hits": 703, "denies": 7, "gold_per_min": 839, "xp_per_min": 1120, "level": 29, "net_worth": 36125, "aghanims_scepter": 1, "aghanims_shard": 0, "moonshard": 0, "hero_damage": 54953, "tower_damage": 3224, "hero_healing": 0, "gold": 2825, "gold_spent": 36135, "ability_upgrades_arr": [5505, 1475, 5505, 5504, 5505, 5504, 5505, 5504, 5504, 5507, 1345, 1475, 5507, 1475, 1475, 6392, 5507, 6687, 1534, 1561, 7389, 1574], "is_subscriber": false, "radiant_win": false, "start_time": 1771784884, "duration": 3148, "cluster": 271, "lobby_type": 7, "game_mode": 22, "is_contributor": false, "patch": 59, "region": 3, "isRadiant": true, "win": 0, "lose": 1, "total_gold": 44019, "total_xp": 58762, "kills_per_min": 0.24777636594663277, "kda": 3.71, "abandons": 0, "benchmarks": {"gold_per_min": {"raw": 839, "pct": 0.9217914438502673}, "xp_per_min": {"raw": 1120, "pct": 0.8602941176470589}, "kills_per_min": {"raw": 0.24777636594663277, "pct": 0.838903743315508}, "last_hits_per_min": {"raw": 13.398983481575604, "pct": 0.9351604278074866}, "hero_damage_per_min": {"raw": 1047.3888182973317, "pct": 0.8442513368983957}, "hero_healing_per_min": {"raw": 0, "pct": 0.9612299465240641}, "tower_damage": {"raw": 3224, "pct": 0.4959893048128342}}}, {"account_id": 1712977061, "player_slot": 4, "team_number": 0, "team_slot": 4, "hero_id": 7, "hero_variant": 1, "item_0": 180, "item_1": 36, "item_2": 279, "item_3": 147, "item_4": 267, "item_5": 1, "backpack_0": 109, "backpack_1": 0, "backpack_2": 0, "item_neutral": 1168, "item_neutral2": 1577, "kills": 3, "deaths": 10, "assists": 18, "leaver_status": 0, "last_hits": 137, "denies": 2, "gold_per_min": 340, "xp_per_min": 521, "level": 22, "net_worth": 16077, "aghanims_scepter": 0, "aghanims_shard": 0, "moonshard": 0, "hero_damage": 19380, "tower_damage": 366, "hero_healing": 0, "gold": 1292, "gold_spent": 15715, "ability_upgrades_arr": [5023, 5024, 5025, 5024, 5024, 5026, 5024, 5025, 5025, 5025, 744, 5023, 5026, 5023, 5023, 858, 5026, 918], "personaname": "Good At All", "name": null, "last_login": null, "rank_tier": 41, "computed_mmr": 4131.69, "is_subscriber": false, "radiant_win": false, "start_time": 1771784884, "duration": 3148, "cluster": 271, "lobby_type": 7, "game_mode": 22, "is_contributor": false, "patch": 59, "region": 3, "isRadiant": true, "win": 0, "lose": 1, "total_gold": 17838, "total_xp": 27335, "kills_per_min": 0.05717916137229987, "kda": 1.91, "abandons": 0, "benchmarks": {"gold_per_min": {"raw": 340, "pct": 0.219971870604782}, "xp_per_min": {"raw": 521, "pct": 0.2978902953586498}, "kills_per_min": {"raw": 0.05717916137229988, "pct": 0.160056258790436}, "last_hits_per_min": {"raw": 2.6111817026683606, "pct": 0.2582278481012658}, "hero_damage_per_min": {"raw": 369.37738246505717, "pct": 0.15358649789029535}, "hero_healing_per_min": {"raw": 0, "pct": 0.8576652601969058}, "tower_damage": {"raw": 366, "pct": 0.44050632911392407}}}, {"account_id": 98317978, "player_slot": 128, "team_number": 1,