{"players": [{"player_slot": 0, "team_number": 0, "team_slot": 0, "hero_id": 14, "hero_variant": 3, "item_0": 36, "item_1": 119, "item_2": 108, "item_3": 116, "item_4": 50, "item_5": 73, "backpack_0": 0, "backpack_1": 0, "backpack_2": 0, "item_neutral": 565, "item_neutral2": 1585, "kills": 8, "deaths": 6, "assists": 22, "leaver_status": 0, "last_hits": 142, "denies": 7, "gold_per_min": 447, "xp_per_min": 643, "level": 22, "net_worth": 17827, "aghanims_scepter": 0, "aghanims_shard": 0, "moonshard": 0, "hero_damage": 27170, "tower_damage": 2226, "hero_healing": 0, "gold": 1882, "gold_spent": 16085, "ability_upgrades_arr": [5075, 5076, 5074, 5076, 5076, 5077, 5076, 5074, 5074, 5074, 5932, 5077, 5075, 5075, 6565, 5075, 5077, 408], "is_subscriber": false, "radiant_win": true, "start_time": 1748744783, "duration": 2448, "cluster": 241, "lobby_type": 0, "game_mode": 22, "is_contributor": false, "patch": 58, "region": 14, "isRadiant": true, "win": 1, "lose": 0, "total_gold": 18237, "total_xp": 26234, "kills_per_min": 0.19607843137254904, "kda": 4.29, "abandons": 0, "benchmarks": {"gold_per_min": {"raw": 447, "pct": 0.7167890125503197}, "xp_per_min": {"raw": 643, "pct": 0.5942457968269003}, "kills_per_min": {"raw": 0.19607843137254902, "pct": 0.6112952877101586}, "last_hits_per_min": {"raw": 3.480392156862745, "pct": 0.7177362064882785}, "hero_damage_per_min": {"raw": 665.9313725490197, "pct": 0.7517167890125503}, "hero_healing_per_min": {"raw": 0, "pct": 0.7493488041676534}, "tower_damage": {"raw": 2226, "pct": 0.8842055410845371}}}, {"account_id": 37467834, "player_slot": 1, "team_number": 0, "team_slot": 1, "hero_id": 54, "hero_variant": 4, "item_0": 73, "item_1": 108, "item_2": 50, "item_3": 154, "item_4": 143, "item_5": 137, "backpack_0": 36, "backpack_1": 11, "backpack_2": 4204, "item_neutral": 1124, "item_neutral2": 1576, "kills": 18, "deaths": 1, "assists": 17, "leaver_status": 0, "last_hits": 207, "denies": 15, "gold_per_min": 641, "xp_per_min": 905, "level": 25, "net_worth": 25823, "aghanims_scepter": 0, "aghanims_shard": 0, "moonshard": 0, "hero_damage": 38527, "tower_damage": 11647, "hero_healing": 4271, "gold": 2393, "gold_spent": 24720, "ability_upgrades_arr": [631, 5251, 631, 5249, 631, 5252, 631, 5249, 5249, 5249, 5251, 5252, 5251, 5251, 6676, 499, 5252, 709, 6173], "personaname": "ExtremoDiaz", "name": null, "last_login": null, "rank_tier": 22, "computed_mmr": 3968.35, "is_subscriber": false, "radiant_win": true, "start_time": 1748744783, "duration": 2448, "cluster": 241, "lobby_type": 0, "game_mode": 22, "is_contributor": false, "patch": 58, "region": 14, "isRadiant": true, "win": 1, "lose": 0, "total_gold": 26152, "total_xp": 36924, "kills_per_min": 0.44117647058823534, "kda": 17.5, "abandons": 0, "benchmarks": {"gold_per_min": {"raw": 641, "pct": 0.5720636741718055}, "xp_per_min": {"raw": 905, "pct": 0.5544242076581098}, "kills_per_min": {"raw": 0.4411764705882353, "pct": 0.8951670729958411}, "last_hits_per_min": {"raw": 5.0735294117647065, "pct": 0.11788326401835651}, "hero_damage_per_min": {"raw": 944.2892156862746, "pct": 0.7377025670443138}, "hero_healing_per_min": {"raw": 104.68137254901961, "pct": 0.9637171948945934}, "tower_damage": {"raw": 11647, "pct": 0.7040011472823748}}}, {"account_id": 65137360, "player_slot": 2, "team_number": 0, "team_slot": 2, "hero_id": 45, "hero_variant": 2, "item_0": 0, "item_1": 1575, "item_2": 232, "item_3": 180, "item_4": 102, "item_5": 36, "backpack_0": 0, "backpack_1": 0, "backpack_2": 0, "item_neutral": 1640, "item_neutral2": 1595, "kills": 2, "deaths": 10, "assists": 27, "leaver_status": 0, "last_hits": 63, "denies": 5, "gold_per_min": 356, "xp_per_min": 615, "level": 21, "net_worth": 13585, "aghanims_scepter": 0, "aghanims_shard": 0, "moonshard": 0, "hero_damage": 28394, "tower_damage": 10341, "hero_healing": 11686, "gold": 6960, "gold_spent": 7215, "ability_upgrades_arr": [5186, 5188, 5186, 5187, 5186, 5189, 5186, 5188, 5187, 5187, 5187, 5189, 6859, 5188, 6195, 5188, 5189, 6220], "personaname": "PatoDeGoma", "name": null, "last_login": "2021-02-10T20:32:57.535Z", "rank_tier": 45, "computed_mmr": null, "is_subscriber": false, "radiant_win": true, "start_time": 1748744783, "duration": 2448, "cluster": 241, "lobby_type": 0, "game_mode": 22, "is_contributor": false, "patch": 58, "region": 14, "isRadiant": true, "win": 1, "lose": 0, "total_gold": 14524, "total_xp": 25092, "kills_per_min": 0.04901960784313726, "kda": 2.64, "abandons": 0, "benchmarks": {"gold_per_min": {"raw": 356, "pct": 0.43385373870172556}, "xp_per_min": {"raw": 615, "pct": 0.6335250616269515}, "kills_per_min": {"raw": 0.049019607843137254, "pct": 0.1388660640920296}, "last_hits_per_min": {"raw": 1.5441176470588234, "pct": 0.2818405916187346}, "hero_damage_per_min": {"raw": 695.9313725490197, "pct": 0.6170912078882498}, "hero_healing_per_min": {"raw": 286.421568627451, "pct": 0.913722267871816}, "tower_damage": {"raw": 10341, "pct": 0.8841413311421529}}}, {"account_id": 45421382, "player_slot": 3, "team_number": 0, "team_slot": 3, "hero_id": 21, "hero_variant": 5, "item_0": 36, "item_1": 166, "item_2": 135, "item_3": 50, "item_4": 116, "item_5": 108, "backpack_0": 0, "backpack_1": 0, "backpack_2": 0, "item_neutral": 828, "item_neutral2": 1594, "kills": 13, "deaths": 3, "assists": 19, "leaver_status": 0, "last_hits": 156, "denies": 8, "gold_per_min": 520, "xp_per_min": 735, "level": 23, "net_worth": 19907, "aghanims_scepter": 0, "aghanims_shard": 0, "moonshard": 0, "hero_damage": 32956, "tower_damage": 5980, "hero_healing": 187, "gold": 1957, "gold_spent": 19700, "ability_upgrades_arr": [5130, 5131, 5132, 5131, 5132, 5133, 5132, 5132, 5130, 5131, 5131, 5133, 5130, 5130, 1195, 6992, 5133, 7889], "personaname": "La Chaucha", "name": null, "last_login": "2026-03-03T14:36:01.200Z", "rank_tier": 42, "computed_mmr": 4031.51, "is_subscriber": false, "radiant_win": true, "start_time": 1748744783, "duration": 2448, "cluster": 241, "lobby_type": 0, "game_mode": 22, "is_contributor": false, "patch": 58, "region": 14, "isRadiant": true, "win": 1, "lose": 0, "total_gold": 21216, "total_xp": 29988, "kills_per_min": 0.3186274509803922, "kda": 8, "abandons": 0, "benchmarks": {"gold_per_min": {"raw": 520, "pct": 0.7262056647103853}, "xp_per_min": {"raw": 735, "pct": 0.645572850216892}, "kills_per_min": {"raw": 0.3186274509803922, "pct": 0.8333758611890788}, "last_hits_per_min": {"raw": 3.8235294117647056, "pct": 0.4878795611125287}, "hero_damage_per_min": {"raw": 807.7450980392157, "pct": 0.8558305690227098}, "hero_healing_per_min": {"raw": 4.583333333333334, "pct": 0.9157948456238837}, "tower_damage": {"raw": 5980, "pct": 0.7782597601428936}}}, {"player_slot": 4, "team_number": 0, "team_slot": 4, "hero_id": 9, "hero_variant": 3, "item_0": 158, "item_1": 29, "item_2": 168, "item_3": 206, "item_4": 174, "item_5": 218, "backpack_0": 0, "backpack_1": 0, "backpack_2": 0, "item_neutral": 1643, "item_neutral2": 1586, "kills": 2, "deaths": 10, "assists": 25, "leaver_status": 0, "last_hits": 161, "denies": 6, "gold_per_min": 437, "xp_per_min": 585, "level": 21, "net_worth": 16405, "aghanims_scepter": 0, "aghanims_shard": 0, "moonshard": 0, "hero_damage": 17606, "tower_damage": 4674, "hero_healing": 0, "gold": 2055, "gold_spent": 15595, "ability_upgrades_arr": [5048, 5050, 5051, 5051, 5051, 1213, 5048, 5048, 5050, 5051, 817, 1213, 5048, 5050, 6013, 5050, 1213, 6692], "is_subscriber": false, "radiant_win": true, "start_time": 1748744783, "duration": 2448, "cluster": 241, "lobby_type": 0, "game_mode": 22, "is_contributor": false, "patch": 58, "region": 14, "isRadiant": true, "win": 1, "lose": 0, "total_gold": 17829, "total_xp": 23868, "kills_per_min": 0.04901960784313726, "kda": 2.45, "abandons": 0, "benchmarks": {"gold_per_min": {"raw": 437, "pct": 0.6252545824847251}, "xp_per_min": {"raw": 585, "pct": 0.4455193482688391}, "kills_per_min": {"raw": 0.049019607843137254, "pct": 0.10743380855397149}, "last_hits_per_min": {"raw": 3.946078431372549,