{"players": [{"account_id": 37467834, "player_slot": 0, "team_number": 0, "team_slot": 0, "hero_id": 41, "hero_variant": 2, "item_0": 149, "item_1": 158, "item_2": 172, "item_3": 135, "item_4": 63, "item_5": 75, "backpack_0": 36, "backpack_1": 0, "backpack_2": 0, "item_neutral": 1639, "item_neutral2": 1586, "kills": 11, "deaths": 7, "assists": 17, "leaver_status": 0, "last_hits": 206, "denies": 8, "gold_per_min": 577, "xp_per_min": 797, "level": 24, "net_worth": 19563, "aghanims_scepter": 0, "aghanims_shard": 0, "moonshard": 0, "hero_damage": 41257, "tower_damage": 3816, "hero_healing": 0, "gold": 3008, "gold_spent": 17235, "ability_upgrades_arr": [5182, 5184, 5182, 5184, 5182, 5185, 5182, 5184, 5184, 867, 5691, 5185, 5691, 5691, 6807, 5691, 5185, 6128], "personaname": "ExtremoDiaz", "name": null, "last_login": null, "rank_tier": 22, "computed_mmr": 3968.35, "is_subscriber": false, "radiant_win": false, "start_time": 1753319462, "duration": 2476, "cluster": 241, "lobby_type": 0, "game_mode": 4, "is_contributor": false, "patch": 58, "region": 14, "isRadiant": true, "win": 0, "lose": 1, "total_gold": 23810, "total_xp": 32889, "kills_per_min": 0.2665589660743134, "kda": 3.5, "abandons": 0, "benchmarks": {"gold_per_min": {"raw": 577, "pct": 0.5517359917497422}, "xp_per_min": {"raw": 797, "pct": 0.5111722241320041}, "kills_per_min": {"raw": 0.26655896607431345, "pct": 0.679614987968374}, "last_hits_per_min": {"raw": 4.991922455573506, "pct": 0.19800618769336542}, "hero_damage_per_min": {"raw": 999.7657512116317, "pct": 0.9078721210037813}, "hero_healing_per_min": {"raw": 0, "pct": 0.9491234101065659}, "tower_damage": {"raw": 3816, "pct": 0.5369542798212444}}}, {"account_id": 120898819, "player_slot": 1, "team_number": 0, "team_slot": 1, "hero_id": 105, "hero_variant": 2, "item_0": 102, "item_1": 100, "item_2": 180, "item_3": 77, "item_4": 232, "item_5": 108, "backpack_0": 0, "backpack_1": 0, "backpack_2": 77, "item_neutral": 1637, "item_neutral2": 1583, "kills": 12, "deaths": 9, "assists": 12, "leaver_status": 0, "last_hits": 97, "denies": 0, "gold_per_min": 499, "xp_per_min": 755, "level": 23, "net_worth": 18163, "aghanims_scepter": 0, "aghanims_shard": 0, "moonshard": 0, "hero_damage": 35355, "tower_damage": 244, "hero_healing": 195, "gold": 2578, "gold_spent": 17310, "ability_upgrades_arr": [879, 5601, 5601, 879, 5601, 5599, 5601, 879, 879, 6997, 886, 5599, 886, 886, 6282, 886, 5599, 6552], "personaname": "DTA.Babayaga", "name": null, "last_login": null, "rank_tier": 21, "computed_mmr": 4070.41, "is_subscriber": false, "radiant_win": false, "start_time": 1753319462, "duration": 2476, "cluster": 241, "lobby_type": 0, "game_mode": 4, "is_contributor": false, "patch": 58, "region": 14, "isRadiant": true, "win": 0, "lose": 1, "total_gold": 20592, "total_xp": 31156, "kills_per_min": 0.29079159935379645, "kda": 2.4, "abandons": 0, "benchmarks": {"gold_per_min": {"raw": 499, "pct": 0.745231251633133}, "xp_per_min": {"raw": 755, "pct": 0.7956623987457538}, "kills_per_min": {"raw": 0.29079159935379645, "pct": 0.799581917951398}, "last_hits_per_min": {"raw": 2.3505654281098547, "pct": 0.34988241442383067}, "hero_damage_per_min": {"raw": 856.7447495961228, "pct": 0.4928142147896525}, "hero_healing_per_min": {"raw": 4.725363489499193, "pct": 0.8748366866997648}, "tower_damage": {"raw": 244, "pct": 0.3085968121243794}}}, {"player_slot": 2, "team_number": 0, "team_slot": 2, "hero_id": 101, "hero_variant": 1, "item_0": 190, "item_1": 23, "item_2": 180, "item_3": 206, "item_4": 259, "item_5": 235, "backpack_0": 22, "backpack_1": 0, "backpack_2": 0, "item_neutral": 1600, "item_neutral2": 1583, "kills": 16, "deaths": 9, "assists": 13, "leaver_status": 0, "last_hits": 57, "denies": 3, "gold_per_min": 429, "xp_per_min": 770, "level": 24, "net_worth": 15175, "aghanims_scepter": 0, "aghanims_shard": 0, "moonshard": 0, "hero_damage": 37283, "tower_damage": 239, "hero_healing": 0, "gold": 800, "gold_spent": 18050, "ability_upgrades_arr": [5582, 5581, 5581, 5583, 5582, 5584, 5582, 5582, 5581, 411, 5581, 5584, 5583, 6181, 5583, 5583, 5584, 6885], "is_subscriber": false, "radiant_win": false, "start_time": 1753319462, "duration": 2476, "cluster": 241, "lobby_type": 0, "game_mode": 4, "is_contributor": false, "patch": 58, "region": 14, "isRadiant": true, "win": 0, "lose": 1, "total_gold": 17703, "total_xp": 31775, "kills_per_min": 0.3877221324717286, "kda": 2.9, "abandons": 0, "benchmarks": {"gold_per_min": {"raw": 429, "pct": 0.7306821042033728}, "xp_per_min": {"raw": 770, "pct": 0.801661213189026}, "kills_per_min": {"raw": 0.3877221324717286, "pct": 0.9103951673798137}, "last_hits_per_min": {"raw": 1.381260096930533, "pct": 0.4135414044802416}, "hero_damage_per_min": {"raw": 903.465266558966, "pct": 0.8593002768688648}, "hero_healing_per_min": {"raw": 0, "pct": 0.7903347596274856}, "tower_damage": {"raw": 239, "pct": 0.42260256732947393}}}, {"account_id": 366347272, "player_slot": 3, "team_number": 0, "team_slot": 3, "hero_id": 78, "hero_variant": 1, "item_0": 178, "item_1": 108, "item_2": 63, "item_3": 208, "item_4": 81, "item_5": 0, "backpack_0": 0, "backpack_1": 0, "backpack_2": 0, "item_neutral": 1604, "item_neutral2": 1576, "kills": 3, "deaths": 7, "assists": 20, "leaver_status": 0, "last_hits": 172, "denies": 2, "gold_per_min": 430, "xp_per_min": 768, "level": 24, "net_worth": 16803, "aghanims_scepter": 0, "aghanims_shard": 0, "moonshard": 0, "hero_damage": 22742, "tower_damage": 4462, "hero_healing": 3005, "gold": 1748, "gold_spent": 15435, "ability_upgrades_arr": [5400, 5402, 5400, 7310, 5400, 5403, 7310, 5402, 7310, 5400, 5402, 5403, 7310, 5402, 732, 654, 5403, 6082], "personaname": "!!NW-HARLES!!", "name": null, "last_login": null, "rank_tier": 15, "computed_mmr": 3866.49, "is_subscriber": false, "radiant_win": false, "start_time": 1753319462, "duration": 2476, "cluster": 241, "lobby_type": 0, "game_mode": 4, "is_contributor": false, "patch": 58, "region": 14, "isRadiant": true, "win": 0, "lose": 1, "total_gold": 17744, "total_xp": 31692, "kills_per_min": 0.07269789983844911, "kda": 2.88, "abandons": 0, "benchmarks": {"gold_per_min": {"raw": 430, "pct": 0.3944223107569721}, "xp_per_min": {"raw": 768, "pct": 0.6215139442231076}, "kills_per_min": {"raw": 0.07269789983844911, "pct": 0.13545816733067728}, "last_hits_per_min": {"raw": 4.168012924071082, "pct": 0.4302788844621514}, "hero_damage_per_min": {"raw": 551.0985460420032, "pct": 0.4960159362549801}, "hero_healing_per_min": {"raw": 72.81906300484653, "pct": 0.9800796812749004}, "tower_damage": {"raw": 4462, "pct": 0.6892430278884463}}}, {"account_id": 150266443, "player_slot": 4, "team_number": 0, "team_slot": 4, "hero_id": 114, "hero_variant": 2, "item_0": 50, "item_1": 174, "item_2": 939, "item_3": 11, "item_4": 0, "item_5": 116, "backpack_0": 0, "backpack_1": 0, "backpack_2": 0, "item_neutral": 1639, "item_neutral2": 1585, "kills": 8, "deaths": 12, "assists": 9, "leaver_status": 0, "last_hits": 136, "denies": 6, "gold_per_min": 423, "xp_per_min": 571, "level": 20, "net_worth": 14249, "aghanims_scepter": 0, "aghanims_shard": 0, "moonshard": 0, "hero_damage": 25364, "tower_damage": 2484, "hero_healing": 0, "gold": 1399, "gold_spent": 13745, "ability_upgrades_arr": [5723, 5716, 5721, 5723, 5723, 5725, 5723, 5716, 5716, 5716, 5721, 5725, 6696, 5721, 5721, 5721, 7038, 5725, 802], "personaname": "_", "name": null, "last_login": null, "rank_tier": 15, "computed_mmr": 3994.03, "is_subscriber": false, "radiant_win": false, "start_time": 1753319462, "duration": 2476, "cluster": 241, "lobby_type": 0, "game_mode": 4, "is_contributor": false, "patch": 58, "region": 14, "isRadiant": true, "win": 0, "lose": 1, "total_gold": 17455, "total_xp": 23563, "kills_per_min": 0.1938610662358643, "kda": 1.31, "abandons": 0, "benchmarks": {"gold_per_min": {"raw": 423, "pct": 0.31721915285451197}, "xp_per_min": {"raw": 571, "pct": 0.2946593001841621}, "kills_per_min": {"raw": 0.1938610662358643, "pct": 0.47283609576427255},