{"players": [{"player_slot": 0, "team_number": 0, "team_slot": 0, "hero_id": 39, "hero_variant": 2, "item_0": 180, "item_1": 203, "item_2": 9, "item_3": 273, "item_4": 77, "item_5": 123, "backpack_0": 41, "backpack_1": 190, "backpack_2": 0, "item_neutral": 1599, "item_neutral2": 1583, "kills": 10, "deaths": 8, "assists": 13, "leaver_status": 0, "last_hits": 263, "denies": 10, "gold_per_min": 505, "xp_per_min": 856, "level": 26, "net_worth": 23414, "aghanims_scepter": 0, "aghanims_shard": 1, "moonshard": 0, "hero_damage": 44865, "tower_damage": 1712, "hero_healing": 0, "gold": 909, "gold_spent": 23515, "ability_upgrades_arr": [5173, 5174, 5173, 5175, 5173, 5176, 5173, 5175, 5175, 5175, 5174, 5176, 5174, 5174, 629, 1279, 5176, 6856, 751], "is_subscriber": false, "radiant_win": false, "start_time": 1761786165, "duration": 2992, "cluster": 346, "lobby_type": 0, "game_mode": 22, "is_contributor": false, "patch": 58, "region": 38, "isRadiant": true, "win": 0, "lose": 1, "total_gold": 25182, "total_xp": 42685, "kills_per_min": 0.20053475935828877, "kda": 2.56, "abandons": 0, "benchmarks": {"gold_per_min": {"raw": 505, "pct": 0.4593630573248408}, "xp_per_min": {"raw": 856, "pct": 0.64}, "kills_per_min": {"raw": 0.20053475935828877, "pct": 0.3951592356687898}, "last_hits_per_min": {"raw": 5.274064171122995, "pct": 0.45910828025477707}, "hero_damage_per_min": {"raw": 899.6991978609625, "pct": 0.6081528662420382}, "hero_healing_per_min": {"raw": 0, "pct": 0.8264968152866242}, "tower_damage": {"raw": 1712, "pct": 0.511592356687898}}}, {"player_slot": 1, "team_number": 0, "team_slot": 1, "hero_id": 14, "hero_variant": 1, "item_0": 210, "item_1": 0, "item_2": 214, "item_3": 90, "item_4": 226, "item_5": 232, "backpack_0": 4204, "backpack_1": 0, "backpack_2": 4205, "item_neutral": 1607, "item_neutral2": 1594, "kills": 6, "deaths": 11, "assists": 20, "leaver_status": 0, "last_hits": 120, "denies": 11, "gold_per_min": 361, "xp_per_min": 535, "level": 22, "net_worth": 16216, "aghanims_scepter": 0, "aghanims_shard": 1, "moonshard": 0, "hero_damage": 20824, "tower_damage": 516, "hero_healing": 162, "gold": 1366, "gold_spent": 17275, "ability_upgrades_arr": [5075, 5076, 5076, 5075, 5075, 5077, 5075, 5076, 5076, 5074, 5074, 5077, 5932, 5074, 5074, 507, 5077, 332], "is_subscriber": false, "radiant_win": false, "start_time": 1761786165, "duration": 2992, "cluster": 346, "lobby_type": 0, "game_mode": 22, "is_contributor": false, "patch": 58, "region": 38, "isRadiant": true, "win": 0, "lose": 1, "total_gold": 18001, "total_xp": 26678, "kills_per_min": 0.12032085561497326, "kda": 2.17, "abandons": 0, "benchmarks": {"gold_per_min": {"raw": 361, "pct": 0.4291012486092224}, "xp_per_min": {"raw": 535, "pct": 0.38607986154036344}, "kills_per_min": {"raw": 0.12032085561497327, "pct": 0.32945976016812956}, "last_hits_per_min": {"raw": 2.406417112299465, "pct": 0.5438249474595129}, "hero_damage_per_min": {"raw": 417.59358288770056, "pct": 0.35999505501298057}, "hero_healing_per_min": {"raw": 3.248663101604278, "pct": 0.8067746322165904}, "tower_damage": {"raw": 516, "pct": 0.5896897020645321}}}, {"account_id": 93204318, "player_slot": 2, "team_number": 0, "team_slot": 2, "hero_id": 105, "hero_variant": 2, "item_0": 42, "item_1": 176, "item_2": 36, "item_3": 58, "item_4": 123, "item_5": 214, "backpack_0": 95, "backpack_1": 0, "backpack_2": 0, "item_neutral": 1643, "item_neutral2": 1577, "kills": 13, "deaths": 10, "assists": 16, "leaver_status": 0, "last_hits": 111, "denies": 7, "gold_per_min": 388, "xp_per_min": 581, "level": 23, "net_worth": 16464, "aghanims_scepter": 0, "aghanims_shard": 0, "moonshard": 0, "hero_damage": 40123, "tower_damage": 593, "hero_healing": 125, "gold": 1439, "gold_spent": 17255, "ability_upgrades_arr": [5601, 879, 5601, 886, 5601, 5599, 5601, 879, 879, 6000, 879, 5599, 886, 886, 6282, 886, 5599, 412], "personaname": "SSnake", "name": null, "last_login": null, "rank_tier": 35, "computed_mmr": 4037.25, "is_subscriber": false, "radiant_win": false, "start_time": 1761786165, "duration": 2992, "cluster": 346, "lobby_type": 0, "game_mode": 22, "is_contributor": false, "patch": 58, "region": 38, "isRadiant": true, "win": 0, "lose": 1, "total_gold": 19348, "total_xp": 28972, "kills_per_min": 0.2606951871657754, "kda": 2.64, "abandons": 0, "benchmarks": {"gold_per_min": {"raw": 388, "pct": 0.3305281485780615}, "xp_per_min": {"raw": 581, "pct": 0.4883923389437028}, "kills_per_min": {"raw": 0.2606951871657754, "pct": 0.728670922809054}, "last_hits_per_min": {"raw": 2.2259358288770055, "pct": 0.3206616366802089}, "hero_damage_per_min": {"raw": 804.605614973262, "pct": 0.4251305861868833}, "hero_healing_per_min": {"raw": 2.5066844919786098, "pct": 0.7954149738827626}, "tower_damage": {"raw": 593, "pct": 0.4616947185142194}}}, {"player_slot": 3, "team_number": 0, "team_slot": 3, "hero_id": 8, "hero_variant": 1, "item_0": 145, "item_1": 147, "item_2": 135, "item_3": 139, "item_4": 50, "item_5": 0, "backpack_0": 0, "backpack_1": 0, "backpack_2": 0, "item_neutral": 1601, "item_neutral2": 1594, "kills": 9, "deaths": 11, "assists": 16, "leaver_status": 0, "last_hits": 439, "denies": 9, "gold_per_min": 629, "xp_per_min": 801, "level": 26, "net_worth": 27989, "aghanims_scepter": 1, "aghanims_shard": 1, "moonshard": 0, "hero_damage": 45490, "tower_damage": 7778, "hero_healing": 3747, "gold": 489, "gold_spent": 28395, "ability_upgrades_arr": [5028, 5027, 5027, 5028, 5027, 5030, 5027, 5028, 5028, 5029, 7021, 5030, 5029, 5029, 1192, 5029, 5030, 6105, 915], "is_subscriber": false, "radiant_win": false, "start_time": 1761786165, "duration": 2992, "cluster": 346, "lobby_type": 0, "game_mode": 22, "is_contributor": false, "patch": 58, "region": 38, "isRadiant": true, "win": 0, "lose": 1, "total_gold": 31366, "total_xp": 39943, "kills_per_min": 0.1804812834224599, "kda": 2.08, "abandons": 0, "benchmarks": {"gold_per_min": {"raw": 629, "pct": 0.6092017738359202}, "xp_per_min": {"raw": 801, "pct": 0.5191241685144125}, "kills_per_min": {"raw": 0.1804812834224599, "pct": 0.4623059866962306}, "last_hits_per_min": {"raw": 8.803475935828878, "pct": 0.6244456762749445}, "hero_damage_per_min": {"raw": 912.2326203208556, "pct": 0.842849223946785}, "hero_healing_per_min": {"raw": 75.1403743315508, "pct": 0.3325942350332594}, "tower_damage": {"raw": 7778, "pct": 0.6166851441241685}}}, {"account_id": 132166356, "player_slot": 4, "team_number": 0, "team_slot": 4, "hero_id": 75, "hero_variant": 4, "item_0": 229, "item_1": 119, "item_2": 210, "item_3": 36, "item_4": 185, "item_5": 214, "backpack_0": 88, "backpack_1": 0, "backpack_2": 0, "item_neutral": 675, "item_neutral2": 1583, "kills": 2, "deaths": 8, "assists": 24, "leaver_status": 0, "last_hits": 53, "denies": 2, "gold_per_min": 320, "xp_per_min": 597, "level": 23, "net_worth": 16230, "aghanims_scepter": 0, "aghanims_shard": 1, "moonshard": 0, "hero_damage": 16935, "tower_damage": 808, "hero_healing": 0, "gold": 880, "gold_spent": 15295, "ability_upgrades_arr": [5377, 5378, 5378, 5379, 5378, 5380, 5378, 5379, 5379, 5379, 5377, 5377, 5380, 5377, 721, 730, 730, 5380, 730, 6880, 730, 730, 6184], "personaname": "ralf", "name": null, "last_login": null, "rank_tier": 43, "computed_mmr": null, "is_subscriber": false, "radiant_win": false, "start_time": 1761786165, "duration": 2992, "cluster": 346, "lobby_type": 0, "game_mode": 22, "is_contributor": false, "patch": 58, "region": 38, "isRadiant": true, "win": 0, "lose": 1, "total_gold": 15957, "total_xp": 29770, "kills_per_min": 0.040106951871657755, "kda": 2.89, "abandons": 0, "benchmarks": {"gold_per_min": {"raw": 320, "pct": 0.3039027511196417}, "xp_per_min": {"raw": 597, "pct": 0.6020473448496481}, "kills_per_min": {"raw": 0.040106951871657755, "pct": 0.08637236084452975}, "last_hits_per_min": {"raw": 1.0628342245989306, "pct": 0.19897632757517594}, "hero_damage_per_min": {"raw": 339.60561497326205, "pct": 0.22872680742162507}, "hero_healing_per_min": {"raw": 0, "pct": 0.7293666026871402},