{"players": [{"player_slot": 0, "team_number": 0, "team_slot": 0, "hero_id": 70, "hero_variant": 1, "item_0": 50, "item_1": 26, "item_2": 1, "item_3": 569, "item_4": 36, "item_5": 135, "backpack_0": 0, "backpack_1": 0, "backpack_2": 0, "item_neutral": 1600, "item_neutral2": 1586, "kills": 15, "deaths": 6, "assists": 8, "leaver_status": 0, "last_hits": 83, "denies": 2, "gold_per_min": 511, "xp_per_min": 689, "level": 19, "net_worth": 13278, "aghanims_scepter": 0, "aghanims_shard": 1, "moonshard": 0, "hero_damage": 20073, "tower_damage": 0, "hero_healing": 0, "gold": 828, "gold_spent": 13490, "ability_upgrades_arr": [5359, 5357, 5359, 5357, 5359, 5360, 5358, 5358, 5358, 5358, 5357, 5359, 5357, 5360, 6975, 758, 5360], "is_subscriber": false, "radiant_win": false, "start_time": 1756257614, "duration": 1710, "cluster": 241, "lobby_type": 7, "game_mode": 22, "is_contributor": false, "patch": 58, "region": 14, "isRadiant": true, "win": 0, "lose": 1, "total_gold": 14563, "total_xp": 19636, "kills_per_min": 0.5263157894736842, "kda": 3.29, "abandons": 0, "benchmarks": {"gold_per_min": {"raw": 511, "pct": 0.33430232558139533}, "xp_per_min": {"raw": 689, "pct": 0.32516611295681064}, "kills_per_min": {"raw": 0.5263157894736842, "pct": 0.8878737541528239}, "last_hits_per_min": {"raw": 2.912280701754386, "pct": 0.08098006644518273}, "hero_damage_per_min": {"raw": 704.3157894736843, "pct": 0.5228405315614618}, "hero_healing_per_min": {"raw": 0, "pct": 0.949750830564784}, "tower_damage": {"raw": 0, "pct": 0.17940199335548174}}}, {"account_id": 1143881578, "player_slot": 1, "team_number": 0, "team_slot": 1, "hero_id": 71, "hero_variant": 1, "item_0": 939, "item_1": 36, "item_2": 0, "item_3": 50, "item_4": 226, "item_5": 0, "backpack_0": 0, "backpack_1": 0, "backpack_2": 0, "item_neutral": 1606, "item_neutral2": 1585, "kills": 1, "deaths": 8, "assists": 12, "leaver_status": 0, "last_hits": 58, "denies": 0, "gold_per_min": 378, "xp_per_min": 595, "level": 17, "net_worth": 10576, "aghanims_scepter": 0, "aghanims_shard": 0, "moonshard": 0, "hero_damage": 9145, "tower_damage": 0, "hero_healing": 0, "gold": 76, "gold_spent": 11120, "ability_upgrades_arr": [5355, 5353, 5355, 7301, 5355, 5356, 5353, 5355, 5353, 5931, 5356, 7301, 5353, 7301, 6296, 7301], "personaname": "AsaL", "name": null, "last_login": null, "rank_tier": 44, "computed_mmr": 3951.09, "is_subscriber": false, "radiant_win": false, "start_time": 1756257614, "duration": 1710, "cluster": 241, "lobby_type": 7, "game_mode": 22, "is_contributor": false, "patch": 58, "region": 14, "isRadiant": true, "win": 0, "lose": 1, "total_gold": 10773, "total_xp": 16957, "kills_per_min": 0.03508771929824561, "kda": 1.44, "abandons": 0, "benchmarks": {"gold_per_min": {"raw": 378, "pct": 0.40307692307692305}, "xp_per_min": {"raw": 595, "pct": 0.38584615384615384}, "kills_per_min": {"raw": 0.03508771929824561, "pct": 0.04287179487179487}, "last_hits_per_min": {"raw": 2.0350877192982453, "pct": 0.3698461538461538}, "hero_damage_per_min": {"raw": 320.87719298245617, "pct": 0.11671794871794872}, "hero_healing_per_min": {"raw": 0, "pct": 0.7185641025641025}, "tower_damage": {"raw": 0, "pct": 0.2363076923076923}}}, {"account_id": 341174304, "player_slot": 2, "team_number": 0, "team_slot": 2, "hero_id": 1, "hero_variant": 2, "item_0": 63, "item_1": 145, "item_2": 208, "item_3": 75, "item_4": 36, "item_5": 21, "backpack_0": 43, "backpack_1": 0, "backpack_2": 0, "item_neutral": 828, "item_neutral2": 1584, "kills": 5, "deaths": 7, "assists": 10, "leaver_status": 0, "last_hits": 164, "denies": 5, "gold_per_min": 524, "xp_per_min": 628, "level": 18, "net_worth": 14207, "aghanims_scepter": 0, "aghanims_shard": 0, "moonshard": 0, "hero_damage": 11805, "tower_damage": 439, "hero_healing": 0, "gold": 552, "gold_spent": 14945, "ability_upgrades_arr": [5003, 5004, 5003, 7314, 5003, 5006, 7314, 5004, 5004, 5004, 5003, 5006, 7314, 7314, 966, 666, 5006], "personaname": "Coyote", "name": null, "last_login": null, "rank_tier": 41, "computed_mmr": 3929.88, "is_subscriber": false, "radiant_win": false, "start_time": 1756257614, "duration": 1710, "cluster": 241, "lobby_type": 7, "game_mode": 22, "is_contributor": false, "patch": 58, "region": 14, "isRadiant": true, "win": 0, "lose": 1, "total_gold": 14934, "total_xp": 17898, "kills_per_min": 0.17543859649122806, "kda": 1.88, "abandons": 0, "benchmarks": {"gold_per_min": {"raw": 524, "pct": 0.3315380011968881}, "xp_per_min": {"raw": 628, "pct": 0.23040095751047276}, "kills_per_min": {"raw": 0.17543859649122806, "pct": 0.4338719329742669}, "last_hits_per_min": {"raw": 5.754385964912281, "pct": 0.1717534410532615}, "hero_damage_per_min": {"raw": 414.2105263157895, "pct": 0.41412327947336924}, "hero_healing_per_min": {"raw": 0, "pct": 0.9470377019748654}, "tower_damage": {"raw": 439, "pct": 0.22830640335128666}}}, {"player_slot": 3, "team_number": 0, "team_slot": 3, "hero_id": 69, "hero_variant": 1, "item_0": 50, "item_1": 1, "item_2": 1575, "item_3": 0, "item_4": 0, "item_5": 244, "backpack_0": 0, "backpack_1": 0, "backpack_2": 0, "item_neutral": 1637, "item_neutral2": 1583, "kills": 0, "deaths": 31, "assists": 7, "leaver_status": 0, "last_hits": 56, "denies": 1, "gold_per_min": 308, "xp_per_min": 399, "level": 14, "net_worth": 5577, "aghanims_scepter": 0, "aghanims_shard": 0, "moonshard": 0, "hero_damage": 5631, "tower_damage": 158, "hero_healing": 0, "gold": 1302, "gold_spent": 5845, "ability_upgrades_arr": [5339, 5341, 5339, 5340, 5339, 5342, 5340, 5339, 5340, 6370, 5340, 5342, 5341, 5341], "is_subscriber": false, "radiant_win": false, "start_time": 1756257614, "duration": 1710, "cluster": 241, "lobby_type": 7, "game_mode": 22, "is_contributor": false, "patch": 58, "region": 14, "isRadiant": true, "win": 0, "lose": 1, "total_gold": 8778, "total_xp": 11371, "kda": 0.22, "abandons": 0, "benchmarks": {"gold_per_min": {"raw": 308, "pct": 0.018707080274686243}, "xp_per_min": {"raw": 399, "pct": 0.06085721051385271}, "kills_per_min": {"raw": 0, "pct": 0.010655931802036467}, "last_hits_per_min": {"raw": 1.9649122807017545, "pct": 0.02273265451101113}, "hero_damage_per_min": {"raw": 197.57894736842104, "pct": 0.019891072697134738}, "hero_healing_per_min": {"raw": 0, "pct": 0.8998342410608572}, "tower_damage": {"raw": 158, "pct": 0.2536111768884679}}}, {"player_slot": 4, "team_number": 0, "team_slot": 4, "hero_id": 64, "hero_variant": 4, "item_0": 180, "item_1": 90, "item_2": 36, "item_3": 40, "item_4": 254, "item_5": 188, "backpack_0": 94, "backpack_1": 0, "backpack_2": 0, "item_neutral": 1637, "item_neutral2": 1583, "kills": 5, "deaths": 7, "assists": 12, "leaver_status": 0, "last_hits": 37, "denies": 0, "gold_per_min": 361, "xp_per_min": 400, "level": 14, "net_worth": 8900, "aghanims_scepter": 0, "aghanims_shard": 0, "moonshard": 0, "hero_damage": 10571, "tower_damage": 0, "hero_healing": 0, "gold": 300, "gold_spent": 9085, "ability_upgrades_arr": [5299, 5297, 5298, 5298, 5297, 5300, 5299, 5297, 5297, 5298, 303, 5299, 5300, 5298], "is_subscriber": false, "radiant_win": false, "start_time": 1756257614, "duration": 1710, "cluster": 241, "lobby_type": 7, "game_mode": 22, "is_contributor": false, "patch": 58, "region": 14, "isRadiant": true, "win": 0, "lose": 1, "total_gold": 10288, "total_xp": 11400, "kills_per_min": 0.17543859649122806, "kda": 2.13, "abandons": 0, "benchmarks": {"gold_per_min": {"raw": 361, "pct": 0.5419560185185185}, "xp_per_min": {"raw": 400, "pct": 0.2042824074074074}, "kills_per_min": {"raw": 0.17543859649122806, "pct": 0.8278356481481481}, "last_hits_per_min": {"raw": 1.2982456140350878, "pct": 0.22366898148148148}, "hero_damage_per_min": {"raw": 370.9122807017544, "pct": 0.3492476851851852}, "hero_healing_per_min": {"raw": 0, "pct": 0.5746527777777778}, "tower_damage": {"raw": 0, "pct": 0.10040509259259259}}}, {"account_id": 45421382, "player_slot": 128, "team_number": 1, "team_slot": 0, "hero_id": 99, "hero_variant": 3, "item_0": 69, "item_1": 125, "item_2": 127, "item_3": 63,