{"players": [{"player_slot": 0, "team_number": 0, "team_slot": 0, "hero_id": 75, "hero_variant": 3, "item_0": 1806, "item_1": 141, "item_2": 77, "item_3": 63, "item_4": 77, "item_5": 263, "backpack_0": 41, "backpack_1": 0, "backpack_2": 0, "item_neutral": 840, "item_neutral2": 1583, "kills": 10, "deaths": 7, "assists": 17, "leaver_status": 0, "last_hits": 227, "denies": 15, "gold_per_min": 565, "xp_per_min": 795, "level": 23, "net_worth": 20436, "aghanims_scepter": 0, "aghanims_shard": 1, "moonshard": 0, "hero_damage": 32349, "tower_damage": 5227, "hero_healing": 0, "gold": 426, "gold_spent": 21020, "ability_upgrades_arr": [5377, 5379, 5377, 5379, 5377, 5379, 5377, 5379, 5380, 5378, 6184, 5378, 5380, 5378, 5378, 721, 5378, 5380, 7048], "is_subscriber": false, "radiant_win": true, "start_time": 1768412589, "duration": 2324, "cluster": 346, "lobby_type": 7, "game_mode": 22, "is_contributor": false, "patch": 59, "region": 38, "isRadiant": true, "win": 1, "lose": 0, "total_gold": 21884, "total_xp": 30793, "kills_per_min": 0.25817555938037867, "kda": 3.38, "abandons": 0, "benchmarks": {"gold_per_min": {"raw": 565, "pct": 0.9382597568777991}, "xp_per_min": {"raw": 795, "pct": 0.8838771593090211}, "kills_per_min": {"raw": 0.2581755593803786, "pct": 0.8451695457453615}, "last_hits_per_min": {"raw": 5.860585197934595, "pct": 0.9596928982725528}, "hero_damage_per_min": {"raw": 835.1721170395869, "pct": 0.9229046705054382}, "hero_healing_per_min": {"raw": 0, "pct": 0.7293666026871402}, "tower_damage": {"raw": 5227, "pct": 0.9385796545105566}}}, {"player_slot": 1, "team_number": 0, "team_slot": 1, "hero_id": 27, "hero_variant": 3, "item_0": 180, "item_1": 0, "item_2": 0, "item_3": 0, "item_4": 204, "item_5": 1, "backpack_0": 0, "backpack_1": 0, "backpack_2": 0, "item_neutral": 1599, "item_neutral2": 1584, "kills": 7, "deaths": 7, "assists": 25, "leaver_status": 0, "last_hits": 109, "denies": 2, "gold_per_min": 416, "xp_per_min": 693, "level": 22, "net_worth": 14643, "aghanims_scepter": 0, "aghanims_shard": 1, "moonshard": 0, "hero_damage": 17586, "tower_damage": 6819, "hero_healing": 0, "gold": 1993, "gold_spent": 14030, "ability_upgrades_arr": [5080, 5078, 5078, 5079, 5080, 5081, 5080, 5080, 5078, 468, 5078, 5079, 5081, 5079, 5079, 793, 5081, 6295], "is_subscriber": false, "radiant_win": true, "start_time": 1768412589, "duration": 2324, "cluster": 346, "lobby_type": 7, "game_mode": 22, "is_contributor": false, "patch": 59, "region": 38, "isRadiant": true, "win": 1, "lose": 0, "total_gold": 16113, "total_xp": 26842, "kills_per_min": 0.18072289156626506, "kda": 4, "abandons": 0, "benchmarks": {"gold_per_min": {"raw": 416, "pct": 0.7931308318443518}, "xp_per_min": {"raw": 693, "pct": 0.8445503275759381}, "kills_per_min": {"raw": 0.18072289156626506, "pct": 0.859638673813778}, "last_hits_per_min": {"raw": 2.8141135972461275, "pct": 0.8518959698233075}, "hero_damage_per_min": {"raw": 454.02753872633394, "pct": 0.7174905697836014}, "hero_healing_per_min": {"raw": 0, "pct": 0.669446098868374}, "tower_damage": {"raw": 6819, "pct": 0.8368076235854676}}}, {"account_id": 376749096, "player_slot": 2, "team_number": 0, "team_slot": 2, "hero_id": 32, "hero_variant": 3, "item_0": 135, "item_1": 939, "item_2": 174, "item_3": 143, "item_4": 0, "item_5": 63, "backpack_0": 75, "backpack_1": 0, "backpack_2": 0, "item_neutral": 1598, "item_neutral2": 1576, "kills": 18, "deaths": 8, "assists": 24, "leaver_status": 0, "last_hits": 91, "denies": 5, "gold_per_min": 498, "xp_per_min": 1077, "level": 26, "net_worth": 17377, "aghanims_scepter": 0, "aghanims_shard": 0, "moonshard": 0, "hero_damage": 38257, "tower_damage": 3911, "hero_healing": 0, "gold": 497, "gold_spent": 18530, "ability_upgrades_arr": [5143, 5142, 5143, 5145, 5143, 5144, 5143, 5145, 5145, 782, 5145, 5142, 5144, 5142, 5142, 1702, 5144, 6330, 795], "personaname": "TAKESHI", "name": null, "last_login": null, "rank_tier": 21, "computed_mmr": 3836.4, "is_subscriber": false, "radiant_win": true, "start_time": 1768412589, "duration": 2324, "cluster": 346, "lobby_type": 7, "game_mode": 22, "is_contributor": false, "patch": 59, "region": 38, "isRadiant": true, "win": 1, "lose": 0, "total_gold": 19289, "total_xp": 41715, "kills_per_min": 0.46471600688468157, "kda": 4.67, "abandons": 0, "benchmarks": {"gold_per_min": {"raw": 498, "pct": 0.5712260807937632}, "xp_per_min": {"raw": 1077, "pct": 0.7696669029057406}, "kills_per_min": {"raw": 0.4647160068846816, "pct": 0.8462083628632175}, "last_hits_per_min": {"raw": 2.3493975903614457, "pct": 0.2565556343019135}, "hero_damage_per_min": {"raw": 987.7022375215146, "pct": 0.8412473423104181}, "hero_healing_per_min": {"raw": 0, "pct": 0.920623671155209}, "tower_damage": {"raw": 3911, "pct": 0.7888022678951099}}}, {"account_id": 37467834, "player_slot": 3, "team_number": 0, "team_slot": 3, "hero_id": 2, "hero_variant": 2, "item_0": 127, "item_1": 1, "item_2": 50, "item_3": 273, "item_4": 36, "item_5": 114, "backpack_0": 11, "backpack_1": 0, "backpack_2": 0, "item_neutral": 71, "item_neutral2": 1585, "kills": 20, "deaths": 7, "assists": 21, "leaver_status": 0, "last_hits": 172, "denies": 0, "gold_per_min": 616, "xp_per_min": 997, "level": 26, "net_worth": 21435, "aghanims_scepter": 0, "aghanims_shard": 1, "moonshard": 0, "hero_damage": 40268, "tower_damage": 3905, "hero_healing": 73, "gold": 4125, "gold_spent": 18655, "ability_upgrades_arr": [5009, 5007, 5008, 5009, 5009, 5010, 5009, 5007, 5007, 5007, 1189, 5008, 5010, 5008, 5008, 974, 5010, 6145, 6608], "personaname": "ExtremoDiaz", "name": null, "last_login": null, "rank_tier": 22, "computed_mmr": 3968.35, "is_subscriber": false, "radiant_win": true, "start_time": 1768412589, "duration": 2324, "cluster": 346, "lobby_type": 7, "game_mode": 22, "is_contributor": false, "patch": 59, "region": 38, "isRadiant": true, "win": 1, "lose": 0, "total_gold": 23859, "total_xp": 38617, "kills_per_min": 0.5163511187607573, "kda": 5.13, "abandons": 0, "benchmarks": {"gold_per_min": {"raw": 616, "pct": 0.9128312412831241}, "xp_per_min": {"raw": 997, "pct": 0.9163179916317992}, "kills_per_min": {"raw": 0.5163511187607572, "pct": 0.9458391445839145}, "last_hits_per_min": {"raw": 4.440619621342512, "pct": 0.4444444444444444}, "hero_damage_per_min": {"raw": 1039.6213425129088, "pct": 0.901208740120874}, "hero_healing_per_min": {"raw": 1.8846815834767643, "pct": 0.9281729428172942}, "tower_damage": {"raw": 3905, "pct": 0.9386331938633193}}}, {"player_slot": 4, "team_number": 0, "team_slot": 4, "hero_id": 26, "hero_variant": 2, "item_0": 43, "item_1": 40, "item_2": 214, "item_3": 108, "item_4": 1, "item_5": 232, "backpack_0": 0, "backpack_1": 0, "backpack_2": 0, "item_neutral": 1606, "item_neutral2": 1577, "kills": 9, "deaths": 8, "assists": 30, "leaver_status": 0, "last_hits": 39, "denies": 1, "gold_per_min": 393, "xp_per_min": 826, "level": 24, "net_worth": 13262, "aghanims_scepter": 0, "aghanims_shard": 1, "moonshard": 0, "hero_damage": 18210, "tower_damage": 0, "hero_healing": 195, "gold": 2027, "gold_spent": 12925, "ability_upgrades_arr": [5044, 5046, 5046, 5045, 5046, 5047, 5044, 5044, 5044, 5046, 5918, 5045, 5047, 5045, 5045, 401, 5047, 777], "is_subscriber": false, "radiant_win": true, "start_time": 1768412589, "duration": 2324, "cluster": 346, "lobby_type": 7, "game_mode": 22, "is_contributor": false, "patch": 59, "region": 38, "isRadiant": true, "win": 1, "lose": 0, "total_gold": 15222, "total_xp": 31993, "kills_per_min": 0.23235800344234078, "kda": 4.33, "abandons": 0, "benchmarks": {"gold_per_min": {"raw": 393, "pct": 0.7771017699115044}, "xp_per_min": {"raw": 826, "pct": 0.8987831858407079}, "kills_per_min": {"raw": 0.2323580034423408, "pct": 0.8165099557522124}, "last_hits_per_min": {"raw": 1.0068846815834769, "pct": 0.4021017699115044}, "hero_damage_per_min": {"raw": 470.13769363166955, "pct": 0.8196902654867256}, "hero_healing_per_min": {"raw": 5.034423407917384, "pct": 0.9202157079646017}, "tower_damage": {"raw": 0,