{"players": [{"account_id": 37467834, "player_slot": 0, "team_number": 0, "team_slot": 0, "hero_id": 36, "hero_variant": 1, "item_0": 36, "item_1": 73, "item_2": 119, "item_3": 48, "item_4": 137, "item_5": 0, "backpack_0": 0, "backpack_1": 0, "backpack_2": 0, "item_neutral": 1607, "item_neutral2": 1583, "kills": 12, "deaths": 13, "assists": 13, "leaver_status": 0, "last_hits": 154, "denies": 2, "gold_per_min": 459, "xp_per_min": 706, "level": 24, "net_worth": 17654, "aghanims_scepter": 0, "aghanims_shard": 1, "moonshard": 0, "hero_damage": 22165, "tower_damage": 223, "hero_healing": 2433, "gold": 2824, "gold_spent": 15865, "ability_upgrades_arr": [5158, 5159, 5158, 1270, 5159, 5161, 5158, 5159, 5158, 820, 5159, 5161, 1270, 1270, 7110, 1270, 5161, 1050], "personaname": "ExtremoDiaz", "name": null, "last_login": null, "rank_tier": 22, "computed_mmr": 3968.35, "is_subscriber": false, "radiant_win": false, "start_time": 1761592503, "duration": 2665, "cluster": 346, "lobby_type": 7, "game_mode": 22, "is_contributor": false, "patch": 58, "region": 38, "isRadiant": true, "win": 0, "lose": 1, "total_gold": 20387, "total_xp": 31358, "kills_per_min": 0.2701688555347092, "kda": 1.79, "abandons": 0, "benchmarks": {"gold_per_min": {"raw": 459, "pct": 0.22530151398511675}, "xp_per_min": {"raw": 706, "pct": 0.3695150115473441}, "kills_per_min": {"raw": 0.2701688555347092, "pct": 0.5434949961508853}, "last_hits_per_min": {"raw": 3.4671669793621014, "pct": 0.08570695406723121}, "hero_damage_per_min": {"raw": 499.0243902439024, "pct": 0.13112650756992558}, "hero_healing_per_min": {"raw": 54.776735459662284, "pct": 0.13497562227354376}, "tower_damage": {"raw": 223, "pct": 0.1924557351809084}}}, {"player_slot": 1, "team_number": 0, "team_slot": 1, "hero_id": 31, "hero_variant": 2, "item_0": 214, "item_1": 176, "item_2": 0, "item_3": 36, "item_4": 1575, "item_5": 204, "backpack_0": 0, "backpack_1": 0, "backpack_2": 0, "item_neutral": 359, "item_neutral2": 1595, "kills": 11, "deaths": 17, "assists": 15, "leaver_status": 0, "last_hits": 111, "denies": 2, "gold_per_min": 443, "xp_per_min": 783, "level": 25, "net_worth": 17003, "aghanims_scepter": 0, "aghanims_shard": 1, "moonshard": 0, "hero_damage": 35658, "tower_damage": 157, "hero_healing": 125, "gold": 1028, "gold_spent": 17790, "ability_upgrades_arr": [5134, 5136, 7325, 5134, 5134, 5137, 5134, 7325, 7325, 530, 5136, 5137, 5136, 5136, 6387, 7325, 5137, 531, 1543], "is_subscriber": false, "radiant_win": false, "start_time": 1761592503, "duration": 2665, "cluster": 346, "lobby_type": 7, "game_mode": 22, "is_contributor": false, "patch": 58, "region": 38, "isRadiant": true, "win": 0, "lose": 1, "total_gold": 19676, "total_xp": 34778, "kills_per_min": 0.2476547842401501, "kda": 1.44, "abandons": 0, "benchmarks": {"gold_per_min": {"raw": 443, "pct": 0.8960494372103288}, "xp_per_min": {"raw": 783, "pct": 0.8900904877510484}, "kills_per_min": {"raw": 0.24765478424015008, "pct": 0.8861178547781947}, "last_hits_per_min": {"raw": 2.49906191369606, "pct": 0.8541160891635401}, "hero_damage_per_min": {"raw": 802.8067542213885, "pct": 0.9384241889207681}, "hero_healing_per_min": {"raw": 2.8142589118198873, "pct": 0.7344956963142794}, "tower_damage": {"raw": 157, "pct": 0.4133745310086074}}}, {"player_slot": 2, "team_number": 0, "team_slot": 2, "hero_id": 86, "hero_variant": 2, "item_0": 180, "item_1": 256, "item_2": 77, "item_3": 100, "item_4": 1107, "item_5": 176, "backpack_0": 42, "backpack_1": 0, "backpack_2": 0, "item_neutral": 1603, "item_neutral2": 1594, "kills": 7, "deaths": 12, "assists": 17, "leaver_status": 0, "last_hits": 186, "denies": 6, "gold_per_min": 479, "xp_per_min": 877, "level": 26, "net_worth": 16940, "aghanims_scepter": 0, "aghanims_shard": 0, "moonshard": 0, "hero_damage": 42200, "tower_damage": 725, "hero_healing": 0, "gold": 1460, "gold_spent": 17185, "ability_upgrades_arr": [5450, 5448, 5450, 7320, 5450, 5452, 5450, 7320, 5448, 6862, 7320, 5452, 7320, 5448, 518, 5448, 5452, 6863, 6870], "is_subscriber": false, "radiant_win": false, "start_time": 1761592503, "duration": 2665, "cluster": 346, "lobby_type": 7, "game_mode": 22, "is_contributor": false, "patch": 58, "region": 38, "isRadiant": true, "win": 0, "lose": 1, "total_gold": 21275, "total_xp": 38953, "kills_per_min": 0.1575984990619137, "kda": 1.85, "abandons": 0, "benchmarks": {"gold_per_min": {"raw": 479, "pct": 0.7802441731409545}, "xp_per_min": {"raw": 877, "pct": 0.8969663337032926}, "kills_per_min": {"raw": 0.1575984990619137, "pct": 0.5854605993340732}, "last_hits_per_min": {"raw": 4.1876172607879925, "pct": 0.790788013318535}, "hero_damage_per_min": {"raw": 950.093808630394, "pct": 0.9221235664076951}, "hero_healing_per_min": {"raw": 0, "pct": 0.4803921568627451}, "tower_damage": {"raw": 725, "pct": 0.5701072881982981}}}, {"player_slot": 3, "team_number": 0, "team_slot": 3, "hero_id": 84, "hero_variant": 2, "item_0": 0, "item_1": 108, "item_2": 36, "item_3": 100, "item_4": 1, "item_5": 180, "backpack_0": 0, "backpack_1": 0, "backpack_2": 0, "item_neutral": 1599, "item_neutral2": 1586, "kills": 9, "deaths": 15, "assists": 6, "leaver_status": 0, "last_hits": 86, "denies": 1, "gold_per_min": 319, "xp_per_min": 519, "level": 20, "net_worth": 11820, "aghanims_scepter": 0, "aghanims_shard": 0, "moonshard": 0, "hero_damage": 16474, "tower_damage": 296, "hero_healing": 0, "gold": 920, "gold_spent": 11690, "ability_upgrades_arr": [5439, 5439, 5438, 5440, 5438, 5441, 5439, 5439, 5438, 5438, 5440, 5441, 403, 5440, 442, 5440, 5441, 6708], "is_subscriber": false, "radiant_win": false, "start_time": 1761592503, "duration": 2665, "cluster": 346, "lobby_type": 7, "game_mode": 22, "is_contributor": false, "patch": 58, "region": 38, "isRadiant": true, "win": 0, "lose": 1, "total_gold": 14168, "total_xp": 23052, "kills_per_min": 0.20262664165103192, "kda": 0.94, "abandons": 0, "benchmarks": {"gold_per_min": {"raw": 319, "pct": 0.14066599394550958}, "xp_per_min": {"raw": 519, "pct": 0.33380423814328963}, "kills_per_min": {"raw": 0.2026266416510319, "pct": 0.8026236125126135}, "last_hits_per_min": {"raw": 1.9362101313320825, "pct": 0.3136226034308779}, "hero_damage_per_min": {"raw": 370.89681050656657, "pct": 0.1715438950554995}, "hero_healing_per_min": {"raw": 0, "pct": 0.6779011099899092}, "tower_damage": {"raw": 296, "pct": 0.39899091826437943}}}, {"player_slot": 4, "team_number": 0, "team_slot": 4, "hero_id": 56, "hero_variant": 1, "item_0": 0, "item_1": 40, "item_2": 263, "item_3": 63, "item_4": 141, "item_5": 168, "backpack_0": 0, "backpack_1": 4204, "backpack_2": 0, "item_neutral": 1602, "item_neutral2": 1586, "kills": 8, "deaths": 9, "assists": 12, "leaver_status": 0, "last_hits": 195, "denies": 9, "gold_per_min": 484, "xp_per_min": 730, "level": 24, "net_worth": 19161, "aghanims_scepter": 0, "aghanims_shard": 1, "moonshard": 0, "hero_damage": 21382, "tower_damage": 893, "hero_healing": 0, "gold": 3051, "gold_spent": 17105, "ability_upgrades_arr": [5262, 1119, 5262, 1120, 5262, 5261, 5262, 1119, 1119, 523, 1120, 5261, 1120, 1119, 1614, 1120, 5261, 494], "is_subscriber": false, "radiant_win": false, "start_time": 1761592503, "duration": 2665, "cluster": 346, "lobby_type": 7, "game_mode": 22, "is_contributor": false, "patch": 58, "region": 38, "isRadiant": true, "win": 0, "lose": 1, "total_gold": 21497, "total_xp": 32424, "kills_per_min": 0.1801125703564728, "kda": 2, "abandons": 0, "benchmarks": {"gold_per_min": {"raw": 484, "pct": 0.3467362924281984}, "xp_per_min": {"raw": 730, "pct": 0.47885117493472584}, "kills_per_min": {"raw": 0.1801125703564728, "pct": 0.29556135770234987}, "last_hits_per_min": {"raw": 4.390243902439024, "pct": 0.29921671018276763}, "hero_damage_per_min": {"raw": 481.3958724202627, "pct": 0.17389033942558746}, "hero_healing_per_min": {"raw": 0, "pct": 0.9608355091383812}, "tower_damage": {"raw": 893, "pct": 0.22610966057441254}}}, {"player_slot": 128, "team_number": 1, "team_slot": 0, "hero_id": 26, "hero_variant": 1, "item_0": 1,