{"players": [{"player_slot": 0, "team_number": 0, "team_slot": 0, "hero_id": 83, "hero_variant": 3, "item_0": 112, "item_1": 9, "item_2": 137, "item_3": 90, "item_4": 226, "item_5": 1, "backpack_0": 0, "backpack_1": 0, "backpack_2": 0, "item_neutral": 1603, "item_neutral2": 1586, "kills": 3, "deaths": 14, "assists": 32, "leaver_status": 0, "last_hits": 313, "denies": 1, "gold_per_min": 483, "xp_per_min": 744, "level": 26, "net_worth": 23130, "aghanims_scepter": 0, "aghanims_shard": 1, "moonshard": 0, "hero_damage": 56819, "tower_damage": 749, "hero_healing": 4767, "gold": 680, "gold_spent": 24965, "ability_upgrades_arr": [5436, 5435, 338, 5435, 5436, 5437, 5436, 5435, 5436, 5435, 548, 338, 338, 5437, 338, 340, 5437, 6531, 1131], "is_subscriber": false, "radiant_win": false, "start_time": 1768850769, "duration": 3284, "cluster": 251, "lobby_type": 7, "game_mode": 22, "is_contributor": false, "patch": 59, "region": 15, "isRadiant": true, "win": 0, "lose": 1, "total_gold": 26436, "total_xp": 40721, "kills_per_min": 0.05481120584652862, "kda": 2.33, "abandons": 0, "benchmarks": {"gold_per_min": {"raw": 483, "pct": 0.9422336328626444}, "xp_per_min": {"raw": 744, "pct": 0.8985879332477535}, "kills_per_min": {"raw": 0.05481120584652862, "pct": 0.3504492939666239}, "last_hits_per_min": {"raw": 5.71863580998782, "pct": 0.982028241335045}, "hero_damage_per_min": {"raw": 1038.1059683313033, "pct": 0.9922978177150192}, "hero_healing_per_min": {"raw": 87.09500609013398, "pct": 0.45186136071887034}, "tower_damage": {"raw": 749, "pct": 0.613607188703466}}}, {"account_id": 1855840314, "player_slot": 1, "team_number": 0, "team_slot": 1, "hero_id": 27, "hero_variant": 2, "item_0": 180, "item_1": 152, "item_2": 108, "item_3": 1, "item_4": 110, "item_5": 0, "backpack_0": 0, "backpack_1": 0, "backpack_2": 0, "item_neutral": 1598, "item_neutral2": 1593, "kills": 8, "deaths": 15, "assists": 30, "leaver_status": 0, "last_hits": 111, "denies": 0, "gold_per_min": 388, "xp_per_min": 565, "level": 23, "net_worth": 16715, "aghanims_scepter": 0, "aghanims_shard": 0, "moonshard": 0, "hero_damage": 32772, "tower_damage": 1220, "hero_healing": 0, "gold": 615, "gold_spent": 17490, "ability_upgrades_arr": [5080, 5079, 5078, 5080, 5080, 5081, 5078, 5080, 5078, 468, 5078, 5081, 5079, 5079, 5079, 793, 5081, 6295], "personaname": "♫ MC PAIPACO ♫", "name": null, "last_login": null, "rank_tier": 15, "computed_mmr": 4182.44, "is_subscriber": false, "radiant_win": false, "start_time": 1768850769, "duration": 3284, "cluster": 251, "lobby_type": 7, "game_mode": 22, "is_contributor": false, "patch": 59, "region": 15, "isRadiant": true, "win": 0, "lose": 1, "total_gold": 21236, "total_xp": 30924, "kills_per_min": 0.146163215590743, "kda": 2.38, "abandons": 0, "benchmarks": {"gold_per_min": {"raw": 388, "pct": 0.6732181854278341}, "xp_per_min": {"raw": 565, "pct": 0.5854675402025015}, "kills_per_min": {"raw": 0.146163215590743, "pct": 0.7530275957911455}, "last_hits_per_min": {"raw": 2.0280146163215593, "pct": 0.6063132817153067}, "hero_damage_per_min": {"raw": 598.7576126674786, "pct": 0.9211832439944412}, "hero_healing_per_min": {"raw": 0, "pct": 0.669446098868374}, "tower_damage": {"raw": 1220, "pct": 0.3521937661306333}}}, {"player_slot": 2, "team_number": 0, "team_slot": 2, "hero_id": 74, "hero_variant": 3, "item_0": 180, "item_1": 96, "item_2": 108, "item_3": 123, "item_4": 77, "item_5": 218, "backpack_0": 0, "backpack_1": 0, "backpack_2": 0, "item_neutral": 1601, "item_neutral2": 1585, "kills": 9, "deaths": 13, "assists": 35, "leaver_status": 0, "last_hits": 221, "denies": 1, "gold_per_min": 452, "xp_per_min": 866, "level": 27, "net_worth": 20946, "aghanims_scepter": 0, "aghanims_shard": 1, "moonshard": 0, "hero_damage": 46636, "tower_damage": 99, "hero_healing": 0, "gold": 3241, "gold_spent": 18315, "ability_upgrades_arr": [5372, 5370, 5371, 5372, 5372, 5371, 5370, 5372, 5371, 6099, 5370, 5372, 5372, 5370, 5372, 7148, 5371, 5370, 5371, 5370, 5762, 5371, 5371, 5370, 6098], "is_subscriber": false, "radiant_win": false, "start_time": 1768850769, "duration": 3284, "cluster": 251, "lobby_type": 7, "game_mode": 22, "is_contributor": false, "patch": 59, "region": 15, "isRadiant": true, "win": 0, "lose": 1, "total_gold": 24739, "total_xp": 47399, "kills_per_min": 0.16443361753958588, "kda": 3.14, "abandons": 0, "benchmarks": {"gold_per_min": {"raw": 452, "pct": 0.47846802272310796}, "xp_per_min": {"raw": 866, "pct": 0.8046545721092175}, "kills_per_min": {"raw": 0.16443361753958588, "pct": 0.439802089059923}, "last_hits_per_min": {"raw": 4.037758830694275, "pct": 0.5145684442001099}, "hero_damage_per_min": {"raw": 852.0584652862362, "pct": 0.7811984606926883}, "hero_healing_per_min": {"raw": 0, "pct": 0.8402052409748947}, "tower_damage": {"raw": 99, "pct": 0.14696719809419095}}}, {"player_slot": 3, "team_number": 0, "team_slot": 3, "hero_id": 114, "hero_variant": 2, "item_0": 249, "item_1": 5, "item_2": 174, "item_3": 50, "item_4": 208, "item_5": 116, "backpack_0": 216, "backpack_1": 0, "backpack_2": 0, "item_neutral": 1643, "item_neutral2": 1594, "kills": 20, "deaths": 13, "assists": 31, "leaver_status": 0, "last_hits": 264, "denies": 6, "gold_per_min": 594, "xp_per_min": 1007, "level": 28, "net_worth": 27577, "aghanims_scepter": 0, "aghanims_shard": 0, "moonshard": 0, "hero_damage": 80101, "tower_damage": 1460, "hero_healing": 0, "gold": 5832, "gold_spent": 22855, "ability_upgrades_arr": [5723, 5716, 5721, 5723, 5723, 5725, 5723, 5716, 5716, 5716, 748, 5721, 5725, 5721, 5721, 5721, 6421, 5725, 802, 7025, 730, 6696, 7038], "is_subscriber": false, "radiant_win": false, "start_time": 1768850769, "duration": 3284, "cluster": 251, "lobby_type": 7, "game_mode": 22, "is_contributor": false, "patch": 59, "region": 15, "isRadiant": true, "win": 0, "lose": 1, "total_gold": 32511, "total_xp": 55116, "kills_per_min": 0.3654080389768575, "kda": 3.64, "abandons": 0, "benchmarks": {"gold_per_min": {"raw": 594, "pct": 0.6915832842848735}, "xp_per_min": {"raw": 1007, "pct": 0.8469688051795173}, "kills_per_min": {"raw": 0.3654080389768575, "pct": 0.7857563272513243}, "last_hits_per_min": {"raw": 4.823386114494519, "pct": 0.379635079458505}, "hero_damage_per_min": {"raw": 1463.477466504263, "pct": 0.9664508534432019}, "hero_healing_per_min": {"raw": 0, "pct": 0.9417304296645085}, "tower_damage": {"raw": 1460, "pct": 0.44732195409064157}}}, {"player_slot": 4, "team_number": 0, "team_slot": 4, "hero_id": 36, "hero_variant": 2, "item_0": 204, "item_1": 600, "item_2": 119, "item_3": 30, "item_4": 37, "item_5": 48, "backpack_0": 0, "backpack_1": 0, "backpack_2": 0, "item_neutral": 1719, "item_neutral2": 1589, "kills": 24, "deaths": 5, "assists": 27, "leaver_status": 0, "last_hits": 286, "denies": 1, "gold_per_min": 602, "xp_per_min": 1048, "level": 29, "net_worth": 31286, "aghanims_scepter": 0, "aghanims_shard": 1, "moonshard": 0, "hero_damage": 89791, "tower_damage": 110, "hero_healing": 8702, "gold": 6511, "gold_spent": 25545, "ability_upgrades_arr": [5158, 5159, 5159, 5158, 5159, 5161, 5159, 5158, 1270, 1049, 5158, 1270, 5161, 1270, 1270, 7110, 5161, 1050, 6703, 820, 7111], "is_subscriber": false, "radiant_win": false, "start_time": 1768850769, "duration": 3284, "cluster": 251, "lobby_type": 7, "game_mode": 22, "is_contributor": false, "patch": 59, "region": 15, "isRadiant": true, "win": 0, "lose": 1, "total_gold": 32949, "total_xp": 57360, "kills_per_min": 0.43848964677222896, "kda": 8.5, "abandons": 0, "benchmarks": {"gold_per_min": {"raw": 602, "pct": 0.5853220425968694}, "xp_per_min": {"raw": 1048, "pct": 0.8478316653836284}, "kills_per_min": {"raw": 0.43848964677222896, "pct": 0.8752886836027713}, "last_hits_per_min": {"raw": 5.225334957369062, "pct": 0.2630228380805748}, "hero_damage_per_min": {"raw": 1640.5176613885506, "pct": 0.9540672312034899}, "hero_healing_per_min": {"raw": 158.9890377588307, "pct": 0.5696689761354888}, "tower_damage": {"raw": 110,