{"players": [{"player_slot": 0, "team_number": 0, "team_slot": 0, "hero_id": 114, "hero_variant": 3, "item_0": 252, "item_1": 174, "item_2": 135, "item_3": 63, "item_4": 75, "item_5": 569, "backpack_0": 36, "backpack_1": 0, "backpack_2": 0, "item_neutral": 1603, "item_neutral2": 1584, "kills": 6, "deaths": 9, "assists": 14, "leaver_status": 0, "last_hits": 157, "denies": 20, "gold_per_min": 409, "xp_per_min": 564, "level": 20, "net_worth": 14131, "aghanims_scepter": 0, "aghanims_shard": 0, "moonshard": 0, "hero_damage": 17728, "tower_damage": 40, "hero_healing": 0, "gold": 726, "gold_spent": 13890, "ability_upgrades_arr": [5723, 5716, 5723, 5716, 5721, 5725, 5723, 5723, 5716, 5716, 5721, 5725, 5721, 5721, 6421, 748, 5725, 802], "is_subscriber": false, "radiant_win": false, "start_time": 1762115741, "duration": 2348, "cluster": 381, "lobby_type": 0, "game_mode": 22, "is_contributor": false, "patch": 58, "isRadiant": true, "win": 0, "lose": 1, "total_gold": 16005, "total_xp": 22071, "kills_per_min": 0.15332197614991483, "kda": 2, "abandons": 0, "benchmarks": {"gold_per_min": {"raw": 409, "pct": 0.27486756915832844}, "xp_per_min": {"raw": 564, "pct": 0.28546203649205415}, "kills_per_min": {"raw": 0.1533219761499148, "pct": 0.3578575632725132}, "last_hits_per_min": {"raw": 4.0119250425894375, "pct": 0.27604473219540904}, "hero_damage_per_min": {"raw": 453.01533219761495, "pct": 0.3048852266038846}, "hero_healing_per_min": {"raw": 0, "pct": 0.9417304296645085}, "tower_damage": {"raw": 40, "pct": 0.18010594467333726}}}, {"player_slot": 1, "team_number": 0, "team_slot": 1, "hero_id": 123, "hero_variant": 1, "item_0": 36, "item_1": 63, "item_2": 98, "item_3": 123, "item_4": 596, "item_5": 0, "backpack_0": 0, "backpack_1": 0, "backpack_2": 0, "item_neutral": 675, "item_neutral2": 1595, "kills": 4, "deaths": 8, "assists": 8, "leaver_status": 0, "last_hits": 185, "denies": 6, "gold_per_min": 363, "xp_per_min": 476, "level": 18, "net_worth": 11376, "aghanims_scepter": 0, "aghanims_shard": 0, "moonshard": 0, "hero_damage": 21895, "tower_damage": 0, "hero_healing": 0, "gold": 326, "gold_spent": 11690, "ability_upgrades_arr": [8429, 9501, 8429, 8158, 8429, 8106, 8429, 8158, 8158, 7132, 8158, 8106, 9501, 9501, 9513, 9501, 8106], "is_subscriber": false, "radiant_win": false, "start_time": 1762115741, "duration": 2348, "cluster": 381, "lobby_type": 0, "game_mode": 22, "is_contributor": false, "patch": 58, "isRadiant": true, "win": 0, "lose": 1, "total_gold": 14205, "total_xp": 18627, "kills_per_min": 0.10221465076660988, "kda": 1.33, "abandons": 0, "benchmarks": {"gold_per_min": {"raw": 363, "pct": 0.4459901800327332}, "xp_per_min": {"raw": 476, "pct": 0.27454991816693947}, "kills_per_min": {"raw": 0.10221465076660988, "pct": 0.32569558101472995}, "last_hits_per_min": {"raw": 4.727427597955708, "pct": 0.9054828150572831}, "hero_damage_per_min": {"raw": 559.4974446337309, "pct": 0.679214402618658}, "hero_healing_per_min": {"raw": 0, "pct": 0.6239770867430442}, "tower_damage": {"raw": 0, "pct": 0.1988543371522095}}}, {"player_slot": 2, "team_number": 0, "team_slot": 2, "hero_id": 36, "hero_variant": 1, "item_0": 180, "item_1": 79, "item_2": 36, "item_3": 127, "item_4": 0, "item_5": 0, "backpack_0": 0, "backpack_1": 0, "backpack_2": 0, "item_neutral": 1158, "item_neutral2": 1577, "kills": 5, "deaths": 12, "assists": 15, "leaver_status": 0, "last_hits": 118, "denies": 0, "gold_per_min": 341, "xp_per_min": 452, "level": 18, "net_worth": 9745, "aghanims_scepter": 0, "aghanims_shard": 1, "moonshard": 0, "hero_damage": 19540, "tower_damage": 70, "hero_healing": 5175, "gold": 2320, "gold_spent": 9180, "ability_upgrades_arr": [5158, 5159, 5159, 5158, 5158, 5161, 5158, 5159, 5159, 1270, 5161, 1270, 1049, 1270, 7111, 1270, 5161], "is_subscriber": false, "radiant_win": false, "start_time": 1762115741, "duration": 2348, "cluster": 381, "lobby_type": 0, "game_mode": 22, "is_contributor": false, "patch": 58, "isRadiant": true, "win": 0, "lose": 1, "total_gold": 13344, "total_xp": 17688, "kills_per_min": 0.12776831345826234, "kda": 1.54, "abandons": 0, "benchmarks": {"gold_per_min": {"raw": 341, "pct": 0.06055940467025917}, "xp_per_min": {"raw": 452, "pct": 0.08134462406979728}, "kills_per_min": {"raw": 0.12776831345826234, "pct": 0.12830382345393893}, "last_hits_per_min": {"raw": 3.0153321976149914, "pct": 0.06800102643058763}, "hero_damage_per_min": {"raw": 499.3185689948893, "pct": 0.13138311521683346}, "hero_healing_per_min": {"raw": 132.2402044293015, "pct": 0.4793430844239158}, "tower_damage": {"raw": 70, "pct": 0.11598665640236079}}}, {"player_slot": 3, "team_number": 0, "team_slot": 3, "hero_id": 14, "hero_variant": 3, "item_0": 127, "item_1": 214, "item_2": 125, "item_3": 218, "item_4": 0, "item_5": 1, "backpack_0": 0, "backpack_1": 0, "backpack_2": 0, "item_neutral": 840, "item_neutral2": 1585, "kills": 6, "deaths": 9, "assists": 11, "leaver_status": 0, "last_hits": 44, "denies": 0, "gold_per_min": 283, "xp_per_min": 439, "level": 17, "net_worth": 8592, "aghanims_scepter": 0, "aghanims_shard": 0, "moonshard": 0, "hero_damage": 14981, "tower_damage": 0, "hero_healing": 0, "gold": 1292, "gold_spent": 8395, "ability_upgrades_arr": [5075, 5076, 5074, 5075, 5075, 5077, 5075, 5076, 5076, 5932, 5074, 5077, 5074, 5074, 507, 5076], "is_subscriber": false, "radiant_win": false, "start_time": 1762115741, "duration": 2348, "cluster": 381, "lobby_type": 0, "game_mode": 22, "is_contributor": false, "patch": 58, "isRadiant": true, "win": 0, "lose": 1, "total_gold": 11074, "total_xp": 17179, "kills_per_min": 0.15332197614991483, "kda": 1.7, "abandons": 0, "benchmarks": {"gold_per_min": {"raw": 283, "pct": 0.1404376313512177}, "xp_per_min": {"raw": 439, "pct": 0.20880207689454816}, "kills_per_min": {"raw": 0.1533219761499148, "pct": 0.4640870317715416}, "last_hits_per_min": {"raw": 1.1243611584327087, "pct": 0.15218197552231424}, "hero_damage_per_min": {"raw": 382.8194207836457, "pct": 0.2848312523179627}, "hero_healing_per_min": {"raw": 0, "pct": 0.7490419087649894}, "tower_damage": {"raw": 0, "pct": 0.29546297440969216}}}, {"player_slot": 4, "team_number": 0, "team_slot": 4, "hero_id": 60, "hero_variant": 2, "item_0": 50, "item_1": 55, "item_2": 26, "item_3": 116, "item_4": 252, "item_5": 143, "backpack_0": 0, "backpack_1": 0, "backpack_2": 0, "item_neutral": 1603, "item_neutral2": 1584, "kills": 5, "deaths": 7, "assists": 6, "leaver_status": 0, "last_hits": 243, "denies": 10, "gold_per_min": 405, "xp_per_min": 609, "level": 21, "net_worth": 14809, "aghanims_scepter": 0, "aghanims_shard": 0, "moonshard": 0, "hero_damage": 14505, "tower_damage": 0, "hero_healing": 0, "gold": 784, "gold_spent": 14675, "ability_upgrades_arr": [5276, 5277, 5277, 5275, 5277, 5278, 5277, 5276, 5276, 5276, 816, 5278, 5275, 5275, 1048, 5275, 5278, 1312], "is_subscriber": false, "radiant_win": false, "start_time": 1762115741, "duration": 2348, "cluster": 381, "lobby_type": 0, "game_mode": 22, "is_contributor": false, "patch": 58, "isRadiant": true, "win": 0, "lose": 1, "total_gold": 15849, "total_xp": 23832, "kills_per_min": 0.12776831345826234, "kda": 1.38, "abandons": 0, "benchmarks": {"gold_per_min": {"raw": 405, "pct": 0.22845314264207753}, "xp_per_min": {"raw": 609, "pct": 0.3439969890854347}, "kills_per_min": {"raw": 0.12776831345826234, "pct": 0.20361309747835904}, "last_hits_per_min": {"raw": 6.20954003407155, "pct": 0.8280015054572827}, "hero_damage_per_min": {"raw": 370.6558773424191, "pct": 0.17764395935265337}, "hero_healing_per_min": {"raw": 0, "pct": 0.9092961987203613}, "tower_damage": {"raw": 0, "pct": 0.12344749717726759}}}, {"player_slot": 128, "team_number": 1, "team_slot": 0, "hero_id": 94, "hero_variant": 1, "item_0": 180, "item_1": 116, "item_2": 141, "item_3": 24, "item_4": 147, "item_5": 139, "backpack_0": 1575, "backpack_1": 0, "backpack_2": 0, "item_neutral": 1605, "item_neutral2": 1586, "kills": 9, "deaths": 3, "assists": 14, "leaver_status": 0, "last_hits": 441, "denies": 4,