{"players": [{"player_slot": 0, "team_number": 0, "team_slot": 0, "hero_id": 104, "hero_variant": 1, "item_0": 166, "item_1": 108, "item_2": 127, "item_3": 50, "item_4": 603, "item_5": 911, "backpack_0": 0, "backpack_1": 0, "backpack_2": 0, "item_neutral": 1640, "item_neutral2": 1597, "kills": 12, "deaths": 12, "assists": 29, "leaver_status": 0, "last_hits": 283, "denies": 5, "gold_per_min": 540, "xp_per_min": 925, "level": 29, "net_worth": 26949, "aghanims_scepter": 0, "aghanims_shard": 1, "moonshard": 0, "hero_damage": 56437, "tower_damage": 7208, "hero_healing": 6096, "gold": 4499, "gold_spent": 30360, "ability_upgrades_arr": [5595, 5597, 5595, 5597, 5595, 5598, 5595, 5596, 5596, 5597, 5596, 5598, 5597, 1113, 5596, 463, 5598, 7395, 925, 1176, 6671, 6526], "is_subscriber": false, "radiant_win": true, "start_time": 1765067377, "duration": 3756, "cluster": 241, "lobby_type": 0, "game_mode": 22, "is_contributor": false, "patch": 58, "region": 14, "isRadiant": true, "win": 1, "lose": 0, "total_gold": 33804, "total_xp": 57905, "kills_per_min": 0.19169329073482427, "kda": 3.15, "abandons": 0, "benchmarks": {"gold_per_min": {"raw": 540, "pct": 0.6830282861896838}, "xp_per_min": {"raw": 925, "pct": 0.835108153078203}, "kills_per_min": {"raw": 0.19169329073482427, "pct": 0.41713810316139766}, "last_hits_per_min": {"raw": 4.520766773162939, "pct": 0.4374376039933444}, "hero_damage_per_min": {"raw": 901.5495207667731, "pct": 0.800332778702163}, "hero_healing_per_min": {"raw": 97.38019169329074, "pct": 0.8178036605657238}, "tower_damage": {"raw": 7208, "pct": 0.8352745424292846}}}, {"account_id": 37467834, "player_slot": 1, "team_number": 0, "team_slot": 1, "hero_id": 37, "hero_variant": 2, "item_0": 610, "item_1": 102, "item_2": 254, "item_3": 180, "item_4": 1440, "item_5": 108, "backpack_0": 0, "backpack_1": 0, "backpack_2": 0, "item_neutral": 1637, "item_neutral2": 1592, "kills": 10, "deaths": 13, "assists": 32, "leaver_status": 0, "last_hits": 122, "denies": 6, "gold_per_min": 445, "xp_per_min": 710, "level": 27, "net_worth": 24405, "aghanims_scepter": 0, "aghanims_shard": 1, "moonshard": 0, "hero_damage": 69947, "tower_damage": 1105, "hero_healing": 8717, "gold": 6055, "gold_spent": 20600, "ability_upgrades_arr": [5162, 5163, 5163, 5162, 5162, 5163, 5165, 5163, 5164, 5162, 6982, 5165, 5164, 5164, 5165, 845, 5164, 6505, 6054, 1038], "personaname": "ExtremoDiaz", "name": null, "last_login": null, "rank_tier": 22, "computed_mmr": 3968.35, "is_subscriber": false, "radiant_win": true, "start_time": 1765067377, "duration": 3756, "cluster": 241, "lobby_type": 0, "game_mode": 22, "is_contributor": false, "patch": 58, "region": 14, "isRadiant": true, "win": 1, "lose": 0, "total_gold": 27857, "total_xp": 44446, "kills_per_min": 0.1597444089456869, "kda": 3, "abandons": 0, "benchmarks": {"gold_per_min": {"raw": 445, "pct": 0.7487577639751553}, "xp_per_min": {"raw": 710, "pct": 0.8922360248447205}, "kills_per_min": {"raw": 0.1597444089456869, "pct": 0.7680124223602485}, "last_hits_per_min": {"raw": 1.9488817891373804, "pct": 0.29720496894409937}, "hero_damage_per_min": {"raw": 1117.364217252396, "pct": 0.9745341614906833}, "hero_healing_per_min": {"raw": 139.24920127795528, "pct": 0.45962732919254656}, "tower_damage": {"raw": 1105, "pct": 0.3947204968944099}}}, {"account_id": 115132074, "player_slot": 2, "team_number": 0, "team_slot": 2, "hero_id": 54, "hero_variant": 4, "item_0": 208, "item_1": 249, "item_2": 168, "item_3": 50, "item_4": 154, "item_5": 569, "backpack_0": 0, "backpack_1": 0, "backpack_2": 0, "item_neutral": 1608, "item_neutral2": 1594, "kills": 4, "deaths": 11, "assists": 26, "leaver_status": 0, "last_hits": 288, "denies": 26, "gold_per_min": 476, "xp_per_min": 676, "level": 26, "net_worth": 25749, "aghanims_scepter": 0, "aghanims_shard": 1, "moonshard": 0, "hero_damage": 36299, "tower_damage": 2752, "hero_healing": 6486, "gold": 2049, "gold_spent": 23955, "ability_upgrades_arr": [5251, 5249, 631, 631, 5251, 631, 5252, 5251, 5249, 631, 5251, 5252, 5249, 5249, 499, 6676, 5252, 709, 7012], "personaname": "Durotan", "name": null, "last_login": null, "rank_tier": 41, "computed_mmr": 3905.19, "is_subscriber": false, "radiant_win": true, "start_time": 1765067377, "duration": 3756, "cluster": 241, "lobby_type": 0, "game_mode": 22, "is_contributor": false, "patch": 58, "region": 14, "isRadiant": true, "win": 1, "lose": 0, "total_gold": 29797, "total_xp": 42317, "kills_per_min": 0.06389776357827476, "kda": 2.5, "abandons": 0, "benchmarks": {"gold_per_min": {"raw": 476, "pct": 0.1981945567232552}, "xp_per_min": {"raw": 676, "pct": 0.24427378065211533}, "kills_per_min": {"raw": 0.06389776357827477, "pct": 0.09269738614928591}, "last_hits_per_min": {"raw": 4.600638977635782, "pct": 0.07760711398544867}, "hero_damage_per_min": {"raw": 579.8562300319488, "pct": 0.35367825383993534}, "hero_healing_per_min": {"raw": 103.61022364217251, "pct": 0.9563459983831851}, "tower_damage": {"raw": 2752, "pct": 0.35825922931824306}}}, {"account_id": 65137360, "player_slot": 3, "team_number": 0, "team_slot": 3, "hero_id": 123, "hero_variant": 1, "item_0": 36, "item_1": 218, "item_2": 0, "item_3": 231, "item_4": 100, "item_5": 1466, "backpack_0": 0, "backpack_1": 44, "backpack_2": 0, "item_neutral": 1607, "item_neutral2": 1583, "kills": 4, "deaths": 16, "assists": 35, "leaver_status": 0, "last_hits": 104, "denies": 7, "gold_per_min": 399, "xp_per_min": 647, "level": 26, "net_worth": 18848, "aghanims_scepter": 0, "aghanims_shard": 0, "moonshard": 0, "hero_damage": 31262, "tower_damage": 415, "hero_healing": 2080, "gold": 5968, "gold_spent": 14680, "ability_upgrades_arr": [8429, 8158, 8158, 8429, 9501, 8106, 8158, 8429, 8158, 9501, 9501, 8106, 9501, 8429, 1568, 9513, 8106, 7383, 9509], "personaname": "PatoDeGoma", "name": null, "last_login": "2021-02-10T20:32:57.535Z", "rank_tier": 45, "computed_mmr": null, "is_subscriber": false, "radiant_win": true, "start_time": 1765067377, "duration": 3756, "cluster": 241, "lobby_type": 0, "game_mode": 22, "is_contributor": false, "patch": 58, "region": 14, "isRadiant": true, "win": 1, "lose": 0, "total_gold": 24977, "total_xp": 40502, "kills_per_min": 0.06389776357827476, "kda": 2.29, "abandons": 0, "benchmarks": {"gold_per_min": {"raw": 399, "pct": 0.6039279869067103}, "xp_per_min": {"raw": 647, "pct": 0.6231587561374795}, "kills_per_min": {"raw": 0.06389776357827477, "pct": 0.15671031096563012}, "last_hits_per_min": {"raw": 1.6613418530351438, "pct": 0.2892798690671031}, "hero_damage_per_min": {"raw": 499.39297124600637, "pct": 0.5609656301145662}, "hero_healing_per_min": {"raw": 33.22683706070288, "pct": 0.9157119476268413}, "tower_damage": {"raw": 415, "pct": 0.47504091653027825}}}, {"player_slot": 4, "team_number": 0, "team_slot": 4, "hero_id": 72, "hero_variant": 1, "item_0": 116, "item_1": 156, "item_2": 112, "item_3": 135, "item_4": 63, "item_5": 141, "backpack_0": 0, "backpack_1": 0, "backpack_2": 0, "item_neutral": 1643, "item_neutral2": 1597, "kills": 17, "deaths": 12, "assists": 14, "leaver_status": 0, "last_hits": 555, "denies": 9, "gold_per_min": 739, "xp_per_min": 1100, "level": 30, "net_worth": 42370, "aghanims_scepter": 1, "aghanims_shard": 1, "moonshard": 1, "hero_damage": 89519, "tower_damage": 9645, "hero_healing": 0, "gold": 2345, "gold_spent": 40755, "ability_upgrades_arr": [5361, 5362, 5361, 5363, 5361, 5364, 5361, 5363, 5362, 5362, 5362, 5364, 1332, 5363, 5363, 1012, 5364, 6312, 6216, 5902, 7141, 6652, 6654], "is_subscriber": false, "radiant_win": true, "start_time": 1765067377, "duration": 3756, "cluster": 241, "lobby_type": 0, "game_mode": 22, "is_contributor": false, "patch": 58, "region": 14, "isRadiant": true, "win": 1, "lose": 0, "total_gold": 46261, "total_xp": 68860, "kills_per_min": 0.2715654952076677, "kda": 2.38, "abandons": 0, "benchmarks": {"gold_per_min": {"raw": 739, "pct": 0.8979591836734694}, "xp_per_min": {"raw": 1100, "pct": 0.9471243042671614}, "kills_per_min": {"raw": 0.27156549520766776,