{"players": [{"player_slot": 0, "team_number": 0, "team_slot": 0, "hero_id": 6, "hero_variant": 2, "item_0": 156, "item_1": 263, "item_2": 147, "item_3": 249, "item_4": 63, "item_5": 596, "backpack_0": 0, "backpack_1": 0, "backpack_2": 0, "item_neutral": 1607, "item_neutral2": 1584, "kills": 11, "deaths": 7, "assists": 20, "leaver_status": 0, "last_hits": 304, "denies": 10, "gold_per_min": 564, "xp_per_min": 723, "level": 25, "net_worth": 26871, "aghanims_scepter": 0, "aghanims_shard": 0, "moonshard": 0, "hero_damage": 43425, "tower_damage": 10578, "hero_healing": 0, "gold": 4296, "gold_spent": 24250, "ability_upgrades_arr": [5019, 343, 5019, 5632, 343, 5022, 343, 343, 5019, 5019, 6209, 5022, 5632, 5632, 6027, 5632, 5022, 6202, 6280], "is_subscriber": false, "radiant_win": true, "start_time": 1762129056, "duration": 3056, "cluster": 346, "lobby_type": 0, "game_mode": 22, "is_contributor": false, "patch": 58, "region": 38, "isRadiant": true, "win": 1, "lose": 0, "total_gold": 28726, "total_xp": 36824, "kills_per_min": 0.21596858638743457, "kda": 3.88, "abandons": 0, "benchmarks": {"gold_per_min": {"raw": 564, "pct": 0.49381090334474587}, "xp_per_min": {"raw": 723, "pct": 0.4529892020015802}, "kills_per_min": {"raw": 0.21596858638743455, "pct": 0.545957334737951}, "last_hits_per_min": {"raw": 5.968586387434555, "pct": 0.28153805636028445}, "hero_damage_per_min": {"raw": 852.5850785340314, "pct": 0.7482222807479589}, "hero_healing_per_min": {"raw": 0, "pct": 0.9657624440347643}, "tower_damage": {"raw": 10578, "pct": 0.7102976033710824}}}, {"player_slot": 1, "team_number": 0, "team_slot": 1, "hero_id": 23, "hero_variant": 1, "item_0": 137, "item_1": 36, "item_2": 226, "item_3": 50, "item_4": 108, "item_5": 127, "backpack_0": 73, "backpack_1": 0, "backpack_2": 0, "item_neutral": 1641, "item_neutral2": 1583, "kills": 4, "deaths": 11, "assists": 33, "leaver_status": 0, "last_hits": 214, "denies": 0, "gold_per_min": 474, "xp_per_min": 665, "level": 24, "net_worth": 21569, "aghanims_scepter": 0, "aghanims_shard": 1, "moonshard": 0, "hero_damage": 33978, "tower_damage": 606, "hero_healing": 67, "gold": 2564, "gold_spent": 19900, "ability_upgrades_arr": [5032, 5031, 5032, 5033, 5032, 5035, 5032, 5033, 5033, 5033, 1015, 5035, 5031, 5031, 6385, 5031, 5035, 1175], "is_subscriber": false, "radiant_win": true, "start_time": 1762129056, "duration": 3056, "cluster": 346, "lobby_type": 0, "game_mode": 22, "is_contributor": false, "patch": 58, "region": 38, "isRadiant": true, "win": 1, "lose": 0, "total_gold": 24142, "total_xp": 33870, "kills_per_min": 0.07853403141361257, "kda": 3.08, "abandons": 0, "benchmarks": {"gold_per_min": {"raw": 474, "pct": 0.34448979591836737}, "xp_per_min": {"raw": 665, "pct": 0.4179591836734694}, "kills_per_min": {"raw": 0.07853403141361257, "pct": 0.19346938775510203}, "last_hits_per_min": {"raw": 4.201570680628272, "pct": 0.18285714285714286}, "hero_damage_per_min": {"raw": 667.1073298429319, "pct": 0.5363265306122449}, "hero_healing_per_min": {"raw": 1.3154450261780104, "pct": 0.88}, "tower_damage": {"raw": 606, "pct": 0.3812244897959184}}}, {"player_slot": 2, "team_number": 0, "team_slot": 2, "hero_id": 74, "hero_variant": 3, "item_0": 100, "item_1": 110, "item_2": 244, "item_3": 108, "item_4": 77, "item_5": 48, "backpack_0": 0, "backpack_1": 0, "backpack_2": 0, "item_neutral": 1639, "item_neutral2": 1592, "kills": 4, "deaths": 6, "assists": 27, "leaver_status": 0, "last_hits": 125, "denies": 5, "gold_per_min": 435, "xp_per_min": 679, "level": 25, "net_worth": 21885, "aghanims_scepter": 0, "aghanims_shard": 1, "moonshard": 0, "hero_damage": 38567, "tower_damage": 2401, "hero_healing": 0, "gold": 5255, "gold_spent": 17750, "ability_upgrades_arr": [5372, 5370, 5372, 5371, 5372, 5370, 5371, 5372, 5371, 5372, 5371, 5372, 5371, 5372, 5371, 5371, 5370, 5370, 5370, 5370, 5370, 5762, 7148, 6099, 6098], "is_subscriber": false, "radiant_win": true, "start_time": 1762129056, "duration": 3056, "cluster": 346, "lobby_type": 0, "game_mode": 22, "is_contributor": false, "patch": 58, "region": 38, "isRadiant": true, "win": 1, "lose": 0, "total_gold": 22156, "total_xp": 34583, "kills_per_min": 0.07853403141361257, "kda": 4.43, "abandons": 0, "benchmarks": {"gold_per_min": {"raw": 435, "pct": 0.42862378596298334}, "xp_per_min": {"raw": 679, "pct": 0.5508521165475536}, "kills_per_min": {"raw": 0.07853403141361257, "pct": 0.1434854315557999}, "last_hits_per_min": {"raw": 2.4541884816753927, "pct": 0.2574674729704966}, "hero_damage_per_min": {"raw": 757.2054973821989, "pct": 0.6906725306945208}, "hero_healing_per_min": {"raw": 0, "pct": 0.8402052409748947}, "tower_damage": {"raw": 2401, "pct": 0.5530511269928532}}}, {"player_slot": 3, "team_number": 0, "team_slot": 3, "hero_id": 131, "hero_variant": 3, "item_0": 43, "item_1": 100, "item_2": 1123, "item_3": 232, "item_4": 206, "item_5": 180, "backpack_0": 188, "backpack_1": 21, "backpack_2": 22, "item_neutral": 1642, "item_neutral2": 1583, "kills": 4, "deaths": 12, "assists": 23, "leaver_status": 0, "last_hits": 50, "denies": 7, "gold_per_min": 306, "xp_per_min": 405, "level": 19, "net_worth": 13930, "aghanims_scepter": 0, "aghanims_shard": 1, "moonshard": 0, "hero_damage": 10765, "tower_damage": 555, "hero_healing": 0, "gold": 1505, "gold_spent": 13395, "ability_upgrades_arr": [352, 386, 386, 383, 352, 385, 352, 352, 386, 1630, 383, 385, 386, 383, 1492, 730, 383, 385], "is_subscriber": false, "radiant_win": true, "start_time": 1762129056, "duration": 3056, "cluster": 346, "lobby_type": 0, "game_mode": 22, "is_contributor": false, "patch": 58, "region": 38, "isRadiant": true, "win": 1, "lose": 0, "total_gold": 15585, "total_xp": 20628, "kills_per_min": 0.07853403141361257, "kda": 2.08, "abandons": 0, "benchmarks": {"gold_per_min": {"raw": 306, "pct": 0.3586278586278586}, "xp_per_min": {"raw": 405, "pct": 0.2515592515592516}, "kills_per_min": {"raw": 0.07853403141361257, "pct": 0.340956340956341}, "last_hits_per_min": {"raw": 0.981675392670157, "pct": 0.22453222453222454}, "hero_damage_per_min": {"raw": 211.35471204188482, "pct": 0.034303534303534305}, "hero_healing_per_min": {"raw": 0, "pct": 0.5883575883575883}, "tower_damage": {"raw": 555, "pct": 0.7525987525987526}}}, {"player_slot": 4, "team_number": 0, "team_slot": 4, "hero_id": 82, "hero_variant": 1, "item_0": 63, "item_1": 160, "item_2": 116, "item_3": 1097, "item_4": 96, "item_5": 603, "backpack_0": 0, "backpack_1": 0, "backpack_2": 0, "item_neutral": 1608, "item_neutral2": 1577, "kills": 29, "deaths": 3, "assists": 11, "leaver_status": 0, "last_hits": 485, "denies": 2, "gold_per_min": 822, "xp_per_min": 1309, "level": 30, "net_worth": 40351, "aghanims_scepter": 1, "aghanims_shard": 1, "moonshard": 0, "hero_damage": 52617, "tower_damage": 11957, "hero_healing": 0, "gold": 3601, "gold_spent": 37590, "additional_units": [{"unitname": "", "item_0": 63, "item_1": 160, "item_2": 116, "item_3": 1097, "item_4": 96, "item_5": 603, "backpack_0": 0, "backpack_1": 0, "backpack_2": 0, "item_neutral": 0, "item_neutral2": 0}], "ability_upgrades_arr": [5431, 5430, 5433, 5431, 5431, 7318, 5431, 7318, 7318, 5433, 6689, 7318, 5430, 5430, 5972, 5430, 5433, 618, 5433, 1357, 6115, 7027, 7102, 6195], "is_subscriber": false, "radiant_win": true, "start_time": 1762129056, "duration": 3056, "cluster": 346, "lobby_type": 0, "game_mode": 22, "is_contributor": false, "patch": 58, "region": 38, "isRadiant": true, "win": 1, "lose": 0, "total_gold": 41867, "total_xp": 66671, "kills_per_min": 0.5693717277486912, "kda": 10, "abandons": 0, "benchmarks": {"gold_per_min": {"raw": 822, "pct": 0.9095427435387674}, "xp_per_min": {"raw": 1309, "pct": 0.9880715705765407}, "kills_per_min": {"raw": 0.569371727748691, "pct": 0.9304174950298211}, "last_hits_per_min": {"raw": 9.522251308900524, "pct": 0.7206759443339961}, "hero_damage_per_min": {"raw": 1033.0562827225133, "pct": 0.8946322067594433}, "hero_healing_per_min": {"raw": 0, "pct": 0.9701789264413518}, "tower_damage": {"raw": 11957,