{"players": [{"player_slot": 0, "team_number": 0, "team_slot": 0, "hero_id": 104, "hero_variant": 2, "item_0": 27, "item_1": 127, "item_2": 36, "item_3": 108, "item_4": 1, "item_5": 63, "backpack_0": 42, "backpack_1": 0, "backpack_2": 0, "item_neutral": 1602, "item_neutral2": 1576, "kills": 4, "deaths": 14, "assists": 7, "leaver_status": 0, "last_hits": 145, "denies": 5, "gold_per_min": 343, "xp_per_min": 530, "level": 20, "net_worth": 12885, "aghanims_scepter": 0, "aghanims_shard": 1, "moonshard": 0, "hero_damage": 23930, "tower_damage": 0, "hero_healing": 334, "gold": 610, "gold_spent": 12720, "ability_upgrades_arr": [5595, 5597, 5595, 5597, 5595, 5598, 5595, 5597, 5597, 1113, 5596, 5598, 5596, 5596, 6671, 5598, 5596, 6526], "is_subscriber": false, "radiant_win": false, "start_time": 1749306553, "duration": 2605, "cluster": 346, "lobby_type": 7, "game_mode": 22, "is_contributor": false, "patch": 58, "region": 38, "isRadiant": true, "win": 0, "lose": 1, "total_gold": 14891, "total_xp": 23010, "kills_per_min": 0.09213051823416507, "kda": 0.73, "abandons": 0, "benchmarks": {"gold_per_min": {"raw": 343, "pct": 0.08852713178294573}, "xp_per_min": {"raw": 530, "pct": 0.19798449612403102}, "kills_per_min": {"raw": 0.09213051823416507, "pct": 0.12325581395348838}, "last_hits_per_min": {"raw": 3.3397312859884836, "pct": 0.13674418604651162}, "hero_damage_per_min": {"raw": 551.1708253358926, "pct": 0.29054263565891475}, "hero_healing_per_min": {"raw": 7.692898272552783, "pct": 0.15844961240310076}, "tower_damage": {"raw": 0, "pct": 0.15224806201550387}}}, {"player_slot": 1, "team_number": 0, "team_slot": 1, "hero_id": 40, "hero_variant": 1, "item_0": 43, "item_1": 181, "item_2": 188, "item_3": 206, "item_4": 231, "item_5": 90, "backpack_0": 0, "backpack_1": 0, "backpack_2": 0, "item_neutral": 1604, "item_neutral2": 1585, "kills": 6, "deaths": 13, "assists": 12, "leaver_status": 0, "last_hits": 123, "denies": 2, "gold_per_min": 353, "xp_per_min": 603, "level": 22, "net_worth": 13547, "aghanims_scepter": 0, "aghanims_shard": 1, "moonshard": 0, "hero_damage": 22251, "tower_damage": 123, "hero_healing": 3694, "gold": 672, "gold_spent": 13760, "ability_upgrades_arr": [5179, 5178, 5180, 5178, 5179, 1105, 5179, 5178, 5179, 5178, 5180, 1105, 5180, 5180, 859, 6532, 1105, 6980], "is_subscriber": false, "radiant_win": false, "start_time": 1749306553, "duration": 2605, "cluster": 346, "lobby_type": 7, "game_mode": 22, "is_contributor": false, "patch": 58, "region": 38, "isRadiant": true, "win": 0, "lose": 1, "total_gold": 15326, "total_xp": 26180, "kills_per_min": 0.1381957773512476, "kda": 1.29, "abandons": 0, "benchmarks": {"gold_per_min": {"raw": 353, "pct": 0.31888718020411017}, "xp_per_min": {"raw": 603, "pct": 0.6379141618901161}, "kills_per_min": {"raw": 0.1381957773512476, "pct": 0.584789598769747}, "last_hits_per_min": {"raw": 2.833013435700576, "pct": 0.5671746120508877}, "hero_damage_per_min": {"raw": 512.4990403071017, "pct": 0.2604501607717042}, "hero_healing_per_min": {"raw": 85.08253358925144, "pct": 0.8211939046553893}, "tower_damage": {"raw": 123, "pct": 0.22032713546763597}}}, {"player_slot": 2, "team_number": 0, "team_slot": 2, "hero_id": 25, "hero_variant": 1, "item_0": 263, "item_1": 116, "item_2": 152, "item_3": 48, "item_4": 166, "item_5": 911, "backpack_0": 41, "backpack_1": 0, "backpack_2": 0, "item_neutral": 1603, "item_neutral2": 1583, "kills": 5, "deaths": 12, "assists": 5, "leaver_status": 0, "last_hits": 399, "denies": 6, "gold_per_min": 607, "xp_per_min": 930, "level": 26, "net_worth": 22111, "aghanims_scepter": 0, "aghanims_shard": 0, "moonshard": 0, "hero_damage": 31095, "tower_damage": 4199, "hero_healing": 0, "gold": 836, "gold_spent": 24015, "ability_upgrades_arr": [5040, 5042, 5040, 5041, 5040, 5043, 5040, 5042, 5042, 5042, 6212, 5043, 5041, 5041, 6388, 5041, 5043, 844, 961], "is_subscriber": false, "radiant_win": false, "start_time": 1749306553, "duration": 2605, "cluster": 346, "lobby_type": 7, "game_mode": 22, "is_contributor": false, "patch": 58, "region": 38, "isRadiant": true, "win": 0, "lose": 1, "total_gold": 26353, "total_xp": 40377, "kills_per_min": 0.11516314779270634, "kda": 0.77, "abandons": 0, "benchmarks": {"gold_per_min": {"raw": 607, "pct": 0.6438886023723569}, "xp_per_min": {"raw": 930, "pct": 0.7031975244971634}, "kills_per_min": {"raw": 0.11516314779270632, "pct": 0.14388860237235687}, "last_hits_per_min": {"raw": 9.190019193857966, "pct": 0.8798349664775658}, "hero_damage_per_min": {"raw": 716.1996161228407, "pct": 0.5180505415162455}, "hero_healing_per_min": {"raw": 0, "pct": 0.8522434244455905}, "tower_damage": {"raw": 4199, "pct": 0.5528623001547189}}}, {"account_id": 120169307, "player_slot": 3, "team_number": 0, "team_slot": 3, "hero_id": 48, "hero_variant": 2, "item_0": 63, "item_1": 263, "item_2": 147, "item_3": 156, "item_4": 116, "item_5": 139, "backpack_0": 0, "backpack_1": 0, "backpack_2": 0, "item_neutral": 1643, "item_neutral2": 1589, "kills": 12, "deaths": 5, "assists": 5, "leaver_status": 0, "last_hits": 353, "denies": 6, "gold_per_min": 628, "xp_per_min": 975, "level": 26, "net_worth": 25570, "aghanims_scepter": 0, "aghanims_shard": 0, "moonshard": 0, "hero_damage": 36518, "tower_damage": 1285, "hero_healing": 125, "gold": 420, "gold_spent": 26090, "ability_upgrades_arr": [5222, 5223, 5223, 5222, 5222, 5225, 5222, 5223, 5223, 847, 1462, 5225, 1462, 1462, 770, 1462, 5225, 6127, 7055], "personaname": "xin.xulin", "name": null, "last_login": null, "rank_tier": 15, "computed_mmr": 4085.46, "is_subscriber": false, "radiant_win": false, "start_time": 1749306553, "duration": 2605, "cluster": 346, "lobby_type": 7, "game_mode": 22, "is_contributor": false, "patch": 58, "region": 38, "isRadiant": true, "win": 0, "lose": 1, "total_gold": 27265, "total_xp": 42331, "kills_per_min": 0.2763915547024952, "kda": 2.83, "abandons": 0, "benchmarks": {"gold_per_min": {"raw": 628, "pct": 0.47817299919159256}, "xp_per_min": {"raw": 975, "pct": 0.7332255456750202}, "kills_per_min": {"raw": 0.2763915547024952, "pct": 0.7113985448666128}, "last_hits_per_min": {"raw": 8.130518234165066, "pct": 0.3140662894098626}, "hero_damage_per_min": {"raw": 841.1055662188099, "pct": 0.6992724333063864}, "hero_healing_per_min": {"raw": 2.8790786948176583, "pct": 0.9717057396928052}, "tower_damage": {"raw": 1285, "pct": 0.2914308811641067}}}, {"account_id": 37467834, "player_slot": 4, "team_number": 0, "team_slot": 4, "hero_id": 38, "hero_variant": 1, "item_0": 108, "item_1": 190, "item_2": 36, "item_3": 9, "item_4": 180, "item_5": 94, "backpack_0": 0, "backpack_1": 0, "backpack_2": 0, "item_neutral": 359, "item_neutral2": 1577, "kills": 2, "deaths": 13, "assists": 12, "leaver_status": 0, "last_hits": 114, "denies": 3, "gold_per_min": 319, "xp_per_min": 585, "level": 21, "net_worth": 10621, "aghanims_scepter": 0, "aghanims_shard": 0, "moonshard": 0, "hero_damage": 15984, "tower_damage": 208, "hero_healing": 125, "gold": 921, "gold_spent": 12880, "ability_upgrades_arr": [7230, 5172, 7230, 5168, 7230, 5177, 7230, 5168, 5168, 5168, 5172, 5177, 5172, 5172, 901, 506, 5177, 613], "personaname": "ExtremoDiaz", "name": null, "last_login": null, "rank_tier": 22, "computed_mmr": 3968.35, "is_subscriber": false, "radiant_win": false, "start_time": 1749306553, "duration": 2605, "cluster": 346, "lobby_type": 7, "game_mode": 22, "is_contributor": false, "patch": 58, "region": 38, "isRadiant": true, "win": 0, "lose": 1, "total_gold": 13849, "total_xp": 25398, "kills_per_min": 0.046065259117082535, "kda": 1, "abandons": 0, "benchmarks": {"gold_per_min": {"raw": 319, "pct": 0.052358735095904614}, "xp_per_min": {"raw": 585, "pct": 0.208398133748056}, "kills_per_min": {"raw": 0.046065259117082535, "pct": 0.041990668740279936}, "last_hits_per_min": {"raw": 2.6257197696737045, "pct": 0.05598755832037325}, "hero_damage_per_min": {"raw": 368.1535508637236, "pct": 0.07309486780715396}, "hero_healing_per_min": {"raw": 2.8790786948176583,