{"players": [{"account_id": 37467834, "player_slot": 0, "team_number": 0, "team_slot": 0, "hero_id": 29, "hero_variant": 1, "item_0": 178, "item_1": 1, "item_2": 50, "item_3": 36, "item_4": 73, "item_5": 125, "backpack_0": 0, "backpack_1": 0, "backpack_2": 0, "item_neutral": 0, "item_neutral2": 0, "kills": 2, "deaths": 11, "assists": 12, "leaver_status": 0, "last_hits": 55, "denies": 3, "gold_per_min": 293, "xp_per_min": 343, "level": 13, "net_worth": 8130, "aghanims_scepter": 0, "aghanims_shard": 0, "moonshard": 0, "hero_damage": 12864, "tower_damage": 0, "hero_healing": 509, "gold": 720, "gold_spent": 7990, "ability_upgrades_arr": [5118, 5120, 5120, 5119, 5120, 5121, 5120, 5119, 5119, 963, 5119, 5121, 5118], "personaname": "ExtremoDiaz", "name": null, "last_login": null, "rank_tier": 22, "computed_mmr": 3968.35, "is_subscriber": false, "radiant_win": false, "start_time": 1752438882, "duration": 1894, "cluster": 346, "lobby_type": 0, "game_mode": 22, "is_contributor": false, "patch": 58, "region": 38, "isRadiant": true, "win": 0, "lose": 1, "total_gold": 9249, "total_xp": 10827, "kills_per_min": 0.06335797254487856, "kda": 1.17, "abandons": 0, "benchmarks": {"gold_per_min": {"raw": 293, "pct": 0.05110961667787491}, "xp_per_min": {"raw": 343, "pct": 0.04438466711499664}, "kills_per_min": {"raw": 0.06335797254487856, "pct": 0.1809011432414257}, "last_hits_per_min": {"raw": 1.7423442449841606, "pct": 0.03665097511768662}, "hero_damage_per_min": {"raw": 407.51847940865895, "pct": 0.21149966375252185}, "hero_healing_per_min": {"raw": 16.124604012671597, "pct": 0.480497646267653}, "tower_damage": {"raw": 0, "pct": 0.12945527908540685}}}, {"account_id": 45421382, "player_slot": 1, "team_number": 0, "team_slot": 1, "hero_id": 104, "hero_variant": 1, "item_0": 168, "item_1": 0, "item_2": 127, "item_3": 50, "item_4": 1, "item_5": 0, "backpack_0": 0, "backpack_1": 0, "backpack_2": 0, "item_neutral": 0, "item_neutral2": 0, "kills": 8, "deaths": 5, "assists": 7, "leaver_status": 0, "last_hits": 112, "denies": 10, "gold_per_min": 439, "xp_per_min": 613, "level": 18, "net_worth": 11777, "aghanims_scepter": 0, "aghanims_shard": 1, "moonshard": 0, "hero_damage": 22087, "tower_damage": 305, "hero_healing": 936, "gold": 727, "gold_spent": 13430, "ability_upgrades_arr": [5595, 5597, 5597, 5596, 5595, 5598, 5597, 5597, 5595, 5595, 5596, 5598, 5596, 5596, 1176, 463, 5598], "personaname": "La Chaucha", "name": null, "last_login": "2026-03-03T14:36:01.200Z", "rank_tier": 42, "computed_mmr": 4031.51, "is_subscriber": false, "radiant_win": false, "start_time": 1752438882, "duration": 1894, "cluster": 346, "lobby_type": 0, "game_mode": 22, "is_contributor": false, "patch": 58, "region": 38, "isRadiant": true, "win": 0, "lose": 1, "total_gold": 13857, "total_xp": 19350, "kills_per_min": 0.25343189017951423, "kda": 2.5, "abandons": 0, "benchmarks": {"gold_per_min": {"raw": 439, "pct": 0.3255265639735932}, "xp_per_min": {"raw": 613, "pct": 0.33118516189877395}, "kills_per_min": {"raw": 0.25343189017951423, "pct": 0.5792203709525306}, "last_hits_per_min": {"raw": 3.5480464625131996, "pct": 0.19333542911034265}, "hero_damage_per_min": {"raw": 699.6937697993665, "pct": 0.5358377868594781}, "hero_healing_per_min": {"raw": 29.65153115100317, "pct": 0.4613329141779315}, "tower_damage": {"raw": 305, "pct": 0.2675259352404904}}}, {"account_id": 57067300, "player_slot": 2, "team_number": 0, "team_slot": 2, "hero_id": 63, "hero_variant": 2, "item_0": 596, "item_1": 168, "item_2": 40, "item_3": 63, "item_4": 123, "item_5": 0, "backpack_0": 0, "backpack_1": 0, "backpack_2": 0, "item_neutral": 0, "item_neutral2": 0, "kills": 5, "deaths": 5, "assists": 11, "leaver_status": 0, "last_hits": 120, "denies": 5, "gold_per_min": 384, "xp_per_min": 498, "level": 17, "net_worth": 11807, "aghanims_scepter": 0, "aghanims_shard": 0, "moonshard": 0, "hero_damage": 13112, "tower_damage": 191, "hero_healing": 0, "gold": 902, "gold_spent": 11275, "ability_upgrades_arr": [5289, 5290, 5290, 5291, 5289, 5292, 5290, 5289, 5289, 5290, 5291, 5291, 5291, 5292, 6987], "personaname": "[L]and", "name": null, "last_login": "2021-04-05T18:45:38.489Z", "rank_tier": 32, "computed_mmr": null, "is_subscriber": false, "radiant_win": false, "start_time": 1752438882, "duration": 1894, "cluster": 346, "lobby_type": 0, "game_mode": 22, "is_contributor": false, "patch": 58, "region": 38, "isRadiant": true, "win": 0, "lose": 1, "total_gold": 12121, "total_xp": 15720, "kills_per_min": 0.1583949313621964, "kda": 2.67, "abandons": 0, "benchmarks": {"gold_per_min": {"raw": 384, "pct": 0.20489726991274979}, "xp_per_min": {"raw": 498, "pct": 0.15676892766676048}, "kills_per_min": {"raw": 0.1583949313621964, "pct": 0.33380242048972697}, "last_hits_per_min": {"raw": 3.8014783526927136, "pct": 0.2960878131156769}, "hero_damage_per_min": {"raw": 415.37486800422386, "pct": 0.21137067267098228}, "hero_healing_per_min": {"raw": 0, "pct": 0.8041092034900085}, "tower_damage": {"raw": 191, "pct": 0.15705037996059668}}}, {"account_id": 65137360, "player_slot": 3, "team_number": 0, "team_slot": 3, "hero_id": 26, "hero_variant": 1, "item_0": 1575, "item_1": 0, "item_2": 214, "item_3": 218, "item_4": 1, "item_5": 100, "backpack_0": 16, "backpack_1": 0, "backpack_2": 0, "item_neutral": 1606, "item_neutral2": 1577, "kills": 5, "deaths": 8, "assists": 10, "leaver_status": 0, "last_hits": 15, "denies": 4, "gold_per_min": 256, "xp_per_min": 354, "level": 14, "net_worth": 7286, "aghanims_scepter": 0, "aghanims_shard": 0, "moonshard": 0, "hero_damage": 10486, "tower_damage": 41, "hero_healing": 0, "gold": 986, "gold_spent": 6690, "ability_upgrades_arr": [5044, 5046, 5046, 5045, 5046, 5047, 5046, 5044, 5044, 5045, 5044, 5047, 5045], "personaname": "PatoDeGoma", "name": null, "last_login": "2021-02-10T20:32:57.535Z", "rank_tier": 45, "computed_mmr": null, "is_subscriber": false, "radiant_win": false, "start_time": 1752438882, "duration": 1894, "cluster": 346, "lobby_type": 0, "game_mode": 22, "is_contributor": false, "patch": 58, "region": 38, "isRadiant": true, "win": 0, "lose": 1, "total_gold": 8081, "total_xp": 11174, "kills_per_min": 0.1583949313621964, "kda": 1.67, "abandons": 0, "benchmarks": {"gold_per_min": {"raw": 256, "pct": 0.14708603145235893}, "xp_per_min": {"raw": 354, "pct": 0.12012686665785648}, "kills_per_min": {"raw": 0.1583949313621964, "pct": 0.5851724593630236}, "last_hits_per_min": {"raw": 0.4751847940865892, "pct": 0.07030527289546716}, "hero_damage_per_min": {"raw": 332.1858500527983, "pct": 0.5243821858067926}, "hero_healing_per_min": {"raw": 0, "pct": 0.7417734901546187}, "tower_damage": {"raw": 41, "pct": 0.299722479185939}}}, {"account_id": 81128911, "player_slot": 4, "team_number": 0, "team_slot": 4, "hero_id": 20, "hero_variant": 2, "item_0": 108, "item_1": 214, "item_2": 218, "item_3": 244, "item_4": 261, "item_5": 1128, "backpack_0": 0, "backpack_1": 0, "backpack_2": 0, "item_neutral": 0, "item_neutral2": 0, "kills": 6, "deaths": 11, "assists": 6, "leaver_status": 0, "last_hits": 46, "denies": 2, "gold_per_min": 300, "xp_per_min": 365, "level": 14, "net_worth": 8173, "aghanims_scepter": 0, "aghanims_shard": 0, "moonshard": 0, "hero_damage": 10835, "tower_damage": 0, "hero_healing": 60, "gold": 798, "gold_spent": 8315, "ability_upgrades_arr": [5124, 5122, 5123, 5122, 5124, 5125, 5122, 5122, 5124, 5124, 1067, 5125, 5123, 5123], "personaname": "Lemmiwinks", "name": null, "last_login": "2015-09-21T21:09:47.673Z", "rank_tier": null, "computed_mmr": null, "is_subscriber": false, "radiant_win": false, "start_time": 1752438882, "duration": 1894, "cluster": 346, "lobby_type": 0, "game_mode": 22, "is_contributor": false, "patch": 58, "region": 38, "isRadiant": true, "win": 0, "lose": 1, "total_gold": 9470, "total_xp": 11521, "kills_per_min": 0.1900739176346357, "kda": 1, "abandons": 0, "benchmarks": {"gold_per_min": {"raw": 300, "pct": 0.2745974955277281}, "xp_per_min": {"raw": 365, "pct": 0.12209302325581395},