{"players": [{"player_slot": 0, "team_number": 0, "team_slot": 0, "hero_id": 31, "hero_variant": 3, "item_0": 214, "item_1": 36, "item_2": 254, "item_3": 267, "item_4": 0, "item_5": 218, "backpack_0": 0, "backpack_1": 0, "backpack_2": 0, "item_neutral": 1604, "item_neutral2": 1585, "kills": 6, "deaths": 4, "assists": 11, "leaver_status": 0, "last_hits": 47, "denies": 1, "gold_per_min": 321, "xp_per_min": 447, "level": 15, "net_worth": 8919, "aghanims_scepter": 0, "aghanims_shard": 1, "moonshard": 0, "hero_damage": 11151, "tower_damage": 1147, "hero_healing": 2626, "gold": 1134, "gold_spent": 9095, "ability_upgrades_arr": [5134, 7325, 5134, 5136, 5134, 5137, 5134, 7325, 7325, 7325, 775, 5136, 5137, 5136, 5136, 6292], "is_subscriber": false, "radiant_win": true, "start_time": 1769021602, "duration": 1830, "cluster": 181, "lobby_type": 0, "game_mode": 22, "is_contributor": false, "patch": 59, "region": 8, "isRadiant": true, "win": 1, "lose": 0, "total_gold": 9790, "total_xp": 13633, "kills_per_min": 0.19672131147540983, "kda": 3.4, "abandons": 0, "benchmarks": {"gold_per_min": {"raw": 321, "pct": 0.3319205298013245}, "xp_per_min": {"raw": 447, "pct": 0.27311258278145695}, "kills_per_min": {"raw": 0.19672131147540983, "pct": 0.7573509933774835}, "last_hits_per_min": {"raw": 1.540983606557377, "pct": 0.44609271523178806}, "hero_damage_per_min": {"raw": 365.60655737704917, "pct": 0.19072847682119207}, "hero_healing_per_min": {"raw": 86.09836065573771, "pct": 0.9875496688741722}, "tower_damage": {"raw": 1147, "pct": 0.8267549668874172}}}, {"player_slot": 1, "team_number": 0, "team_slot": 1, "hero_id": 41, "hero_variant": 2, "item_0": 149, "item_1": 63, "item_2": 36, "item_3": 172, "item_4": 158, "item_5": 116, "backpack_0": 0, "backpack_1": 0, "backpack_2": 0, "item_neutral": 1605, "item_neutral2": 1584, "kills": 10, "deaths": 3, "assists": 6, "leaver_status": 0, "last_hits": 227, "denies": 18, "gold_per_min": 560, "xp_per_min": 709, "level": 20, "net_worth": 16871, "aghanims_scepter": 0, "aghanims_shard": 0, "moonshard": 0, "hero_damage": 12884, "tower_damage": 5492, "hero_healing": 0, "gold": 1561, "gold_spent": 15940, "ability_upgrades_arr": [5182, 5184, 5184, 5691, 5184, 5185, 5184, 5182, 5182, 5182, 856, 5691, 5185, 5691, 5691, 6807, 5185, 6128], "is_subscriber": false, "radiant_win": true, "start_time": 1769021602, "duration": 1830, "cluster": 181, "lobby_type": 0, "game_mode": 22, "is_contributor": false, "patch": 59, "region": 8, "isRadiant": true, "win": 1, "lose": 0, "total_gold": 17080, "total_xp": 21624, "kills_per_min": 0.32786885245901637, "kda": 4, "abandons": 0, "benchmarks": {"gold_per_min": {"raw": 560, "pct": 0.5473225404732254}, "xp_per_min": {"raw": 709, "pct": 0.42341220423412207}, "kills_per_min": {"raw": 0.32786885245901637, "pct": 0.8561643835616438}, "last_hits_per_min": {"raw": 7.442622950819672, "pct": 0.6475716064757161}, "hero_damage_per_min": {"raw": 422.42622950819674, "pct": 0.38729763387297633}, "hero_healing_per_min": {"raw": 0, "pct": 0.9150062266500623}, "tower_damage": {"raw": 5492, "pct": 0.637920298879203}}}, {"account_id": 89026444, "player_slot": 2, "team_number": 0, "team_slot": 2, "hero_id": 75, "hero_variant": 4, "item_0": 534, "item_1": 77, "item_2": 63, "item_3": 36, "item_4": 0, "item_5": 0, "backpack_0": 0, "backpack_1": 0, "backpack_2": 0, "item_neutral": 840, "item_neutral2": 1576, "kills": 4, "deaths": 6, "assists": 14, "leaver_status": 0, "last_hits": 50, "denies": 2, "gold_per_min": 287, "xp_per_min": 379, "level": 14, "net_worth": 7847, "aghanims_scepter": 0, "aghanims_shard": 1, "moonshard": 0, "hero_damage": 11648, "tower_damage": 1186, "hero_healing": 125, "gold": 1307, "gold_spent": 7690, "ability_upgrades_arr": [5378, 5379, 5377, 5379, 5379, 5380, 5379, 5377, 5377, 5377, 6016, 5378, 5378, 5380], "personaname": "Durotan", "name": null, "last_login": null, "rank_tier": 41, "computed_mmr": 3927.53, "is_subscriber": false, "radiant_win": true, "start_time": 1769021602, "duration": 1830, "cluster": 181, "lobby_type": 0, "game_mode": 22, "is_contributor": false, "patch": 59, "region": 8, "isRadiant": true, "win": 1, "lose": 0, "total_gold": 8753, "total_xp": 11559, "kills_per_min": 0.13114754098360656, "kda": 2.57, "abandons": 0, "benchmarks": {"gold_per_min": {"raw": 287, "pct": 0.23484608060933038}, "xp_per_min": {"raw": 379, "pct": 0.17581720088860678}, "kills_per_min": {"raw": 0.13114754098360656, "pct": 0.5629958743256109}, "last_hits_per_min": {"raw": 1.639344262295082, "pct": 0.45255474452554745}, "hero_damage_per_min": {"raw": 381.90163934426226, "pct": 0.3840050777530943}, "hero_healing_per_min": {"raw": 4.0983606557377055, "pct": 0.8210092034274833}, "tower_damage": {"raw": 1186, "pct": 0.6553475087273881}}}, {"player_slot": 3, "team_number": 0, "team_slot": 3, "hero_id": 104, "hero_variant": 1, "item_0": 116, "item_1": 127, "item_2": 1, "item_3": 149, "item_4": 73, "item_5": 50, "backpack_0": 11, "backpack_1": 34, "backpack_2": 0, "item_neutral": 565, "item_neutral2": 1583, "kills": 10, "deaths": 5, "assists": 11, "leaver_status": 0, "last_hits": 169, "denies": 5, "gold_per_min": 517, "xp_per_min": 584, "level": 18, "net_worth": 15406, "aghanims_scepter": 0, "aghanims_shard": 1, "moonshard": 0, "hero_damage": 22668, "tower_damage": 3673, "hero_healing": 737, "gold": 1001, "gold_spent": 14545, "ability_upgrades_arr": [5595, 5597, 5595, 5596, 5595, 5598, 5595, 5597, 5597, 5596, 1176, 5597, 5598, 5596, 5596, 463, 5598], "is_subscriber": false, "radiant_win": true, "start_time": 1769021602, "duration": 1830, "cluster": 181, "lobby_type": 0, "game_mode": 22, "is_contributor": false, "patch": 59, "region": 8, "isRadiant": true, "win": 1, "lose": 0, "total_gold": 15768, "total_xp": 17812, "kills_per_min": 0.32786885245901637, "kda": 3.5, "abandons": 0, "benchmarks": {"gold_per_min": {"raw": 517, "pct": 0.6743191537249607}, "xp_per_min": {"raw": 584, "pct": 0.34953860004501464}, "kills_per_min": {"raw": 0.32786885245901637, "pct": 0.8068872383524646}, "last_hits_per_min": {"raw": 5.5409836065573765, "pct": 0.8019356290794508}, "hero_damage_per_min": {"raw": 743.2131147540983, "pct": 0.6646410083277065}, "hero_healing_per_min": {"raw": 24.16393442622951, "pct": 0.4040063020481657}, "tower_damage": {"raw": 3673, "pct": 0.6488858879135719}}}, {"player_slot": 4, "team_number": 0, "team_slot": 4, "hero_id": 21, "hero_variant": 5, "item_0": 63, "item_1": 149, "item_2": 108, "item_3": 116, "item_4": 98, "item_5": 41, "backpack_0": 0, "backpack_1": 77, "backpack_2": 0, "item_neutral": 2097, "item_neutral2": 1594, "kills": 13, "deaths": 1, "assists": 8, "leaver_status": 0, "last_hits": 202, "denies": 10, "gold_per_min": 626, "xp_per_min": 839, "level": 21, "net_worth": 18877, "aghanims_scepter": 0, "aghanims_shard": 0, "moonshard": 0, "hero_damage": 22201, "tower_damage": 10390, "hero_healing": 0, "gold": 1772, "gold_spent": 18415, "ability_upgrades_arr": [5131, 5132, 5131, 5132, 5131, 5133, 5130, 5131, 5132, 5132, 5920, 5130, 5133, 5130, 5130, 6992, 5133, 7889], "is_subscriber": false, "radiant_win": true, "start_time": 1769021602, "duration": 1830, "cluster": 181, "lobby_type": 0, "game_mode": 22, "is_contributor": false, "patch": 59, "region": 8, "isRadiant": true, "win": 1, "lose": 0, "total_gold": 19093, "total_xp": 25589, "kills_per_min": 0.4262295081967213, "kda": 10.5, "abandons": 0, "benchmarks": {"gold_per_min": {"raw": 626, "pct": 0.8548447437336326}, "xp_per_min": {"raw": 839, "pct": 0.7289562289562289}, "kills_per_min": {"raw": 0.42622950819672134, "pct": 0.8965581743359521}, "last_hits_per_min": {"raw": 6.622950819672131, "pct": 0.852600074822297}, "hero_damage_per_min": {"raw": 727.9016393442623, "pct": 0.72334455667789}, "hero_healing_per_min": {"raw": 0, "pct": 0.8439955106621774}, "tower_damage": {"raw": 10390, "pct": 0.8744855967078189}}}, {"player_slot": 128, "team_number": 1, "team_slot": 0, "hero_id": 16, "hero_variant": 4, "item_0": 73, "item_1": 36, "item_2": 259, "item_3": 1,