{"players": [{"player_slot": 0, "team_number": 0, "team_slot": 0, "hero_id": 31, "hero_variant": 3, "item_0": 48, "item_1": 249, "item_2": 30, "item_3": 232, "item_4": 0, "item_5": 0, "backpack_0": 0, "backpack_1": 0, "backpack_2": 0, "item_neutral": 1604, "item_neutral2": 1577, "kills": 9, "deaths": 7, "assists": 5, "leaver_status": 0, "last_hits": 191, "denies": 9, "gold_per_min": 441, "xp_per_min": 643, "level": 21, "net_worth": 13379, "aghanims_scepter": 0, "aghanims_shard": 1, "moonshard": 0, "hero_damage": 31112, "tower_damage": 772, "hero_healing": 0, "gold": 404, "gold_spent": 16255, "ability_upgrades_arr": [5134, 7325, 5134, 5136, 5134, 5137, 5134, 5136, 5136, 5136, 7325, 5137, 7325, 775, 7325, 6292, 5137, 531], "is_subscriber": false, "radiant_win": false, "start_time": 1760923223, "duration": 2370, "cluster": 346, "lobby_type": 0, "game_mode": 22, "is_contributor": false, "patch": 58, "region": 38, "isRadiant": true, "win": 0, "lose": 1, "total_gold": 17419, "total_xp": 25398, "kills_per_min": 0.22784810126582278, "kda": 1.75, "abandons": 0, "benchmarks": {"gold_per_min": {"raw": 441, "pct": 0.8920768042374752}, "xp_per_min": {"raw": 643, "pct": 0.6764511145442507}, "kills_per_min": {"raw": 0.22784810126582278, "pct": 0.8516883690134628}, "last_hits_per_min": {"raw": 4.8354430379746836, "pct": 0.993599646877069}, "hero_damage_per_min": {"raw": 787.6455696202531, "pct": 0.9324652394614875}, "hero_healing_per_min": {"raw": 0, "pct": 0.6685058485985433}, "tower_damage": {"raw": 772, "pct": 0.7614213197969543}}}, {"player_slot": 1, "team_number": 0, "team_slot": 1, "hero_id": 123, "hero_variant": 1, "item_0": 473, "item_1": 16, "item_2": 176, "item_3": 180, "item_4": 240, "item_5": 1122, "backpack_0": 0, "backpack_1": 0, "backpack_2": 0, "item_neutral": 1603, "item_neutral2": 1583, "kills": 3, "deaths": 3, "assists": 7, "leaver_status": 0, "last_hits": 76, "denies": 14, "gold_per_min": 274, "xp_per_min": 376, "level": 16, "net_worth": 10477, "aghanims_scepter": 0, "aghanims_shard": 1, "moonshard": 0, "hero_damage": 18127, "tower_damage": 429, "hero_healing": 125, "gold": 252, "gold_spent": 10865, "ability_upgrades_arr": [8158, 9501, 8429, 8158, 8429, 8106, 8429, 8429, 9501, 9501, 1568, 8106, 9501, 8158, 9511, 8158], "is_subscriber": false, "radiant_win": false, "start_time": 1760923223, "duration": 2370, "cluster": 346, "lobby_type": 0, "game_mode": 22, "is_contributor": false, "patch": 58, "region": 38, "isRadiant": true, "win": 0, "lose": 1, "total_gold": 10823, "total_xp": 14852, "kills_per_min": 0.0759493670886076, "kda": 2.5, "abandons": 0, "benchmarks": {"gold_per_min": {"raw": 274, "pct": 0.12315875613747954}, "xp_per_min": {"raw": 376, "pct": 0.13134206219312602}, "kills_per_min": {"raw": 0.0759493670886076, "pct": 0.20703764320785598}, "last_hits_per_min": {"raw": 1.9240506329113924, "pct": 0.3772504091653028}, "hero_damage_per_min": {"raw": 458.9113924050633, "pct": 0.4607201309328969}, "hero_healing_per_min": {"raw": 3.1645569620253164, "pct": 0.7021276595744681}, "tower_damage": {"raw": 429, "pct": 0.4807692307692308}}}, {"player_slot": 2, "team_number": 0, "team_slot": 2, "hero_id": 58, "hero_variant": 1, "item_0": 116, "item_1": 36, "item_2": 236, "item_3": 0, "item_4": 77, "item_5": 63, "backpack_0": 0, "backpack_1": 0, "backpack_2": 0, "item_neutral": 675, "item_neutral2": 1576, "kills": 1, "deaths": 9, "assists": 7, "leaver_status": 0, "last_hits": 112, "denies": 13, "gold_per_min": 284, "xp_per_min": 373, "level": 16, "net_worth": 10238, "aghanims_scepter": 0, "aghanims_shard": 1, "moonshard": 0, "hero_damage": 12155, "tower_damage": 628, "hero_healing": 1723, "gold": 433, "gold_spent": 10115, "ability_upgrades_arr": [5270, 5269, 5270, 5269, 5270, 5267, 5270, 5268, 5268, 5269, 5269, 5267, 8432, 5268, 6648, 5268], "is_subscriber": false, "radiant_win": false, "start_time": 1760923223, "duration": 2370, "cluster": 346, "lobby_type": 0, "game_mode": 22, "is_contributor": false, "patch": 58, "region": 38, "isRadiant": true, "win": 0, "lose": 1, "total_gold": 11218, "total_xp": 14733, "kills_per_min": 0.02531645569620253, "kda": 0.8, "abandons": 0, "benchmarks": {"gold_per_min": {"raw": 284, "pct": 0.23259052924791088}, "xp_per_min": {"raw": 373, "pct": 0.16991643454038996}, "kills_per_min": {"raw": 0.02531645569620253, "pct": 0.055710306406685235}, "last_hits_per_min": {"raw": 2.8354430379746836, "pct": 0.66991643454039}, "hero_damage_per_min": {"raw": 307.72151898734177, "pct": 0.27715877437325903}, "hero_healing_per_min": {"raw": 43.620253164556964, "pct": 0.3161559888579387}, "tower_damage": {"raw": 628, "pct": 0.37604456824512533}}}, {"player_slot": 3, "team_number": 0, "team_slot": 3, "hero_id": 46, "hero_variant": 2, "item_0": 0, "item_1": 40, "item_2": 250, "item_3": 168, "item_4": 236, "item_5": 63, "backpack_0": 0, "backpack_1": 0, "backpack_2": 0, "item_neutral": 828, "item_neutral2": 1576, "kills": 8, "deaths": 12, "assists": 6, "leaver_status": 0, "last_hits": 204, "denies": 11, "gold_per_min": 438, "xp_per_min": 508, "level": 19, "net_worth": 14316, "aghanims_scepter": 0, "aghanims_shard": 0, "moonshard": 0, "hero_damage": 15933, "tower_damage": 1372, "hero_healing": 0, "gold": 811, "gold_spent": 15415, "ability_upgrades_arr": [5194, 5196, 5195, 5194, 5196, 5197, 5195, 5194, 5194, 6938, 5195, 5197, 5196, 5195, 757, 5196, 5197], "is_subscriber": false, "radiant_win": false, "start_time": 1760923223, "duration": 2370, "cluster": 346, "lobby_type": 0, "game_mode": 22, "is_contributor": false, "patch": 58, "region": 38, "isRadiant": true, "win": 0, "lose": 1, "total_gold": 17301, "total_xp": 20066, "kills_per_min": 0.20253164556962025, "kda": 1.08, "abandons": 0, "benchmarks": {"gold_per_min": {"raw": 438, "pct": 0.1674573055028463}, "xp_per_min": {"raw": 508, "pct": 0.11907020872865275}, "kills_per_min": {"raw": 0.20253164556962025, "pct": 0.5066413662239089}, "last_hits_per_min": {"raw": 5.1645569620253164, "pct": 0.127134724857685}, "hero_damage_per_min": {"raw": 403.36708860759495, "pct": 0.21584440227703985}, "hero_healing_per_min": {"raw": 0, "pct": 0.952561669829222}, "tower_damage": {"raw": 1372, "pct": 0.33206831119544594}}}, {"account_id": 173313032, "player_slot": 4, "team_number": 0, "team_slot": 4, "hero_id": 100, "hero_variant": 1, "item_0": 8, "item_1": 218, "item_2": 1, "item_3": 214, "item_4": 73, "item_5": 21, "backpack_0": 1123, "backpack_1": 36, "backpack_2": 40, "item_neutral": 1603, "item_neutral2": 1595, "kills": 5, "deaths": 11, "assists": 10, "leaver_status": 0, "last_hits": 71, "denies": 12, "gold_per_min": 262, "xp_per_min": 358, "level": 16, "net_worth": 8985, "aghanims_scepter": 0, "aghanims_shard": 1, "moonshard": 0, "hero_damage": 9646, "tower_damage": 29, "hero_healing": 0, "gold": 520, "gold_spent": 9185, "ability_upgrades_arr": [5565, 7322, 5566, 7322, 7322, 5568, 7322, 5566, 5566, 414, 5566, 5568, 5565, 5565, 6411, 5565], "personaname": "Naskem", "name": null, "last_login": null, "rank_tier": 55, "computed_mmr": 4162.41, "is_subscriber": false, "radiant_win": false, "start_time": 1760923223, "duration": 2370, "cluster": 346, "lobby_type": 0, "game_mode": 22, "is_contributor": false, "patch": 58, "region": 38, "isRadiant": true, "win": 0, "lose": 1, "total_gold": 10349, "total_xp": 14141, "kills_per_min": 0.12658227848101267, "kda": 1.25, "abandons": 0, "benchmarks": {"gold_per_min": {"raw": 262, "pct": 0.15601503759398497}, "xp_per_min": {"raw": 358, "pct": 0.14598997493734336}, "kills_per_min": {"raw": 0.12658227848101264, "pct": 0.5006265664160401}, "last_hits_per_min": {"raw": 1.7974683544303798, "pct": 0.6322055137844611}, "hero_damage_per_min": {"raw": 244.20253164556962, "pct": 0.11967418546365914}, "hero_healing_per_min": {"raw": 0, "pct": 0.7073934837092731}, "tower_damage": {"raw": 29, "pct": 0.2832080200501253}}}, {"account_id": 45421382, "player_slot": 128, "team_number": 1, "team_slot": 0, "hero_id": 104, "hero_variant": 1, "item_0": 168, "item_1": 112, "item_2": 127,