{"players": [{"player_slot": 0, "team_number": 0, "team_slot": 0, "hero_id": 4, "hero_variant": 1, "item_0": 127, "item_1": 166, "item_2": 160, "item_3": 0, "item_4": 63, "item_5": 36, "backpack_0": 0, "backpack_1": 0, "backpack_2": 0, "item_neutral": 1604, "item_neutral2": 1584, "kills": 9, "deaths": 2, "assists": 13, "leaver_status": 0, "last_hits": 179, "denies": 19, "gold_per_min": 577, "xp_per_min": 670, "level": 18, "net_worth": 16398, "aghanims_scepter": 0, "aghanims_shard": 0, "moonshard": 0, "hero_damage": 15892, "tower_damage": 13904, "hero_healing": 0, "gold": 3388, "gold_spent": 13350, "ability_upgrades_arr": [5016, 5017, 5016, 5017, 5016, 5018, 5016, 5017, 5015, 5015, 482, 5015, 5018, 5017, 5015, 6230, 5018], "is_subscriber": false, "radiant_win": true, "start_time": 1772288995, "duration": 1701, "cluster": 251, "lobby_type": 7, "game_mode": 22, "is_contributor": false, "patch": 59, "region": 15, "isRadiant": true, "win": 1, "lose": 0, "total_gold": 16357, "total_xp": 18994, "kills_per_min": 0.31746031746031744, "kda": 7.33, "abandons": 0, "benchmarks": {"gold_per_min": {"raw": 577, "pct": 0.5150602409638554}, "xp_per_min": {"raw": 670, "pct": 0.3024096385542169}, "kills_per_min": {"raw": 0.31746031746031744, "pct": 0.6572289156626506}, "last_hits_per_min": {"raw": 6.313932980599647, "pct": 0.4198795180722892}, "hero_damage_per_min": {"raw": 560.5643738977072, "pct": 0.3132530120481928}, "hero_healing_per_min": {"raw": 0, "pct": 0.9632530120481928}, "tower_damage": {"raw": 13904, "pct": 0.8801204819277109}}}, {"player_slot": 1, "team_number": 0, "team_slot": 1, "hero_id": 63, "hero_variant": 1, "item_0": 263, "item_1": 168, "item_2": 36, "item_3": 596, "item_4": 141, "item_5": 26, "backpack_0": 0, "backpack_1": 0, "backpack_2": 0, "item_neutral": 1605, "item_neutral2": 1584, "kills": 12, "deaths": 3, "assists": 10, "leaver_status": 0, "last_hits": 184, "denies": 11, "gold_per_min": 585, "xp_per_min": 721, "level": 19, "net_worth": 16317, "aghanims_scepter": 0, "aghanims_shard": 0, "moonshard": 0, "hero_damage": 19916, "tower_damage": 4240, "hero_healing": 125, "gold": 782, "gold_spent": 16510, "ability_upgrades_arr": [5290, 5291, 5291, 5289, 5291, 5292, 5291, 5290, 5290, 6200, 5290, 5289, 5292, 5289, 5289, 6987, 5292], "is_subscriber": false, "radiant_win": true, "start_time": 1772288995, "duration": 1701, "cluster": 251, "lobby_type": 7, "game_mode": 22, "is_contributor": false, "patch": 59, "region": 15, "isRadiant": true, "win": 1, "lose": 0, "total_gold": 16584, "total_xp": 20440, "kills_per_min": 0.42328042328042326, "kda": 5.5, "abandons": 0, "benchmarks": {"gold_per_min": {"raw": 585, "pct": 0.6574519230769231}, "xp_per_min": {"raw": 721, "pct": 0.4612379807692308}, "kills_per_min": {"raw": 0.42328042328042326, "pct": 0.8852163461538461}, "last_hits_per_min": {"raw": 6.4902998236331575, "pct": 0.6111778846153846}, "hero_damage_per_min": {"raw": 702.5044091710758, "pct": 0.6057692307692307}, "hero_healing_per_min": {"raw": 4.409171075837743, "pct": 0.8614783653846154}, "tower_damage": {"raw": 4240, "pct": 0.5579927884615384}}}, {"account_id": 352857330, "player_slot": 2, "team_number": 0, "team_slot": 2, "hero_id": 5, "hero_variant": 3, "item_0": 0, "item_1": 37, "item_2": 0, "item_3": 931, "item_4": 0, "item_5": 36, "backpack_0": 0, "backpack_1": 0, "backpack_2": 0, "item_neutral": 565, "item_neutral2": 1577, "kills": 4, "deaths": 6, "assists": 21, "leaver_status": 0, "last_hits": 35, "denies": 2, "gold_per_min": 336, "xp_per_min": 516, "level": 16, "net_worth": 9066, "aghanims_scepter": 0, "aghanims_shard": 0, "moonshard": 0, "hero_damage": 14905, "tower_damage": 1733, "hero_healing": 0, "gold": 2781, "gold_spent": 7315, "ability_upgrades_arr": [5127, 5126, 5128, 5126, 5126, 5129, 5126, 5128, 5128, 5128, 5959, 5127, 5129, 5127, 5127, 956], "personaname": "Sr. McCall", "name": null, "last_login": null, "rank_tier": 21, "computed_mmr": 3651.19, "is_subscriber": false, "radiant_win": true, "start_time": 1772288995, "duration": 1701, "cluster": 251, "lobby_type": 7, "game_mode": 22, "is_contributor": false, "patch": 59, "region": 15, "isRadiant": true, "win": 1, "lose": 0, "total_gold": 9525, "total_xp": 14628, "kills_per_min": 0.14109347442680775, "kda": 3.57, "abandons": 0, "benchmarks": {"gold_per_min": {"raw": 336, "pct": 0.42235649546827797}, "xp_per_min": {"raw": 516, "pct": 0.40996978851963745}, "kills_per_min": {"raw": 0.14109347442680775, "pct": 0.6419939577039275}, "last_hits_per_min": {"raw": 1.2345679012345678, "pct": 0.27794561933534745}, "hero_damage_per_min": {"raw": 525.7495590828925, "pct": 0.7175226586102719}, "hero_healing_per_min": {"raw": 0, "pct": 0.7250755287009063}, "tower_damage": {"raw": 1733, "pct": 0.9169184290030211}}}, {"player_slot": 3, "team_number": 0, "team_slot": 3, "hero_id": 88, "hero_variant": 2, "item_0": 201, "item_1": 36, "item_2": 43, "item_3": 1107, "item_4": 0, "item_5": 180, "backpack_0": 0, "backpack_1": 0, "backpack_2": 0, "item_neutral": 1604, "item_neutral2": 1595, "kills": 14, "deaths": 4, "assists": 23, "leaver_status": 0, "last_hits": 17, "denies": 0, "gold_per_min": 389, "xp_per_min": 502, "level": 16, "net_worth": 9007, "aghanims_scepter": 0, "aghanims_shard": 0, "moonshard": 0, "hero_damage": 22850, "tower_damage": 898, "hero_healing": 250, "gold": 547, "gold_spent": 10745, "ability_upgrades_arr": [5462, 1104, 5462, 1104, 5464, 5465, 5462, 5462, 5464, 1104, 402, 1104, 5465, 5464, 5464, 1171], "is_subscriber": false, "radiant_win": true, "start_time": 1772288995, "duration": 1701, "cluster": 251, "lobby_type": 7, "game_mode": 22, "is_contributor": false, "patch": 59, "region": 15, "isRadiant": true, "win": 1, "lose": 0, "total_gold": 11028, "total_xp": 14231, "kills_per_min": 0.49382716049382713, "kda": 7.4, "abandons": 0, "benchmarks": {"gold_per_min": {"raw": 389, "pct": 0.5985576923076923}, "xp_per_min": {"raw": 502, "pct": 0.2640224358974359}, "kills_per_min": {"raw": 0.4938271604938272, "pct": 0.9727564102564102}, "last_hits_per_min": {"raw": 0.5996472663139331, "pct": 0.055288461538461536}, "hero_damage_per_min": {"raw": 805.9964726631393, "pct": 0.8377403846153846}, "hero_healing_per_min": {"raw": 8.818342151675486, "pct": 0.905448717948718}, "tower_damage": {"raw": 898, "pct": 0.7427884615384616}}}, {"player_slot": 4, "team_number": 0, "team_slot": 4, "hero_id": 38, "hero_variant": 2, "item_0": 250, "item_1": 77, "item_2": 77, "item_3": 1, "item_4": 25, "item_5": 214, "backpack_0": 7, "backpack_1": 0, "backpack_2": 0, "item_neutral": 1638, "item_neutral2": 1594, "kills": 12, "deaths": 3, "assists": 15, "leaver_status": 0, "last_hits": 99, "denies": 2, "gold_per_min": 502, "xp_per_min": 614, "level": 17, "net_worth": 13976, "aghanims_scepter": 0, "aghanims_shard": 0, "moonshard": 0, "hero_damage": 22968, "tower_damage": 8150, "hero_healing": 0, "gold": 1741, "gold_spent": 12730, "ability_upgrades_arr": [7230, 5168, 5168, 7230, 5168, 5177, 5168, 7230, 7230, 5172, 6611, 5172, 5177, 5172, 5172, 6612], "is_subscriber": false, "radiant_win": true, "start_time": 1772288995, "duration": 1701, "cluster": 251, "lobby_type": 7, "game_mode": 22, "is_contributor": false, "patch": 59, "region": 15, "isRadiant": true, "win": 1, "lose": 0, "total_gold": 14231, "total_xp": 17406, "kills_per_min": 0.42328042328042326, "kda": 6.75, "abandons": 0, "benchmarks": {"gold_per_min": {"raw": 502, "pct": 0.3556531284302964}, "xp_per_min": {"raw": 614, "pct": 0.27277716794731066}, "kills_per_min": {"raw": 0.42328042328042326, "pct": 0.8507135016465422}, "last_hits_per_min": {"raw": 3.492063492063492, "pct": 0.10043907793633369}, "hero_damage_per_min": {"raw": 810.1587301587302, "pct": 0.606476399560922}, "hero_healing_per_min": {"raw": 0, "pct": 0.9017563117453348}, "tower_damage": {"raw": 8150, "pct": 0.8161361141602634}}}, {"account_id": 37467834, "player_slot": 128, "team_number": 1, "team_slot": 0, "hero_id": 93, "hero_variant": 3, "item_0": 43, "item_1": 63, "item_2": 174, "item_3": 11,