{"players": [{"player_slot": 0, "team_number": 0, "team_slot": 0, "hero_id": 96, "hero_variant": 1, "item_0": 114, "item_1": 162, "item_2": 63, "item_3": 242, "item_4": 73, "item_5": 127, "backpack_0": 0, "backpack_1": 0, "backpack_2": 0, "item_neutral": 1643, "item_neutral2": 1586, "kills": 6, "deaths": 10, "assists": 11, "leaver_status": 0, "last_hits": 239, "denies": 15, "gold_per_min": 449, "xp_per_min": 626, "level": 22, "net_worth": 16978, "aghanims_scepter": 0, "aghanims_shard": 0, "moonshard": 0, "hero_damage": 23043, "tower_damage": 697, "hero_healing": 0, "gold": 1748, "gold_spent": 15660, "ability_upgrades_arr": [5515, 5514, 5516, 5515, 5515, 5517, 5515, 5514, 5516, 5514, 5516, 5909, 5516, 6617, 5517, 5514, 5517, 6616], "is_subscriber": false, "radiant_win": false, "start_time": 1758410647, "duration": 2525, "cluster": 241, "lobby_type": 7, "game_mode": 22, "is_contributor": false, "patch": 58, "region": 14, "isRadiant": true, "win": 0, "lose": 1, "total_gold": 18895, "total_xp": 26344, "kills_per_min": 0.14257425742574256, "kda": 1.55, "abandons": 0, "benchmarks": {"gold_per_min": {"raw": 449, "pct": 0.5120336943441637}, "xp_per_min": {"raw": 626, "pct": 0.49518652226233456}, "kills_per_min": {"raw": 0.14257425742574256, "pct": 0.6107099879663056}, "last_hits_per_min": {"raw": 5.679207920792079, "pct": 0.6883273164861613}, "hero_damage_per_min": {"raw": 547.5564356435643, "pct": 0.549338146811071}, "hero_healing_per_min": {"raw": 0, "pct": 0.9181708784596871}, "tower_damage": {"raw": 697, "pct": 0.43441636582430804}}}, {"player_slot": 1, "team_number": 0, "team_slot": 1, "hero_id": 45, "hero_variant": 1, "item_0": 180, "item_1": 269, "item_2": 218, "item_3": 38, "item_4": 232, "item_5": 0, "backpack_0": 0, "backpack_1": 0, "backpack_2": 0, "item_neutral": 1638, "item_neutral2": 1592, "kills": 3, "deaths": 15, "assists": 17, "leaver_status": 0, "last_hits": 68, "denies": 5, "gold_per_min": 277, "xp_per_min": 339, "level": 16, "net_worth": 8397, "aghanims_scepter": 0, "aghanims_shard": 1, "moonshard": 0, "hero_damage": 15149, "tower_damage": 1618, "hero_healing": 4099, "gold": 722, "gold_spent": 9420, "ability_upgrades_arr": [5186, 5188, 5186, 5187, 5186, 5189, 5186, 5187, 5188, 5188, 5189, 5188, 5187, 6859, 6195, 5187], "is_subscriber": false, "radiant_win": false, "start_time": 1758410647, "duration": 2525, "cluster": 241, "lobby_type": 7, "game_mode": 22, "is_contributor": false, "patch": 58, "region": 14, "isRadiant": true, "win": 0, "lose": 1, "total_gold": 11657, "total_xp": 14266, "kills_per_min": 0.07128712871287128, "kda": 1.25, "abandons": 0, "benchmarks": {"gold_per_min": {"raw": 277, "pct": 0.1355397951142632}, "xp_per_min": {"raw": 339, "pct": 0.11189913317572892}, "kills_per_min": {"raw": 0.07128712871287128, "pct": 0.2111899133175729}, "last_hits_per_min": {"raw": 1.6158415841584157, "pct": 0.25374310480693457}, "hero_damage_per_min": {"raw": 359.97623762376236, "pct": 0.12056737588652482}, "hero_healing_per_min": {"raw": 97.40198019801981, "pct": 0.5350669818754925}, "tower_damage": {"raw": 1618, "pct": 0.30969267139479906}}}, {"player_slot": 2, "team_number": 0, "team_slot": 2, "hero_id": 8, "hero_variant": 1, "item_0": 158, "item_1": 147, "item_2": 50, "item_3": 1, "item_4": 139, "item_5": 108, "backpack_0": 0, "backpack_1": 0, "backpack_2": 0, "item_neutral": 1601, "item_neutral2": 1586, "kills": 16, "deaths": 11, "assists": 7, "leaver_status": 0, "last_hits": 361, "denies": 7, "gold_per_min": 700, "xp_per_min": 835, "level": 25, "net_worth": 24190, "aghanims_scepter": 0, "aghanims_shard": 0, "moonshard": 0, "hero_damage": 41677, "tower_damage": 4091, "hero_healing": 2182, "gold": 540, "gold_spent": 24290, "ability_upgrades_arr": [5028, 5027, 5028, 5027, 5028, 5030, 5029, 5027, 5028, 5027, 7021, 5030, 5029, 5029, 1192, 5029, 5030, 6105, 915], "is_subscriber": false, "radiant_win": false, "start_time": 1758410647, "duration": 2525, "cluster": 241, "lobby_type": 7, "game_mode": 22, "is_contributor": false, "patch": 58, "region": 14, "isRadiant": true, "win": 0, "lose": 1, "total_gold": 29458, "total_xp": 35139, "kills_per_min": 0.3801980198019802, "kda": 1.92, "abandons": 0, "benchmarks": {"gold_per_min": {"raw": 700, "pct": 0.7635699373695198}, "xp_per_min": {"raw": 835, "pct": 0.5386221294363257}, "kills_per_min": {"raw": 0.3801980198019802, "pct": 0.8966597077244259}, "last_hits_per_min": {"raw": 8.578217821782177, "pct": 0.5725469728601252}, "hero_damage_per_min": {"raw": 990.3445544554455, "pct": 0.8770876826722338}, "hero_healing_per_min": {"raw": 51.849504950495046, "pct": 0.24478079331941544}, "tower_damage": {"raw": 4091, "pct": 0.4890396659707724}}}, {"account_id": 45421382, "player_slot": 3, "team_number": 0, "team_slot": 3, "hero_id": 21, "hero_variant": 4, "item_0": 166, "item_1": 123, "item_2": 116, "item_3": 50, "item_4": 11, "item_5": 7, "backpack_0": 0, "backpack_1": 0, "backpack_2": 0, "item_neutral": 1643, "item_neutral2": 1584, "kills": 6, "deaths": 8, "assists": 12, "leaver_status": 0, "last_hits": 175, "denies": 7, "gold_per_min": 433, "xp_per_min": 710, "level": 23, "net_worth": 15847, "aghanims_scepter": 0, "aghanims_shard": 0, "moonshard": 0, "hero_damage": 25920, "tower_damage": 894, "hero_healing": 0, "gold": 1447, "gold_spent": 17615, "ability_upgrades_arr": [5131, 5132, 5131, 5132, 5130, 5133, 5132, 5132, 5131, 5130, 5131, 5133, 5920, 5130, 6992, 5130, 5133, 7889], "personaname": "La Chaucha", "name": null, "last_login": "2026-03-03T14:36:01.200Z", "rank_tier": 42, "computed_mmr": 4031.51, "is_subscriber": false, "radiant_win": false, "start_time": 1758410647, "duration": 2525, "cluster": 241, "lobby_type": 7, "game_mode": 22, "is_contributor": false, "patch": 58, "region": 14, "isRadiant": true, "win": 0, "lose": 1, "total_gold": 18222, "total_xp": 29879, "kills_per_min": 0.14257425742574256, "kda": 2, "abandons": 0, "benchmarks": {"gold_per_min": {"raw": 433, "pct": 0.5036643922163255}, "xp_per_min": {"raw": 710, "pct": 0.6125852918877938}, "kills_per_min": {"raw": 0.14257425742574256, "pct": 0.3525398028809704}, "last_hits_per_min": {"raw": 4.158415841584159, "pct": 0.5481425322213799}, "hero_damage_per_min": {"raw": 615.9207920792079, "pct": 0.6525145312105131}, "hero_healing_per_min": {"raw": 0, "pct": 0.8362395754359363}, "tower_damage": {"raw": 894, "pct": 0.378316906747536}}}, {"player_slot": 4, "team_number": 0, "team_slot": 4, "hero_id": 86, "hero_variant": 2, "item_0": 180, "item_1": 36, "item_2": 102, "item_3": 40, "item_4": 1, "item_5": 37, "backpack_0": 0, "backpack_1": 0, "backpack_2": 0, "item_neutral": 1607, "item_neutral2": 1594, "kills": 3, "deaths": 10, "assists": 22, "leaver_status": 0, "last_hits": 88, "denies": 4, "gold_per_min": 333, "xp_per_min": 503, "level": 19, "net_worth": 11580, "aghanims_scepter": 0, "aghanims_shard": 0, "moonshard": 0, "hero_damage": 15577, "tower_damage": 79, "hero_healing": 0, "gold": 1245, "gold_spent": 11825, "ability_upgrades_arr": [5448, 5450, 5450, 7320, 5450, 5452, 5450, 7320, 7320, 5448, 5452, 5448, 5448, 7320, 518, 897, 5452], "is_subscriber": false, "radiant_win": false, "start_time": 1758410647, "duration": 2525, "cluster": 241, "lobby_type": 7, "game_mode": 22, "is_contributor": false, "patch": 58, "region": 14, "isRadiant": true, "win": 0, "lose": 1, "total_gold": 14013, "total_xp": 21167, "kills_per_min": 0.07128712871287128, "kda": 2.27, "abandons": 0, "benchmarks": {"gold_per_min": {"raw": 333, "pct": 0.22237151494793417}, "xp_per_min": {"raw": 503, "pct": 0.27981189116560296}, "kills_per_min": {"raw": 0.07128712871287128, "pct": 0.19549882431978502}, "last_hits_per_min": {"raw": 2.091089108910891, "pct": 0.3261672824991602}, "hero_damage_per_min": {"raw": 370.1465346534654, "pct": 0.14494457507557945}, "hero_healing_per_min": {"raw": 0, "pct": 0.47027208599261}, "tower_damage": {"raw": 79, "pct": 0.22875377897211957}}}, {"player_slot": 128, "team_number": 1, "team_slot": 0, "hero_id": 71, "hero_variant": 3, "item_0": 50,