{"players": [{"player_slot": 0, "team_number": 0, "team_slot": 0, "hero_id": 74, "hero_variant": 3, "item_0": 29, "item_1": 102, "item_2": 267, "item_3": 108, "item_4": 218, "item_5": 116, "backpack_0": 0, "backpack_1": 0, "backpack_2": 36, "item_neutral": 1604, "item_neutral2": 1593, "kills": 7, "deaths": 10, "assists": 21, "leaver_status": 0, "last_hits": 139, "denies": 4, "gold_per_min": 434, "xp_per_min": 518, "level": 20, "net_worth": 16696, "aghanims_scepter": 0, "aghanims_shard": 0, "moonshard": 0, "hero_damage": 21944, "tower_damage": 990, "hero_healing": 432, "gold": 2421, "gold_spent": 15465, "ability_upgrades_arr": [5370, 5371, 5371, 5370, 5371, 5370, 5371, 5372, 5372, 5372, 5372, 5371, 5372, 5372, 5372, 5370, 1654, 5761, 5371, 5762], "is_subscriber": false, "radiant_win": false, "start_time": 1759002844, "duration": 2646, "cluster": 346, "lobby_type": 7, "game_mode": 22, "is_contributor": false, "patch": 58, "region": 38, "isRadiant": true, "win": 0, "lose": 1, "total_gold": 19139, "total_xp": 22843, "kills_per_min": 0.15873015873015872, "kda": 2.55, "abandons": 0, "benchmarks": {"gold_per_min": {"raw": 434, "pct": 0.4281881313131313}, "xp_per_min": {"raw": 518, "pct": 0.2725694444444444}, "kills_per_min": {"raw": 0.15873015873015872, "pct": 0.4202967171717172}, "last_hits_per_min": {"raw": 3.1519274376417235, "pct": 0.36426767676767674}, "hero_damage_per_min": {"raw": 497.59637188208615, "pct": 0.3327020202020202}, "hero_healing_per_min": {"raw": 9.795918367346937, "pct": 0.9360795454545454}, "tower_damage": {"raw": 990, "pct": 0.3639520202020202}}}, {"player_slot": 1, "team_number": 0, "team_slot": 1, "hero_id": 51, "hero_variant": 2, "item_0": 127, "item_1": 102, "item_2": 40, "item_3": 254, "item_4": 210, "item_5": 214, "backpack_0": 0, "backpack_1": 36, "backpack_2": 0, "item_neutral": 1602, "item_neutral2": 1583, "kills": 8, "deaths": 6, "assists": 22, "leaver_status": 0, "last_hits": 83, "denies": 2, "gold_per_min": 367, "xp_per_min": 534, "level": 20, "net_worth": 13467, "aghanims_scepter": 0, "aghanims_shard": 1, "moonshard": 0, "hero_damage": 27291, "tower_damage": 0, "hero_healing": 0, "gold": 1207, "gold_spent": 14625, "ability_upgrades_arr": [5238, 5239, 5238, 5239, 5238, 5240, 5238, 5237, 5239, 5237, 5239, 5237, 5240, 850, 5237, 502, 5240, 6364], "is_subscriber": false, "radiant_win": false, "start_time": 1759002844, "duration": 2646, "cluster": 346, "lobby_type": 7, "game_mode": 22, "is_contributor": false, "patch": 58, "region": 38, "isRadiant": true, "win": 0, "lose": 1, "total_gold": 16184, "total_xp": 23549, "kills_per_min": 0.18140589569160998, "kda": 4.29, "abandons": 0, "benchmarks": {"gold_per_min": {"raw": 367, "pct": 0.5911072362685266}, "xp_per_min": {"raw": 534, "pct": 0.5021795989537925}, "kills_per_min": {"raw": 0.18140589569160998, "pct": 0.7541412380122058}, "last_hits_per_min": {"raw": 1.8820861678004537, "pct": 0.6015693112467306}, "hero_damage_per_min": {"raw": 618.843537414966, "pct": 0.6835222319093287}, "hero_healing_per_min": {"raw": 0, "pct": 0.5911072362685266}, "tower_damage": {"raw": 0, "pct": 0.31386224934612034}}}, {"player_slot": 2, "team_number": 0, "team_slot": 2, "hero_id": 69, "hero_variant": 1, "item_0": 116, "item_1": 1, "item_2": 152, "item_3": 210, "item_4": 73, "item_5": 50, "backpack_0": 0, "backpack_1": 0, "backpack_2": 0, "item_neutral": 1640, "item_neutral2": 1585, "kills": 7, "deaths": 13, "assists": 16, "leaver_status": 0, "last_hits": 138, "denies": 12, "gold_per_min": 422, "xp_per_min": 626, "level": 22, "net_worth": 16063, "aghanims_scepter": 0, "aghanims_shard": 0, "moonshard": 0, "hero_damage": 17887, "tower_damage": 0, "hero_healing": 0, "gold": 708, "gold_spent": 16445, "ability_upgrades_arr": [5339, 5341, 5339, 5341, 5340, 5342, 5341, 5341, 5340, 5339, 5340, 5342, 5340, 5339, 6314, 6370, 5342, 6073], "is_subscriber": false, "radiant_win": false, "start_time": 1759002844, "duration": 2646, "cluster": 346, "lobby_type": 7, "game_mode": 22, "is_contributor": false, "patch": 58, "region": 38, "isRadiant": true, "win": 0, "lose": 1, "total_gold": 18610, "total_xp": 27606, "kills_per_min": 0.15873015873015872, "kda": 1.64, "abandons": 0, "benchmarks": {"gold_per_min": {"raw": 422, "pct": 0.10442011354420114}, "xp_per_min": {"raw": 626, "pct": 0.3104217356042174}, "kills_per_min": {"raw": 0.15873015873015872, "pct": 0.35502838605028386}, "last_hits_per_min": {"raw": 3.129251700680272, "pct": 0.07218167072181671}, "hero_damage_per_min": {"raw": 405.60090702947844, "pct": 0.17822384428223845}, "hero_healing_per_min": {"raw": 0, "pct": 0.8990267639902676}, "tower_damage": {"raw": 0, "pct": 0.16970802919708028}}}, {"player_slot": 3, "team_number": 0, "team_slot": 3, "hero_id": 54, "hero_variant": 5, "item_0": 154, "item_1": 36, "item_2": 137, "item_3": 143, "item_4": 108, "item_5": 50, "backpack_0": 40, "backpack_1": 0, "backpack_2": 0, "item_neutral": 1599, "item_neutral2": 1583, "kills": 7, "deaths": 11, "assists": 19, "leaver_status": 0, "last_hits": 308, "denies": 26, "gold_per_min": 556, "xp_per_min": 821, "level": 25, "net_worth": 19673, "aghanims_scepter": 0, "aghanims_shard": 1, "moonshard": 0, "hero_damage": 46948, "tower_damage": 155, "hero_healing": 595, "gold": 168, "gold_spent": 21195, "ability_upgrades_arr": [631, 5249, 5251, 631, 631, 5252, 631, 5249, 5249, 5249, 5251, 5252, 6676, 5251, 499, 5251, 5252, 709, 6173], "is_subscriber": false, "radiant_win": false, "start_time": 1759002844, "duration": 2646, "cluster": 346, "lobby_type": 7, "game_mode": 22, "is_contributor": false, "patch": 58, "region": 38, "isRadiant": true, "win": 0, "lose": 1, "total_gold": 24519, "total_xp": 36206, "kills_per_min": 0.15873015873015872, "kda": 2.17, "abandons": 0, "benchmarks": {"gold_per_min": {"raw": 556, "pct": 0.33401555464592714}, "xp_per_min": {"raw": 821, "pct": 0.42652476463364714}, "kills_per_min": {"raw": 0.15873015873015872, "pct": 0.2902169463774048}, "last_hits_per_min": {"raw": 6.984126984126984, "pct": 0.3513439759858098}, "hero_damage_per_min": {"raw": 1064.580498866213, "pct": 0.8164824669122663}, "hero_healing_per_min": {"raw": 13.492063492063492, "pct": 0.13862737071906125}, "tower_damage": {"raw": 155, "pct": 0.1427206985946241}}}, {"player_slot": 4, "team_number": 0, "team_slot": 4, "hero_id": 4, "hero_variant": 1, "item_0": 36, "item_1": 158, "item_2": 116, "item_3": 143, "item_4": 152, "item_5": 50, "backpack_0": 38, "backpack_1": 0, "backpack_2": 0, "item_neutral": 1641, "item_neutral2": 1594, "kills": 14, "deaths": 7, "assists": 11, "leaver_status": 0, "last_hits": 313, "denies": 10, "gold_per_min": 603, "xp_per_min": 934, "level": 26, "net_worth": 20794, "aghanims_scepter": 0, "aghanims_shard": 0, "moonshard": 0, "hero_damage": 37019, "tower_damage": 2531, "hero_healing": 0, "gold": 2869, "gold_spent": 20355, "ability_upgrades_arr": [5015, 5016, 5017, 5016, 5015, 5018, 5016, 5015, 5015, 5017, 5018, 818, 5017, 5016, 819, 5017, 5018, 6357, 905], "is_subscriber": false, "radiant_win": false, "start_time": 1759002844, "duration": 2646, "cluster": 346, "lobby_type": 7, "game_mode": 22, "is_contributor": false, "patch": 58, "region": 38, "isRadiant": true, "win": 0, "lose": 1, "total_gold": 26592, "total_xp": 41189, "kills_per_min": 0.31746031746031744, "kda": 3.13, "abandons": 0, "benchmarks": {"gold_per_min": {"raw": 603, "pct": 0.5857787810383747}, "xp_per_min": {"raw": 934, "pct": 0.6755079006772009}, "kills_per_min": {"raw": 0.31746031746031744, "pct": 0.6670428893905191}, "last_hits_per_min": {"raw": 7.09750566893424, "pct": 0.5575620767494357}, "hero_damage_per_min": {"raw": 839.4331065759636, "pct": 0.6568848758465011}, "hero_healing_per_min": {"raw": 0, "pct": 0.9571106094808126}, "tower_damage": {"raw": 2531, "pct": 0.45428893905191875}}}, {"account_id": 45421382, "player_slot": 128, "team_number": 1, "team_slot": 0, "hero_id": 43, "hero_variant": 2, "item_0": 116, "item_1": 123, "item_2": 119, "item_3": 50, "item_4": 100, "item_5": 0, "backpack_0": 0,