{"players": [{"account_id": 99611719, "player_slot": 0, "team_number": 0, "team_slot": 0, "hero_id": 84, "hero_variant": 1, "item_0": 102, "item_1": 36, "item_2": 185, "item_3": 0, "item_4": 231, "item_5": 232, "backpack_0": 0, "backpack_1": 0, "backpack_2": 0, "item_neutral": 362, "item_neutral2": 1586, "kills": 2, "deaths": 11, "assists": 31, "leaver_status": 0, "last_hits": 38, "denies": 3, "gold_per_min": 338, "xp_per_min": 573, "level": 22, "net_worth": 14597, "aghanims_scepter": 0, "aghanims_shard": 0, "moonshard": 0, "hero_damage": 24910, "tower_damage": 1671, "hero_healing": 1894, "gold": 272, "gold_spent": 15620, "ability_upgrades_arr": [5438, 5439, 5440, 5438, 5438, 5441, 5438, 5440, 5440, 5440, 403, 5441, 5439, 5439, 5439, 1181, 5441, 6183], "personaname": "Jon!", "name": null, "last_login": null, "rank_tier": 22, "computed_mmr": null, "is_subscriber": false, "radiant_win": true, "start_time": 1743815298, "duration": 2912, "cluster": 241, "lobby_type": 0, "game_mode": 22, "is_contributor": false, "patch": 57, "region": 14, "isRadiant": true, "win": 1, "lose": 0, "total_gold": 16404, "total_xp": 27809, "kills_per_min": 0.04120879120879121, "kda": 2.75, "abandons": 0, "benchmarks": {"gold_per_min": {"raw": 338, "pct": 0.17335803994235124}, "xp_per_min": {"raw": 573, "pct": 0.4298949969116739}, "kills_per_min": {"raw": 0.041208791208791215, "pct": 0.12023883055383981}, "last_hits_per_min": {"raw": 0.782967032967033, "pct": 0.03850113238624665}, "hero_damage_per_min": {"raw": 513.2554945054944, "pct": 0.4832200947086679}, "hero_healing_per_min": {"raw": 39.02472527472528, "pct": 0.8931439159975293}, "tower_damage": {"raw": 1671, "pct": 0.6775787523162446}}}, {"player_slot": 1, "team_number": 0, "team_slot": 1, "hero_id": 86, "hero_variant": 1, "item_0": 180, "item_1": 108, "item_2": 1107, "item_3": 100, "item_4": 123, "item_5": 232, "backpack_0": 42, "backpack_1": 0, "backpack_2": 0, "item_neutral": 1603, "item_neutral2": 1583, "kills": 18, "deaths": 7, "assists": 27, "leaver_status": 0, "last_hits": 187, "denies": 7, "gold_per_min": 571, "xp_per_min": 918, "level": 27, "net_worth": 22744, "aghanims_scepter": 0, "aghanims_shard": 1, "moonshard": 0, "hero_damage": 76178, "tower_damage": 4089, "hero_healing": 2405, "gold": 3469, "gold_spent": 24040, "ability_upgrades_arr": [5450, 5448, 5450, 7320, 5450, 5452, 5450, 5448, 5448, 6862, 7320, 5452, 7320, 7320, 518, 5448, 5452, 6863, 6870, 897], "is_subscriber": false, "radiant_win": true, "start_time": 1743815298, "duration": 2912, "cluster": 241, "lobby_type": 0, "game_mode": 22, "is_contributor": false, "patch": 57, "region": 14, "isRadiant": true, "win": 1, "lose": 0, "total_gold": 27712, "total_xp": 44553, "kills_per_min": 0.3708791208791209, "kda": 5.63, "abandons": 0, "benchmarks": {"gold_per_min": {"raw": 571, "pct": 0.9203493449781659}, "xp_per_min": {"raw": 918, "pct": 0.9179039301310044}, "kills_per_min": {"raw": 0.37087912087912084, "pct": 0.9364192139737991}, "last_hits_per_min": {"raw": 3.8530219780219777, "pct": 0.7393886462882097}, "hero_damage_per_min": {"raw": 1569.6016483516482, "pct": 0.9965065502183406}, "hero_healing_per_min": {"raw": 49.55357142857142, "pct": 0.9191266375545851}, "tower_damage": {"raw": 4089, "pct": 0.9577292576419214}}}, {"account_id": 99689758, "player_slot": 2, "team_number": 0, "team_slot": 2, "hero_id": 93, "hero_variant": 1, "item_0": 225, "item_1": 63, "item_2": 598, "item_3": 174, "item_4": 116, "item_5": 0, "backpack_0": 0, "backpack_1": 0, "backpack_2": 0, "item_neutral": 362, "item_neutral2": 1583, "kills": 10, "deaths": 9, "assists": 19, "leaver_status": 0, "last_hits": 217, "denies": 7, "gold_per_min": 505, "xp_per_min": 643, "level": 23, "net_worth": 22274, "aghanims_scepter": 1, "aghanims_shard": 0, "moonshard": 0, "hero_damage": 29747, "tower_damage": 4343, "hero_healing": 0, "gold": 1349, "gold_spent": 21815, "ability_upgrades_arr": [5496, 5495, 5494, 5494, 5494, 5497, 5494, 5495, 5495, 5495, 6147, 5497, 5496, 5496, 6892, 5496, 5497, 814], "personaname": "Slaifer", "name": null, "last_login": null, "rank_tier": 31, "computed_mmr": null, "is_subscriber": false, "radiant_win": true, "start_time": 1743815298, "duration": 2912, "cluster": 241, "lobby_type": 0, "game_mode": 22, "is_contributor": false, "patch": 57, "region": 14, "isRadiant": true, "win": 1, "lose": 0, "total_gold": 24509, "total_xp": 31206, "kills_per_min": 0.20604395604395606, "kda": 2.9, "abandons": 0, "benchmarks": {"gold_per_min": {"raw": 505, "pct": 0.42258360054970223}, "xp_per_min": {"raw": 643, "pct": 0.2940907008703619}, "kills_per_min": {"raw": 0.20604395604395603, "pct": 0.4170865781035273}, "last_hits_per_min": {"raw": 4.471153846153846, "pct": 0.26225377920293175}, "hero_damage_per_min": {"raw": 612.9189560439561, "pct": 0.5746678882272103}, "hero_healing_per_min": {"raw": 0, "pct": 0.9654145671094824}, "tower_damage": {"raw": 4343, "pct": 0.5551992670636738}}}, {"account_id": 45421382, "player_slot": 3, "team_number": 0, "team_slot": 3, "hero_id": 98, "hero_variant": 1, "item_0": 36, "item_1": 692, "item_2": 610, "item_3": 180, "item_4": 90, "item_5": 119, "backpack_0": 56, "backpack_1": 0, "backpack_2": 0, "item_neutral": 949, "item_neutral2": 1594, "kills": 17, "deaths": 8, "assists": 17, "leaver_status": 0, "last_hits": 262, "denies": 7, "gold_per_min": 589, "xp_per_min": 805, "level": 26, "net_worth": 26109, "aghanims_scepter": 0, "aghanims_shard": 1, "moonshard": 0, "hero_damage": 41255, "tower_damage": 6928, "hero_healing": 0, "gold": 2759, "gold_spent": 25375, "ability_upgrades_arr": [5524, 5526, 5524, 5525, 5526, 5527, 5524, 5526, 5526, 5525, 5525, 5525, 5527, 7132, 6948, 5524, 5527, 6951, 6223], "personaname": "La Chaucha", "name": null, "last_login": "2026-03-03T14:36:01.200Z", "rank_tier": 42, "computed_mmr": 4031.51, "is_subscriber": false, "radiant_win": true, "start_time": 1743815298, "duration": 2912, "cluster": 241, "lobby_type": 0, "game_mode": 22, "is_contributor": false, "patch": 57, "region": 14, "isRadiant": true, "win": 1, "lose": 0, "total_gold": 28586, "total_xp": 39069, "kills_per_min": 0.3502747252747253, "kda": 3.78, "abandons": 0, "benchmarks": {"gold_per_min": {"raw": 589, "pct": 0.8436893203883495}, "xp_per_min": {"raw": 805, "pct": 0.7116504854368932}, "kills_per_min": {"raw": 0.35027472527472525, "pct": 0.8844660194174757}, "last_hits_per_min": {"raw": 5.398351648351649, "pct": 0.6495145631067961}, "hero_damage_per_min": {"raw": 850.0343406593406, "pct": 0.8427184466019417}, "hero_healing_per_min": {"raw": 0, "pct": 0.8805825242718447}, "tower_damage": {"raw": 6928, "pct": 0.9883495145631068}}}, {"account_id": 65137360, "player_slot": 4, "team_number": 0, "team_slot": 4, "hero_id": 123, "hero_variant": 1, "item_0": 1575, "item_1": 31, "item_2": 180, "item_3": 36, "item_4": 1466, "item_5": 40, "backpack_0": 86, "backpack_1": 79, "backpack_2": 0, "item_neutral": 362, "item_neutral2": 1595, "kills": 4, "deaths": 9, "assists": 25, "leaver_status": 0, "last_hits": 48, "denies": 5, "gold_per_min": 319, "xp_per_min": 473, "level": 20, "net_worth": 12354, "aghanims_scepter": 0, "aghanims_shard": 0, "moonshard": 0, "hero_damage": 19288, "tower_damage": 1932, "hero_healing": 0, "gold": 2624, "gold_spent": 12200, "ability_upgrades_arr": [8429, 8158, 8158, 9501, 8429, 8106, 8158, 9501, 8429, 9501, 9501, 8106, 8158, 8429, 7132, 8106, 9513, 7383], "personaname": "PatoDeGoma", "name": null, "last_login": "2021-02-10T20:32:57.535Z", "rank_tier": 45, "computed_mmr": null, "is_subscriber": false, "radiant_win": true, "start_time": 1743815298, "duration": 2912, "cluster": 241, "lobby_type": 0, "game_mode": 22, "is_contributor": false, "patch": 57, "region": 14, "isRadiant": true, "win": 1, "lose": 0, "total_gold": 15482, "total_xp": 22956, "kills_per_min": 0.08241758241758242, "kda": 2.9, "abandons": 0, "benchmarks": {"gold_per_min": {"raw": 319, "pct": 0.24277242401779095}, "xp_per_min": {"raw": 473, "pct": 0.24870274277242402},