{"players": [{"player_slot": 0, "team_number": 0, "team_slot": 0, "hero_id": 37, "hero_variant": 1, "item_0": 0, "item_1": 180, "item_2": 110, "item_3": 218, "item_4": 108, "item_5": 77, "backpack_0": 0, "backpack_1": 216, "backpack_2": 0, "item_neutral": 840, "item_neutral2": 1594, "kills": 7, "deaths": 6, "assists": 24, "leaver_status": 0, "last_hits": 108, "denies": 7, "gold_per_min": 457, "xp_per_min": 556, "level": 19, "net_worth": 15118, "aghanims_scepter": 0, "aghanims_shard": 0, "moonshard": 0, "hero_damage": 17738, "tower_damage": 6560, "hero_healing": 1607, "gold": 3963, "gold_spent": 13120, "ability_upgrades_arr": [5162, 5163, 5164, 5162, 5162, 5165, 5163, 5162, 5163, 1038, 5163, 5164, 5164, 5164, 764, 5165, 5165], "is_subscriber": false, "radiant_win": true, "start_time": 1745702622, "duration": 2185, "cluster": 241, "lobby_type": 7, "game_mode": 22, "is_contributor": false, "patch": 57, "region": 14, "isRadiant": true, "win": 1, "lose": 0, "total_gold": 16642, "total_xp": 20247, "kills_per_min": 0.1922196796338673, "kda": 4.43, "abandons": 0, "benchmarks": {"gold_per_min": {"raw": 457, "pct": 0.7923803898405198}, "xp_per_min": {"raw": 556, "pct": 0.6210868281157709}, "kills_per_min": {"raw": 0.19221967963386727, "pct": 0.8588304784406379}, "last_hits_per_min": {"raw": 2.9656750572082378, "pct": 0.6674542232722976}, "hero_damage_per_min": {"raw": 487.0846681922197, "pct": 0.3845245126993503}, "hero_healing_per_min": {"raw": 44.12814645308924, "pct": 0.09775546367395156}, "tower_damage": {"raw": 6560, "pct": 0.893679858239811}}}, {"player_slot": 1, "team_number": 0, "team_slot": 1, "hero_id": 52, "hero_variant": 1, "item_0": 121, "item_1": 254, "item_2": 36, "item_3": 180, "item_4": 593, "item_5": 53, "backpack_0": 0, "backpack_1": 0, "backpack_2": 0, "item_neutral": 1604, "item_neutral2": 1585, "kills": 7, "deaths": 10, "assists": 19, "leaver_status": 0, "last_hits": 139, "denies": 2, "gold_per_min": 454, "xp_per_min": 557, "level": 19, "net_worth": 14886, "aghanims_scepter": 0, "aghanims_shard": 1, "moonshard": 0, "hero_damage": 20844, "tower_damage": 3213, "hero_healing": 0, "gold": 2036, "gold_spent": 14070, "ability_upgrades_arr": [5241, 5242, 5242, 5243, 5242, 5244, 5242, 5241, 5241, 7132, 5241, 5244, 5243, 5243, 516, 5243, 5244], "is_subscriber": false, "radiant_win": true, "start_time": 1745702622, "duration": 2185, "cluster": 241, "lobby_type": 7, "game_mode": 22, "is_contributor": false, "patch": 57, "region": 14, "isRadiant": true, "win": 1, "lose": 0, "total_gold": 16533, "total_xp": 20284, "kills_per_min": 0.1922196796338673, "kda": 2.36, "abandons": 0, "benchmarks": {"gold_per_min": {"raw": 454, "pct": 0.22515463917525774}, "xp_per_min": {"raw": 557, "pct": 0.18061855670103094}, "kills_per_min": {"raw": 0.19221967963386727, "pct": 0.3525773195876289}, "last_hits_per_min": {"raw": 3.8169336384439356, "pct": 0.14556701030927835}, "hero_damage_per_min": {"raw": 572.37528604119, "pct": 0.20123711340206185}, "hero_healing_per_min": {"raw": 0, "pct": 0.7983505154639176}, "tower_damage": {"raw": 3213, "pct": 0.39010309278350513}}}, {"account_id": 37467834, "player_slot": 2, "team_number": 0, "team_slot": 2, "hero_id": 84, "hero_variant": 1, "item_0": 229, "item_1": 254, "item_2": 231, "item_3": 65, "item_4": 232, "item_5": 36, "backpack_0": 0, "backpack_1": 0, "backpack_2": 0, "item_neutral": 1602, "item_neutral2": 1577, "kills": 6, "deaths": 10, "assists": 22, "leaver_status": 0, "last_hits": 113, "denies": 17, "gold_per_min": 497, "xp_per_min": 654, "level": 21, "net_worth": 16962, "aghanims_scepter": 0, "aghanims_shard": 0, "moonshard": 0, "hero_damage": 18678, "tower_damage": 4328, "hero_healing": 2133, "gold": 2262, "gold_spent": 15440, "ability_upgrades_arr": [5439, 5438, 5439, 5440, 5439, 5441, 5439, 5440, 5440, 403, 5440, 5441, 5438, 5438, 1181, 5438, 5441, 6183], "personaname": "ExtremoDiaz", "name": null, "last_login": null, "rank_tier": 22, "computed_mmr": 3968.35, "is_subscriber": false, "radiant_win": true, "start_time": 1745702622, "duration": 2185, "cluster": 241, "lobby_type": 7, "game_mode": 22, "is_contributor": false, "patch": 57, "region": 14, "isRadiant": true, "win": 1, "lose": 0, "total_gold": 18099, "total_xp": 23816, "kills_per_min": 0.16475972540045766, "kda": 2.55, "abandons": 0, "benchmarks": {"gold_per_min": {"raw": 497, "pct": 0.64862697935458}, "xp_per_min": {"raw": 654, "pct": 0.6007215874924835}, "kills_per_min": {"raw": 0.16475972540045766, "pct": 0.7101623571858088}, "last_hits_per_min": {"raw": 3.102974828375286, "pct": 0.6590499098015634}, "hero_damage_per_min": {"raw": 512.8970251716247, "pct": 0.4892764080978152}, "hero_healing_per_min": {"raw": 58.5720823798627, "pct": 0.9210262577670876}, "tower_damage": {"raw": 4328, "pct": 0.8881539386650631}}}, {"player_slot": 3, "team_number": 0, "team_slot": 3, "hero_id": 97, "hero_variant": 4, "item_0": 180, "item_1": 110, "item_2": 1, "item_3": 102, "item_4": 119, "item_5": 36, "backpack_0": 4206, "backpack_1": 41, "backpack_2": 4204, "item_neutral": 362, "item_neutral2": 1595, "kills": 9, "deaths": 4, "assists": 23, "leaver_status": 0, "last_hits": 168, "denies": 17, "gold_per_min": 546, "xp_per_min": 769, "level": 22, "net_worth": 18013, "aghanims_scepter": 0, "aghanims_shard": 0, "moonshard": 0, "hero_damage": 28266, "tower_damage": 3198, "hero_healing": 0, "gold": 733, "gold_spent": 19245, "ability_upgrades_arr": [5520, 5518, 5518, 5520, 5518, 5521, 5518, 5520, 5518, 525, 5520, 5521, 5519, 5519, 712, 5519, 5519, 5521, 6199], "is_subscriber": false, "radiant_win": true, "start_time": 1745702622, "duration": 2185, "cluster": 241, "lobby_type": 7, "game_mode": 22, "is_contributor": false, "patch": 57, "region": 14, "isRadiant": true, "win": 1, "lose": 0, "total_gold": 19883, "total_xp": 28004, "kills_per_min": 0.2471395881006865, "kda": 6.4, "abandons": 0, "benchmarks": {"gold_per_min": {"raw": 546, "pct": 0.8539953962512331}, "xp_per_min": {"raw": 769, "pct": 0.7339690891154226}, "kills_per_min": {"raw": 0.2471395881006865, "pct": 0.8572837882275567}, "last_hits_per_min": {"raw": 4.613272311212815, "pct": 0.663597500822098}, "hero_damage_per_min": {"raw": 776.183066361556, "pct": 0.954949029924367}, "hero_healing_per_min": {"raw": 0, "pct": 0.7967773758632029}, "tower_damage": {"raw": 3198, "pct": 0.8888523512002631}}}, {"player_slot": 4, "team_number": 0, "team_slot": 4, "hero_id": 6, "hero_variant": 2, "item_0": 147, "item_1": 36, "item_2": 236, "item_3": 596, "item_4": 249, "item_5": 63, "backpack_0": 52, "backpack_1": 0, "backpack_2": 0, "item_neutral": 378, "item_neutral2": 1594, "kills": 12, "deaths": 4, "assists": 15, "leaver_status": 0, "last_hits": 220, "denies": 3, "gold_per_min": 614, "xp_per_min": 694, "level": 21, "net_worth": 22065, "aghanims_scepter": 0, "aghanims_shard": 0, "moonshard": 0, "hero_damage": 26740, "tower_damage": 9060, "hero_healing": 0, "gold": 2590, "gold_spent": 19815, "ability_upgrades_arr": [5019, 343, 5019, 343, 5019, 5022, 343, 5632, 343, 5019, 730, 5022, 5632, 6209, 5632, 6027, 5632, 5022, 6202], "is_subscriber": false, "radiant_win": true, "start_time": 1745702622, "duration": 2185, "cluster": 241, "lobby_type": 7, "game_mode": 22, "is_contributor": false, "patch": 57, "region": 14, "isRadiant": true, "win": 1, "lose": 0, "total_gold": 22359, "total_xp": 25273, "kills_per_min": 0.3295194508009153, "kda": 5.4, "abandons": 0, "benchmarks": {"gold_per_min": {"raw": 614, "pct": 0.6278721278721279}, "xp_per_min": {"raw": 694, "pct": 0.4115884115884116}, "kills_per_min": {"raw": 0.3295194508009153, "pct": 0.7954545454545454}, "last_hits_per_min": {"raw": 6.0411899313501145, "pct": 0.30719280719280717}, "hero_damage_per_min": {"raw": 734.279176201373, "pct": 0.6168831168831169}, "hero_healing_per_min": {"raw": 0, "pct": 0.9647852147852148}, "tower_damage": {"raw": 9060, "pct": 0.6618381618381618}}}, {"player_slot": 128, "team_number": 1, "team_slot": 0, "hero_id": 14, "hero_variant": 3, "item_0": 1, "item_1": 214,