{"players": [{"player_slot": 0, "team_number": 0, "team_slot": 0, "hero_id": 30, "hero_variant": 4, "item_0": 254, "item_1": 231, "item_2": 267, "item_3": 108, "item_4": 232, "item_5": 256, "backpack_0": 0, "backpack_1": 0, "backpack_2": 0, "item_neutral": 840, "item_neutral2": 1585, "kills": 14, "deaths": 5, "assists": 19, "leaver_status": 0, "last_hits": 87, "denies": 0, "gold_per_min": 418, "xp_per_min": 787, "level": 27, "net_worth": 22127, "aghanims_scepter": 0, "aghanims_shard": 1, "moonshard": 0, "hero_damage": 44936, "tower_damage": 1480, "hero_healing": 26136, "gold": 1227, "gold_spent": 22745, "ability_upgrades_arr": [5140, 5138, 5140, 5138, 5140, 5141, 5139, 5139, 5139, 5139, 5140, 5141, 5138, 5138, 6524, 6995, 5141, 5998, 6996], "is_subscriber": false, "radiant_win": true, "start_time": 1752522628, "duration": 3351, "cluster": 241, "lobby_type": 7, "game_mode": 22, "is_contributor": false, "patch": 58, "region": 14, "isRadiant": true, "win": 1, "lose": 0, "total_gold": 23345, "total_xp": 43953, "kills_per_min": 0.25067144136078784, "kda": 5.5, "abandons": 0, "benchmarks": {"gold_per_min": {"raw": 418, "pct": 0.756478588494762}, "xp_per_min": {"raw": 787, "pct": 0.9013049071861791}, "kills_per_min": {"raw": 0.25067144136078784, "pct": 0.7533541628377136}, "last_hits_per_min": {"raw": 1.557743957027753, "pct": 0.7445322551001654}, "hero_damage_per_min": {"raw": 804.5837063563115, "pct": 0.8741040249954053}, "hero_healing_per_min": {"raw": 467.9677708146822, "pct": 0.9580959382466459}, "tower_damage": {"raw": 1480, "pct": 0.9035103841205661}}}, {"account_id": 1516057532, "player_slot": 1, "team_number": 0, "team_slot": 1, "hero_id": 5, "hero_variant": 3, "item_0": 1, "item_1": 79, "item_2": 931, "item_3": 254, "item_4": 102, "item_5": 256, "backpack_0": 0, "backpack_1": 0, "backpack_2": 0, "item_neutral": 1604, "item_neutral2": 1594, "kills": 3, "deaths": 8, "assists": 16, "leaver_status": 0, "last_hits": 171, "denies": 7, "gold_per_min": 401, "xp_per_min": 696, "level": 26, "net_worth": 19241, "aghanims_scepter": 0, "aghanims_shard": 1, "moonshard": 0, "hero_damage": 14872, "tower_damage": 2459, "hero_healing": 4604, "gold": 941, "gold_spent": 21785, "ability_upgrades_arr": [5126, 5127, 5128, 5128, 5128, 5129, 5128, 5127, 5127, 5959, 5127, 5129, 5126, 5126, 956, 5126, 5129, 6520, 6072], "personaname": "Evolution", "name": null, "last_login": null, "rank_tier": 51, "computed_mmr": 3843.25, "is_subscriber": false, "radiant_win": true, "start_time": 1752522628, "duration": 3351, "cluster": 241, "lobby_type": 7, "game_mode": 22, "is_contributor": false, "patch": 58, "region": 14, "isRadiant": true, "win": 1, "lose": 0, "total_gold": 22395, "total_xp": 38871, "kills_per_min": 0.05371530886302596, "kda": 2.11, "abandons": 0, "benchmarks": {"gold_per_min": {"raw": 401, "pct": 0.7323232323232324}, "xp_per_min": {"raw": 696, "pct": 0.75}, "kills_per_min": {"raw": 0.05371530886302596, "pct": 0.18967452300785634}, "last_hits_per_min": {"raw": 3.06177260519248, "pct": 0.8498877665544332}, "hero_damage_per_min": {"raw": 266.28469113697406, "pct": 0.11083052749719416}, "hero_healing_per_min": {"raw": 82.43509400179052, "pct": 0.9941077441077442}, "tower_damage": {"raw": 2459, "pct": 0.9649270482603816}}}, {"account_id": 336498387, "player_slot": 2, "team_number": 0, "team_slot": 2, "hero_id": 85, "hero_variant": 1, "item_0": 1, "item_1": 939, "item_2": 226, "item_3": 127, "item_4": 50, "item_5": 116, "backpack_0": 0, "backpack_1": 0, "backpack_2": 0, "item_neutral": 1607, "item_neutral2": 1592, "kills": 17, "deaths": 10, "assists": 15, "leaver_status": 0, "last_hits": 311, "denies": 10, "gold_per_min": 572, "xp_per_min": 815, "level": 27, "net_worth": 26693, "aghanims_scepter": 1, "aghanims_shard": 0, "moonshard": 0, "hero_damage": 47198, "tower_damage": 302, "hero_healing": 2000, "gold": 2143, "gold_spent": 26945, "ability_upgrades_arr": [5442, 5444, 5442, 5444, 5442, 5447, 5442, 5443, 5443, 813, 5443, 5447, 5444, 5443, 6155, 5444, 5447, 6420, 6971, 807], "personaname": "Pino-Chef.", "name": null, "last_login": null, "rank_tier": 54, "computed_mmr": 4038.84, "is_subscriber": false, "radiant_win": true, "start_time": 1752522628, "duration": 3351, "cluster": 241, "lobby_type": 7, "game_mode": 22, "is_contributor": false, "patch": 58, "region": 14, "isRadiant": true, "win": 1, "lose": 0, "total_gold": 31946, "total_xp": 45517, "kills_per_min": 0.3043867502238138, "kda": 2.91, "abandons": 0, "benchmarks": {"gold_per_min": {"raw": 572, "pct": 0.9486768243785084}, "xp_per_min": {"raw": 815, "pct": 0.8424218123496391}, "kills_per_min": {"raw": 0.3043867502238138, "pct": 0.8628708901363272}, "last_hits_per_min": {"raw": 5.568487018800359, "pct": 0.9334402566158782}, "hero_damage_per_min": {"raw": 845.0850492390331, "pct": 0.9526864474739375}, "hero_healing_per_min": {"raw": 35.810205908683976, "pct": 0.25380914194065757}, "tower_damage": {"raw": 302, "pct": 0.35084202085004007}}}, {"account_id": 45421382, "player_slot": 3, "team_number": 0, "team_slot": 3, "hero_id": 21, "hero_variant": 5, "item_0": 29, "item_1": 911, "item_2": 116, "item_3": 43, "item_4": 1, "item_5": 166, "backpack_0": 0, "backpack_1": 0, "backpack_2": 0, "item_neutral": 1607, "item_neutral2": 1583, "kills": 8, "deaths": 8, "assists": 14, "leaver_status": 0, "last_hits": 227, "denies": 11, "gold_per_min": 469, "xp_per_min": 610, "level": 24, "net_worth": 21332, "aghanims_scepter": 1, "aghanims_shard": 1, "moonshard": 0, "hero_damage": 20634, "tower_damage": 11394, "hero_healing": 0, "gold": 932, "gold_spent": 24130, "ability_upgrades_arr": [5131, 5132, 5131, 5132, 5132, 5133, 5132, 5130, 5131, 5131, 5130, 5133, 5130, 5130, 5920, 6992, 5133, 7889], "personaname": "La Chaucha", "name": null, "last_login": "2026-03-03T14:36:01.200Z", "rank_tier": 42, "computed_mmr": 4031.51, "is_subscriber": false, "radiant_win": true, "start_time": 1752522628, "duration": 3351, "cluster": 241, "lobby_type": 7, "game_mode": 22, "is_contributor": false, "patch": 58, "region": 14, "isRadiant": true, "win": 1, "lose": 0, "total_gold": 26193, "total_xp": 34068, "kills_per_min": 0.1432408236347359, "kda": 2.44, "abandons": 0, "benchmarks": {"gold_per_min": {"raw": 469, "pct": 0.6052564429701455}, "xp_per_min": {"raw": 610, "pct": 0.43072212299055884}, "kills_per_min": {"raw": 0.14324082363473592, "pct": 0.3534064812452156}, "last_hits_per_min": {"raw": 4.064458370635632, "pct": 0.5310028068384792}, "hero_damage_per_min": {"raw": 369.45389435989256, "pct": 0.20260270477162542}, "hero_healing_per_min": {"raw": 0, "pct": 0.8346516968614442}, "tower_damage": {"raw": 11394, "pct": 0.93952538912988}}}, {"player_slot": 4, "team_number": 0, "team_slot": 4, "hero_id": 72, "hero_variant": 1, "item_0": 116, "item_1": 156, "item_2": 263, "item_3": 63, "item_4": 141, "item_5": 166, "backpack_0": 0, "backpack_1": 0, "backpack_2": 0, "item_neutral": 1643, "item_neutral2": 1577, "kills": 3, "deaths": 9, "assists": 19, "leaver_status": 0, "last_hits": 584, "denies": 9, "gold_per_min": 663, "xp_per_min": 818, "level": 27, "net_worth": 32808, "aghanims_scepter": 1, "aghanims_shard": 1, "moonshard": 0, "hero_damage": 51767, "tower_damage": 10738, "hero_healing": 0, "gold": 1958, "gold_spent": 32195, "ability_upgrades_arr": [5361, 5363, 5361, 5362, 5363, 5364, 5363, 5363, 5361, 1332, 5361, 5364, 5362, 5362, 1012, 5362, 5364, 6312, 6216, 5902], "is_subscriber": false, "radiant_win": true, "start_time": 1752522628, "duration": 3351, "cluster": 241, "lobby_type": 7, "game_mode": 22, "is_contributor": false, "patch": 58, "region": 14, "isRadiant": true, "win": 1, "lose": 0, "total_gold": 37028, "total_xp": 45685, "kills_per_min": 0.05371530886302596, "kda": 2.2, "abandons": 0, "benchmarks": {"gold_per_min": {"raw": 663, "pct": 0.7803223070398643}, "xp_per_min": {"raw": 818, "pct": 0.6802374893977947}, "kills_per_min": {"raw": 0.05371530886302596, "pct": 0.07803223070398643}, "last_hits_per_min": {"raw": 10.456580125335721,