{"players": [{"player_slot": 0, "team_number": 0, "team_slot": 0, "hero_id": 63, "hero_variant": 1, "item_0": 75, "item_1": 168, "item_2": 166, "item_3": 63, "item_4": 36, "item_5": 69, "backpack_0": 0, "backpack_1": 0, "backpack_2": 0, "item_neutral": 828, "item_neutral2": 1585, "kills": 2, "deaths": 8, "assists": 6, "leaver_status": 0, "last_hits": 152, "denies": 3, "gold_per_min": 365, "xp_per_min": 489, "level": 18, "net_worth": 12175, "aghanims_scepter": 0, "aghanims_shard": 0, "moonshard": 0, "hero_damage": 15060, "tower_damage": 2662, "hero_healing": 0, "gold": 1970, "gold_spent": 10535, "ability_upgrades_arr": [5291, 5290, 5291, 5290, 5289, 5292, 5291, 5291, 5290, 5290, 5289, 5289, 5292, 5289, 6115, 6989], "is_subscriber": false, "radiant_win": false, "start_time": 1746299595, "duration": 2184, "cluster": 346, "lobby_type": 7, "game_mode": 22, "is_contributor": false, "patch": 57, "region": 38, "isRadiant": true, "win": 0, "lose": 1, "total_gold": 13286, "total_xp": 17799, "kills_per_min": 0.054945054945054944, "kda": 0.89, "abandons": 0, "benchmarks": {"gold_per_min": {"raw": 365, "pct": 0.15987892129884426}, "xp_per_min": {"raw": 489, "pct": 0.1461199779856907}, "kills_per_min": {"raw": 0.054945054945054944, "pct": 0.05613648871766648}, "last_hits_per_min": {"raw": 4.175824175824176, "pct": 0.3247110621904238}, "hero_damage_per_min": {"raw": 413.73626373626377, "pct": 0.1906989543203082}, "hero_healing_per_min": {"raw": 0, "pct": 0.8131535498073748}, "tower_damage": {"raw": 2662, "pct": 0.47688497523390205}}}, {"account_id": 204119797, "player_slot": 1, "team_number": 0, "team_slot": 1, "hero_id": 49, "hero_variant": 3, "item_0": 73, "item_1": 166, "item_2": 0, "item_3": 36, "item_4": 63, "item_5": 0, "backpack_0": 39, "backpack_1": 0, "backpack_2": 237, "item_neutral": 828, "item_neutral2": 1585, "kills": 2, "deaths": 8, "assists": 3, "leaver_status": 0, "last_hits": 114, "denies": 6, "gold_per_min": 285, "xp_per_min": 383, "level": 15, "net_worth": 9574, "aghanims_scepter": 0, "aghanims_shard": 0, "moonshard": 0, "hero_damage": 4265, "tower_damage": 0, "hero_healing": 0, "gold": 4204, "gold_spent": 5860, "ability_upgrades_arr": [5226, 5228, 5228, 5227, 5228, 5229, 5226, 5226, 5228, 5226, 5938, 5229, 5227, 5227, 5993], "personaname": "Yo Contra el mundo!", "name": null, "last_login": null, "rank_tier": 35, "computed_mmr": 4253.41, "is_subscriber": false, "radiant_win": false, "start_time": 1746299595, "duration": 2184, "cluster": 346, "lobby_type": 7, "game_mode": 22, "is_contributor": false, "patch": 57, "region": 38, "isRadiant": true, "win": 0, "lose": 1, "total_gold": 10374, "total_xp": 13941, "kills_per_min": 0.054945054945054944, "kda": 0.56, "abandons": 0, "benchmarks": {"gold_per_min": {"raw": 285, "pct": 0.040300276570525484}, "xp_per_min": {"raw": 383, "pct": 0.06598182536546819}, "kills_per_min": {"raw": 0.054945054945054944, "pct": 0.08731726590280521}, "last_hits_per_min": {"raw": 3.131868131868132, "pct": 0.08099565389174239}, "hero_damage_per_min": {"raw": 117.17032967032966, "pct": 0.007902015013828527}, "hero_healing_per_min": {"raw": 0, "pct": 0.9573291189253259}, "tower_damage": {"raw": 0, "pct": 0.08889766890557092}}}, {"player_slot": 2, "team_number": 0, "team_slot": 2, "hero_id": 35, "hero_variant": 2, "item_0": 166, "item_1": 63, "item_2": 75, "item_3": 149, "item_4": 172, "item_5": 236, "backpack_0": 0, "backpack_1": 0, "backpack_2": 0, "item_neutral": 828, "item_neutral2": 1576, "kills": 3, "deaths": 9, "assists": 2, "leaver_status": 1, "last_hits": 143, "denies": 6, "gold_per_min": 354, "xp_per_min": 398, "level": 16, "net_worth": 11769, "aghanims_scepter": 0, "aghanims_shard": 0, "moonshard": 0, "hero_damage": 20466, "tower_damage": 602, "hero_healing": 0, "gold": 1114, "gold_spent": 11715, "ability_upgrades_arr": [5154, 5155, 5154, 5156, 5154, 5157, 5155, 5154, 5155, 928, 5155, 5157, 5156, 5156, 6305, 5156], "is_subscriber": false, "radiant_win": false, "start_time": 1746299595, "duration": 2184, "cluster": 346, "lobby_type": 7, "game_mode": 22, "is_contributor": false, "patch": 57, "region": 38, "isRadiant": true, "win": 0, "lose": 1, "total_gold": 12885, "total_xp": 14487, "kills_per_min": 0.08241758241758242, "kda": 0.5, "abandons": 0, "benchmarks": {"gold_per_min": {"raw": 354, "pct": 0.0841771195405773}, "xp_per_min": {"raw": 398, "pct": 0.0686111530905244}, "kills_per_min": {"raw": 0.08241758241758243, "pct": 0.08931539972797341}, "last_hits_per_min": {"raw": 3.928571428571429, "pct": 0.18784947861568688}, "hero_damage_per_min": {"raw": 562.2527472527472, "pct": 0.16079794468792505}, "hero_healing_per_min": {"raw": 0, "pct": 0.9321444763487986}, "tower_damage": {"raw": 602, "pct": 0.24316155357412725}}}, {"player_slot": 3, "team_number": 0, "team_slot": 3, "hero_id": 37, "hero_variant": 1, "item_0": 108, "item_1": 180, "item_2": 0, "item_3": 0, "item_4": 0, "item_5": 0, "backpack_0": 0, "backpack_1": 0, "backpack_2": 0, "item_neutral": 1604, "item_neutral2": 1585, "kills": 2, "deaths": 12, "assists": 6, "leaver_status": 0, "last_hits": 98, "denies": 3, "gold_per_min": 272, "xp_per_min": 296, "level": 13, "net_worth": 8872, "aghanims_scepter": 0, "aghanims_shard": 1, "moonshard": 0, "hero_damage": 14783, "tower_damage": 1175, "hero_healing": 865, "gold": 672, "gold_spent": 8300, "ability_upgrades_arr": [5164, 5162, 5164, 5163, 5164, 5165, 5164, 5163, 5162, 5163, 5163, 5165, 1038], "is_subscriber": false, "radiant_win": false, "start_time": 1746299595, "duration": 2184, "cluster": 346, "lobby_type": 7, "game_mode": 22, "is_contributor": false, "patch": 57, "region": 38, "isRadiant": true, "win": 0, "lose": 1, "total_gold": 9900, "total_xp": 10774, "kills_per_min": 0.054945054945054944, "kda": 0.62, "abandons": 0, "benchmarks": {"gold_per_min": {"raw": 272, "pct": 0.09539279385705847}, "xp_per_min": {"raw": 296, "pct": 0.08269344359125812}, "kills_per_min": {"raw": 0.054945054945054944, "pct": 0.22150029533372712}, "last_hits_per_min": {"raw": 2.6923076923076925, "pct": 0.5764914353219137}, "hero_damage_per_min": {"raw": 406.12637362637366, "pct": 0.23095097460129946}, "hero_healing_per_min": {"raw": 23.763736263736263, "pct": 0.04932073242764324}, "tower_damage": {"raw": 1175, "pct": 0.4028352037802717}}}, {"account_id": 37467834, "player_slot": 4, "team_number": 0, "team_slot": 4, "hero_id": 44, "hero_variant": 3, "item_0": 36, "item_1": 143, "item_2": 75, "item_3": 63, "item_4": 170, "item_5": 0, "backpack_0": 0, "backpack_1": 0, "backpack_2": 0, "item_neutral": 828, "item_neutral2": 1586, "kills": 6, "deaths": 13, "assists": 4, "leaver_status": 0, "last_hits": 51, "denies": 0, "gold_per_min": 281, "xp_per_min": 363, "level": 15, "net_worth": 8534, "aghanims_scepter": 0, "aghanims_shard": 0, "moonshard": 0, "hero_damage": 12290, "tower_damage": 0, "hero_healing": 0, "gold": 1204, "gold_spent": 7820, "ability_upgrades_arr": [5190, 5191, 5190, 5191, 5190, 5193, 5191, 5190, 5192, 5191, 483, 5193, 5192, 5192, 6848], "personaname": "ExtremoDiaz", "name": null, "last_login": null, "rank_tier": 22, "computed_mmr": 3968.35, "is_subscriber": false, "radiant_win": false, "start_time": 1746299595, "duration": 2184, "cluster": 346, "lobby_type": 7, "game_mode": 22, "is_contributor": false, "patch": 57, "region": 38, "isRadiant": true, "win": 0, "lose": 1, "total_gold": 10228, "total_xp": 13213, "kills_per_min": 0.16483516483516483, "kda": 0.71, "abandons": 0, "benchmarks": {"gold_per_min": {"raw": 281, "pct": 0.05001562988433886}, "xp_per_min": {"raw": 363, "pct": 0.06720850265708034}, "kills_per_min": {"raw": 0.16483516483516486, "pct": 0.3304157549234136}, "last_hits_per_min": {"raw": 1.401098901098901, "pct": 0.022194435761175368}, "hero_damage_per_min": {"raw": 337.6373626373627, "pct": 0.20443888715223507}, "hero_healing_per_min": {"raw": 0, "pct": 0.9584245076586433}, "tower_damage": {"raw": 0, "pct": 0.24538918412003752}}}, {"account_id": 206654855, "player_slot": 128, "team_number": 1, "team_slot": 0,