{"players": [{"player_slot": 0, "team_number": 0, "team_slot": 0, "hero_id": 65, "hero_variant": 1, "item_0": 48, "item_1": 277, "item_2": 1, "item_3": 610, "item_4": 9, "item_5": 235, "backpack_0": 42, "backpack_1": 0, "backpack_2": 0, "item_neutral": 1604, "item_neutral2": 1594, "kills": 10, "deaths": 13, "assists": 42, "leaver_status": 0, "last_hits": 318, "denies": 2, "gold_per_min": 561, "xp_per_min": 949, "level": 29, "net_worth": 28156, "aghanims_scepter": 0, "aghanims_shard": 0, "moonshard": 0, "hero_damage": 54622, "tower_damage": 2690, "hero_healing": 0, "gold": 4481, "gold_spent": 27775, "ability_upgrades_arr": [5322, 5320, 5322, 5320, 5322, 5323, 5322, 5321, 5320, 5320, 5321, 714, 5321, 5323, 5321, 5918, 5323, 1496, 6229, 6610, 658, 572], "is_subscriber": false, "radiant_win": true, "start_time": 1744426144, "duration": 3700, "cluster": 346, "lobby_type": 7, "game_mode": 22, "is_contributor": false, "patch": 57, "region": 38, "isRadiant": true, "win": 1, "lose": 0, "total_gold": 34595, "total_xp": 58521, "kills_per_min": 0.16216216216216217, "kda": 3.71, "abandons": 0, "benchmarks": {"gold_per_min": {"raw": 561, "pct": 0.7986111111111112}, "xp_per_min": {"raw": 949, "pct": 0.8849206349206349}, "kills_per_min": {"raw": 0.16216216216216217, "pct": 0.44047619047619047}, "last_hits_per_min": {"raw": 5.1567567567567565, "pct": 0.6904761904761905}, "hero_damage_per_min": {"raw": 885.7621621621621, "pct": 0.8432539682539683}, "hero_healing_per_min": {"raw": 0, "pct": 0.8799603174603174}, "tower_damage": {"raw": 2690, "pct": 0.7400793650793651}}}, {"player_slot": 1, "team_number": 0, "team_slot": 1, "hero_id": 40, "hero_variant": 1, "item_0": 263, "item_1": 180, "item_2": 1806, "item_3": 160, "item_4": 108, "item_5": 123, "backpack_0": 0, "backpack_1": 0, "backpack_2": 0, "item_neutral": 676, "item_neutral2": 1592, "kills": 15, "deaths": 9, "assists": 24, "leaver_status": 0, "last_hits": 357, "denies": 3, "gold_per_min": 585, "xp_per_min": 1046, "level": 30, "net_worth": 30496, "aghanims_scepter": 0, "aghanims_shard": 0, "moonshard": 0, "hero_damage": 62299, "tower_damage": 4089, "hero_healing": 0, "gold": 4371, "gold_spent": 27630, "ability_upgrades_arr": [5178, 5180, 5180, 5179, 5178, 1105, 5180, 5178, 5179, 859, 5178, 1105, 5179, 5180, 5179, 6532, 1105, 1083, 6981, 6979, 811, 6980, 6058], "is_subscriber": false, "radiant_win": true, "start_time": 1744426144, "duration": 3700, "cluster": 346, "lobby_type": 7, "game_mode": 22, "is_contributor": false, "patch": 57, "region": 38, "isRadiant": true, "win": 1, "lose": 0, "total_gold": 36075, "total_xp": 64503, "kills_per_min": 0.24324324324324326, "kda": 3.9, "abandons": 0, "benchmarks": {"gold_per_min": {"raw": 585, "pct": 0.9853208444009507}, "xp_per_min": {"raw": 1046, "pct": 0.9970641688801901}, "kills_per_min": {"raw": 0.24324324324324326, "pct": 0.8972459108066545}, "last_hits_per_min": {"raw": 5.789189189189189, "pct": 0.9693834754648399}, "hero_damage_per_min": {"raw": 1010.2540540540541, "pct": 0.9486928561442751}, "hero_healing_per_min": {"raw": 0, "pct": 0.29987417866629384}, "tower_damage": {"raw": 4089, "pct": 0.9384873479658884}}}, {"player_slot": 2, "team_number": 0, "team_slot": 2, "hero_id": 62, "hero_variant": 2, "item_0": 204, "item_1": 108, "item_2": 123, "item_3": 168, "item_4": 48, "item_5": 1107, "backpack_0": 4206, "backpack_1": 0, "backpack_2": 0, "item_neutral": 309, "item_neutral2": 1584, "kills": 15, "deaths": 13, "assists": 20, "leaver_status": 0, "last_hits": 111, "denies": 4, "gold_per_min": 562, "xp_per_min": 793, "level": 27, "net_worth": 27749, "aghanims_scepter": 0, "aghanims_shard": 0, "moonshard": 0, "hero_damage": 36388, "tower_damage": 5860, "hero_healing": 0, "gold": 2699, "gold_spent": 28925, "ability_upgrades_arr": [5286, 1314, 1314, 5287, 1314, 5288, 1314, 5286, 5286, 5286, 5287, 5288, 5960, 5287, 959, 5287, 5288, 6018, 6358, 869], "is_subscriber": false, "radiant_win": true, "start_time": 1744426144, "duration": 3700, "cluster": 346, "lobby_type": 7, "game_mode": 22, "is_contributor": false, "patch": 57, "region": 38, "isRadiant": true, "win": 1, "lose": 0, "total_gold": 34656, "total_xp": 48901, "kills_per_min": 0.24324324324324326, "kda": 2.5, "abandons": 0, "benchmarks": {"gold_per_min": {"raw": 562, "pct": 0.834306956983537}, "xp_per_min": {"raw": 793, "pct": 0.844397238449283}, "kills_per_min": {"raw": 0.24324324324324326, "pct": 0.8635156664896442}, "last_hits_per_min": {"raw": 1.7999999999999998, "pct": 0.6925119490175252}, "hero_damage_per_min": {"raw": 590.0756756756757, "pct": 0.8762612851832182}, "hero_healing_per_min": {"raw": 0, "pct": 0.6070100902814658}, "tower_damage": {"raw": 5860, "pct": 0.9617631439192778}}}, {"player_slot": 3, "team_number": 0, "team_slot": 3, "hero_id": 22, "hero_variant": 2, "item_0": 123, "item_1": 180, "item_2": 110, "item_3": 235, "item_4": 273, "item_5": 610, "backpack_0": 0, "backpack_1": 0, "backpack_2": 0, "item_neutral": 1604, "item_neutral2": 1592, "kills": 15, "deaths": 8, "assists": 37, "leaver_status": 0, "last_hits": 385, "denies": 0, "gold_per_min": 646, "xp_per_min": 1028, "level": 29, "net_worth": 37248, "aghanims_scepter": 1, "aghanims_shard": 0, "moonshard": 0, "hero_damage": 106394, "tower_damage": 2706, "hero_healing": 0, "gold": 4448, "gold_spent": 33550, "ability_upgrades_arr": [5110, 5111, 5110, 5111, 5111, 5113, 641, 5110, 5110, 6926, 5111, 5113, 641, 641, 611, 641, 5113, 6501, 8038, 5959, 6157, 6518], "is_subscriber": false, "radiant_win": true, "start_time": 1744426144, "duration": 3700, "cluster": 346, "lobby_type": 7, "game_mode": 22, "is_contributor": false, "patch": 57, "region": 38, "isRadiant": true, "win": 1, "lose": 0, "total_gold": 39836, "total_xp": 63393, "kills_per_min": 0.24324324324324326, "kda": 5.78, "abandons": 0, "benchmarks": {"gold_per_min": {"raw": 646, "pct": 0.9175675675675675}, "xp_per_min": {"raw": 1028, "pct": 0.9394144144144144}, "kills_per_min": {"raw": 0.24324324324324326, "pct": 0.6484234234234234}, "last_hits_per_min": {"raw": 6.243243243243244, "pct": 0.8376126126126127}, "hero_damage_per_min": {"raw": 1725.3081081081082, "pct": 0.9862612612612612}, "hero_healing_per_min": {"raw": 0, "pct": 0.8135135135135135}, "tower_damage": {"raw": 2706, "pct": 0.9286036036036036}}}, {"player_slot": 4, "team_number": 0, "team_slot": 4, "hero_id": 67, "hero_variant": 2, "item_0": 48, "item_1": 208, "item_2": 139, "item_3": 242, "item_4": 147, "item_5": 114, "backpack_0": 0, "backpack_1": 0, "backpack_2": 127, "item_neutral": 1605, "item_neutral2": 1594, "kills": 19, "deaths": 16, "assists": 41, "leaver_status": 0, "last_hits": 300, "denies": 1, "gold_per_min": 673, "xp_per_min": 1193, "level": 30, "net_worth": 37350, "aghanims_scepter": 0, "aghanims_shard": 0, "moonshard": 0, "hero_damage": 87854, "tower_damage": 5429, "hero_healing": 0, "gold": 7275, "gold_spent": 31770, "ability_upgrades_arr": [5334, 5336, 5336, 5335, 5336, 7851, 5336, 5335, 5335, 5335, 5334, 7851, 5334, 5334, 5910, 8040, 7851, 6195, 6902, 6148, 6900, 6901, 6903], "is_subscriber": false, "radiant_win": true, "start_time": 1744426144, "duration": 3700, "cluster": 346, "lobby_type": 7, "game_mode": 22, "is_contributor": false, "patch": 57, "region": 38, "isRadiant": true, "win": 1, "lose": 0, "total_gold": 41501, "total_xp": 73568, "kills_per_min": 0.3081081081081081, "kda": 3.53, "abandons": 0, "benchmarks": {"gold_per_min": {"raw": 673, "pct": 0.7546337157987644}, "xp_per_min": {"raw": 1193, "pct": 0.8883495145631068}, "kills_per_min": {"raw": 0.30810810810810807, "pct": 0.6443071491615181}, "last_hits_per_min": {"raw": 4.864864864864865, "pct": 0.23124448367166814}, "hero_damage_per_min": {"raw": 1424.6594594594594, "pct": 0.8715798764342454}, "hero_healing_per_min": {"raw": 0, "pct": 0.9443954104148279}, "tower_damage": {"raw": 5429, "pct": 0.6288614298323036}}}, {"player_slot": 128, "team_number": 1, "team_slot": 0, "hero_id": 136, "hero_variant": 5, "item_0": 40, "item_1": 116, "item_2": 156,