{"players": [{"player_slot": 0, "team_number": 0, "team_slot": 0, "hero_id": 26, "hero_variant": 2, "item_0": 232, "item_1": 43, "item_2": 100, "item_3": 108, "item_4": 102, "item_5": 214, "backpack_0": 16, "backpack_1": 0, "backpack_2": 0, "item_neutral": 675, "item_neutral2": 1584, "kills": 12, "deaths": 6, "assists": 29, "leaver_status": 0, "last_hits": 19, "denies": 9, "gold_per_min": 398, "xp_per_min": 817, "level": 24, "net_worth": 15091, "aghanims_scepter": 0, "aghanims_shard": 0, "moonshard": 0, "hero_damage": 21729, "tower_damage": 461, "hero_healing": 0, "gold": 2716, "gold_spent": 13230, "ability_upgrades_arr": [5044, 5046, 5046, 5044, 5044, 5047, 5045, 5046, 5046, 5044, 5045, 5047, 5045, 5045, 465, 401, 5047, 777], "is_subscriber": false, "radiant_win": true, "start_time": 1755656609, "duration": 2401, "cluster": 346, "lobby_type": 0, "game_mode": 22, "is_contributor": false, "patch": 58, "region": 38, "isRadiant": true, "win": 1, "lose": 0, "total_gold": 15926, "total_xp": 32693, "kills_per_min": 0.299875052061641, "kda": 5.86, "abandons": 0, "benchmarks": {"gold_per_min": {"raw": 398, "pct": 0.7782476542883573}, "xp_per_min": {"raw": 817, "pct": 0.8796088278049425}, "kills_per_min": {"raw": 0.299875052061641, "pct": 0.8970529932602088}, "last_hits_per_min": {"raw": 0.47480216576426487, "pct": 0.07030527289546716}, "hero_damage_per_min": {"raw": 542.9987505206165, "pct": 0.8727368838377164}, "hero_healing_per_min": {"raw": 0, "pct": 0.7417734901546187}, "tower_damage": {"raw": 461, "pct": 0.5917800977930487}}}, {"player_slot": 1, "team_number": 0, "team_slot": 1, "hero_id": 44, "hero_variant": 2, "item_0": 168, "item_1": 143, "item_2": 63, "item_3": 156, "item_4": 116, "item_5": 141, "backpack_0": 0, "backpack_1": 0, "backpack_2": 0, "item_neutral": 1639, "item_neutral2": 1586, "kills": 25, "deaths": 6, "assists": 14, "leaver_status": 0, "last_hits": 174, "denies": 2, "gold_per_min": 612, "xp_per_min": 841, "level": 24, "net_worth": 23882, "aghanims_scepter": 0, "aghanims_shard": 0, "moonshard": 0, "hero_damage": 53048, "tower_damage": 4097, "hero_healing": 0, "gold": 1907, "gold_spent": 22245, "ability_upgrades_arr": [5190, 5191, 1287, 5191, 5191, 5193, 5191, 1287, 5190, 559, 1287, 5193, 5190, 1287, 6848, 5190, 5193, 1074], "is_subscriber": false, "radiant_win": true, "start_time": 1755656609, "duration": 2401, "cluster": 346, "lobby_type": 0, "game_mode": 22, "is_contributor": false, "patch": 58, "region": 38, "isRadiant": true, "win": 1, "lose": 0, "total_gold": 24490, "total_xp": 33654, "kills_per_min": 0.6247396917950854, "kda": 5.57, "abandons": 0, "benchmarks": {"gold_per_min": {"raw": 612, "pct": 0.6189700130378096}, "xp_per_min": {"raw": 841, "pct": 0.5492177314211213}, "kills_per_min": {"raw": 0.6247396917950854, "pct": 0.9647979139504563}, "last_hits_per_min": {"raw": 4.3481882548937945, "pct": 0.1623207301173403}, "hero_damage_per_min": {"raw": 1325.6476468138276, "pct": 0.9605606258148631}, "hero_healing_per_min": {"raw": 0, "pct": 0.9628422425032594}, "tower_damage": {"raw": 4097, "pct": 0.6183181225554107}}}, {"player_slot": 2, "team_number": 0, "team_slot": 2, "hero_id": 22, "hero_variant": 1, "item_0": 41, "item_1": 180, "item_2": 176, "item_3": 259, "item_4": 108, "item_5": 1107, "backpack_0": 42, "backpack_1": 77, "backpack_2": 34, "item_neutral": 1604, "item_neutral2": 1594, "kills": 8, "deaths": 5, "assists": 22, "leaver_status": 0, "last_hits": 155, "denies": 1, "gold_per_min": 476, "xp_per_min": 726, "level": 23, "net_worth": 18361, "aghanims_scepter": 0, "aghanims_shard": 0, "moonshard": 0, "hero_damage": 35003, "tower_damage": 2002, "hero_healing": 0, "gold": 1306, "gold_spent": 17600, "ability_upgrades_arr": [5110, 641, 5110, 641, 5110, 5113, 5111, 641, 5110, 6157, 5111, 5113, 5111, 5111, 641, 611, 5113, 6501], "is_subscriber": false, "radiant_win": true, "start_time": 1755656609, "duration": 2401, "cluster": 346, "lobby_type": 0, "game_mode": 22, "is_contributor": false, "patch": 58, "region": 38, "isRadiant": true, "win": 1, "lose": 0, "total_gold": 19047, "total_xp": 29052, "kills_per_min": 0.19991670137442732, "kda": 5, "abandons": 0, "benchmarks": {"gold_per_min": {"raw": 476, "pct": 0.5680037977688108}, "xp_per_min": {"raw": 726, "pct": 0.6109660574412533}, "kills_per_min": {"raw": 0.19991670137442732, "pct": 0.4877759316401614}, "last_hits_per_min": {"raw": 3.8733860891295295, "pct": 0.5461666271065749}, "hero_damage_per_min": {"raw": 874.7105372761349, "pct": 0.47282221694754334}, "hero_healing_per_min": {"raw": 0, "pct": 0.815096131023024}, "tower_damage": {"raw": 2002, "pct": 0.8597199145502018}}}, {"player_slot": 3, "team_number": 0, "team_slot": 3, "hero_id": 9, "hero_variant": 3, "item_0": 40, "item_1": 180, "item_2": 36, "item_3": 1466, "item_4": 218, "item_5": 86, "backpack_0": 79, "backpack_1": 0, "backpack_2": 0, "item_neutral": 675, "item_neutral2": 1577, "kills": 2, "deaths": 11, "assists": 24, "leaver_status": 0, "last_hits": 97, "denies": 4, "gold_per_min": 345, "xp_per_min": 580, "level": 20, "net_worth": 12212, "aghanims_scepter": 0, "aghanims_shard": 1, "moonshard": 0, "hero_damage": 10977, "tower_damage": 2146, "hero_healing": 0, "gold": 432, "gold_spent": 13220, "ability_upgrades_arr": [5048, 5050, 5051, 5051, 5051, 1213, 5051, 5048, 5048, 5048, 817, 1213, 5050, 5050, 5050, 702, 1213, 1488], "is_subscriber": false, "radiant_win": true, "start_time": 1755656609, "duration": 2401, "cluster": 346, "lobby_type": 0, "game_mode": 22, "is_contributor": false, "patch": 58, "region": 38, "isRadiant": true, "win": 1, "lose": 0, "total_gold": 13805, "total_xp": 23209, "kills_per_min": 0.04997917534360683, "kda": 2.17, "abandons": 0, "benchmarks": {"gold_per_min": {"raw": 345, "pct": 0.29022403258655805}, "xp_per_min": {"raw": 580, "pct": 0.43686354378818737}, "kills_per_min": {"raw": 0.04997917534360683, "pct": 0.10896130346232179}, "last_hits_per_min": {"raw": 2.423990004164931, "pct": 0.36608961303462323}, "hero_damage_per_min": {"raw": 274.31070387338605, "pct": 0.11405295315682282}, "hero_healing_per_min": {"raw": 0, "pct": 0.6165987780040734}, "tower_damage": {"raw": 2146, "pct": 0.7046843177189409}}}, {"account_id": 149876082, "player_slot": 4, "team_number": 0, "team_slot": 4, "hero_id": 10, "hero_variant": 2, "item_0": 63, "item_1": 137, "item_2": 127, "item_3": 73, "item_4": 692, "item_5": 36, "backpack_0": 0, "backpack_1": 0, "backpack_2": 0, "item_neutral": 1602, "item_neutral2": 1585, "kills": 4, "deaths": 7, "assists": 22, "leaver_status": 0, "last_hits": 168, "denies": 8, "gold_per_min": 463, "xp_per_min": 678, "level": 22, "net_worth": 17292, "aghanims_scepter": 0, "aghanims_shard": 0, "moonshard": 0, "hero_damage": 30259, "tower_damage": 3824, "hero_healing": 0, "gold": 637, "gold_spent": 18315, "ability_upgrades_arr": [5055, 5052, 5052, 5055, 5052, 5053, 5057, 5052, 5053, 6138, 5055, 5055, 5057, 5053, 6062, 5053, 5057, 5929], "personaname": "Jhamッ", "name": null, "last_login": null, "rank_tier": 31, "computed_mmr": 4043.82, "is_subscriber": false, "radiant_win": true, "start_time": 1755656609, "duration": 2401, "cluster": 346, "lobby_type": 0, "game_mode": 22, "is_contributor": false, "patch": 58, "region": 38, "isRadiant": true, "win": 1, "lose": 0, "total_gold": 18527, "total_xp": 27131, "kills_per_min": 0.09995835068721366, "kda": 3.25, "abandons": 0, "benchmarks": {"gold_per_min": {"raw": 463, "pct": 0.3211159737417943}, "xp_per_min": {"raw": 678, "pct": 0.3900437636761488}, "kills_per_min": {"raw": 0.09995835068721366, "pct": 0.30306345733041573}, "last_hits_per_min": {"raw": 4.198250728862974, "pct": 0.12253829321663019}, "hero_damage_per_min": {"raw": 756.1599333610995, "pct": 0.776258205689278}, "hero_healing_per_min": {"raw": 0, "pct": 0.40536105032822756}, "tower_damage": {"raw": 3824, "pct": 0.5328227571115973}}}, {"account_id": 45421382, "player_slot": 128, "team_number": 1, "team_slot": 0, "hero_id": 23, "hero_variant": 2, "item_0": 141, "item_1": 0, "item_2": 210,