{"players": [{"player_slot": 0, "team_number": 0, "team_slot": 0, "hero_id": 25, "hero_variant": 2, "item_0": 156, "item_1": 116, "item_2": 249, "item_3": 1, "item_4": 48, "item_5": 135, "backpack_0": 0, "backpack_1": 4204, "backpack_2": 0, "item_neutral": 1168, "item_neutral2": 1584, "kills": 10, "deaths": 4, "assists": 10, "leaver_status": 0, "last_hits": 372, "denies": 6, "gold_per_min": 609, "xp_per_min": 968, "level": 27, "net_worth": 28278, "aghanims_scepter": 0, "aghanims_shard": 0, "moonshard": 0, "hero_damage": 27973, "tower_damage": 12807, "hero_healing": 0, "gold": 3928, "gold_spent": 26605, "ability_upgrades_arr": [5040, 5041, 5040, 5042, 5040, 5043, 5040, 5041, 5041, 5041, 6212, 730, 5043, 730, 730, 730, 6388, 730, 5042, 5043, 5042, 844, 730, 5042, 1442], "is_subscriber": false, "radiant_win": true, "start_time": 1770221091, "duration": 2931, "cluster": 251, "lobby_type": 7, "game_mode": 22, "is_contributor": false, "patch": 59, "region": 15, "isRadiant": true, "win": 1, "lose": 0, "total_gold": 29749, "total_xp": 47286, "kills_per_min": 0.20470829068577276, "kda": 4, "abandons": 0, "benchmarks": {"gold_per_min": {"raw": 609, "pct": 0.6667570498915402}, "xp_per_min": {"raw": 968, "pct": 0.7651843817787418}, "kills_per_min": {"raw": 0.20470829068577276, "pct": 0.4004880694143167}, "last_hits_per_min": {"raw": 7.615148413510747, "pct": 0.7144793926247288}, "hero_damage_per_min": {"raw": 572.6305015353122, "pct": 0.31426247288503256}, "hero_healing_per_min": {"raw": 0, "pct": 0.868763557483731}, "tower_damage": {"raw": 12807, "pct": 0.9067245119305857}}}, {"player_slot": 1, "team_number": 0, "team_slot": 1, "hero_id": 41, "hero_variant": 2, "item_0": 156, "item_1": 135, "item_2": 116, "item_3": 141, "item_4": 145, "item_5": 63, "backpack_0": 0, "backpack_1": 0, "backpack_2": 0, "item_neutral": 1719, "item_neutral2": 1584, "kills": 18, "deaths": 4, "assists": 12, "leaver_status": 0, "last_hits": 419, "denies": 6, "gold_per_min": 735, "xp_per_min": 987, "level": 27, "net_worth": 33193, "aghanims_scepter": 1, "aghanims_shard": 1, "moonshard": 0, "hero_damage": 62545, "tower_damage": 10159, "hero_healing": 194, "gold": 1593, "gold_spent": 33810, "ability_upgrades_arr": [5182, 5184, 5184, 5691, 5184, 5185, 5184, 5182, 5182, 867, 5182, 5691, 5185, 5691, 5691, 6807, 5185, 6128, 6651, 856], "is_subscriber": false, "radiant_win": true, "start_time": 1770221091, "duration": 2931, "cluster": 251, "lobby_type": 7, "game_mode": 22, "is_contributor": false, "patch": 59, "region": 15, "isRadiant": true, "win": 1, "lose": 0, "total_gold": 35904, "total_xp": 48214, "kills_per_min": 0.36847492323439096, "kda": 6, "abandons": 0, "benchmarks": {"gold_per_min": {"raw": 735, "pct": 0.893211289092296}, "xp_per_min": {"raw": 987, "pct": 0.7566742944317315}, "kills_per_min": {"raw": 0.36847492323439096, "pct": 0.8829138062547673}, "last_hits_per_min": {"raw": 8.57727737973388, "pct": 0.7883295194508009}, "hero_damage_per_min": {"raw": 1280.3480040941658, "pct": 0.9816933638443935}, "hero_healing_per_min": {"raw": 3.971340839303992, "pct": 0.9755911517925248}, "tower_damage": {"raw": 10159, "pct": 0.7913806254767353}}}, {"player_slot": 2, "team_number": 0, "team_slot": 2, "hero_id": 50, "hero_variant": 2, "item_0": 206, "item_1": 92, "item_2": 1806, "item_3": 180, "item_4": 79, "item_5": 98, "backpack_0": 218, "backpack_1": 0, "backpack_2": 16, "item_neutral": 1720, "item_neutral2": 1577, "kills": 8, "deaths": 6, "assists": 26, "leaver_status": 0, "last_hits": 91, "denies": 0, "gold_per_min": 389, "xp_per_min": 784, "level": 25, "net_worth": 17391, "aghanims_scepter": 0, "aghanims_shard": 0, "moonshard": 0, "hero_damage": 27254, "tower_damage": 917, "hero_healing": 16296, "gold": 311, "gold_spent": 18285, "ability_upgrades_arr": [5233, 5235, 5234, 5233, 5235, 1550, 5233, 5235, 5235, 1018, 5233, 5234, 1550, 5234, 5234, 6232, 1550, 1552, 6049], "is_subscriber": false, "radiant_win": true, "start_time": 1770221091, "duration": 2931, "cluster": 251, "lobby_type": 7, "game_mode": 22, "is_contributor": false, "patch": 59, "region": 15, "isRadiant": true, "win": 1, "lose": 0, "total_gold": 19002, "total_xp": 38298, "kills_per_min": 0.1637666325486182, "kda": 4.86, "abandons": 0, "benchmarks": {"gold_per_min": {"raw": 389, "pct": 0.8323863636363636}, "xp_per_min": {"raw": 784, "pct": 0.9339488636363636}, "kills_per_min": {"raw": 0.16376663254861823, "pct": 0.84375}, "last_hits_per_min": {"raw": 1.8628454452405323, "pct": 0.6825284090909091}, "hero_damage_per_min": {"raw": 557.9119754350052, "pct": 0.9538352272727273}, "hero_healing_per_min": {"raw": 333.5926305015353, "pct": 0.6100852272727273}, "tower_damage": {"raw": 917, "pct": 0.7080965909090909}}}, {"player_slot": 3, "team_number": 0, "team_slot": 3, "hero_id": 29, "hero_variant": 1, "item_0": 242, "item_1": 1, "item_2": 50, "item_3": 141, "item_4": 692, "item_5": 127, "backpack_0": 34, "backpack_1": 0, "backpack_2": 0, "item_neutral": 565, "item_neutral2": 1586, "kills": 9, "deaths": 8, "assists": 19, "leaver_status": 0, "last_hits": 267, "denies": 12, "gold_per_min": 546, "xp_per_min": 952, "level": 27, "net_worth": 23810, "aghanims_scepter": 0, "aghanims_shard": 1, "moonshard": 0, "hero_damage": 38076, "tower_damage": 764, "hero_healing": 0, "gold": 3635, "gold_spent": 21335, "ability_upgrades_arr": [5120, 5118, 5120, 5119, 5120, 5121, 5120, 5118, 5118, 5118, 6946, 5119, 5121, 5119, 5119, 6945, 5121, 1701, 7978], "is_subscriber": false, "radiant_win": true, "start_time": 1770221091, "duration": 2931, "cluster": 251, "lobby_type": 7, "game_mode": 22, "is_contributor": false, "patch": 59, "region": 15, "isRadiant": true, "win": 1, "lose": 0, "total_gold": 26672, "total_xp": 46505, "kills_per_min": 0.18423746161719548, "kda": 3.11, "abandons": 0, "benchmarks": {"gold_per_min": {"raw": 546, "pct": 0.7708807279818004}, "xp_per_min": {"raw": 952, "pct": 0.9096522586935326}, "kills_per_min": {"raw": 0.18423746161719548, "pct": 0.6974325641858954}, "last_hits_per_min": {"raw": 5.465711361310134, "pct": 0.5778355541111472}, "hero_damage_per_min": {"raw": 779.4472876151484, "pct": 0.8163795905102372}, "hero_healing_per_min": {"raw": 0, "pct": 0.4406889827754306}, "tower_damage": {"raw": 764, "pct": 0.4179395515112122}}}, {"account_id": 1480002798, "player_slot": 4, "team_number": 0, "team_slot": 4, "hero_id": 26, "hero_variant": 2, "item_0": 44, "item_1": 108, "item_2": 214, "item_3": 1, "item_4": 0, "item_5": 232, "backpack_0": 0, "backpack_1": 0, "backpack_2": 0, "item_neutral": 947, "item_neutral2": 1583, "kills": 4, "deaths": 11, "assists": 20, "leaver_status": 0, "last_hits": 39, "denies": 0, "gold_per_min": 282, "xp_per_min": 595, "level": 23, "net_worth": 11676, "aghanims_scepter": 0, "aghanims_shard": 0, "moonshard": 0, "hero_damage": 7309, "tower_damage": 115, "hero_healing": 0, "gold": 2021, "gold_spent": 10915, "ability_upgrades_arr": [5044, 5046, 5046, 5044, 5046, 5047, 5045, 5046, 5044, 5918, 5044, 5045, 5047, 5045, 5045, 781, 5047, 777], "personaname": "TORONTOTOCOSH", "name": null, "last_login": null, "rank_tier": 21, "computed_mmr": 3798.72, "is_subscriber": false, "radiant_win": true, "start_time": 1770221091, "duration": 2931, "cluster": 251, "lobby_type": 7, "game_mode": 22, "is_contributor": false, "patch": 59, "region": 15, "isRadiant": true, "win": 1, "lose": 0, "total_gold": 13775, "total_xp": 29065, "kills_per_min": 0.0818833162743091, "kda": 2, "abandons": 0, "benchmarks": {"gold_per_min": {"raw": 282, "pct": 0.25373340707964603}, "xp_per_min": {"raw": 595, "pct": 0.5882190265486725}, "kills_per_min": {"raw": 0.08188331627430911, "pct": 0.2509679203539823}, "last_hits_per_min": {"raw": 0.7983623336745138, "pct": 0.26327433628318586}, "hero_damage_per_min": {"raw": 149.6212896622313, "pct": 0.023230088495575223}, "hero_healing_per_min": {"raw": 0, "pct": 0.7679756637168141}, "tower_damage": {"raw": 115, "pct": 0.4001659292035398}}}, {"account_id": 100884028, "player_slot": 128, "team_number": 1,