{"players": [{"player_slot": 0, "team_number": 0, "team_slot": 0, "hero_id": 98, "hero_variant": 1, "item_0": 96, "item_1": 226, "item_2": 90, "item_3": 108, "item_4": 119, "item_5": 180, "backpack_0": 0, "backpack_1": 0, "backpack_2": 0, "item_neutral": 1608, "item_neutral2": 1597, "kills": 6, "deaths": 10, "assists": 24, "leaver_status": 0, "last_hits": 242, "denies": 4, "gold_per_min": 466, "xp_per_min": 756, "level": 27, "net_worth": 24512, "aghanims_scepter": 0, "aghanims_shard": 0, "moonshard": 0, "hero_damage": 37639, "tower_damage": 5010, "hero_healing": 0, "gold": 862, "gold_spent": 25760, "ability_upgrades_arr": [5525, 5526, 5524, 5525, 5525, 5527, 5525, 5524, 5524, 5524, 7132, 5527, 5526, 5526, 5526, 8482, 5527, 6951, 6223, 1185], "is_subscriber": false, "radiant_win": false, "start_time": 1760577577, "duration": 3497, "cluster": 251, "lobby_type": 0, "game_mode": 22, "is_contributor": false, "patch": 58, "region": 15, "isRadiant": true, "win": 0, "lose": 1, "total_gold": 27160, "total_xp": 44062, "kills_per_min": 0.10294538175579068, "kda": 2.73, "abandons": 0, "benchmarks": {"gold_per_min": {"raw": 466, "pct": 0.5177304964539007}, "xp_per_min": {"raw": 756, "pct": 0.6666666666666666}, "kills_per_min": {"raw": 0.10294538175579068, "pct": 0.26832151300236406}, "last_hits_per_min": {"raw": 4.152130397483558, "pct": 0.375886524822695}, "hero_damage_per_min": {"raw": 645.7935373177008, "pct": 0.6323877068557919}, "hero_healing_per_min": {"raw": 0, "pct": 0.8617021276595744}, "tower_damage": {"raw": 5010, "pct": 0.9657210401891253}}}, {"player_slot": 1, "team_number": 0, "team_slot": 1, "hero_id": 96, "hero_variant": 1, "item_0": 1, "item_1": 108, "item_2": 214, "item_3": 127, "item_4": 34, "item_5": 114, "backpack_0": 0, "backpack_1": 0, "backpack_2": 0, "item_neutral": 0, "item_neutral2": 0, "kills": 7, "deaths": 17, "assists": 22, "leaver_status": 0, "last_hits": 66, "denies": 0, "gold_per_min": 328, "xp_per_min": 565, "level": 24, "net_worth": 17446, "aghanims_scepter": 0, "aghanims_shard": 1, "moonshard": 0, "hero_damage": 33133, "tower_damage": 1423, "hero_healing": 0, "gold": 996, "gold_spent": 16085, "ability_upgrades_arr": [5514, 5515, 5516, 5514, 5514, 5517, 5515, 5516, 5516, 5917, 5515, 5517, 5515, 5514, 6617, 5516, 5517, 453], "is_subscriber": false, "radiant_win": false, "start_time": 1760577577, "duration": 3497, "cluster": 251, "lobby_type": 0, "game_mode": 22, "is_contributor": false, "patch": 58, "region": 15, "isRadiant": true, "win": 0, "lose": 1, "total_gold": 19116, "total_xp": 32930, "kills_per_min": 0.1201029453817558, "kda": 1.61, "abandons": 0, "benchmarks": {"gold_per_min": {"raw": 328, "pct": 0.14294441050702505}, "xp_per_min": {"raw": 565, "pct": 0.3787416004886988}, "kills_per_min": {"raw": 0.1201029453817558, "pct": 0.5198533903481979}, "last_hits_per_min": {"raw": 1.1323991993136975, "pct": 0.0177153329260843}, "hero_damage_per_min": {"raw": 568.4815556191021, "pct": 0.5778863775198534}, "hero_healing_per_min": {"raw": 0, "pct": 0.93341478313989}, "tower_damage": {"raw": 1423, "pct": 0.5253512522907758}}}, {"account_id": 127541024, "player_slot": 2, "team_number": 0, "team_slot": 2, "hero_id": 51, "hero_variant": 2, "item_0": 37, "item_1": 100, "item_2": 98, "item_3": 231, "item_4": 218, "item_5": 96, "backpack_0": 216, "backpack_1": 0, "backpack_2": 0, "item_neutral": 359, "item_neutral2": 1594, "kills": 12, "deaths": 13, "assists": 26, "leaver_status": 0, "last_hits": 126, "denies": 3, "gold_per_min": 414, "xp_per_min": 678, "level": 26, "net_worth": 20031, "aghanims_scepter": 0, "aghanims_shard": 1, "moonshard": 0, "hero_damage": 38311, "tower_damage": 1481, "hero_healing": 650, "gold": 726, "gold_spent": 24005, "ability_upgrades_arr": [5238, 5237, 5239, 5239, 5239, 5240, 5237, 5237, 5237, 5239, 8290, 5240, 5238, 5238, 5238, 502, 5240, 7028, 614], "personaname": "ROMARIO", "name": null, "last_login": null, "rank_tier": 41, "computed_mmr": 3970.12, "is_subscriber": false, "radiant_win": false, "start_time": 1760577577, "duration": 3497, "cluster": 251, "lobby_type": 0, "game_mode": 22, "is_contributor": false, "patch": 58, "region": 15, "isRadiant": true, "win": 0, "lose": 1, "total_gold": 24129, "total_xp": 39516, "kills_per_min": 0.20589076351158137, "kda": 2.71, "abandons": 0, "benchmarks": {"gold_per_min": {"raw": 414, "pct": 0.808531746031746}, "xp_per_min": {"raw": 678, "pct": 0.7787698412698413}, "kills_per_min": {"raw": 0.20589076351158137, "pct": 0.8154761904761905}, "last_hits_per_min": {"raw": 2.161853016871604, "pct": 0.6865079365079365}, "hero_damage_per_min": {"raw": 657.3234200743494, "pct": 0.748015873015873}, "hero_healing_per_min": {"raw": 11.152416356877323, "pct": 0.8234126984126984}, "tower_damage": {"raw": 1481, "pct": 0.8630952380952381}}}, {"player_slot": 3, "team_number": 0, "team_slot": 3, "hero_id": 131, "hero_variant": 2, "item_0": 1, "item_1": 254, "item_2": 231, "item_3": 1466, "item_4": 232, "item_5": 0, "backpack_0": 0, "backpack_1": 0, "backpack_2": 0, "item_neutral": 1642, "item_neutral2": 1577, "kills": 4, "deaths": 11, "assists": 23, "leaver_status": 0, "last_hits": 131, "denies": 2, "gold_per_min": 360, "xp_per_min": 522, "level": 23, "net_worth": 19096, "aghanims_scepter": 0, "aghanims_shard": 1, "moonshard": 0, "hero_damage": 28872, "tower_damage": 573, "hero_healing": 3422, "gold": 1321, "gold_spent": 18630, "ability_upgrades_arr": [386, 352, 386, 383, 386, 385, 386, 352, 352, 352, 396, 385, 383, 383, 383, 707, 385, 399], "is_subscriber": false, "radiant_win": false, "start_time": 1760577577, "duration": 3497, "cluster": 251, "lobby_type": 0, "game_mode": 22, "is_contributor": false, "patch": 58, "region": 15, "isRadiant": true, "win": 0, "lose": 1, "total_gold": 20982, "total_xp": 30423, "kills_per_min": 0.06863025450386046, "kda": 2.25, "abandons": 0, "benchmarks": {"gold_per_min": {"raw": 360, "pct": 0.6538461538461539}, "xp_per_min": {"raw": 522, "pct": 0.4802494802494803}, "kills_per_min": {"raw": 0.06863025450386046, "pct": 0.2702702702702703}, "last_hits_per_min": {"raw": 2.24764083500143, "pct": 0.8367983367983368}, "hero_damage_per_min": {"raw": 495.3731770088648, "pct": 0.6382536382536382}, "hero_healing_per_min": {"raw": 58.713182728052615, "pct": 0.9126819126819127}, "tower_damage": {"raw": 573, "pct": 0.7650727650727651}}}, {"account_id": 247909405, "player_slot": 4, "team_number": 0, "team_slot": 4, "hero_id": 72, "hero_variant": 1, "item_0": 158, "item_1": 0, "item_2": 156, "item_3": 135, "item_4": 123, "item_5": 208, "backpack_0": 63, "backpack_1": 0, "backpack_2": 0, "item_neutral": 1643, "item_neutral2": 1583, "kills": 20, "deaths": 10, "assists": 14, "leaver_status": 0, "last_hits": 418, "denies": 21, "gold_per_min": 649, "xp_per_min": 812, "level": 27, "net_worth": 29100, "aghanims_scepter": 0, "aghanims_shard": 0, "moonshard": 0, "hero_damage": 85054, "tower_damage": 11536, "hero_healing": 195, "gold": 1200, "gold_spent": 33445, "ability_upgrades_arr": [5363, 5362, 5363, 5362, 5363, 5364, 5363, 5362, 5362, 5361, 5364, 1332, 5361, 5361, 5361, 1012, 5364, 6652, 6654, 5902], "personaname": "MaestroShifu", "name": null, "last_login": null, "rank_tier": 62, "computed_mmr": 4008.45, "is_subscriber": false, "radiant_win": false, "start_time": 1760577577, "duration": 3497, "cluster": 251, "lobby_type": 0, "game_mode": 22, "is_contributor": false, "patch": 58, "region": 15, "isRadiant": true, "win": 0, "lose": 1, "total_gold": 37825, "total_xp": 47326, "kills_per_min": 0.3431512725193023, "kda": 3.09, "abandons": 0, "benchmarks": {"gold_per_min": {"raw": 649, "pct": 0.7894248608534323}, "xp_per_min": {"raw": 812, "pct": 0.7189239332096475}, "kills_per_min": {"raw": 0.3431512725193023, "pct": 0.8747680890538033}, "last_hits_per_min": {"raw": 7.171861595653417, "pct": 0.5871985157699443}, "hero_damage_per_min": {"raw": 1459.3194166428366, "pct": 0.9786641929499073}, "hero_healing_per_min": {"raw": 3.345724907063197, "pct": 0.9044526901669759},