{"players": [{"player_slot": 0, "team_number": 0, "team_slot": 0, "hero_id": 6, "hero_variant": 1, "item_0": 63, "item_1": 263, "item_2": 75, "item_3": 139, "item_4": 154, "item_5": 0, "backpack_0": 0, "backpack_1": 0, "backpack_2": 0, "item_neutral": 1607, "item_neutral2": 1583, "kills": 12, "deaths": 6, "assists": 15, "leaver_status": 0, "last_hits": 157, "denies": 3, "gold_per_min": 491, "xp_per_min": 800, "level": 24, "net_worth": 18640, "aghanims_scepter": 0, "aghanims_shard": 0, "moonshard": 0, "hero_damage": 24132, "tower_damage": 4467, "hero_healing": 0, "gold": 2635, "gold_spent": 16465, "ability_upgrades_arr": [5019, 343, 5632, 343, 343, 5022, 343, 5019, 5019, 6209, 5632, 5022, 5019, 6027, 730, 5632, 5632, 5022, 1088], "is_subscriber": false, "radiant_win": true, "start_time": 1746843258, "duration": 2389, "cluster": 241, "lobby_type": 7, "game_mode": 22, "is_contributor": false, "patch": 57, "region": 14, "isRadiant": true, "win": 1, "lose": 0, "total_gold": 19549, "total_xp": 31853, "kills_per_min": 0.301381331100879, "kda": 3.86, "abandons": 0, "benchmarks": {"gold_per_min": {"raw": 491, "pct": 0.3306693306693307}, "xp_per_min": {"raw": 800, "pct": 0.5721778221778222}, "kills_per_min": {"raw": 0.30138133110087906, "pct": 0.7392607392607392}, "last_hits_per_min": {"raw": 3.943072415236501, "pct": 0.10164835164835165}, "hero_damage_per_min": {"raw": 606.0778568438677, "pct": 0.4647852147852148}, "hero_healing_per_min": {"raw": 0, "pct": 0.9647852147852148}, "tower_damage": {"raw": 4467, "pct": 0.5137362637362637}}}, {"player_slot": 1, "team_number": 0, "team_slot": 1, "hero_id": 97, "hero_variant": 4, "item_0": 939, "item_1": 143, "item_2": 149, "item_3": 63, "item_4": 73, "item_5": 1, "backpack_0": 11, "backpack_1": 0, "backpack_2": 0, "item_neutral": 1159, "item_neutral2": 1584, "kills": 14, "deaths": 8, "assists": 18, "leaver_status": 0, "last_hits": 167, "denies": 8, "gold_per_min": 530, "xp_per_min": 785, "level": 23, "net_worth": 19157, "aghanims_scepter": 0, "aghanims_shard": 1, "moonshard": 0, "hero_damage": 27390, "tower_damage": 3719, "hero_healing": 0, "gold": 3927, "gold_spent": 16545, "ability_upgrades_arr": [5519, 5520, 5518, 5518, 5518, 5521, 5518, 5520, 5518, 5520, 525, 5521, 5520, 5519, 5519, 712, 5519, 5521, 6199], "is_subscriber": false, "radiant_win": true, "start_time": 1746843258, "duration": 2389, "cluster": 241, "lobby_type": 7, "game_mode": 22, "is_contributor": false, "patch": 57, "region": 14, "isRadiant": true, "win": 1, "lose": 0, "total_gold": 21102, "total_xp": 31256, "kills_per_min": 0.35161155295102553, "kda": 3.56, "abandons": 0, "benchmarks": {"gold_per_min": {"raw": 530, "pct": 0.8280170996382769}, "xp_per_min": {"raw": 785, "pct": 0.7566589937520553}, "kills_per_min": {"raw": 0.35161155295102553, "pct": 0.9565932259125288}, "last_hits_per_min": {"raw": 4.194223524487233, "pct": 0.5938835909240382}, "hero_damage_per_min": {"raw": 687.9028882377563, "pct": 0.9118710950345281}, "hero_healing_per_min": {"raw": 0, "pct": 0.7967773758632029}, "tower_damage": {"raw": 3719, "pct": 0.9115422558368957}}}, {"player_slot": 2, "team_number": 0, "team_slot": 2, "hero_id": 95, "hero_variant": 2, "item_0": 569, "item_1": 112, "item_2": 208, "item_3": 135, "item_4": 242, "item_5": 50, "backpack_0": 0, "backpack_1": 0, "backpack_2": 0, "item_neutral": 1603, "item_neutral2": 1585, "kills": 24, "deaths": 11, "assists": 11, "leaver_status": 0, "last_hits": 196, "denies": 1, "gold_per_min": 647, "xp_per_min": 943, "level": 25, "net_worth": 23735, "aghanims_scepter": 0, "aghanims_shard": 0, "moonshard": 0, "hero_damage": 37263, "tower_damage": 8345, "hero_healing": 0, "gold": 1435, "gold_spent": 22840, "ability_upgrades_arr": [5510, 5508, 5510, 5508, 5511, 5512, 5508, 5510, 5511, 5510, 5511, 5512, 5511, 5508, 6958, 492, 5512, 1011, 6960], "is_subscriber": false, "radiant_win": true, "start_time": 1746843258, "duration": 2389, "cluster": 241, "lobby_type": 7, "game_mode": 22, "is_contributor": false, "patch": 57, "region": 14, "isRadiant": true, "win": 1, "lose": 0, "total_gold": 25761, "total_xp": 37547, "kills_per_min": 0.602762662201758, "kda": 2.92, "abandons": 0, "benchmarks": {"gold_per_min": {"raw": 647, "pct": 0.7681318681318682}, "xp_per_min": {"raw": 943, "pct": 0.7450549450549451}, "kills_per_min": {"raw": 0.6027626622017581, "pct": 0.9846153846153847}, "last_hits_per_min": {"raw": 4.922561741314357, "pct": 0.2802197802197802}, "hero_damage_per_min": {"raw": 935.8643784010046, "pct": 0.8472527472527472}, "hero_healing_per_min": {"raw": 0, "pct": 0.9483516483516483}, "tower_damage": {"raw": 8345, "pct": 0.6076923076923076}}}, {"account_id": 37467834, "player_slot": 3, "team_number": 0, "team_slot": 3, "hero_id": 84, "hero_variant": 1, "item_0": 231, "item_1": 65, "item_2": 1, "item_3": 36, "item_4": 42, "item_5": 0, "backpack_0": 0, "backpack_1": 0, "backpack_2": 0, "item_neutral": 2193, "item_neutral2": 1577, "kills": 2, "deaths": 11, "assists": 34, "leaver_status": 0, "last_hits": 55, "denies": 0, "gold_per_min": 408, "xp_per_min": 687, "level": 22, "net_worth": 13761, "aghanims_scepter": 0, "aghanims_shard": 0, "moonshard": 0, "hero_damage": 10949, "tower_damage": 1450, "hero_healing": 2711, "gold": 3811, "gold_spent": 11040, "ability_upgrades_arr": [5440, 5438, 5440, 5439, 5440, 5441, 5440, 5439, 5439, 5439, 403, 5441, 5438, 5438, 1181, 5438, 5441], "personaname": "ExtremoDiaz", "name": null, "last_login": null, "rank_tier": 22, "computed_mmr": 3968.35, "is_subscriber": false, "radiant_win": true, "start_time": 1746843258, "duration": 2389, "cluster": 241, "lobby_type": 7, "game_mode": 22, "is_contributor": false, "patch": 57, "region": 14, "isRadiant": true, "win": 1, "lose": 0, "total_gold": 16245, "total_xp": 27354, "kills_per_min": 0.0502302218501465, "kda": 3, "abandons": 0, "benchmarks": {"gold_per_min": {"raw": 408, "pct": 0.36359991982361195}, "xp_per_min": {"raw": 687, "pct": 0.6584485868911606}, "kills_per_min": {"raw": 0.05023022185014651, "pct": 0.17318099819603128}, "last_hits_per_min": {"raw": 1.381331100879029, "pct": 0.1421126478252155}, "hero_damage_per_min": {"raw": 274.985349518627, "pct": 0.057125676488274206}, "hero_healing_per_min": {"raw": 68.08706571787359, "pct": 0.9340549208258168}, "tower_damage": {"raw": 1450, "pct": 0.6552415313690119}}}, {"player_slot": 4, "team_number": 0, "team_slot": 4, "hero_id": 39, "hero_variant": 2, "item_0": 77, "item_1": 98, "item_2": 123, "item_3": 180, "item_4": 218, "item_5": 166, "backpack_0": 0, "backpack_1": 0, "backpack_2": 0, "item_neutral": 1158, "item_neutral2": 1594, "kills": 7, "deaths": 7, "assists": 18, "leaver_status": 0, "last_hits": 124, "denies": 5, "gold_per_min": 422, "xp_per_min": 602, "level": 21, "net_worth": 15057, "aghanims_scepter": 0, "aghanims_shard": 1, "moonshard": 0, "hero_damage": 23272, "tower_damage": 1440, "hero_healing": 0, "gold": 527, "gold_spent": 16295, "ability_upgrades_arr": [5173, 5175, 5174, 5173, 5175, 5176, 5173, 5175, 5174, 5174, 5174, 5176, 5173, 5175, 1279, 629, 5176, 590], "is_subscriber": false, "radiant_win": true, "start_time": 1746843258, "duration": 2389, "cluster": 241, "lobby_type": 7, "game_mode": 22, "is_contributor": false, "patch": 57, "region": 14, "isRadiant": true, "win": 1, "lose": 0, "total_gold": 16802, "total_xp": 23969, "kills_per_min": 0.17580577647551276, "kda": 3.13, "abandons": 0, "benchmarks": {"gold_per_min": {"raw": 422, "pct": 0.23887132084650936}, "xp_per_min": {"raw": 602, "pct": 0.24933106300170274}, "kills_per_min": {"raw": 0.17580577647551276, "pct": 0.2965215276088543}, "last_hits_per_min": {"raw": 3.114273754709083, "pct": 0.14424714181464363}, "hero_damage_per_min": {"raw": 584.4788614483048, "pct": 0.23279007540744345}, "hero_healing_per_min": {"raw": 0, "pct": 0.806373145220141}, "tower_damage": {"raw": 1440, "pct": 0.4899051325711506}}}, {"player_slot": 128, "team_number": 1, "team_slot": 0, "hero_id": 28, "hero_variant": 1, "item_0": 1, "item_1": 48, "item_2": 116,