{"players": [{"player_slot": 0, "team_number": 0, "team_slot": 0, "hero_id": 6, "hero_variant": 1, "item_0": 139, "item_1": 116, "item_2": 152, "item_3": 236, "item_4": 63, "item_5": 141, "backpack_0": 75, "backpack_1": 0, "backpack_2": 0, "item_neutral": 1603, "item_neutral2": 1585, "kills": 7, "deaths": 4, "assists": 12, "leaver_status": 0, "last_hits": 259, "denies": 9, "gold_per_min": 621, "xp_per_min": 687, "level": 21, "net_worth": 22299, "aghanims_scepter": 0, "aghanims_shard": 0, "moonshard": 0, "hero_damage": 17027, "tower_damage": 12717, "hero_healing": 0, "gold": 544, "gold_spent": 22485, "ability_upgrades_arr": [343, 5019, 5632, 343, 343, 5022, 343, 5019, 5019, 6209, 5019, 5022, 5632, 5632, 6027, 5632, 5022, 6202], "is_subscriber": false, "radiant_win": true, "start_time": 1747153872, "duration": 2162, "cluster": 241, "lobby_type": 7, "game_mode": 22, "is_contributor": false, "patch": 57, "region": 14, "isRadiant": true, "win": 1, "lose": 0, "total_gold": 22376, "total_xp": 24754, "kills_per_min": 0.1942645698427382, "kda": 3.8, "abandons": 0, "benchmarks": {"gold_per_min": {"raw": 621, "pct": 0.6458541458541458}, "xp_per_min": {"raw": 687, "pct": 0.4005994005994006}, "kills_per_min": {"raw": 0.19426456984273818, "pct": 0.463036963036963}, "last_hits_per_min": {"raw": 7.187789084181313, "pct": 0.4975024975024975}, "hero_damage_per_min": {"raw": 472.53469010175763, "pct": 0.2827172827172827}, "hero_healing_per_min": {"raw": 0, "pct": 0.9647852147852148}, "tower_damage": {"raw": 12717, "pct": 0.7947052947052947}}}, {"player_slot": 1, "team_number": 0, "team_slot": 1, "hero_id": 71, "hero_variant": 1, "item_0": 181, "item_1": 252, "item_2": 112, "item_3": 50, "item_4": 36, "item_5": 152, "backpack_0": 0, "backpack_1": 0, "backpack_2": 0, "item_neutral": 1599, "item_neutral2": 1594, "kills": 12, "deaths": 4, "assists": 15, "leaver_status": 0, "last_hits": 106, "denies": 6, "gold_per_min": 467, "xp_per_min": 684, "level": 21, "net_worth": 14837, "aghanims_scepter": 0, "aghanims_shard": 0, "moonshard": 0, "hero_damage": 22844, "tower_damage": 2854, "hero_healing": 0, "gold": 1362, "gold_spent": 14260, "ability_upgrades_arr": [5353, 5355, 5353, 5355, 7301, 5356, 7301, 5355, 5353, 7022, 5356, 5353, 5355, 7301, 6253, 7301, 5356, 8254], "is_subscriber": false, "radiant_win": true, "start_time": 1747153872, "duration": 2162, "cluster": 241, "lobby_type": 7, "game_mode": 22, "is_contributor": false, "patch": 57, "region": 14, "isRadiant": true, "win": 1, "lose": 0, "total_gold": 16827, "total_xp": 24646, "kills_per_min": 0.3330249768732655, "kda": 5.4, "abandons": 0, "benchmarks": {"gold_per_min": {"raw": 467, "pct": 0.7527767139027193}, "xp_per_min": {"raw": 684, "pct": 0.5735350440444275}, "kills_per_min": {"raw": 0.3330249768732655, "pct": 0.9069322098812715}, "last_hits_per_min": {"raw": 2.9417206290471785, "pct": 0.6200689391037917}, "hero_damage_per_min": {"raw": 633.9685476410731, "pct": 0.7516277288395251}, "hero_healing_per_min": {"raw": 0, "pct": 0.6999234009957871}, "tower_damage": {"raw": 2854, "pct": 0.9199540405974722}}}, {"player_slot": 2, "team_number": 0, "team_slot": 2, "hero_id": 16, "hero_variant": 1, "item_0": 180, "item_1": 119, "item_2": 100, "item_3": 1, "item_4": 73, "item_5": 30, "backpack_0": 218, "backpack_1": 0, "backpack_2": 0, "item_neutral": 1124, "item_neutral2": 1583, "kills": 3, "deaths": 5, "assists": 18, "leaver_status": 0, "last_hits": 162, "denies": 3, "gold_per_min": 468, "xp_per_min": 662, "level": 21, "net_worth": 16274, "aghanims_scepter": 0, "aghanims_shard": 0, "moonshard": 0, "hero_damage": 13173, "tower_damage": 1800, "hero_healing": 0, "gold": 394, "gold_spent": 16680, "ability_upgrades_arr": [5102, 5103, 5102, 5103, 1229, 5105, 5103, 5102, 5103, 6530, 5102, 5105, 1229, 1229, 6409, 1229, 5105, 498], "is_subscriber": false, "radiant_win": true, "start_time": 1747153872, "duration": 2162, "cluster": 241, "lobby_type": 7, "game_mode": 22, "is_contributor": false, "patch": 57, "region": 14, "isRadiant": true, "win": 1, "lose": 0, "total_gold": 16863, "total_xp": 23854, "kills_per_min": 0.08325624421831637, "kda": 3.5, "abandons": 0, "benchmarks": {"gold_per_min": {"raw": 468, "pct": 0.4077834179357022}, "xp_per_min": {"raw": 662, "pct": 0.4083474337281444}, "kills_per_min": {"raw": 0.08325624421831637, "pct": 0.15961646926113932}, "last_hits_per_min": {"raw": 4.495837187789085, "pct": 0.3733784545967287}, "hero_damage_per_min": {"raw": 365.5781683626272, "pct": 0.09419063733784545}, "hero_healing_per_min": {"raw": 0, "pct": 0.8809926677946982}, "tower_damage": {"raw": 1800, "pct": 0.8313592780597857}}}, {"player_slot": 3, "team_number": 0, "team_slot": 3, "hero_id": 75, "hero_variant": 2, "item_0": 77, "item_1": 63, "item_2": 77, "item_3": 263, "item_4": 1806, "item_5": 77, "backpack_0": 0, "backpack_1": 0, "backpack_2": 0, "item_neutral": 2193, "item_neutral2": 1584, "kills": 11, "deaths": 3, "assists": 15, "leaver_status": 0, "last_hits": 128, "denies": 6, "gold_per_min": 507, "xp_per_min": 729, "level": 22, "net_worth": 18040, "aghanims_scepter": 0, "aghanims_shard": 0, "moonshard": 0, "hero_damage": 30455, "tower_damage": 5490, "hero_healing": 0, "gold": 4700, "gold_spent": 13810, "ability_upgrades_arr": [5377, 5379, 5377, 5379, 5377, 5379, 5379, 5377, 5378, 5380, 5378, 5378, 5378, 5906, 5380, 1467, 5380, 1073], "is_subscriber": false, "radiant_win": true, "start_time": 1747153872, "duration": 2162, "cluster": 241, "lobby_type": 7, "game_mode": 22, "is_contributor": false, "patch": 57, "region": 14, "isRadiant": true, "win": 1, "lose": 0, "total_gold": 18268, "total_xp": 26268, "kills_per_min": 0.3052728954671601, "kda": 6.5, "abandons": 0, "benchmarks": {"gold_per_min": {"raw": 507, "pct": 0.8760059612518629}, "xp_per_min": {"raw": 729, "pct": 0.8002980625931445}, "kills_per_min": {"raw": 0.30527289546716, "pct": 0.9034277198211624}, "last_hits_per_min": {"raw": 3.552266419981499, "pct": 0.7970193740685544}, "hero_damage_per_min": {"raw": 845.1896392229417, "pct": 0.9219076005961252}, "hero_healing_per_min": {"raw": 0, "pct": 0.723397913561848}, "tower_damage": {"raw": 5490, "pct": 0.9341281669150522}}}, {"player_slot": 4, "team_number": 0, "team_slot": 4, "hero_id": 14, "hero_variant": 1, "item_0": 214, "item_1": 127, "item_2": 232, "item_3": 1, "item_4": 0, "item_5": 73, "backpack_0": 0, "backpack_1": 0, "backpack_2": 0, "item_neutral": 356, "item_neutral2": 1585, "kills": 8, "deaths": 2, "assists": 20, "leaver_status": 0, "last_hits": 63, "denies": 7, "gold_per_min": 407, "xp_per_min": 686, "level": 21, "net_worth": 14369, "aghanims_scepter": 0, "aghanims_shard": 0, "moonshard": 0, "hero_damage": 23850, "tower_damage": 730, "hero_healing": 390, "gold": 5539, "gold_spent": 8830, "ability_upgrades_arr": [5075, 5076, 5075, 5076, 5075, 5077, 5075, 5076, 5074, 5076, 7142, 5077, 5074, 5074, 507, 5074, 5077, 408], "is_subscriber": false, "radiant_win": true, "start_time": 1747153872, "duration": 2162, "cluster": 241, "lobby_type": 7, "game_mode": 22, "is_contributor": false, "patch": 57, "region": 14, "isRadiant": true, "win": 1, "lose": 0, "total_gold": 14665, "total_xp": 24718, "kills_per_min": 0.22201665124884368, "kda": 9.33, "abandons": 0, "benchmarks": {"gold_per_min": {"raw": 407, "pct": 0.6076736951261666}, "xp_per_min": {"raw": 686, "pct": 0.685562852863233}, "kills_per_min": {"raw": 0.22201665124884368, "pct": 0.6846410876829128}, "last_hits_per_min": {"raw": 1.748381128584644, "pct": 0.3570687867265814}, "hero_damage_per_min": {"raw": 661.8871415356152, "pct": 0.7541191381495564}, "hero_healing_per_min": {"raw": 10.823311748381128, "pct": 0.9135845143449706}, "tower_damage": {"raw": 730, "pct": 0.6475400391750201}}}, {"player_slot": 128, "team_number": 1, "team_slot": 0, "hero_id": 46, "hero_variant": 2, "item_0": 1, "item_1": 168, "item_2": 51, "item_3": 7, "item_4": 63, "item_5": 236, "backpack_0": 0, "backpack_1": 42, "backpack_2": 0, "item_neutral": 1599, "item_neutral2": 1585, "kills": 3,