{"players": [{"player_slot": 0, "team_number": 0, "team_slot": 0, "hero_id": 108, "hero_variant": 2, "item_0": 231, "item_1": 108, "item_2": 1466, "item_3": 0, "item_4": 0, "item_5": 0, "backpack_0": 0, "backpack_1": 0, "backpack_2": 0, "item_neutral": 1168, "item_neutral2": 1583, "kills": 1, "deaths": 7, "assists": 11, "leaver_status": 0, "last_hits": 173, "denies": 1, "gold_per_min": 343, "xp_per_min": 604, "level": 22, "net_worth": 14682, "aghanims_scepter": 0, "aghanims_shard": 0, "moonshard": 0, "hero_damage": 11654, "tower_damage": 176, "hero_healing": 2884, "gold": 1632, "gold_spent": 13510, "ability_upgrades_arr": [5613, 5614, 5615, 5613, 5613, 865, 5613, 5615, 5615, 5615, 663, 5614, 865, 5614, 5614, 557, 865, 6968], "is_subscriber": false, "radiant_win": true, "start_time": 1774056402, "duration": 2660, "cluster": 381, "lobby_type": 0, "game_mode": 22, "is_contributor": false, "patch": 59, "isRadiant": true, "win": 1, "lose": 0, "total_gold": 15206, "total_xp": 26777, "kills_per_min": 0.022556390977443608, "kda": 1.5, "abandons": 0, "benchmarks": {"gold_per_min": {"raw": 343, "pct": 0.1085219707057257}, "xp_per_min": {"raw": 604, "pct": 0.4174434087882823}, "kills_per_min": {"raw": 0.02255639097744361, "pct": 0.05326231691078562}, "last_hits_per_min": {"raw": 3.9022556390977443, "pct": 0.255659121171771}, "hero_damage_per_min": {"raw": 262.87218045112786, "pct": 0.04660452729693742}, "hero_healing_per_min": {"raw": 65.05263157894737, "pct": 0.6617842876165113}, "tower_damage": {"raw": 176, "pct": 0.2403462050599201}}}, {"account_id": 135341727, "player_slot": 1, "team_number": 0, "team_slot": 1, "hero_id": 87, "hero_variant": 1, "item_0": 0, "item_1": 40, "item_2": 254, "item_3": 60, "item_4": 180, "item_5": 232, "backpack_0": 21, "backpack_1": 0, "backpack_2": 0, "item_neutral": 1168, "item_neutral2": 1592, "kills": 3, "deaths": 8, "assists": 18, "leaver_status": 0, "last_hits": 59, "denies": 2, "gold_per_min": 321, "xp_per_min": 587, "level": 22, "net_worth": 11177, "aghanims_scepter": 0, "aghanims_shard": 0, "moonshard": 0, "hero_damage": 16337, "tower_damage": 1225, "hero_healing": 0, "gold": 772, "gold_spent": 13670, "ability_upgrades_arr": [5458, 5459, 5459, 5458, 5459, 5461, 5460, 5459, 5458, 1142, 5458, 5460, 5461, 5460, 5460, 6215, 5461, 6812], "personaname": "CharlieBrown", "name": null, "last_login": null, "rank_tier": 35, "computed_mmr": 4130.67, "is_subscriber": false, "radiant_win": true, "start_time": 1774056402, "duration": 2660, "cluster": 381, "lobby_type": 0, "game_mode": 22, "is_contributor": false, "patch": 59, "isRadiant": true, "win": 1, "lose": 0, "total_gold": 14231, "total_xp": 26023, "kills_per_min": 0.06766917293233082, "kda": 2.33, "abandons": 0, "benchmarks": {"gold_per_min": {"raw": 321, "pct": 0.48797071129707115}, "xp_per_min": {"raw": 587, "pct": 0.6626569037656904}, "kills_per_min": {"raw": 0.06766917293233084, "pct": 0.3399581589958159}, "last_hits_per_min": {"raw": 1.3308270676691731, "pct": 0.7196652719665272}, "hero_damage_per_min": {"raw": 368.50375939849624, "pct": 0.48169456066945604}, "hero_healing_per_min": {"raw": 0, "pct": 0.6501046025104602}, "tower_damage": {"raw": 1225, "pct": 0.9257322175732218}}}, {"account_id": 134955566, "player_slot": 2, "team_number": 0, "team_slot": 2, "hero_id": 72, "hero_variant": 1, "item_0": 108, "item_1": 141, "item_2": 36, "item_3": 116, "item_4": 596, "item_5": 63, "backpack_0": 0, "backpack_1": 0, "backpack_2": 0, "item_neutral": 1598, "item_neutral2": 1577, "kills": 7, "deaths": 8, "assists": 9, "leaver_status": 0, "last_hits": 235, "denies": 10, "gold_per_min": 499, "xp_per_min": 737, "level": 24, "net_worth": 20884, "aghanims_scepter": 0, "aghanims_shard": 0, "moonshard": 0, "hero_damage": 23085, "tower_damage": 9406, "hero_healing": 0, "gold": 4349, "gold_spent": 16865, "ability_upgrades_arr": [5361, 5363, 5361, 5362, 5363, 5364, 5362, 5361, 5362, 5363, 1332, 5363, 5364, 5361, 5362, 1012, 5364, 6312], "personaname": "GorlKy", "name": null, "last_login": null, "rank_tier": 21, "computed_mmr": 3991.1, "is_subscriber": false, "radiant_win": true, "start_time": 1774056402, "duration": 2660, "cluster": 381, "lobby_type": 0, "game_mode": 22, "is_contributor": false, "patch": 59, "isRadiant": true, "win": 1, "lose": 0, "total_gold": 22122, "total_xp": 32673, "kills_per_min": 0.15789473684210525, "kda": 1.78, "abandons": 0, "benchmarks": {"gold_per_min": {"raw": 499, "pct": 0.5193726937269373}, "xp_per_min": {"raw": 737, "pct": 0.5793357933579336}, "kills_per_min": {"raw": 0.15789473684210525, "pct": 0.4252767527675277}, "last_hits_per_min": {"raw": 5.300751879699248, "pct": 0.43357933579335795}, "hero_damage_per_min": {"raw": 520.7142857142858, "pct": 0.29981549815498154}, "hero_healing_per_min": {"raw": 0, "pct": 0.8717712177121771}, "tower_damage": {"raw": 9406, "pct": 0.7804428044280443}}}, {"player_slot": 3, "team_number": 0, "team_slot": 3, "hero_id": 6, "hero_variant": 1, "item_0": 147, "item_1": 263, "item_2": 596, "item_3": 135, "item_4": 63, "item_5": 36, "backpack_0": 11, "backpack_1": 16, "backpack_2": 21, "item_neutral": 1643, "item_neutral2": 1594, "kills": 4, "deaths": 2, "assists": 11, "leaver_status": 0, "last_hits": 274, "denies": 2, "gold_per_min": 472, "xp_per_min": 613, "level": 22, "net_worth": 21147, "aghanims_scepter": 0, "aghanims_shard": 1, "moonshard": 0, "hero_damage": 21087, "tower_damage": 4411, "hero_healing": 0, "gold": 207, "gold_spent": 21120, "ability_upgrades_arr": [5019, 343, 5019, 5632, 343, 5022, 343, 343, 5019, 6209, 5019, 5632, 5022, 5632, 5632, 6027, 5022, 6202], "is_subscriber": false, "radiant_win": true, "start_time": 1774056402, "duration": 2660, "cluster": 381, "lobby_type": 0, "game_mode": 22, "is_contributor": false, "patch": 59, "isRadiant": true, "win": 1, "lose": 0, "total_gold": 20925, "total_xp": 27176, "kills_per_min": 0.09022556390977443, "kda": 5, "abandons": 0, "benchmarks": {"gold_per_min": {"raw": 472, "pct": 0.2938856015779093}, "xp_per_min": {"raw": 613, "pct": 0.3076923076923077}, "kills_per_min": {"raw": 0.09022556390977444, "pct": 0.17159763313609466}, "last_hits_per_min": {"raw": 6.180451127819548, "pct": 0.3435239973701512}, "hero_damage_per_min": {"raw": 475.64661654135335, "pct": 0.2984878369493754}, "hero_healing_per_min": {"raw": 0, "pct": 0.965483234714004}, "tower_damage": {"raw": 4411, "pct": 0.5082182774490467}}}, {"account_id": 33828871, "player_slot": 4, "team_number": 0, "team_slot": 4, "hero_id": 42, "hero_variant": 1, "item_0": 1, "item_1": 116, "item_2": 137, "item_3": 50, "item_4": 127, "item_5": 112, "backpack_0": 0, "backpack_1": 0, "backpack_2": 0, "item_neutral": 1168, "item_neutral2": 1589, "kills": 7, "deaths": 3, "assists": 7, "leaver_status": 0, "last_hits": 376, "denies": 5, "gold_per_min": 605, "xp_per_min": 662, "level": 23, "net_worth": 26467, "aghanims_scepter": 0, "aghanims_shard": 1, "moonshard": 0, "hero_damage": 24900, "tower_damage": 8267, "hero_healing": 0, "gold": 5042, "gold_spent": 22525, "ability_upgrades_arr": [5087, 5088, 5087, 5086, 5087, 5089, 5087, 5088, 5088, 1545, 5088, 5086, 5089, 5086, 5086, 809, 5089, 1547], "personaname": "Almost | President", "name": null, "last_login": null, "rank_tier": 41, "computed_mmr": null, "is_subscriber": false, "radiant_win": true, "start_time": 1774056402, "duration": 2660, "cluster": 381, "lobby_type": 0, "game_mode": 22, "is_contributor": false, "patch": 59, "isRadiant": true, "win": 1, "lose": 0, "total_gold": 26821, "total_xp": 29348, "kills_per_min": 0.15789473684210525, "kda": 3.5, "abandons": 0, "benchmarks": {"gold_per_min": {"raw": 605, "pct": 0.6325748502994012}, "xp_per_min": {"raw": 662, "pct": 0.3298203592814371}, "kills_per_min": {"raw": 0.15789473684210525, "pct": 0.36862275449101795}, "last_hits_per_min": {"raw": 8.481203007518797, "pct": 0.8311377245508982}, "hero_damage_per_min": {"raw": 561.6541353383459, "pct": 0.30323353293413174}, "hero_healing_per_min": {"raw": 0, "pct": 0.9540119760479042},