{"players": [{"account_id": 45421382, "player_slot": 0, "team_number": 0, "team_slot": 0, "hero_id": 104, "hero_variant": 1, "item_0": 692, "item_1": 226, "item_2": 127, "item_3": 50, "item_4": 1, "item_5": 108, "backpack_0": 0, "backpack_1": 0, "backpack_2": 0, "item_neutral": 1638, "item_neutral2": 1594, "kills": 7, "deaths": 7, "assists": 12, "leaver_status": 0, "last_hits": 242, "denies": 5, "gold_per_min": 465, "xp_per_min": 769, "level": 26, "net_worth": 21889, "aghanims_scepter": 0, "aghanims_shard": 0, "moonshard": 0, "hero_damage": 21877, "tower_damage": 3929, "hero_healing": 4634, "gold": 2489, "gold_spent": 22750, "ability_upgrades_arr": [5595, 5596, 5596, 5595, 5597, 5598, 5597, 5595, 5597, 5595, 1176, 5597, 5596, 5598, 5596, 6671, 5598, 6526, 925], "personaname": "La Chaucha", "name": null, "last_login": "2026-03-03T14:36:01.200Z", "rank_tier": 42, "computed_mmr": 4050.01, "is_subscriber": false, "radiant_win": true, "start_time": 1774131823, "duration": 3235, "cluster": 241, "lobby_type": 7, "game_mode": 22, "is_contributor": false, "patch": 59, "region": 14, "isRadiant": true, "win": 1, "lose": 0, "total_gold": 25071, "total_xp": 41461, "kills_per_min": 0.12982998454404945, "kda": 2.38, "abandons": 0, "benchmarks": {"gold_per_min": {"raw": 465, "pct": 0.4469984378486945}, "xp_per_min": {"raw": 769, "pct": 0.6386967194822585}, "kills_per_min": {"raw": 0.12982998454404945, "pct": 0.2452577549654095}, "last_hits_per_min": {"raw": 4.488408037094281, "pct": 0.4414193260432939}, "hero_damage_per_min": {"raw": 405.7557959814529, "pct": 0.14461057799598304}, "hero_healing_per_min": {"raw": 85.94744976816074, "pct": 0.8350814550323589}, "tower_damage": {"raw": 3929, "pct": 0.6625753180093729}}}, {"player_slot": 1, "team_number": 0, "team_slot": 1, "hero_id": 1, "hero_variant": 2, "item_0": 174, "item_1": 208, "item_2": 116, "item_3": 145, "item_4": 160, "item_5": 147, "backpack_0": 4205, "backpack_1": 0, "backpack_2": 0, "item_neutral": 1721, "item_neutral2": 1589, "kills": 11, "deaths": 8, "assists": 18, "leaver_status": 0, "last_hits": 453, "denies": 1, "gold_per_min": 632, "xp_per_min": 1066, "level": 29, "net_worth": 30378, "aghanims_scepter": 0, "aghanims_shard": 0, "moonshard": 0, "hero_damage": 39183, "tower_damage": 7839, "hero_healing": 0, "gold": 2728, "gold_spent": 32010, "ability_upgrades_arr": [5003, 5004, 5003, 7314, 5003, 5006, 5003, 5004, 5004, 5004, 1495, 7314, 5006, 7314, 7314, 666, 5006, 735, 6606, 966, 6800, 665], "is_subscriber": false, "radiant_win": true, "start_time": 1774131823, "duration": 3235, "cluster": 241, "lobby_type": 7, "game_mode": 22, "is_contributor": false, "patch": 59, "region": 14, "isRadiant": true, "win": 1, "lose": 0, "total_gold": 34075, "total_xp": 57475, "kills_per_min": 0.20401854714064915, "kda": 3.22, "abandons": 0, "benchmarks": {"gold_per_min": {"raw": 632, "pct": 0.5222474829490095}, "xp_per_min": {"raw": 1066, "pct": 0.7417992854822995}, "kills_per_min": {"raw": 0.20401854714064915, "pct": 0.5073075673920104}, "last_hits_per_min": {"raw": 8.401854714064914, "pct": 0.4410522897044495}, "hero_damage_per_min": {"raw": 726.7326120556414, "pct": 0.7580383241312114}, "hero_healing_per_min": {"raw": 0, "pct": 0.9441377070477428}, "tower_damage": {"raw": 7839, "pct": 0.6135108801558947}}}, {"player_slot": 2, "team_number": 0, "team_slot": 2, "hero_id": 14, "hero_variant": 3, "item_0": 214, "item_1": 36, "item_2": 178, "item_3": 1466, "item_4": 232, "item_5": 1, "backpack_0": 0, "backpack_1": 0, "backpack_2": 0, "item_neutral": 1158, "item_neutral2": 1584, "kills": 2, "deaths": 14, "assists": 10, "leaver_status": 0, "last_hits": 177, "denies": 6, "gold_per_min": 358, "xp_per_min": 623, "level": 24, "net_worth": 14898, "aghanims_scepter": 0, "aghanims_shard": 1, "moonshard": 0, "hero_damage": 19974, "tower_damage": 165, "hero_healing": 0, "gold": 2158, "gold_spent": 15590, "ability_upgrades_arr": [5075, 5076, 5075, 5076, 5075, 5077, 5075, 5074, 5076, 7142, 5076, 5074, 5077, 5074, 5074, 507, 5077, 332], "is_subscriber": false, "radiant_win": true, "start_time": 1774131823, "duration": 3235, "cluster": 241, "lobby_type": 7, "game_mode": 22, "is_contributor": false, "patch": 59, "region": 14, "isRadiant": true, "win": 1, "lose": 0, "total_gold": 19302, "total_xp": 33590, "kills_per_min": 0.03709428129829985, "kda": 0.8, "abandons": 0, "benchmarks": {"gold_per_min": {"raw": 358, "pct": 0.40475543478260867}, "xp_per_min": {"raw": 623, "pct": 0.5660326086956522}, "kills_per_min": {"raw": 0.03709428129829985, "pct": 0.05747282608695652}, "last_hits_per_min": {"raw": 3.282843894899536, "pct": 0.6998641304347826}, "hero_damage_per_min": {"raw": 370.4605873261205, "pct": 0.26793478260869563}, "hero_healing_per_min": {"raw": 0, "pct": 0.7630434782608696}, "tower_damage": {"raw": 165, "pct": 0.4125}}}, {"player_slot": 3, "team_number": 0, "team_slot": 3, "hero_id": 30, "hero_variant": 4, "item_0": 180, "item_1": 254, "item_2": 232, "item_3": 218, "item_4": 235, "item_5": 108, "backpack_0": 188, "backpack_1": 0, "backpack_2": 0, "item_neutral": 1604, "item_neutral2": 1592, "kills": 9, "deaths": 5, "assists": 16, "leaver_status": 0, "last_hits": 152, "denies": 4, "gold_per_min": 419, "xp_per_min": 695, "level": 25, "net_worth": 18892, "aghanims_scepter": 0, "aghanims_shard": 1, "moonshard": 0, "hero_damage": 35361, "tower_damage": 452, "hero_healing": 8808, "gold": 2217, "gold_spent": 20170, "ability_upgrades_arr": [5138, 5140, 5140, 5138, 5140, 5141, 5140, 5138, 5138, 5959, 5139, 5139, 5141, 5139, 5139, 6524, 5141, 5998, 6996], "is_subscriber": false, "radiant_win": true, "start_time": 1774131823, "duration": 3235, "cluster": 241, "lobby_type": 7, "game_mode": 22, "is_contributor": false, "patch": 59, "region": 14, "isRadiant": true, "win": 1, "lose": 0, "total_gold": 22591, "total_xp": 37472, "kills_per_min": 0.16692426584234932, "kda": 4.17, "abandons": 0, "benchmarks": {"gold_per_min": {"raw": 419, "pct": 0.7737697085523172}, "xp_per_min": {"raw": 695, "pct": 0.7986144290492116}, "kills_per_min": {"raw": 0.1669242658423493, "pct": 0.468944099378882}, "last_hits_per_min": {"raw": 2.8191653786707884, "pct": 0.9636884854276159}, "hero_damage_per_min": {"raw": 655.8454404945904, "pct": 0.7357859531772575}, "hero_healing_per_min": {"raw": 163.36321483771252, "pct": 0.5900621118012422}, "tower_damage": {"raw": 452, "pct": 0.5848064978499761}}}, {"player_slot": 4, "team_number": 0, "team_slot": 4, "hero_id": 74, "hero_variant": 3, "item_0": 116, "item_1": 96, "item_2": 110, "item_3": 1, "item_4": 235, "item_5": 220, "backpack_0": 4204, "backpack_1": 65, "backpack_2": 0, "item_neutral": 1719, "item_neutral2": 1592, "kills": 11, "deaths": 5, "assists": 19, "leaver_status": 0, "last_hits": 506, "denies": 21, "gold_per_min": 813, "xp_per_min": 1018, "level": 28, "net_worth": 38771, "aghanims_scepter": 1, "aghanims_shard": 1, "moonshard": 0, "hero_damage": 53406, "tower_damage": 5649, "hero_healing": 0, "gold": 3471, "gold_spent": 37020, "ability_upgrades_arr": [5372, 5370, 5372, 5370, 5372, 5370, 5372, 5371, 5370, 5372, 6099, 5372, 5371, 5372, 5371, 1654, 5371, 5371, 5371, 5371, 5370, 5762, 5370, 5370, 6098], "is_subscriber": false, "radiant_win": true, "start_time": 1774131823, "duration": 3235, "cluster": 241, "lobby_type": 7, "game_mode": 22, "is_contributor": false, "patch": 59, "region": 14, "isRadiant": true, "win": 1, "lose": 0, "total_gold": 43834, "total_xp": 54887, "kills_per_min": 0.20401854714064915, "kda": 5, "abandons": 0, "benchmarks": {"gold_per_min": {"raw": 813, "pct": 0.992925604746691}, "xp_per_min": {"raw": 1018, "pct": 0.9274303970789594}, "kills_per_min": {"raw": 0.20401854714064915, "pct": 0.5734824281150159}, "last_hits_per_min": {"raw": 9.384853168469862, "pct": 0.9920127795527156}, "hero_damage_per_min": {"raw": 990.5285935085009, "pct": 0.8649018712916476}, "hero_healing_per_min": {"raw": 0, "pct": 0.8254221816522136}, "tower_damage": {"raw": 5649,