{"players": [{"player_slot": 0, "team_number": 0, "team_slot": 0, "hero_id": 30, "hero_variant": 0, "item_0": 116, "item_1": 1, "item_2": 0, "item_3": 0, "item_4": 180, "item_5": 43, "backpack_0": 0, "backpack_1": 0, "backpack_2": 0, "item_neutral": 574, "item_neutral2": 1593, "kills": 9, "deaths": 10, "assists": 17, "leaver_status": 0, "last_hits": 74, "denies": 1, "gold_per_min": 429, "xp_per_min": 598, "level": 21, "net_worth": 15880, "aghanims_scepter": 1, "aghanims_shard": 1, "moonshard": 0, "hero_damage": 31964, "tower_damage": 410, "hero_healing": 2830, "gold": 730, "gold_spent": 15980, "ability_upgrades_arr": [5140, 5138, 5140, 5138, 5140, 5141, 5140, 5138, 5138, 6995, 5139, 5139, 5141, 5139, 5139, 555, 5141, 1794], "is_subscriber": false, "radiant_win": true, "start_time": 1774664175, "duration": 2401, "cluster": 241, "lobby_type": 0, "game_mode": 22, "is_contributor": false, "patch": 60, "region": 14, "isRadiant": true, "win": 1, "lose": 0, "total_gold": 17167, "total_xp": 23929, "kills_per_min": 0.22490628904623075, "kda": 2.36, "abandons": 0, "benchmarks": {"gold_per_min": {"raw": 429, "pct": 0.8122312470138557}, "xp_per_min": {"raw": 598, "pct": 0.6266125179168658}, "kills_per_min": {"raw": 0.22490628904623072, "pct": 0.6999522216913521}, "last_hits_per_min": {"raw": 1.8492294877134527, "pct": 0.8334925943621596}, "hero_damage_per_min": {"raw": 798.7671803415244, "pct": 0.8779264214046822}, "hero_healing_per_min": {"raw": 70.72053311120366, "pct": 0.3153368370759675}, "tower_damage": {"raw": 410, "pct": 0.562111801242236}}}, {"account_id": 65137360, "player_slot": 1, "team_number": 0, "team_slot": 1, "hero_id": 27, "hero_variant": 0, "item_0": 180, "item_1": 218, "item_2": 232, "item_3": 36, "item_4": 1, "item_5": 254, "backpack_0": 244, "backpack_1": 0, "backpack_2": 0, "item_neutral": 1859, "item_neutral2": 1595, "kills": 1, "deaths": 5, "assists": 18, "leaver_status": 0, "last_hits": 91, "denies": 7, "gold_per_min": 324, "xp_per_min": 462, "level": 18, "net_worth": 10485, "aghanims_scepter": 0, "aghanims_shard": 0, "moonshard": 0, "hero_damage": 7096, "tower_damage": 1866, "hero_healing": 125, "gold": 1425, "gold_spent": 10510, "ability_upgrades_arr": [5080, 5078, 5080, 5079, 5080, 5081, 5080, 5079, 5079, 6926, 5078, 5079, 5081, 5078, 5078, 760, 5081], "personaname": "PatoDeGoma", "name": null, "last_login": "2021-02-10T20:32:57.535Z", "rank_tier": 45, "computed_mmr": null, "is_subscriber": false, "radiant_win": true, "start_time": 1774664175, "duration": 2401, "cluster": 241, "lobby_type": 0, "game_mode": 22, "is_contributor": false, "patch": 60, "region": 14, "isRadiant": true, "win": 1, "lose": 0, "total_gold": 12965, "total_xp": 18487, "kills_per_min": 0.024989587671803416, "kda": 3.17, "abandons": 0, "benchmarks": {"gold_per_min": {"raw": 324, "pct": 0.3356035697510568}, "xp_per_min": {"raw": 462, "pct": 0.32456552372005637}, "kills_per_min": {"raw": 0.024989587671803416, "pct": 0.08877407233442931}, "last_hits_per_min": {"raw": 2.274052478134111, "pct": 0.7160638797557539}, "hero_damage_per_min": {"raw": 177.32611411911702, "pct": 0.04250821982151245}, "hero_healing_per_min": {"raw": 3.123698458975427, "pct": 0.7623297322686707}, "tower_damage": {"raw": 1866, "pct": 0.4330671676843589}}}, {"account_id": 45421382, "player_slot": 2, "team_number": 0, "team_slot": 2, "hero_id": 45, "hero_variant": 0, "item_0": 232, "item_1": 48, "item_2": 0, "item_3": 204, "item_4": 223, "item_5": 0, "backpack_0": 0, "backpack_1": 0, "backpack_2": 0, "item_neutral": 1859, "item_neutral2": 1583, "kills": 7, "deaths": 9, "assists": 17, "leaver_status": 0, "last_hits": 168, "denies": 3, "gold_per_min": 494, "xp_per_min": 627, "level": 21, "net_worth": 17471, "aghanims_scepter": 0, "aghanims_shard": 0, "moonshard": 0, "hero_damage": 27302, "tower_damage": 10043, "hero_healing": 1425, "gold": 2096, "gold_spent": 18345, "ability_upgrades_arr": [5186, 5187, 5186, 5187, 5188, 5189, 5186, 5186, 5187, 5188, 6448, 5187, 5189, 5188, 5188, 5903, 5189, 6220], "personaname": "La Chaucha", "name": null, "last_login": "2026-03-03T14:36:01.200Z", "rank_tier": 42, "computed_mmr": 4050.01, "is_subscriber": false, "radiant_win": true, "start_time": 1774664175, "duration": 2401, "cluster": 241, "lobby_type": 0, "game_mode": 22, "is_contributor": false, "patch": 60, "region": 14, "isRadiant": true, "win": 1, "lose": 0, "total_gold": 19768, "total_xp": 25090, "kills_per_min": 0.1749271137026239, "kda": 2.4, "abandons": 0, "benchmarks": {"gold_per_min": {"raw": 494, "pct": 0.8935018050541517}, "xp_per_min": {"raw": 627, "pct": 0.6642599277978339}, "kills_per_min": {"raw": 0.1749271137026239, "pct": 0.6660649819494585}, "last_hits_per_min": {"raw": 4.198250728862974, "pct": 0.8907942238267148}, "hero_damage_per_min": {"raw": 682.2657226155768, "pct": 0.6064981949458483}, "hero_healing_per_min": {"raw": 35.61016243231987, "pct": 0.30324909747292417}, "tower_damage": {"raw": 10043, "pct": 0.8646209386281588}}}, {"account_id": 37467834, "player_slot": 3, "team_number": 0, "team_slot": 3, "hero_id": 42, "hero_variant": 0, "item_0": 36, "item_1": 1, "item_2": 50, "item_3": 108, "item_4": 252, "item_5": 137, "backpack_0": 11, "backpack_1": 0, "backpack_2": 0, "item_neutral": 2190, "item_neutral2": 1586, "kills": 7, "deaths": 5, "assists": 18, "leaver_status": 0, "last_hits": 174, "denies": 2, "gold_per_min": 491, "xp_per_min": 695, "level": 22, "net_worth": 18914, "aghanims_scepter": 0, "aghanims_shard": 1, "moonshard": 0, "hero_damage": 23720, "tower_damage": 6533, "hero_healing": 0, "gold": 1454, "gold_spent": 17850, "ability_upgrades_arr": [5087, 5086, 5087, 5088, 5087, 5089, 5087, 5088, 5088, 6088, 5088, 5086, 5089, 5086, 5086, 5993, 5089, 1547], "personaname": "ExtremoDiaz", "name": null, "last_login": null, "rank_tier": 22, "computed_mmr": 3996.43, "is_subscriber": false, "radiant_win": true, "start_time": 1774664175, "duration": 2401, "cluster": 241, "lobby_type": 0, "game_mode": 22, "is_contributor": false, "patch": 60, "region": 14, "isRadiant": true, "win": 1, "lose": 0, "total_gold": 19648, "total_xp": 27811, "kills_per_min": 0.1749271137026239, "kda": 4.17, "abandons": 0, "benchmarks": {"gold_per_min": {"raw": 491, "pct": 0.31065868263473057}, "xp_per_min": {"raw": 695, "pct": 0.3815568862275449}, "kills_per_min": {"raw": 0.1749271137026239, "pct": 0.42251497005988026}, "last_hits_per_min": {"raw": 4.3481882548937945, "pct": 0.14994011976047905}, "hero_damage_per_min": {"raw": 592.753019575177, "pct": 0.3377245508982036}, "hero_healing_per_min": {"raw": 0, "pct": 0.9540119760479042}, "tower_damage": {"raw": 6533, "pct": 0.5705389221556886}}}, {"account_id": 115132074, "player_slot": 4, "team_number": 0, "team_slot": 4, "hero_id": 35, "hero_variant": 0, "item_0": 75, "item_1": 158, "item_2": 63, "item_3": 172, "item_4": 135, "item_5": 160, "backpack_0": 0, "backpack_1": 0, "backpack_2": 0, "item_neutral": 1643, "item_neutral2": 1584, "kills": 10, "deaths": 4, "assists": 4, "leaver_status": 0, "last_hits": 344, "denies": 10, "gold_per_min": 645, "xp_per_min": 856, "level": 24, "net_worth": 25175, "aghanims_scepter": 0, "aghanims_shard": 0, "moonshard": 0, "hero_damage": 25542, "tower_damage": 10573, "hero_healing": 0, "gold": 4770, "gold_spent": 20995, "ability_upgrades_arr": [5154, 5155, 5156, 5155, 5154, 5157, 5156, 5155, 5155, 5156, 928, 5154, 5157, 5156, 5154, 7892, 5157, 6897], "personaname": "Durotan", "name": null, "last_login": null, "rank_tier": 41, "computed_mmr": 3905.19, "is_subscriber": false, "radiant_win": true, "start_time": 1774664175, "duration": 2401, "cluster": 241, "lobby_type": 0, "game_mode": 22, "is_contributor": false, "patch": 60, "region": 14, "isRadiant": true, "win": 1, "lose": 0, "total_gold": 25810, "total_xp": 34254, "kills_per_min": 0.24989587671803415, "kda": 2.8, "abandons": 0, "benchmarks": {"gold_per_min": {"raw": 645, "pct": 0.7045285820341499}, "xp_per_min": {"raw": 856, "pct": 0.7212323682256867},