{"players": [{"player_slot": 0, "team_number": 0, "team_slot": 0, "hero_id": 14, "hero_variant": 1, "item_0": 92, "item_1": 127, "item_2": 50, "item_3": 116, "item_4": 0, "item_5": 1, "backpack_0": 0, "backpack_1": 0, "backpack_2": 0, "item_neutral": 71, "item_neutral2": 1577, "kills": 1, "deaths": 13, "assists": 16, "leaver_status": 0, "last_hits": 107, "denies": 11, "gold_per_min": 283, "xp_per_min": 457, "level": 20, "net_worth": 11468, "aghanims_scepter": 0, "aghanims_shard": 0, "moonshard": 0, "hero_damage": 21485, "tower_damage": 212, "hero_healing": 0, "gold": 543, "gold_spent": 11695, "ability_upgrades_arr": [5075, 5076, 5076, 5074, 5076, 5077, 5075, 5076, 5074, 7142, 730, 5075, 5077, 5074, 5074, 6565, 5075, 5077, 332], "is_subscriber": false, "radiant_win": false, "start_time": 1774043352, "duration": 2963, "cluster": 241, "lobby_type": 0, "game_mode": 22, "is_contributor": false, "patch": 59, "region": 14, "isRadiant": true, "win": 0, "lose": 1, "total_gold": 13975, "total_xp": 22568, "kills_per_min": 0.020249746878164023, "kda": 1.21, "abandons": 0, "benchmarks": {"gold_per_min": {"raw": 283, "pct": 0.14184782608695654}, "xp_per_min": {"raw": 457, "pct": 0.24198369565217392}, "kills_per_min": {"raw": 0.020249746878164023, "pct": 0.02078804347826087}, "last_hits_per_min": {"raw": 2.1667229159635504, "pct": 0.47391304347826085}, "hero_damage_per_min": {"raw": 435.0658116773541, "pct": 0.41032608695652173}, "hero_healing_per_min": {"raw": 0, "pct": 0.7630434782608696}, "tower_damage": {"raw": 212, "pct": 0.44144021739130435}}}, {"player_slot": 1, "team_number": 0, "team_slot": 1, "hero_id": 64, "hero_variant": 4, "item_0": 152, "item_1": 231, "item_2": 108, "item_3": 34, "item_4": 0, "item_5": 0, "backpack_0": 0, "backpack_1": 0, "backpack_2": 0, "item_neutral": 1604, "item_neutral2": 1583, "kills": 6, "deaths": 8, "assists": 10, "leaver_status": 0, "last_hits": 117, "denies": 0, "gold_per_min": 312, "xp_per_min": 425, "level": 19, "net_worth": 14107, "aghanims_scepter": 0, "aghanims_shard": 1, "moonshard": 0, "hero_damage": 20202, "tower_damage": 321, "hero_healing": 1668, "gold": 757, "gold_spent": 14215, "ability_upgrades_arr": [5298, 5299, 5297, 5298, 5298, 5300, 5297, 5298, 5299, 526, 5297, 5297, 5300, 5299, 5299, 6186, 5300], "is_subscriber": false, "radiant_win": false, "start_time": 1774043352, "duration": 2963, "cluster": 241, "lobby_type": 0, "game_mode": 22, "is_contributor": false, "patch": 59, "region": 14, "isRadiant": true, "win": 0, "lose": 1, "total_gold": 15407, "total_xp": 20987, "kills_per_min": 0.12149848126898413, "kda": 1.78, "abandons": 0, "benchmarks": {"gold_per_min": {"raw": 312, "pct": 0.3181169757489301}, "xp_per_min": {"raw": 425, "pct": 0.26426533523537804}, "kills_per_min": {"raw": 0.12149848126898415, "pct": 0.6426533523537803}, "last_hits_per_min": {"raw": 2.3692203847451907, "pct": 0.6715406562054208}, "hero_damage_per_min": {"raw": 409.08538643266957, "pct": 0.47075606276747506}, "hero_healing_per_min": {"raw": 33.776577792777594, "pct": 0.8248930099857347}, "tower_damage": {"raw": 321, "pct": 0.2685449358059914}}}, {"player_slot": 2, "team_number": 0, "team_slot": 2, "hero_id": 84, "hero_variant": 1, "item_0": 166, "item_1": 242, "item_2": 231, "item_3": 206, "item_4": 127, "item_5": 232, "backpack_0": 0, "backpack_1": 43, "backpack_2": 65, "item_neutral": 565, "item_neutral2": 1586, "kills": 2, "deaths": 5, "assists": 11, "leaver_status": 0, "last_hits": 215, "denies": 3, "gold_per_min": 450, "xp_per_min": 552, "level": 22, "net_worth": 21225, "aghanims_scepter": 0, "aghanims_shard": 0, "moonshard": 0, "hero_damage": 17343, "tower_damage": 0, "hero_healing": 184, "gold": 1175, "gold_spent": 21015, "ability_upgrades_arr": [5439, 5438, 5439, 5438, 5439, 5441, 5440, 5438, 5439, 801, 5438, 5440, 5441, 5440, 5440, 1181, 5441, 6708], "is_subscriber": false, "radiant_win": false, "start_time": 1774043352, "duration": 2963, "cluster": 241, "lobby_type": 0, "game_mode": 22, "is_contributor": false, "patch": 59, "region": 14, "isRadiant": true, "win": 0, "lose": 1, "total_gold": 22222, "total_xp": 27259, "kills_per_min": 0.040499493756328046, "kda": 2.17, "abandons": 0, "benchmarks": {"gold_per_min": {"raw": 450, "pct": 0.48}, "xp_per_min": {"raw": 552, "pct": 0.4006703910614525}, "kills_per_min": {"raw": 0.040499493756328046, "pct": 0.13206703910614526}, "last_hits_per_min": {"raw": 4.353695578805265, "pct": 0.8357541899441341}, "hero_damage_per_min": {"raw": 351.19136010799866, "pct": 0.14994413407821228}, "hero_healing_per_min": {"raw": 3.7259534255821802, "pct": 0.735195530726257}, "tower_damage": {"raw": 0, "pct": 0.23173184357541898}}}, {"player_slot": 3, "team_number": 0, "team_slot": 3, "hero_id": 26, "hero_variant": 1, "item_0": 214, "item_1": 108, "item_2": 232, "item_3": 261, "item_4": 1, "item_5": 23, "backpack_0": 0, "backpack_1": 0, "backpack_2": 0, "item_neutral": 565, "item_neutral2": 1577, "kills": 3, "deaths": 10, "assists": 13, "leaver_status": 0, "last_hits": 70, "denies": 0, "gold_per_min": 269, "xp_per_min": 427, "level": 19, "net_worth": 12835, "aghanims_scepter": 0, "aghanims_shard": 1, "moonshard": 0, "hero_damage": 14077, "tower_damage": 266, "hero_healing": 125, "gold": 360, "gold_spent": 13725, "ability_upgrades_arr": [5044, 5046, 5046, 5045, 5046, 5047, 5046, 5044, 5044, 5044, 465, 5045, 5047, 5045, 5045, 401, 5047], "is_subscriber": false, "radiant_win": false, "start_time": 1774043352, "duration": 2963, "cluster": 241, "lobby_type": 0, "game_mode": 22, "is_contributor": false, "patch": 59, "region": 14, "isRadiant": true, "win": 0, "lose": 1, "total_gold": 13284, "total_xp": 21086, "kills_per_min": 0.060749240634492066, "kda": 1.45, "abandons": 0, "benchmarks": {"gold_per_min": {"raw": 269, "pct": 0.20281273131014063}, "xp_per_min": {"raw": 427, "pct": 0.24100666173205032}, "kills_per_min": {"raw": 0.06074924063449207, "pct": 0.15277572168763878}, "last_hits_per_min": {"raw": 1.4174822814714816, "pct": 0.6084381939304219}, "hero_damage_per_min": {"raw": 285.0556868039149, "pct": 0.3582531458179127}, "hero_healing_per_min": {"raw": 2.531218359770503, "pct": 0.813619541080681}, "tower_damage": {"raw": 266, "pct": 0.493560325684678}}}, {"player_slot": 4, "team_number": 0, "team_slot": 4, "hero_id": 47, "hero_variant": 1, "item_0": 249, "item_1": 168, "item_2": 139, "item_3": 236, "item_4": 63, "item_5": 149, "backpack_0": 38, "backpack_1": 0, "backpack_2": 0, "item_neutral": 1605, "item_neutral2": 1584, "kills": 15, "deaths": 9, "assists": 3, "leaver_status": 0, "last_hits": 319, "denies": 5, "gold_per_min": 495, "xp_per_min": 622, "level": 23, "net_worth": 21717, "aghanims_scepter": 0, "aghanims_shard": 0, "moonshard": 0, "hero_damage": 30842, "tower_damage": 445, "hero_healing": 0, "gold": 1607, "gold_spent": 21845, "ability_upgrades_arr": [5218, 5220, 5218, 5219, 5220, 5221, 5218, 5220, 5219, 6820, 5218, 5220, 5221, 5219, 5219, 6819, 5221, 6165], "is_subscriber": false, "radiant_win": false, "start_time": 1774043352, "duration": 2963, "cluster": 241, "lobby_type": 0, "game_mode": 22, "is_contributor": false, "patch": 59, "region": 14, "isRadiant": true, "win": 0, "lose": 1, "total_gold": 24444, "total_xp": 30716, "kills_per_min": 0.30374620317246037, "kda": 1.8, "abandons": 0, "benchmarks": {"gold_per_min": {"raw": 495, "pct": 0.5251739664347114}, "xp_per_min": {"raw": 622, "pct": 0.38968481375358166}, "kills_per_min": {"raw": 0.30374620317246037, "pct": 0.7056897257470324}, "last_hits_per_min": {"raw": 6.459669254134323, "pct": 0.8477282030290626}, "hero_damage_per_min": {"raw": 624.5426932163348, "pct": 0.3663528448628735}, "hero_healing_per_min": {"raw": 0, "pct": 0.880065493246009}, "tower_damage": {"raw": 445, "pct": 0.23372902169463775}}}, {"account_id": 57067300, "player_slot": 128, "team_number": 1, "team_slot": 0, "hero_id": 9, "hero_variant": 3, "item_0": 36, "item_1": 267, "item_2": 100, "item_3": 79, "item_4": 180, "item_5": 96, "backpack_0": 4206, "backpack_1": 0,