{"players": [{"account_id": 115132074, "player_slot": 0, "team_number": 0, "team_slot": 0, "hero_id": 35, "hero_variant": 0, "item_0": 139, "item_1": 152, "item_2": 158, "item_3": 172, "item_4": 135, "item_5": 1858, "backpack_0": 0, "backpack_1": 149, "backpack_2": 0, "item_neutral": 1864, "item_neutral2": 1584, "kills": 19, "deaths": 11, "assists": 16, "leaver_status": 0, "last_hits": 756, "denies": 28, "gold_per_min": 806, "xp_per_min": 884, "level": 29, "net_worth": 37801, "aghanims_scepter": 0, "aghanims_shard": 1, "moonshard": 1, "hero_damage": 63172, "tower_damage": 2353, "hero_healing": 0, "gold": 2051, "gold_spent": 38615, "ability_upgrades_arr": [5154, 5155, 5156, 5155, 5155, 5157, 5156, 5155, 5156, 5156, 928, 5154, 5157, 5154, 5154, 7892, 5157, 6897, 6896, 7396, 6305, 1455], "personaname": "Durotan", "name": null, "last_login": null, "rank_tier": 41, "computed_mmr": 3905.19, "is_subscriber": false, "radiant_win": false, "start_time": 1774918979, "duration": 3932, "cluster": 381, "lobby_type": 0, "game_mode": 22, "is_contributor": false, "patch": 60, "isRadiant": true, "win": 0, "lose": 1, "total_gold": 52819, "total_xp": 57931, "kills_per_min": 0.28992878942014244, "kda": 2.92, "abandons": 0, "benchmarks": {"gold_per_min": {"raw": 806, "pct": 0.9641796585003712}, "xp_per_min": {"raw": 884, "pct": 0.7537119524870082}, "kills_per_min": {"raw": 0.2899287894201424, "pct": 0.6273199703043801}, "last_hits_per_min": {"raw": 11.536113936927773, "pct": 0.9864513734224202}, "hero_damage_per_min": {"raw": 963.967446592065, "pct": 0.6475501113585747}, "hero_healing_per_min": {"raw": 0, "pct": 0.9417223459539718}, "tower_damage": {"raw": 2353, "pct": 0.4064587973273942}}}, {"account_id": 45421382, "player_slot": 1, "team_number": 0, "team_slot": 1, "hero_id": 104, "hero_variant": 0, "item_0": 116, "item_1": 168, "item_2": 127, "item_3": 50, "item_4": 600, "item_5": 135, "backpack_0": 0, "backpack_1": 0, "backpack_2": 0, "item_neutral": 1860, "item_neutral2": 1577, "kills": 9, "deaths": 12, "assists": 14, "leaver_status": 0, "last_hits": 504, "denies": 7, "gold_per_min": 562, "xp_per_min": 859, "level": 28, "net_worth": 27546, "aghanims_scepter": 0, "aghanims_shard": 1, "moonshard": 0, "hero_damage": 43279, "tower_damage": 497, "hero_healing": 1172, "gold": 2946, "gold_spent": 28820, "ability_upgrades_arr": [5595, 5597, 5596, 5595, 5597, 5598, 5595, 5597, 5595, 5596, 1113, 5597, 5596, 5598, 5596, 463, 5598, 6526, 1839, 1837, 6671], "personaname": "La Chaucha", "name": null, "last_login": "2026-03-03T14:36:01.200Z", "rank_tier": 42, "computed_mmr": 4050.01, "is_subscriber": false, "radiant_win": false, "start_time": 1774918979, "duration": 3932, "cluster": 381, "lobby_type": 0, "game_mode": 22, "is_contributor": false, "patch": 60, "isRadiant": true, "win": 0, "lose": 1, "total_gold": 36829, "total_xp": 56293, "kills_per_min": 0.1373346897253306, "kda": 1.77, "abandons": 0, "benchmarks": {"gold_per_min": {"raw": 562, "pct": 0.7571970542289668}, "xp_per_min": {"raw": 859, "pct": 0.7661236331176077}, "kills_per_min": {"raw": 0.1373346897253306, "pct": 0.2698058469091721}, "last_hits_per_min": {"raw": 7.690742624618515, "pct": 0.9723276054452131}, "hero_damage_per_min": {"raw": 660.412004069176, "pct": 0.51908056237447}, "hero_healing_per_min": {"raw": 17.88402848423194, "pct": 0.3606337871010935}, "tower_damage": {"raw": 497, "pct": 0.355501004240125}}}, {"account_id": 65137360, "player_slot": 2, "team_number": 0, "team_slot": 2, "hero_id": 45, "hero_variant": 0, "item_0": 231, "item_1": 36, "item_2": 218, "item_3": 254, "item_4": 102, "item_5": 96, "backpack_0": 0, "backpack_1": 0, "backpack_2": 4204, "item_neutral": 1860, "item_neutral2": 1595, "kills": 10, "deaths": 13, "assists": 27, "leaver_status": 0, "last_hits": 112, "denies": 5, "gold_per_min": 368, "xp_per_min": 657, "level": 26, "net_worth": 16422, "aghanims_scepter": 0, "aghanims_shard": 0, "moonshard": 0, "hero_damage": 26337, "tower_damage": 2752, "hero_healing": 6442, "gold": 1662, "gold_spent": 17355, "ability_upgrades_arr": [5186, 5188, 5186, 5187, 5186, 5189, 5186, 5187, 5188, 6859, 5187, 5187, 5189, 5188, 5188, 1191, 5189, 6220, 6403], "personaname": "PatoDeGoma", "name": null, "last_login": "2021-02-10T20:32:57.535Z", "rank_tier": 45, "computed_mmr": null, "is_subscriber": false, "radiant_win": false, "start_time": 1774918979, "duration": 3932, "cluster": 381, "lobby_type": 0, "game_mode": 22, "is_contributor": false, "patch": 60, "isRadiant": true, "win": 0, "lose": 1, "total_gold": 24116, "total_xp": 43055, "kills_per_min": 0.1525940996948118, "kda": 2.64, "abandons": 0, "benchmarks": {"gold_per_min": {"raw": 368, "pct": 0.44494584837545126}, "xp_per_min": {"raw": 657, "pct": 0.7129963898916968}, "kills_per_min": {"raw": 0.1525940996948118, "pct": 0.5875451263537906}, "last_hits_per_min": {"raw": 1.7090539165818923, "pct": 0.26805054151624547}, "hero_damage_per_min": {"raw": 401.8870803662258, "pct": 0.1796028880866426}, "hero_healing_per_min": {"raw": 98.30111902339776, "pct": 0.5658844765342961}, "tower_damage": {"raw": 2752, "pct": 0.44133574007220217}}}, {"account_id": 37467834, "player_slot": 3, "team_number": 0, "team_slot": 3, "hero_id": 29, "hero_variant": 0, "item_0": 90, "item_1": 1, "item_2": 50, "item_3": 178, "item_4": 81, "item_5": 73, "backpack_0": 0, "backpack_1": 0, "backpack_2": 0, "item_neutral": 950, "item_neutral2": 1585, "kills": 2, "deaths": 15, "assists": 33, "leaver_status": 0, "last_hits": 280, "denies": 7, "gold_per_min": 406, "xp_per_min": 850, "level": 28, "net_worth": 17893, "aghanims_scepter": 0, "aghanims_shard": 1, "moonshard": 0, "hero_damage": 24613, "tower_damage": 650, "hero_healing": 5560, "gold": 5358, "gold_spent": 14090, "ability_upgrades_arr": [5120, 5118, 5120, 5119, 5120, 5121, 5120, 5119, 5119, 6946, 5119, 5118, 5121, 5118, 1700, 5118, 5121, 1701, 7978, 754, 6945], "personaname": "ExtremoDiaz", "name": null, "last_login": null, "rank_tier": 22, "computed_mmr": 3996.43, "is_subscriber": false, "radiant_win": false, "start_time": 1774918979, "duration": 3932, "cluster": 381, "lobby_type": 0, "game_mode": 22, "is_contributor": false, "patch": 60, "isRadiant": true, "win": 0, "lose": 1, "total_gold": 26606, "total_xp": 55703, "kills_per_min": 0.030518819938962362, "kda": 2.19, "abandons": 0, "benchmarks": {"gold_per_min": {"raw": 406, "pct": 0.24346968950221784}, "xp_per_min": {"raw": 850, "pct": 0.7782158698866437}, "kills_per_min": {"raw": 0.03051881993896236, "pct": 0.07220305569245934}, "last_hits_per_min": {"raw": 4.27263479145473, "pct": 0.25579103006407095}, "hero_damage_per_min": {"raw": 375.5798575788403, "pct": 0.14637752587481517}, "hero_healing_per_min": {"raw": 84.84231943031537, "pct": 0.7897979300147856}, "tower_damage": {"raw": 650, "pct": 0.36126170527353374}}}, {"player_slot": 4, "team_number": 0, "team_slot": 4, "hero_id": 101, "hero_variant": 0, "item_0": 102, "item_1": 610, "item_2": 96, "item_3": 232, "item_4": 108, "item_5": 180, "backpack_0": 0, "backpack_1": 0, "backpack_2": 0, "item_neutral": 1604, "item_neutral2": 1583, "kills": 5, "deaths": 8, "assists": 23, "leaver_status": 1, "last_hits": 282, "denies": 4, "gold_per_min": 421, "xp_per_min": 662, "level": 26, "net_worth": 25016, "aghanims_scepter": 0, "aghanims_shard": 1, "moonshard": 0, "hero_damage": 27510, "tower_damage": 71, "hero_healing": 0, "gold": 1341, "gold_spent": 26335, "ability_upgrades_arr": [5582, 5581, 5582, 5581, 5583, 5584, 5582, 5582, 5581, 411, 5581, 5583, 5584, 5583, 5583, 6181, 5584, 6886, 6921], "is_subscriber": false, "radiant_win": false, "start_time": 1774918979, "duration": 3932, "cluster": 381, "lobby_type": 0, "game_mode": 22, "is_contributor": false, "patch": 60, "isRadiant": true, "win": 0, "lose": 1, "total_gold": 27589, "total_xp": 43383, "kills_per_min": 0.0762970498474059, "kda": 3.11, "abandons": 0, "benchmarks": {"gold_per_min": {"raw": 421, "pct": 0.7235104197240975}, "xp_per_min": {"raw": 662, "pct": 0.6677428823011446},