{"players": [{"player_slot": 0, "team_number": 0, "team_slot": 0, "hero_id": 28, "hero_variant": 1, "item_0": 63, "item_1": 127, "item_2": 1466, "item_3": 226, "item_4": 37, "item_5": 1, "backpack_0": 0, "backpack_1": 0, "backpack_2": 0, "item_neutral": 1598, "item_neutral2": 1584, "kills": 7, "deaths": 7, "assists": 25, "leaver_status": 0, "last_hits": 180, "denies": 4, "gold_per_min": 457, "xp_per_min": 678, "level": 24, "net_worth": 19785, "aghanims_scepter": 0, "aghanims_shard": 0, "moonshard": 0, "hero_damage": 19713, "tower_damage": 3741, "hero_healing": 0, "gold": 1810, "gold_spent": 20595, "ability_upgrades_arr": [5115, 5116, 5115, 5114, 5115, 5117, 5115, 5116, 5114, 5114, 695, 5116, 5117, 5114, 5116, 5903, 5117, 6211], "is_subscriber": false, "radiant_win": true, "start_time": 1774048632, "duration": 2811, "cluster": 251, "lobby_type": 7, "game_mode": 22, "is_contributor": false, "patch": 59, "region": 15, "isRadiant": true, "win": 1, "lose": 0, "total_gold": 21410, "total_xp": 31764, "kills_per_min": 0.14941302027748132, "kda": 4, "abandons": 0, "benchmarks": {"gold_per_min": {"raw": 457, "pct": 0.47473903966597075}, "xp_per_min": {"raw": 678, "pct": 0.48183716075156574}, "kills_per_min": {"raw": 0.14941302027748132, "pct": 0.4175365344467641}, "last_hits_per_min": {"raw": 3.8420490928495195, "pct": 0.3302713987473904}, "hero_damage_per_min": {"raw": 420.7684098185699, "pct": 0.41920668058455113}, "hero_healing_per_min": {"raw": 0, "pct": 0.9536534446764092}, "tower_damage": {"raw": 3741, "pct": 0.7887265135699374}}}, {"account_id": 882545504, "player_slot": 1, "team_number": 0, "team_slot": 1, "hero_id": 39, "hero_variant": 2, "item_0": 123, "item_1": 911, "item_2": 1806, "item_3": 250, "item_4": 273, "item_5": 63, "backpack_0": 0, "backpack_1": 4205, "backpack_2": 0, "item_neutral": 1720, "item_neutral2": 1597, "kills": 22, "deaths": 6, "assists": 13, "leaver_status": 0, "last_hits": 374, "denies": 10, "gold_per_min": 702, "xp_per_min": 1019, "level": 27, "net_worth": 31127, "aghanims_scepter": 0, "aghanims_shard": 1, "moonshard": 0, "hero_damage": 35775, "tower_damage": 9398, "hero_healing": 0, "gold": 3227, "gold_spent": 32390, "ability_upgrades_arr": [5173, 5175, 5173, 5175, 5173, 5174, 5176, 5173, 5175, 5175, 1279, 5174, 5176, 5174, 5174, 629, 5176, 590, 965, 6115], "personaname": "JAJAJA", "name": null, "last_login": null, "rank_tier": 43, "computed_mmr": 4033.1, "is_subscriber": false, "radiant_win": true, "start_time": 1774048632, "duration": 2811, "cluster": 251, "lobby_type": 7, "game_mode": 22, "is_contributor": false, "patch": 59, "region": 15, "isRadiant": true, "win": 1, "lose": 0, "total_gold": 32888, "total_xp": 47740, "kills_per_min": 0.4695837780149413, "kda": 5, "abandons": 0, "benchmarks": {"gold_per_min": {"raw": 702, "pct": 0.8880798274002157}, "xp_per_min": {"raw": 1019, "pct": 0.81957928802589}, "kills_per_min": {"raw": 0.4695837780149413, "pct": 0.9142394822006472}, "last_hits_per_min": {"raw": 7.982924226254003, "pct": 0.8745954692556634}, "hero_damage_per_min": {"raw": 763.607257203842, "pct": 0.436084142394822}, "hero_healing_per_min": {"raw": 0, "pct": 0.8284789644012945}, "tower_damage": {"raw": 9398, "pct": 0.9784250269687162}}}, {"player_slot": 2, "team_number": 0, "team_slot": 2, "hero_id": 90, "hero_variant": 1, "item_0": 44, "item_1": 1466, "item_2": 214, "item_3": 16, "item_4": 108, "item_5": 102, "backpack_0": 0, "backpack_1": 0, "backpack_2": 0, "item_neutral": 1720, "item_neutral2": 1594, "kills": 3, "deaths": 11, "assists": 33, "leaver_status": 0, "last_hits": 137, "denies": 3, "gold_per_min": 398, "xp_per_min": 579, "level": 22, "net_worth": 16788, "aghanims_scepter": 0, "aghanims_shard": 1, "moonshard": 0, "hero_damage": 26927, "tower_damage": 1569, "hero_healing": 7255, "gold": 3453, "gold_spent": 13640, "ability_upgrades_arr": [5471, 5473, 5471, 5473, 5476, 5474, 5473, 5471, 5473, 5471, 5476, 657, 5474, 5476, 5476, 527, 5474, 664], "is_subscriber": false, "radiant_win": true, "start_time": 1774048632, "duration": 2811, "cluster": 251, "lobby_type": 7, "game_mode": 22, "is_contributor": false, "patch": 59, "region": 15, "isRadiant": true, "win": 1, "lose": 0, "total_gold": 18646, "total_xp": 27126, "kills_per_min": 0.064034151547492, "kda": 3, "abandons": 0, "benchmarks": {"gold_per_min": {"raw": 398, "pct": 0.2877648667122351}, "xp_per_min": {"raw": 579, "pct": 0.32809295967190705}, "kills_per_min": {"raw": 0.064034151547492, "pct": 0.17771701982228297}, "last_hits_per_min": {"raw": 2.924226254002135, "pct": 0.25495557074504444}, "hero_damage_per_min": {"raw": 574.7491995731057, "pct": 0.42105263157894735}, "hero_healing_per_min": {"raw": 154.85592315901815, "pct": 0.44976076555023925}, "tower_damage": {"raw": 1569, "pct": 0.7751196172248804}}}, {"account_id": 127465903, "player_slot": 3, "team_number": 0, "team_slot": 3, "hero_id": 87, "hero_variant": 1, "item_0": 100, "item_1": 36, "item_2": 180, "item_3": 1, "item_4": 0, "item_5": 108, "backpack_0": 0, "backpack_1": 0, "backpack_2": 0, "item_neutral": 1601, "item_neutral2": 1577, "kills": 6, "deaths": 15, "assists": 32, "leaver_status": 0, "last_hits": 43, "denies": 3, "gold_per_min": 376, "xp_per_min": 630, "level": 23, "net_worth": 13430, "aghanims_scepter": 0, "aghanims_shard": 0, "moonshard": 0, "hero_damage": 16173, "tower_damage": 651, "hero_healing": 194, "gold": 1020, "gold_spent": 14445, "ability_upgrades_arr": [5458, 5459, 5458, 5459, 5459, 5461, 5460, 5459, 5460, 5460, 5918, 5460, 5461, 5458, 5458, 788, 5461, 6812], "personaname": "Pon†ius", "name": null, "last_login": null, "rank_tier": 45, "computed_mmr": 4098.18, "is_subscriber": false, "radiant_win": true, "start_time": 1774048632, "duration": 2811, "cluster": 251, "lobby_type": 7, "game_mode": 22, "is_contributor": false, "patch": 59, "region": 15, "isRadiant": true, "win": 1, "lose": 0, "total_gold": 17615, "total_xp": 29515, "kills_per_min": 0.128068303094984, "kda": 2.38, "abandons": 0, "benchmarks": {"gold_per_min": {"raw": 376, "pct": 0.825836820083682}, "xp_per_min": {"raw": 630, "pct": 0.7505230125523012}, "kills_per_min": {"raw": 0.128068303094984, "pct": 0.7149581589958159}, "last_hits_per_min": {"raw": 0.9178228388473852, "pct": 0.40376569037656906}, "hero_damage_per_min": {"raw": 345.2081109925293, "pct": 0.38127615062761505}, "hero_healing_per_min": {"raw": 4.140875133404482, "pct": 0.7505230125523012}, "tower_damage": {"raw": 651, "pct": 0.7766736401673641}}}, {"player_slot": 4, "team_number": 0, "team_slot": 4, "hero_id": 62, "hero_variant": 1, "item_0": 1, "item_1": 208, "item_2": 250, "item_3": 158, "item_4": 139, "item_5": 135, "backpack_0": 42, "backpack_1": 0, "backpack_2": 0, "item_neutral": 1643, "item_neutral2": 1584, "kills": 22, "deaths": 8, "assists": 15, "leaver_status": 0, "last_hits": 377, "denies": 20, "gold_per_min": 931, "xp_per_min": 1274, "level": 29, "net_worth": 35811, "aghanims_scepter": 0, "aghanims_shard": 0, "moonshard": 0, "hero_damage": 42018, "tower_damage": 9301, "hero_healing": 0, "gold": 4936, "gold_spent": 39595, "ability_upgrades_arr": [5286, 1314, 1314, 5286, 1314, 5288, 1314, 5286, 5287, 5286, 6009, 5287, 5288, 5287, 5287, 7040, 5288, 6018, 1172, 869, 959, 878], "is_subscriber": false, "radiant_win": true, "start_time": 1774048632, "duration": 2811, "cluster": 251, "lobby_type": 7, "game_mode": 22, "is_contributor": false, "patch": 59, "region": 15, "isRadiant": true, "win": 1, "lose": 0, "total_gold": 43617, "total_xp": 59686, "kills_per_min": 0.4695837780149413, "kda": 4.11, "abandons": 0, "benchmarks": {"gold_per_min": {"raw": 931, "pct": 0.9965132496513249}, "xp_per_min": {"raw": 1274, "pct": 0.997907949790795}, "kills_per_min": {"raw": 0.4695837780149413, "pct": 0.9867503486750349}, "last_hits_per_min": {"raw": 8.046958377801493, "pct": 0.99860529986053}, "hero_damage_per_min": {"raw": 896.8623265741729, "pct": 0.9797768479776848}, "hero_healing_per_min": {"raw": 0, "pct": 0.6345885634588564}, "tower_damage": {"raw": 9301,