{"players": [{"account_id": 172646811, "player_slot": 0, "team_number": 0, "team_slot": 0, "hero_id": 70, "hero_variant": 2, "item_0": 50, "item_1": 154, "item_2": 1, "item_3": 156, "item_4": 143, "item_5": 145, "backpack_0": 237, "backpack_1": 0, "backpack_2": 0, "item_neutral": 1603, "item_neutral2": 1585, "kills": 11, "deaths": 8, "assists": 6, "leaver_status": 0, "last_hits": 273, "denies": 3, "gold_per_min": 545, "xp_per_min": 721, "level": 23, "net_worth": 20452, "aghanims_scepter": 0, "aghanims_shard": 0, "moonshard": 0, "hero_damage": 33938, "tower_damage": 824, "hero_healing": 0, "gold": 512, "gold_spent": 21230, "ability_upgrades_arr": [5359, 5358, 5359, 5358, 5359, 5357, 5358, 5357, 5360, 5359, 6926, 5358, 5360, 5357, 5357, 1706, 5360, 6973], "personaname": "DarilO", "name": null, "last_login": null, "rank_tier": 41, "computed_mmr": 3941, "is_subscriber": false, "radiant_win": false, "start_time": 1773963156, "duration": 2471, "cluster": 241, "lobby_type": 7, "game_mode": 22, "is_contributor": false, "patch": 59, "region": 14, "isRadiant": true, "win": 0, "lose": 1, "total_gold": 22444, "total_xp": 29693, "kills_per_min": 0.2670983407527317, "kda": 1.89, "abandons": 0, "benchmarks": {"gold_per_min": {"raw": 545, "pct": 0.41278439869989164}, "xp_per_min": {"raw": 721, "pct": 0.3732394366197183}, "kills_per_min": {"raw": 0.2670983407527317, "pct": 0.4837486457204767}, "last_hits_per_min": {"raw": 6.628895184135977, "pct": 0.41765980498374866}, "hero_damage_per_min": {"raw": 824.0712262242007, "pct": 0.6608884073672806}, "hero_healing_per_min": {"raw": 0, "pct": 0.9544962080173348}, "tower_damage": {"raw": 824, "pct": 0.356988082340195}}}, {"player_slot": 1, "team_number": 0, "team_slot": 1, "hero_id": 74, "hero_variant": 3, "item_0": 188, "item_1": 98, "item_2": 34, "item_3": 1, "item_4": 29, "item_5": 43, "backpack_0": 0, "backpack_1": 0, "backpack_2": 0, "item_neutral": 1158, "item_neutral2": 1595, "kills": 1, "deaths": 9, "assists": 18, "leaver_status": 0, "last_hits": 86, "denies": 3, "gold_per_min": 301, "xp_per_min": 468, "level": 18, "net_worth": 9977, "aghanims_scepter": 0, "aghanims_shard": 0, "moonshard": 0, "hero_damage": 19253, "tower_damage": 1067, "hero_healing": 125, "gold": 3502, "gold_spent": 7205, "ability_upgrades_arr": [5370, 5372, 5372, 5371, 5372, 5370, 5372, 5370, 5372, 5370, 6099, 5372, 5370, 5372, 5370, 5370, 1654, 5371, 5371, 5371], "is_subscriber": false, "radiant_win": false, "start_time": 1773963156, "duration": 2471, "cluster": 241, "lobby_type": 7, "game_mode": 22, "is_contributor": false, "patch": 59, "region": 14, "isRadiant": true, "win": 0, "lose": 1, "total_gold": 12396, "total_xp": 19273, "kills_per_min": 0.02428166734115743, "kda": 1.9, "abandons": 0, "benchmarks": {"gold_per_min": {"raw": 301, "pct": 0.11273391145595618}, "xp_per_min": {"raw": 468, "pct": 0.20287539936102236}, "kills_per_min": {"raw": 0.024281667341157425, "pct": 0.02327704244637152}, "last_hits_per_min": {"raw": 2.0882233913395387, "pct": 0.22044728434504793}, "hero_damage_per_min": {"raw": 467.4949413193039, "pct": 0.2952989502510269}, "hero_healing_per_min": {"raw": 3.035208417644678, "pct": 0.8550890004564126}, "tower_damage": {"raw": 1067, "pct": 0.3836147877681424}}}, {"player_slot": 2, "team_number": 0, "team_slot": 2, "hero_id": 21, "hero_variant": 5, "item_0": 77, "item_1": 166, "item_2": 0, "item_3": 1, "item_4": 180, "item_5": 218, "backpack_0": 0, "backpack_1": 0, "backpack_2": 0, "item_neutral": 359, "item_neutral2": 1585, "kills": 3, "deaths": 16, "assists": 13, "leaver_status": 0, "last_hits": 48, "denies": 0, "gold_per_min": 242, "xp_per_min": 297, "level": 14, "net_worth": 7696, "aghanims_scepter": 0, "aghanims_shard": 0, "moonshard": 0, "hero_damage": 20993, "tower_damage": 0, "hero_healing": 0, "gold": 541, "gold_spent": 8535, "ability_upgrades_arr": [5131, 5130, 5131, 5130, 5131, 5133, 5132, 5130, 5130, 5132, 5920, 5132, 5133, 5132, 5131], "is_subscriber": false, "radiant_win": false, "start_time": 1773963156, "duration": 2471, "cluster": 241, "lobby_type": 7, "game_mode": 22, "is_contributor": false, "patch": 59, "region": 14, "isRadiant": true, "win": 0, "lose": 1, "total_gold": 9966, "total_xp": 12231, "kills_per_min": 0.07284500202347229, "kda": 0.94, "abandons": 0, "benchmarks": {"gold_per_min": {"raw": 242, "pct": 0.03394433129667346}, "xp_per_min": {"raw": 297, "pct": 0.04175152749490835}, "kills_per_min": {"raw": 0.07284500202347227, "pct": 0.11133740665308893}, "last_hits_per_min": {"raw": 1.1655200323755563, "pct": 0.03699932111337407}, "hero_damage_per_min": {"raw": 509.74504249291783, "pct": 0.434826883910387}, "hero_healing_per_min": {"raw": 0, "pct": 0.8289205702647657}, "tower_damage": {"raw": 0, "pct": 0.11371350984385607}}}, {"player_slot": 3, "team_number": 0, "team_slot": 3, "hero_id": 85, "hero_variant": 1, "item_0": 40, "item_1": 60, "item_2": 0, "item_3": 231, "item_4": 36, "item_5": 242, "backpack_0": 0, "backpack_1": 0, "backpack_2": 0, "item_neutral": 565, "item_neutral2": 1586, "kills": 9, "deaths": 15, "assists": 16, "leaver_status": 0, "last_hits": 82, "denies": 1, "gold_per_min": 349, "xp_per_min": 531, "level": 20, "net_worth": 10930, "aghanims_scepter": 0, "aghanims_shard": 0, "moonshard": 0, "hero_damage": 20172, "tower_damage": 251, "hero_healing": 5813, "gold": 1165, "gold_spent": 10580, "ability_upgrades_arr": [5442, 5444, 5442, 5444, 5442, 5447, 5442, 5444, 5444, 813, 5443, 5443, 5447, 5443, 5443, 6155, 5447, 6972], "is_subscriber": false, "radiant_win": false, "start_time": 1773963156, "duration": 2471, "cluster": 241, "lobby_type": 7, "game_mode": 22, "is_contributor": false, "patch": 59, "region": 14, "isRadiant": true, "win": 0, "lose": 1, "total_gold": 14372, "total_xp": 21868, "kills_per_min": 0.21853500607041684, "kda": 1.56, "abandons": 0, "benchmarks": {"gold_per_min": {"raw": 349, "pct": 0.2945326278659612}, "xp_per_min": {"raw": 531, "pct": 0.38095238095238093}, "kills_per_min": {"raw": 0.21853500607041684, "pct": 0.7041446208112875}, "last_hits_per_min": {"raw": 1.991096721974909, "pct": 0.31966490299823636}, "hero_damage_per_min": {"raw": 489.80979360582756, "pct": 0.6803350970017636}, "hero_healing_per_min": {"raw": 141.1493322541481, "pct": 0.6296296296296297}, "tower_damage": {"raw": 251, "pct": 0.3558201058201058}}}, {"player_slot": 4, "team_number": 0, "team_slot": 4, "hero_id": 39, "hero_variant": 2, "item_0": 119, "item_1": 92, "item_2": 100, "item_3": 36, "item_4": 123, "item_5": 63, "backpack_0": 1122, "backpack_1": 103, "backpack_2": 0, "item_neutral": 1604, "item_neutral2": 1593, "kills": 9, "deaths": 11, "assists": 11, "leaver_status": 0, "last_hits": 210, "denies": 15, "gold_per_min": 513, "xp_per_min": 622, "level": 21, "net_worth": 19577, "aghanims_scepter": 0, "aghanims_shard": 1, "moonshard": 0, "hero_damage": 36961, "tower_damage": 420, "hero_healing": 0, "gold": 117, "gold_spent": 20525, "ability_upgrades_arr": [5175, 5174, 5175, 5174, 5175, 5176, 5175, 5174, 5174, 6115, 5173, 5173, 5176, 5173, 5173, 5939, 5176, 6856], "is_subscriber": false, "radiant_win": false, "start_time": 1773963156, "duration": 2471, "cluster": 241, "lobby_type": 7, "game_mode": 22, "is_contributor": false, "patch": 59, "region": 14, "isRadiant": true, "win": 0, "lose": 1, "total_gold": 21127, "total_xp": 25616, "kills_per_min": 0.21853500607041684, "kda": 1.67, "abandons": 0, "benchmarks": {"gold_per_min": {"raw": 513, "pct": 0.45685005393743255}, "xp_per_min": {"raw": 622, "pct": 0.2715749730312837}, "kills_per_min": {"raw": 0.21853500607041684, "pct": 0.4344660194174757}, "last_hits_per_min": {"raw": 5.09915014164306, "pct": 0.41720604099244873}, "hero_damage_per_min": {"raw": 897.4747065965197, "pct": 0.5841423948220065}, "hero_healing_per_min": {"raw": 0, "pct": 0.8284789644012945}, "tower_damage": {"raw": 420, "pct": 0.2605177993527508}}}, {"account_id": 45421382, "player_slot": 128, "team_number": 1, "team_slot": 0, "hero_id": 104, "hero_variant": 1, "item_0": 110,